tree
version=v4
num_class=1
num_tree_per_iteration=1
label_index=0
max_feature_idx=83
objective=regression
feature_names=Column_0 Column_1 Column_2 Column_3 Column_4 Column_5 Column_6 Column_7 Column_8 Column_9 Column_10 Column_11 Column_12 Column_13 Column_14 Column_15 Column_16 Column_17 Column_18 Column_19 Column_20 Column_21 Column_22 Column_23 Column_24 Column_25 Column_26 Column_27 Column_28 Column_29 Column_30 Column_31 Column_32 Column_33 Column_34 Column_35 Column_36 Column_37 Column_38 Column_39 Column_40 Column_41 Column_42 Column_43 Column_44 Column_45 Column_46 Column_47 Column_48 Column_49 Column_50 Column_51 Column_52 Column_53 Column_54 Column_55 Column_56 Column_57 Column_58 Column_59 Column_60 Column_61 Column_62 Column_63 Column_64 Column_65 Column_66 Column_67 Column_68 Column_69 Column_70 Column_71 Column_72 Column_73 Column_74 Column_75 Column_76 Column_77 Column_78 Column_79 Column_80 Column_81 Column_82 Column_83
feature_infos=[0.03125:0.9375] [0.007354736328125:0.1708984375] [-0.069580078125:0.093994140625] [-3.28125:3.81640625] none [0:0.9375] [0:0.16943359375] [-0.076904296875:0.09259033203125] [-3.37890625:3.7734375] none [0:0.90625] [0:0.1607666015625] [-0.076904296875:0.08380126953125] [-3.189453125:3.525390625] none [0.03125:0.90625] [0.00714111328125:0.16796875] [-0.06976318359375:0.091064453125] [-3.09765625:3.8203125] none [0:0.90625] [0:0.1739501953125] [-0.076904296875:0.09698486328125] [-3.177734375:3.91015625] none [0:0.9375] [0:0.1708984375] [-0.076904296875:0.093994140625] [-3.31640625:3.81640625] none [0.03125:0.90625] [0.00800323486328125:0.1739501953125] [-0.06890869140625:0.09698486328125] [-2.908203125:4.27734375] none [0:0.9375] [0:0.169677734375] [-0.076904296875:0.09271240234375] [-3.1640625:3.95703125] none [0:0.96875] [0:0.1680908203125] [-0.076904296875:0.09124755859375] [-3.25390625:3.638671875] none [0.65625:3.15625] [0.179443359375:0.43701171875] [0.1025390625:0.360107421875] [4.1640625:18.328125] none [0.02313232421875:0.05572509765625] [0.0096588134765625:0.0244293212890625] [0.03680419921875:0.07867431640625] [0.0096588134765625:0.0244293212890625] [-0.404052734375:0.291259765625] [-0.50732421875:0.2462158203125] [0.0244903564453125:0.0599365234375] [0.01274871826171875:0.032745361328125] [0.0411376953125:0.08990478515625] [-0.318603515625:0.52880859375] [-0.0075531005859375:-0.00080537796020507812] [-0.01142120361328125:-0.000759124755859375] [-0.0135955810546875:-0.00421142578125] [0.047637939453125:0.11566162109375] [0.023468017578125:0.05718994140625] [0.07794189453125:0.1685791015625] [-0.404052734375:0.291259765625] [-0.50732421875:0.2462158203125] [0.0093841552734375:0.0343170166015625] [0.29714164137840271:0.64155471324920654] [0.609000563621521:0.77054572105407715] [0.22896121442317963:0.39070719480514526] [-0.39635837078094482:0.27447819709777832] [-0.13584494590759277:0.036665439605712891] [-0.48530435562133789:0.23202955722808838] [-0.16441702842712402:0.024922013282775879] [0.014408864080905914:0.052083134651184082] [0.0063465442508459091:0.023021772503852844] [0.00050283037126064301:0.023207902908325195] [0.00020520994439721107:0.010613679885864258] [0:0.0079343356192111969] [0:0.0033561140298843384] [-0.40933084487915039:0.7723228931427002] [-3.1036891937255859:1.57012939453125]
tree_sizes=3072 3207 3207 3227 3162 3213 3204 3202 3208 3187 3208 3198 3183 3225 3195 3206 3201 3223 3214 3208 3187 3219 3206 3217 3208 3213 3205 3214 3204 3181 3188 3239 3212 3194 3204 3189 3219 3198 3246 3184 3218 3180 3180 3215 3210 3196 3192 3215 3222 3204 3183 3204 3224 3206 3219 3174 3221 3228 3218 3205 3199 3207 3213 3216 3196 3200 3228 3215 3181 3220 3162 3189 3191 3188 3226 3180 3180 3188 3219 3218 3216 3219 3175 2982 3190 3179 3203 3222 3165 3224 3220 3122 3198 3215 3234 3193 3165 3183 3211 3198 3180 3215 2714 3203 3191 3165 3185 3222 3184 3190 2328 3230 3191 3179 3210 3178 3191 3209 3174 3209 3194 3211 3225 3209 3196 3218 3180 3196 3220 3181 3188 3196 2327 2790 3220 3194 3197 3202 3162 3165 3161 3255 3215 3212 3203 3173 3178 3174 3192 3225 2888 3194 3219 3218 3194 3194 3079 3205 3026 3207 3171 3196 2824 2818 3220 3221 3219 2615 3123 3230 3031 3194 3177 3214 3245 3241 3194 3203 2248 2707 3231 3233 2816 3249 3183 3110 3056 3161 2593 3161 3188 3204 2123 3210 3116 2803 3192 3218 2501 3196 2818 2706 3017 2326 2941 3232 3164 3218 3116 3175 3013 3218 2501 2806 3196 3229 3226 3224 3170 3212 3205 2404 3197 3214 3202 2810 2529 3217 3217 2423 3207 3188 2222 2048 3233 2924 2415 2538 3190 3218 3108 3202 2992 3170 3215 2634 3218 3216 2629 2997

Tree=0
num_leaves=31
num_cat=0
split_feature=64 58 51 43 7 43 48 83 45 3 83 31 12 62 47 69 8 63 57 82 60 3 60 28 21 21 27 82 42 58
split_gain=3582.81 1204.02 1171.73 554.486 663.933 590.793 555.986 637.582 684.388 546.712 519.428 596.004 613.839 577.388 484.491 483.434 480.24 473.306 470.207 458.464 452.375 883.587 530.871 490.897 403.311 398.959 920.824 387.838 420.809 377.297
threshold=0.039443969726562507 0.068450927734375014 0.015937805175781253 -0.68749999999999989 0.00064563751220703136 -0.96191406249999989 8.2070312500000018 -0.74190664291381825 1.1406250000000002 -0.47204589843749994 -1.7097492218017576 0.061264038085937507 -0.0047817230224609366 -0.0082511901855468733 0.26989746093750006 0.48465624451637274 1.2465820312500002 0.074371337890625014 0.016899108886718753 0.0080713406205177324 -0.0030622482299804683 1.3281250000000002 -0.0041561126708984366 -0.44531249999999994 0.078887939453125014 0.096405029296875014 0.019912719726562503 0.23386156558990481 -0.023559570312499997 0.059524536132812507
decision_type=2 2 2 2 2 2 2 2 2 2 2 2 2 2 2 2 2 2 2 2 2 2 2 2 2 2 2 2 2 2
left_child=2 15 18 4 27 9 -5 16 -9 -6 11 12 13 -4 -13 -2 -8 -14 -1 -16 21 22 -17 24 -22 -12 29 28 -3 -27
right_child=1 3 10 6 5 -7 7 8 -10 -11 25 14 17 -15 19 20 -18 -19 -20 -21 23 -23 -24 -25 -26 26 -28 -29 -30 -31
leaf_value=-0.15512799391000195 -0.15129296623801589 -0.15135050048127682 -0.15231612684867374 -0.15476688455545567 -0.14392411309867767 -0.15202408616950519 -0.14898466591619577 -0.13982642155523531 -0.14814706016531143 -0.14929205257266889 -0.15185666241354914 -0.15067560742009495 -0.14875205675648495 -0.1479290013143052 -0.1507835470509272 -0.1519687615989877 -0.15336588269214058 -0.1537006628689776 -0.15228937827315453 -0.14553024366355422 -0.14930828629224452 -0.14377484918043273 -0.14979553689026193 -0.1551148011410054 -0.15181906636155881 -0.14962309261188431 -0.1448726883996487 -0.15069769819624287 -0.15609717338083634 -0.15187063993190286
leaf_weight=5897 382877 3392 6448 1647 2328 6340 37308 1500 2903 10075 432816 52062 2158 5581 2964 14292 2668 17303 430800 3780 9095 2150 52515 3308 21450 10639 2441 7018 4131 24944
leaf_count=5897 382877 3392 6448 1647 2328 6340 37308 1500 2903 10075 432816 52062 2158 5581 2964 14292 2668 17303 430800 3780 9095 2150 52515 3308 21450 10639 2441 7018 4131 24944
internal_value=-0.151579 -0.150943 -0.151939 -0.149801 -0.150785 -0.149541 -0.14909 -0.148878 -0.145272 -0.148274 -0.151637 -0.150942 -0.152053 -0.150278 -0.150348 -0.151129 -0.149278 -0.15315 -0.152328 -0.14783 -0.150521 -0.150056 -0.15026 -0.151468 -0.15107 -0.15177 -0.150789 -0.152387 -0.153962 -0.151198
internal_weight=1.56283e+06 564997 997833 79310 33284 18743 46026 44379 4403 12403 561136 90296 31490 12029 58806 485687 39976 19461 436697 6744 102810 68957 66807 33853 30545 470840 38024 14541 7523 35583
internal_count=1562830 564997 997833 79310 33284 18743 46026 44379 4403 12403 561136 90296 31490 12029 58806 485687 39976 19461 436697 6744 102810 68957 66807 33853 30545 470840 38024 14541 7523 35583
is_linear=0
shrinkage=1


Tree=1
num_leaves=31
num_cat=0
split_feature=57 51 54 3 18 33 17 3 43 23 62 33 42 52 83 31 45 52 79 60 26 22 32 60 0 36 80 25 79 21
split_gain=3102.4 1178.74 1091.01 711.457 613.838 525.791 523.87 509.267 489.763 511.869 451.292 656.197 774.175 450.98 448.196 468.101 395.041 412.902 435.653 394.966 394.268 385.474 417.856 364.397 352.764 444.764 404.856 296.636 762.038 484.237
threshold=0.022407531738281253 0.015438079833984377 0.0060977935791015634 -1.0219726562499998 -0.15246582031249997 2.1201171875000004 0.0017547607421875002 -0.17602539062499997 -1.3159179687499998 0.88793945312500011 -0.010707855224609373 -0.47033691406249994 -0.024948120117187497 0.047073364257812507 -1.7097492218017576 0.077301025390625014 0.98437500000000011 0.049728393554687507 0.0012271539308130743 -0.0021085739135742183 0.041427612304687507 0.022262573242187503 -0.018356323242187497 -0.0028104782104492183 0.17187500000000003 0.064361572265625014 0.0024391002953052525 0.51562500000000011 0.0047292485833168038 0.10324096679687501
decision_type=2 2 2 2 2 2 2 2 2 2 2 2 2 2 2 2 2 2 2 2 2 2 2 2 2 2 2 2 2 2
left_child=1 5 10 -4 8 13 -6 -8 -5 -10 11 -2 -13 -1 15 21 -12 18 -18 23 -19 22 -3 -15 25 -16 -27 28 -26 -29
right_child=2 14 3 4 6 -7 7 -9 9 -11 16 12 -14 19 24 -17 17 20 -20 -21 -22 -23 -24 -25 27 26 -28 29 -30 -31
leaf_value=-0.0022192411689990581 -0.0007997666065115963 -0.00093076746527382109 0.0077728608972633005 0.0086219545073878932 -0.0030973668395969001 0.0035067059737154006 -0.0010951618338266721 0.0031767756268874189 0.0017796113041006296 0.0080363200796004421 -0.001640209396394696 0.010062636541456709 0.0023523358892283898 -0.0010043869780696111 -0.002140626827437442 0.0042751114006392803 -0.0012475273038494038 -0.0042139876622470261 0.0048586697343905808 -0.0035505030834454992 0.00043862012463678491 0.0039684083700861983 0.00054783206661200752 -8.0335362322539409e-06 -0.00020909202971572131 -0.0016171235895969653 0.0041162192349020396 -7.0581309211858572e-05 -0.0012389812029397688 0.0053276961261614743
leaf_weight=27242 3848 24794 2308 1747 2937 2591 4407 7550 7635 1563 9166 1747 5025 171109 2337 3029 1624 1808 4082 5294 515106 2777 83175 46731 271502 1564 5619 245577 97683 1653
leaf_count=27242 3848 24794 2308 1747 2937 2591 4407 7550 7635 1563 9166 1747 5025 171109 2337 3029 1624 1808 4082 5294 515106 2777 83175 46731 271502 1564 5619 245577 97683 1653
internal_value=-3.1454e-05 -0.000369191 0.00055615 0.00247508 0.00199623 -0.000958419 0.00067326 0.00160307 0.00379201 0.00285793 0.000456484 0.00249574 0.00436517 -0.0010049 -0.000167665 0.000409643 0.000415666 0.000451785 0.00312248 -0.000856461 0.000422184 0.000303166 0.000208177 -0.00079067 -0.000272611 0.00163568 0.00286684 -0.000302135 -0.000481644 -3.40599e-05
internal_weight=1.56323e+06 992677 570553 28147 25839 252967 14894 11957 10945 9198 542406 10620 6772 250376 739710 113775 531786 522620 5706 223134 516914 110746 107969 217840 625935 9520 7183 616415 369185 247230
internal_count=1563230 992677 570553 28147 25839 252967 14894 11957 10945 9198 542406 10620 6772 250376 739710 113775 531786 522620 5706 223134 516914 110746 107969 217840 625935 9520 7183 616415 369185 247230
is_linear=0
shrinkage=0.01


Tree=2
num_leaves=31
num_cat=0
split_feature=51 55 58 54 23 48 60 11 51 33 70 20 46 74 68 74 76 16 41 5 62 3 33 83 58 31 1 5 21 18
split_gain=3056.36 961.997 919.999 609.539 466.925 579.582 430.159 426.715 425.161 501.453 393.697 502.188 385.455 381.535 379.662 378.492 453.31 403.787 359.702 433.454 335.796 385.005 325.55 299.042 371.313 345.754 298.578 280.488 271.26 266.494
threshold=0.016822814941406253 -0.21051025390624997 0.067779541015625014 -0.16473388671874997 -1.1801757812499998 14.285156250000002 -0.0045948028564453116 0.050430297851562507 0.014156341552734377 2.1201171875000004 0.69970059394836437 0.57812500000000011 0.30090332031250006 -0.025176554918289181 0.024036407470703128 -0.10987222194671629 0.036769174039363868 0.043731689453125007 0.054367065429687507 0.35937500000000006 -0.0075702667236328116 -1.6625976562499998 1.2846679687500002 -1.7097492218017576 0.064666748046875014 0.086517333984375014 0.091583251953125014 0.26562500000000006 0.060928344726562507 0.34118652343750006
decision_type=2 2 2 2 2 2 2 2 2 2 2 2 2 2 2 2 2 2 2 2 2 2 2 2 2 2 2 2 2 2
left_child=1 8 3 -2 26 6 12 -8 14 18 15 29 -6 -7 22 16 -5 -17 19 -10 21 -3 28 24 -23 -25 -4 -20 -1 -12
right_child=2 20 4 10 5 13 7 -9 9 -11 11 -13 -14 -15 -16 17 -18 -19 27 -21 -22 23 -24 25 -26 -27 -28 -29 -30 -31
leaf_value=4.6080071570409558e-05 0.0054115128967092644 0.0039626143394118013 7.2307681620230782e-05 -0.0010232892458976019 -0.0023542041226346862 -0.0025979298384175885 0.0047406921389693832 0.0017830389712511852 -0.00058035477741541952 0.0048412975103086951 0.00057597507686785187 0.0054391538810494178 0.0014425827173972022 0.0021234208091422883 -0.0053872178741907811 0.005278326661374769 0.0030741029256675968 0.00031106849149614051 0.00020962409482062856 0.0061523373303162127 -0.0010712073010211854 0.00018070669348801068 -0.0033338416084175886 -0.00040768555242290589 0.002256288691897057 0.00015737214888097363 -0.0045738142420837522 -0.00093314111976840718 -0.0017544311626714224 0.0032530211650078156
leaf_weight=12829 2338 2287 5410 35054 4563 5367 5189 78999 2265 1597 22841 2811 6399 2491 2689 1622 2906 497330 24216 1631 39149 72049 8169 332479 9771 160576 1838 189508 24035 4425
leaf_count=12829 2338 2287 5410 35054 4563 5367 5189 78999 2265 1597 22841 2811 6399 2491 2689 1622 2906 497330 24216 1631 39149 72049 8169 332479 9771 160576 1838 189508 24035 4425
internal_value=-4.50994e-06 -0.000392411 0.00049964 0.000337697 0.00133565 0.00150829 0.00172385 0.00196642 -0.000893852 -0.000707527 0.000316584 0.00142955 -0.000139262 -0.00109966 -0.0017491 0.000254187 -0.000708163 0.000327427 -0.000748688 0.00225521 -0.000175204 -0.000114392 -0.00152957 -0.000130749 0.000429065 -0.000223661 -0.00111523 -0.000803653 -0.00112815 0.0010125
internal_weight=1.56283e+06 883250 679583 569327 110256 103008 95150 84188 266939 219217 566989 30077 10962 7858 47722 536912 37960 498952 217620 3896 616311 577162 45033 574875 81820 493055 7248 213724 36864 27266
internal_count=1562833 883250 679583 569327 110256 103008 95150 84188 266939 219217 566989 30077 10962 7858 47722 536912 37960 498952 217620 3896 616311 577162 45033 574875 81820 493055 7248 213724 36864 27266
is_linear=0
shrinkage=0.01


Tree=3
num_leaves=31
num_cat=0
split_feature=64 55 73 30 83 8 3 76 3 41 59 59 2 59 8 1 7 43 12 75 83 62 36 62 57 48 7 38 17 16
split_gain=3358.13 1543.67 1160.48 669.674 468.899 659.912 499.317 601.312 430.707 420.071 517.502 408.94 382.633 351.382 437.522 560.427 338.221 333.91 368.967 560.663 364.65 317.764 306.539 496.406 355.264 301.865 573.257 291.201 275.708 433.23
threshold=0.039443969726562507 -0.21051025390624997 0.0013360893353819849 0.17187500000000003 -0.86704635620117176 -1.2524414062499998 0.90112304687500011 0.029394388198852543 -1.0219726562499998 0.054367065429687507 -0.012317657470703123 0.018775939941406253 0.0019049644470214846 -0.12738037109374997 -0.71679687499999989 0.093292236328125014 -0.011856079101562498 -1.2802734374999998 -0.027221679687499997 -0.015109352767467497 -1.0991792678833006 -0.0082054138183593733 0.081451416015625014 -0.0085639953613281233 0.022071838378906253 15.636718750000002 -0.0010018348693847654 -1.1440429687499998 -0.0025234222412109371 0.067840576171875014
decision_type=2 2 2 2 2 2 2 2 2 2 2 2 2 2 2 2 2 2 2 2 2 2 2 2 2 2 2 2 2 2
left_child=1 9 4 -3 17 -6 11 -8 -4 10 -1 -7 25 -11 15 -15 -16 21 19 -19 -20 -2 23 -14 -24 27 -27 -5 29 -10
right_child=2 3 8 12 5 6 7 -9 28 13 -12 -13 22 14 16 -17 -18 18 20 -21 -22 -23 24 -25 -26 26 -28 -29 -30 -31
leaf_value=-0.00041763213505247731 -0.0010362531823554033 0.0050264537360234863 0.0070639052580264584 0.0015525591027554411 -0.0031094020394679266 0.0058157960423132751 0.005313945109909941 0.0016199249676953607 0.0020792614230988184 -0.0034061111988670308 0.0064961858046605923 0.00078727853373089626 -0.00043695263841007443 0.00033789611523580296 -0.0026934373432293333 -0.0023989096842154342 -0.0010781881658890084 -0.00010408032181860792 0.00054737558151889078 0.0057034778303250086 -0.00027383860672848867 0.0032303724860309798 -0.0012337290995317535 0.00087119899631322474 -1.5665639357075526e-05 0.0038019694405443528 -0.001622259814736836 -1.6053296700088784e-05 0.0013560767715899789 0.0065860255449074721
leaf_weight=3164 23843 2522 2141 12146 3606 1628 5747 18824 6184 6107 1624 88469 128226 41794 13896 9093 191705 3338 326097 3290 64805 1864 71615 37468 35968 5590 2971 434762 11920 3261
leaf_count=3164 23843 2522 2141 12146 3606 1628 5747 18824 6184 6107 1624 88469 128226 41794 13896 9093 191705 3338 326097 3290 64805 1864 71615 37468 35968 5590 2971 434762 11920 3261
internal_value=1.35253e-05 -0.000335052 0.000629615 -9.73037e-05 0.000535132 0.00109174 0.00122438 0.00248755 0.00280393 -0.000985214 0.00194467 0.000879411 -0.000115173 -0.00103878 -0.000982153 -0.000151894 -0.00118761 0.000379542 0.000450977 0.00278716 0.000411225 -0.000724612 -0.000410981 -0.000141074 -0.000826575 6.2319e-05 0.00192016 2.66458e-05 0.00237082 0.0036459
internal_weight=1.56367e+06 998651 565017 731268 541511 118274 114668 24571 23506 267383 4788 90097 728746 262595 256488 50887 205601 423237 397530 6628 390902 25707 273277 165694 107583 455469 8561 446908 21365 9445
internal_count=1563668 998651 565017 731268 541511 118274 114668 24571 23506 267383 4788 90097 728746 262595 256488 50887 205601 423237 397530 6628 390902 25707 273277 165694 107583 455469 8561 446908 21365 9445
is_linear=0
shrinkage=0.01


Tree=4
num_leaves=31
num_cat=0
split_feature=64 73 53 18 2 60 60 3 16 57 58 10 80 69 75 3 61 75 18 67 23 31 6 67 69 58 5 81 83 63
split_gain=2963.87 1388.88 737.193 571.097 614.973 520.646 519.132 506.681 506.33 468.672 453.554 700.727 541.9 484.813 563.712 475.455 414.525 400.786 354.838 531.612 405.002 468.024 342.131 327.238 365.033 311.474 311.103 386.557 297.65 325.298
threshold=0.038131713867187507 0.0013360893353819849 0.015438079833984377 -0.10525512695312499 -0.0064697265624999991 -0.0035429000854492183 -0.0031499862670898433 -0.85107421874999989 0.066375732421875014 0.016899108886718753 0.067779541015625014 0.26562500000000006 0.0031108958646655087 0.42943793535232549 -0.0046042911708354941 -0.60888671874999989 -0.0033578872680664058 -0.0012544263154268263 -1.4345703124999998 -0.10928344726562499 1.7182617187500002 0.077545166015625014 0.077972412109375014 -0.0082893371582031233 0.46854518353939062 0.072113037109375014 0.29687500000000006 0.001132453326135874 -0.30029129981994623 0.066009521484375014
decision_type=2 2 2 2 2 2 2 2 2 2 2 2 2 2 2 2 2 2 2 2 2 2 2 2 2 2 2 2 2 2
left_child=2 10 9 4 17 8 -7 -5 -6 -1 18 13 -13 -12 -15 -14 28 -3 19 22 -20 -22 -2 25 -25 -9 27 -18 29 -11
right_child=1 3 -4 7 5 6 -8 23 -10 16 11 12 15 14 -16 -17 26 -19 20 -21 21 -23 -24 24 -26 -27 -28 -29 -30 -31
leaf_value=-0.0036877609649432312 0.0040932767647482108 -0.0022635709441813541 -0.00024758684613174502 0.0062033983412880904 0.00088175607897752637 0.013416464105926658 0.0050734781686197295 0.00058036592514230814 0.0080531024499438126 -0.0028161550370127343 0.0011436632631236616 0.0033381132911595086 0.0025342506862301218 0.0088483636313970299 0.0028931795790675535 -6.3538149273865897e-06 8.1969659254340924e-05 0.0046248881095767623 0.00018229104007420525 0.007056218804015039 0.00054855476785691827 0.0046504584134145236 -0.0005598267927834458 -0.0026345101565215445 0.0019725551432540158 0.0061203280479549165 -0.0018415121724178003 0.0063122251300601062 0.0010290968414983013 -0.00090707245678178089
leaf_weight=5975 2343 1781 437503 1849 2425 1518 1524 2573 1644 9278 7111 6532 8438 2336 4991 57056 1910 1572 741340 1791 7720 4334 4758 4153 2907 1661 1625 2062 7577 226115
leaf_count=5975 2343 1781 437503 1849 2425 1518 1524 2573 1644 9278 7111 6532 8438 2336 4991 57056 1910 1572 741340 1791 7720 4334 4758 4153 2907 1661 1625 2062 7577 226115
internal_value=-7.87198e-06 0.000379806 -0.000496557 0.0027713 0.00451262 0.00617364 0.00929718 0.00138017 0.00380442 -0.000924429 0.000313226 0.000999529 0.000596055 0.00300871 0.00481073 0.000321642 -0.000857713 0.000974246 0.000235356 0.00221907 0.000211885 0.00202865 0.000982665 0.000580963 -0.000737308 0.00277225 0.00182855 0.00333173 -0.000919739 -0.000982552
internal_weight=1.5644e+06 872357 692045 23607 10464 7111 3042 13143 4069 254542 848750 86464 72026 14438 7327 65494 248567 3353 762286 8892 753394 12054 7101 11294 7060 4234 5597 3972 242970 235393
internal_count=1564402 872357 692045 23607 10464 7111 3042 13143 4069 254542 848750 86464 72026 14438 7327 65494 248567 3353 762286 8892 753394 12054 7101 11294 7060 4234 5597 3972 242970 235393
is_linear=0
shrinkage=0.01


Tree=5
num_leaves=31
num_cat=0
split_feature=55 55 68 3 47 30 54 59 83 43 2 59 33 83 1 75 83 32 82 7 18 82 75 73 0 18 47 32 22 30
split_gain=3373.93 1299.62 616.931 597.608 598.948 567.944 533.608 532.576 501.516 476.112 723.983 454.54 419.849 581.883 489.302 423.175 446.285 408.758 561.233 435.369 388.061 381.931 408.313 403.373 345.995 341.66 332.77 319.091 418.321 349.03
threshold=-0.18853759765624997 -0.092803955078124986 0.017749786376953128 0.88793945312500011 0.21514892578125003 0.70312500000000011 1.0000000180025095e-35 -0.12738037109374997 -1.7097492218017576 -0.61352539062499989 0.022262573242187503 0.16827392578125003 -0.53808593749999989 -1.4089512825012205 0.085968017578125014 -0.0048931594938039771 -0.30029129981994623 -0.015659332275390622 0.12149962782859804 -0.00035727024078369135 -0.10525512695312499 0.19059669971466067 -0.029372364282608029 -0.0026424508541822429 0.20312500000000003 -0.17193603515624997 0.27551269531250006 -0.019050598144531247 -0.0050048828124999991 0.17187500000000003
decision_type=2 2 2 2 2 2 2 2 2 2 2 2 2 2 2 2 2 2 2 2 2 2 2 2 2 2 2 2 2 2
left_child=7 2 3 5 -5 26 -3 -1 17 10 -8 -11 13 27 -15 16 24 18 -4 -19 -16 23 -23 -10 -14 -13 -2 29 -29 -9
right_child=1 6 8 4 -6 -7 9 12 21 11 -12 25 15 14 20 -17 -18 19 -20 -21 -22 22 -24 -25 -26 -27 -28 28 -30 -31
leaf_value=-0.0036222178727042605 0.00045163116224959763 0.00073524670789735385 -0.00034226204486429324 0.0073020789204548513 0.00019735781308254278 0.0062430432521141596 0.00020045291354379321 0.0028219526794951732 -6.9796298679198785e-05 0.0080047060939333389 0.0062665565665180455 0.0044746860419103817 0.0010515195590740925 0.0068948521934273886 -0.0026889444760858795 -0.0048520662639592142 0.0011364969626854694 0.0016942999466797173 0.0025421292000695687 0.00018605171271197184 0.0042808204446520125 0.002002005488660303 -0.0024484022919913852 0.0020880345510504951 -0.00090847505079454756 0.0013982067737132642 0.0050400016053060194 0.0017473978361436688 -0.00076713013493015308 -0.0018867968841107621
leaf_weight=6358 49587 222233 58251 2921 1991 1827 15978 1758 656131 1806 2224 6268 9230 2184 1602 2570 11569 45482 7609 33042 1555 2474 11965 8759 347845 8541 1613 12794 13661 13838
leaf_count=6358 49587 222233 58251 2921 1991 1827 15978 1758 656131 1806 2224 6268 9230 2184 1602 2570 11569 45482 7609 33042 1555 2474 11965 8759 347845 8541 1613 12794 13661 13838
internal_value=6.30794e-06 0.000290079 0.000107654 0.00110488 0.00443477 0.000794867 0.000915717 -0.000754041 3.74855e-05 0.00206655 0.000947701 0.00328966 -0.000710307 0.000175975 0.00327869 -0.000823459 -0.000795112 0.000572666 -8.34924e-06 0.00105986 0.000749394 -7.62747e-05 -0.00168415 -4.13079e-05 -0.000857755 0.00270462 0.000598094 -0.00021948 0.000449331 -0.00135309
internal_weight=1.56367e+06 1.1387e+06 881652 57939 4912 53027 257050 424964 823713 34817 18202 16615 418606 47392 5341 371214 368644 144384 65860 78524 3157 679329 14439 664890 357075 14809 51200 42051 26455 15596
internal_count=1563666 1138702 881652 57939 4912 53027 257050 424964 823713 34817 18202 16615 418606 47392 5341 371214 368644 144384 65860 78524 3157 679329 14439 664890 357075 14809 51200 42051 26455 15596
is_linear=0
shrinkage=0.01


Tree=6
num_leaves=31
num_cat=0
split_feature=51 59 64 16 83 82 0 81 65 48 55 74 57 62 1 74 6 20 6 30 83 30 1 79 2 71 62 25 23 45
split_gain=3272.04 1404.48 582.783 534.627 529.851 586.125 540.346 488.064 496.163 440.471 423.305 423.254 413.768 430.425 408.198 425.006 408.197 403.35 402.236 371.051 368.853 343.957 333.474 506.171 436.39 323.44 309.846 447.785 408.369 366.997
threshold=0.015937805175781253 0.15875244140625003 0.039443969726562507 0.045059204101562507 -0.30029129981994623 -0.20693573355674741 0.20312500000000003 0.001135709695518017 0.10549926757812501 15.636718750000002 -0.10928344726562499 -0.13104829192161557 0.021385192871093753 -0.0076160430908203116 0.059341430664062507 -0.007700202986598014 0.075958251953125014 0.48437500000000006 0.070892333984375014 0.20312500000000003 -1.9816493988037107 0.73437500000000011 0.062622070312500014 0.00082367565482854854 -0.024551391601562497 0.32611095905303961 -0.010204315185546873 0.35937500000000006 -0.21697998046874997 1.3593750000000002
decision_type=2 2 2 2 2 2 2 2 2 2 2 2 2 2 2 2 2 2 2 2 2 2 2 2 2 2 2 2 2 2
left_child=4 2 9 10 5 25 7 8 -7 12 -4 21 13 -2 15 -3 20 -13 -9 -14 -11 -8 24 -24 -5 -1 27 28 -16 -28
right_child=1 14 3 22 -6 6 11 18 -10 16 -12 17 19 -15 26 -17 -18 -19 -20 -21 -22 -23 23 -25 -26 -27 29 -29 -30 -31
leaf_value=-0.0028278739107490247 0.00052181355169930146 0.0014139978741039205 0.00095873781122235576 -0.00025153354352394381 0.0012784184741022765 0.0023206609942951089 -0.00096581364255692449 0.0079379349781407253 -0.0031097820311222434 0.0075401644536135818 0.0074392921764058328 0.0011179581178295689 0.0027667528312709539 -0.00073122412218313334 0.00049422489078576257 0.0072034755303555078 -0.00092282886927979397 -0.0004943765350782593 0.0017415186079626796 -0.00028121205347940594 0.0020855471513125589 0.003005031956060738 -0.0012373251904168896 0.00041960366653881215 0.0017091353124704218 0.0011968027990238339 -0.00023676527999489009 0.0013394624397489166 0.0065599808217357046 0.00161554232333816
leaf_weight=18708 171189 2486 2097 15731 13015 3553 291362 1636 3160 1734 1933 19282 4021 32622 1519 2594 2833 79083 2894 344761 4315 2179 19280 412729 40715 2224 14879 8906 4136 37988
leaf_count=18708 171189 2486 2097 15731 13015 3553 291362 1636 3160 1734 1933 19282 4021 32622 1519 2594 2833 79083 2894 344761 4315 2179 19280 412729 40715 2224 14879 8906 4136 37988
internal_value=2.67063e-05 0.000311664 0.000219033 0.000470105 -0.000707658 -0.000768668 -0.000683877 0.00147586 -0.000237247 -1.19699e-06 0.00408854 -0.000745907 -3.67446e-05 0.0003212 0.00165769 0.00438693 0.00220551 -0.000178156 0.0040044 -0.000245916 0.00366886 -0.000936135 0.000440085 0.000345603 0.00116282 -0.00239952 0.00145083 0.00274192 0.00493813 0.00109433
internal_weight=1.56356e+06 1.12647e+06 1.05396e+06 492485 437096 424081 403149 11243 6713 561475 4030 391906 552593 203811 72508 5080 8882 98365 4530 348782 6049 293541 488455 432009 56446 20932 67428 14561 5655 52867
internal_count=1563564 1126468 1053960 492485 437096 424081 403149 11243 6713 561475 4030 391906 552593 203811 72508 5080 8882 98365 4530 348782 6049 293541 488455 432009 56446 20932 67428 14561 5655 52867
is_linear=0
shrinkage=0.01


Tree=7
num_leaves=31
num_cat=0
split_feature=74 57 76 51 72 60 62 38 36 61 1 54 82 55 33 8 41 79 71 33 72 82 27 1 0 38 6 11 57 79
split_gain=3490.34 1210.85 856.461 791.87 674 633.974 577.126 934.368 488.494 545.529 481.245 475.63 668.537 674.549 465.948 441.613 419.241 415.099 394.099 390.545 387.91 361.299 360.044 358.294 555.605 403.06 354.886 395.979 327.926 312.305
threshold=-0.11199522018432616 0.022117614746093753 0.038625255227088935 0.014308929443359377 -0.0875674933195114 -0.0030107498168945308 -0.0082969665527343733 -1.4086914062499998 0.11871337890625001 -0.0054759979248046866 0.065093994140625014 -0.057723999023437493 0.10150632262229921 -0.14068603515624997 -0.10916137695312499 -0.59594726562499989 0.071807861328125014 0.00049112015403807174 0.30430184304714208 0.80151367187500011 -0.1102781444787979 0.21600317955017093 -0.010524749755859373 0.060348510742187507 0.32812500000000006 -0.63256835937499989 0.054733276367187507 0.051971435546875007 0.019950866699218753 0.0017280811443924906
decision_type=2 2 2 2 2 2 2 2 2 2 2 2 2 2 2 2 2 2 2 2 2 2 2 2 2 2 2 2 2 2
left_child=3 6 4 -1 15 10 11 -8 26 -10 -6 12 19 -14 -7 20 -17 21 29 -2 -3 -4 -20 25 -25 -19 27 28 -5 -9
right_child=1 2 17 8 5 14 7 18 9 -11 -12 -13 13 -15 -16 16 -18 23 22 -21 -22 -23 -24 24 -26 -27 -28 -29 -30 -31
leaf_value=-0.0016190568566211453 -0.00072715795807757103 0.0079353224644204343 0.0084320495821452041 0.0069426107715815314 0.0016172177661706636 -3.2842839856294497e-05 0.0076887450344532964 0.0052880629984119248 0.007214950696535688 0.00037937559450471406 0.00056641855698338309 -0.0030825454427989142 -0.0016348857378178942 0.0025863817559817078 -0.0032544411766709126 0.0021811880279655822 0.00034889207204345107 0.0084454468983148935 0.0012111564864235424 0.00047822097199794335 0.0026100803743238032 0.0021669470817629018 -0.00040108253109559375 -0.00023717002907289051 0.0033409998943705224 0.0016013219188590075 -0.00051044245116031273 0.00012035756826110797 0.00069377539718774319 0.00097063102448325766
leaf_weight=59115 139032 1818 2031 1580 49742 99781 1754 1727 1715 3577 351604 6309 5141 14218 4681 26645 23503 1658 17838 33306 5500 1703 61720 9483 7977 1790 535208 50137 1778 41736
leaf_count=59115 139032 1818 2031 1580 49742 99781 1754 1727 1715 3577 351604 6309 5141 14218 4681 26645 23503 1658 17838 33306 5500 1703 61720 9483 7977 1790 535208 50137 1778 41736
internal_value=4.23917e-05 0.000442469 0.000712643 -0.000515473 0.000632754 0.000516115 -4.96405e-05 0.000482982 -0.000405593 0.00261343 0.000696727 -0.000385292 -0.000296209 0.00146485 -0.0001778 0.00165886 0.00132292 0.00253677 0.000379011 -0.000494178 0.00395104 0.00560143 -3.93828e-05 0.00198461 0.00139955 0.0049221 -0.000432819 0.000343686 0.00365766 0.00114454
internal_weight=1.56381e+06 910697 587916 653110 563274 505808 322781 124775 593995 5292 401346 198006 191697 19359 104462 57466 50148 24642 123021 172338 7318 3734 79558 20908 17460 3448 588703 53495 3358 43463
internal_count=1563807 910697 587916 653110 563274 505808 322781 124775 593995 5292 401346 198006 191697 19359 104462 57466 50148 24642 123021 172338 7318 3734 79558 20908 17460 3448 588703 53495 3358 43463
is_linear=0
shrinkage=0.01


Tree=8
num_leaves=31
num_cat=0
split_feature=55 59 1 10 25 51 36 79 13 33 43 0 70 63 52 60 60 31 31 6 47 43 36 11 12 20 42 6 8 20
split_gain=2701.3 940.396 714.283 825.671 688.617 539.946 714.869 404.362 389.476 387.277 506.075 429.84 360.799 342.08 349.047 538.123 346.327 335.777 310.486 308.034 456.613 603.442 439.308 477.539 431.397 328.255 304.874 290.638 519.673 434.261
threshold=-0.18707275390624997 0.13751220703125003 0.059341430664062507 0.45312500000000006 0.39062500000000006 0.014308929443359377 0.11871337890625001 0.0012937719002366068 -0.47302246093749994 1.3139648437500002 -0.89721679687499989 0.57812500000000011 0.67552414536476146 0.089996337890625014 0.054885864257812507 -0.0046901702880859366 -0.0042667388916015616 0.054367065429687507 0.063385009765625014 0.078521728515625014 0.23040771484375003 -0.61352539062499989 0.077972412109375014 0.051971435546875007 -0.0040264129638671866 0.48437500000000006 0.022590637207031253 0.084014892578125014 0.44897460937500006 0.26562500000000006
decision_type=2 2 2 2 2 2 2 2 2 2 2 2 2 2 2 2 2 2 2 2 2 2 2 2 2 2 2 2 2 2
left_child=5 12 3 4 -3 27 9 -8 -6 17 -11 -12 26 14 15 -14 -16 -7 -19 20 24 -22 23 -21 -4 -24 -2 -1 -29 -30
right_child=1 2 19 -5 8 6 7 -9 -10 10 11 -13 13 -15 16 -17 -18 18 -20 22 21 -23 25 -25 -26 -27 -28 28 29 -31
leaf_value=-0.0019562296556191153 0.00069205817890086619 0.0066311997909789915 0.0015897947120677369 0.0095190276599582575 0.0041913508382012748 -0.0024995873931115331 0.0069224383367904579 0.00065836751835252939 -0.0019297291149850224 0.004665343664758812 -0.00031268403157689656 0.0040701857662200931 0.0024239273200696194 -0.003971290111947222 -0.00050701781442643191 -0.00011927296450878387 0.00044739843278276801 0.00056700012805644545 -0.00066260628982603865 0.0051671086924639058 -0.00044297345739431637 0.0021141938718641819 -0.0013665905462027831 0.0014385977309148055 -0.0020840768403773881 0.003196054879222191 -0.0022469706298174222 0.0035894960889680493 -0.0035350527929894978 0.00019623514696096681
leaf_weight=43020 152587 2325 4369 1954 1502 9375 1944 2178 3259 2748 21304 2480 8455 2038 42932 454798 331270 21947 316222 3656 17228 19839 8665 53356 11764 1907 3594 2719 4948 8376
leaf_count=43020 152587 2325 4369 1954 1502 9375 1944 2178 3259 2748 21304 2480 8455 2038 42932 454798 331270 21947 316222 3656 17228 19839 8665 53356 11764 1907 3594 2719 4948 8376
internal_value=2.80886e-05 0.000287231 0.00108767 0.00379607 0.00219558 -0.000638919 -0.000499997 0.00363176 1.08041e-05 -0.000545718 0.000618464 0.000147361 0.000182843 0.000100729 0.000110733 -7.27534e-05 0.000337878 -0.000634623 -0.000582777 0.000884367 0.000314998 0.000926076 0.00133233 0.00167942 -0.00108841 -0.00053909 0.000624147 -0.001528 -0.000378692 -0.00119264
internal_weight=1.56276e+06 1.1255e+06 129824 9040 7086 437261 378198 4122 4761 374076 26532 23784 995674 839493 837455 463253 374202 347544 338169 120784 53200 37067 67584 57012 16133 10572 156181 59063 16043 13324
internal_count=1562759 1125498 129824 9040 7086 437261 378198 4122 4761 374076 26532 23784 995674 839493 837455 463253 374202 347544 338169 120784 53200 37067 67584 57012 16133 10572 156181 59063 16043 13324
is_linear=0
shrinkage=0.01


Tree=9
num_leaves=31
num_cat=0
split_feature=55 51 65 73 36 64 57 73 32 51 81 77 37 76 80 62 48 3 41 78 36 36 23 3 3 42 30 16 70 50
split_gain=2587.34 1120.76 704.3 521.959 497.648 419.103 402.461 399.197 479.454 548.912 394.004 434.312 616.841 577.842 387.118 376.63 408.121 406.464 373.572 370.632 326.113 319.658 331.969 382.04 607.724 355.864 341.09 335.914 332.6 310.288
threshold=-0.13885498046874997 0.014980316162109377 0.13275146484375003 -0.030136756598949429 0.057434082031250007 0.041458129882812507 0.023719787597656253 -0.027520347386598584 -0.020286560058593747 0.016975402832031253 0.00061719282530248176 0.013302942737936975 0.037872314453125007 0.033583477139472968 0.0022113807499408726 -0.0095863342285156233 10.863281250000002 0.84619140625000011 0.080902099609375014 0.012364115566015245 0.067047119140625014 0.11871337890625001 -1.4423828124999998 1.7973632812500002 2.1044921875000004 0.0012779235839843752 0.57812500000000011 0.10452270507812501 0.70216554403305065 0.042831420898437507
decision_type=2 2 2 2 2 2 2 2 2 2 2 2 2 2 2 2 2 2 2 2 2 2 2 2 2 2 2 2 2 2
left_child=1 10 3 4 14 6 -6 8 -5 -10 -1 -12 13 -13 -2 16 20 -18 -17 -16 -4 22 25 27 -25 26 -3 -24 -27 -9
right_child=2 21 15 7 5 -7 -8 29 9 -11 11 12 -14 -15 19 18 17 -19 -20 -21 -22 -23 23 24 -26 28 -28 -29 -30 -31
leaf_value=-0.0028395187481913748 0.0060271321309088655 -0.0014810423526570263 0.00041846198950626107 -0.0030915560724843688 -0.00012199122439316814 -0.0018585652143705235 0.0026546195245949668 0.00056100231066378507 0.0071355237767100335 0.0016832052922931202 -0.0012396288836480211 0.0014074607127807879 0.0055367821283540397 -0.0020834363296093972 -0.0033129247566970124 0.00053438152692979646 0.0034413989645801228 0.010147762542283986 0.0049349028644152812 0.0018910288520696825 0.0058302088310499024 0.0029261646673589587 -0.00029390185026581577 0.0046409070817644048 -0.0021976140464572075 0.0047770848342134978 0.0034672712564198373 0.0011273586006548375 0.0010279786392635058 -0.0014413398323774368
leaf_weight=12625 1884 6579 3878 1893 154339 13551 5383 400383 1980 24543 111740 10056 2031 8937 1581 13157 2189 1560 2242 9454 1544 3247 726202 3803 1954 3614 1746 17000 6827 7873
leaf_count=12625 1884 6579 3878 1893 154339 13551 5383 400383 1980 24543 111740 10056 2031 8937 1581 13157 2189 1560 2242 9454 1544 3247 726202 3803 1954 3614 1746 17000 6827 7873
internal_value=-5.23724e-06 -0.000347136 0.000478673 0.000413125 -3.0196e-05 -0.000171444 -2.80924e-05 0.000602145 0.00174784 0.0020953 -0.00115241 -0.000991571 0.000326752 -0.000235616 0.0018616 0.00213865 0.00374117 0.00627103 0.00118064 0.00114081 0.00197531 -0.000195253 -0.00020853 -0.000241457 0.00232025 0.00110446 -0.000437411 -0.000261362 0.00233233 0.000522319
internal_weight=1.5638e+06 916361 647434 622864 186192 173273 159722 436672 28416 26523 145389 132764 21024 18993 12919 24570 9171 3749 15399 11035 5422 770972 767725 748959 5757 18766 8325 743202 10441 408256
internal_count=1563795 916361 647434 622864 186192 173273 159722 436672 28416 26523 145389 132764 21024 18993 12919 24570 9171 3749 15399 11035 5422 770972 767725 748959 5757 18766 8325 743202 10441 408256
is_linear=0
shrinkage=0.01


Tree=10
num_leaves=31
num_cat=0
split_feature=57 55 54 48 62 83 62 43 62 11 1 23 6 70 56 57 71 60 65 37 23 51 1 7 45 38 46 46 52 76
split_gain=2900.32 981.275 808.943 520.375 566.597 513.575 553.055 621.081 467.962 465.774 604.837 459.066 539.126 438.182 487.5 437.972 437.182 428.398 427.568 371.468 368.274 346.403 326.64 531.066 345.339 321.235 315.62 325.116 286.46 269.128
threshold=0.022377014160156253 -0.18853759765624997 0.0060977935791015634 12.808593750000002 -0.0093421936035156233 -0.86704635620117176 -0.010707855224609373 -0.99951171874999989 -0.0083580017089843733 0.096649169921875014 0.098724365234375014 1.7182617187500002 0.053863525390625007 0.67460530996322643 0.039596557617187507 0.016899108886718753 0.28923609852790838 -0.0038194656372070308 0.12823486328125003 -0.023918151855468747 -1.4423828124999998 0.015892028808593753 0.041748046875000007 0.0045795440673828134 2.4843750000000004 -0.25708007812499994 0.26818847656250006 0.37170410156250006 0.049636840820312507 0.033303707838058479
decision_type=2 2 2 2 2 2 2 2 2 2 2 2 2 2 2 2 2 2 2 2 2 2 2 2 2 2 2 2 2 2
left_child=1 15 5 16 -5 26 7 -7 9 10 -4 12 -8 25 -15 -1 -3 -13 20 -9 -18 22 23 -17 -24 -6 29 28 -28 -2
right_child=2 3 8 4 13 6 11 19 -10 -11 -12 17 -14 14 -16 21 18 -19 -20 -21 -22 -23 24 -25 -26 -27 27 -29 -30 -31
leaf_value=-0.0033936710639762813 -0.0016552065837423236 -0.0020963105394933225 0.0015909385578511265 0.006287929678709267 0.00094395689656632685 0.0077383687937665419 -0.0025639918498803517 0.0056404082299898869 0.0053729223523181725 -0.0013509623929928963 0.0065179063010297415 0.00048531855551563966 0.00089092445939562459 -0.00076037946800379581 0.00041340981245656725 0.004859383042038758 0.0023357890341332349 0.0071127306307145434 0.0041680621591341852 0.00019379510467006748 -0.00032471226130596293 -0.0027851891133978883 -0.00074082537536858503 -0.0015314393200589274 0.00043317428215820694 0.0058837339601162594 0.0037872010927561001 -0.0027682588993599372 0.0003638284601332128 0.0019903608692851123
leaf_weight=5968 13104 13339 17169 1546 3072 2448 4713 1746 3975 4192 2900 1744 99218 43905 181940 2747 5272 2202 2156 4309 309710 7577 373079 2439 26847 2296 2439 3278 416281 2377
leaf_count=5968 13104 13339 17169 1546 3072 2448 4713 1746 3975 4192 2900 1744 99218 43905 181940 2747 5272 2202 2156 4309 309710 7577 373079 2439 26847 2296 2439 3278 416281 2377
internal_value=-1.01087e-05 -0.000341674 0.000549176 -6.91166e-05 0.000293054 0.000464957 0.0010553 0.00350794 0.00219966 0.00167574 0.00230867 0.000861366 0.00073379 0.000252429 0.000185174 -0.000708335 -0.0003242 0.00420085 -0.000249536 0.00177776 -0.000280037 -0.000669339 -0.000629629 0.00185941 -0.000661997 0.00307079 0.000307871 0.000359333 0.000383949 -0.00109361
internal_weight=1.56399e+06 981893 582095 563236 232759 553859 116380 8503 28236 24261 20069 107877 103931 231213 225845 418657 330477 3946 317138 6055 314982 412689 405112 5186 399926 5368 437479 421998 418720 15481
internal_count=1563988 981893 582095 563236 232759 553859 116380 8503 28236 24261 20069 107877 103931 231213 225845 418657 330477 3946 317138 6055 314982 412689 405112 5186 399926 5368 437479 421998 418720 15481
is_linear=0
shrinkage=0.01


Tree=11
num_leaves=31
num_cat=0
split_feature=64 51 48 54 41 30 41 11 62 10 76 25 16 43 6 79 12 72 23 79 72 72 7 74 46 74 79 18 6 73
split_gain=3119.61 1326.45 633.532 593.132 512.201 473.134 444.397 386.252 595.151 517.047 498.985 382.593 357.928 352.025 488.523 562.65 597.147 424.404 468.148 583.045 392.704 487.897 344.639 342.884 475.383 397.981 330.87 330.225 429.885 506.814
threshold=0.039443969726562507 0.014980316162109377 14.761718750000002 1.0000000180025095e-35 0.061050415039062507 0.17187500000000003 0.046463012695312507 0.063140869140625014 -0.0096321105957031233 0.39062500000000006 0.036570787429809577 0.42187500000000006 0.10351562500000001 -0.61352539062499989 0.10470581054687501 0.0048650987446308145 0.015213012695312502 -0.11230084300041197 0.19097900390625003 0.0015932498499751093 -0.098805874586105333 -0.095100700855255113 0.012233734130859377 -0.089188247919082628 0.35266113281250006 -0.10339453816413878 0.0090247467160224932 -0.99560546874999989 0.084777832031250014 -0.052571341395378106
decision_type=2 2 2 2 2 2 2 2 2 2 2 2 2 2 2 2 2 2 2 2 2 2 2 2 2 2 2 2 2 2
left_child=1 27 5 13 6 -3 -5 8 -6 11 -11 -9 26 14 -2 16 -16 18 19 -15 -19 -22 23 25 -25 -4 -7 28 -1 -30
right_child=3 2 22 4 7 12 -8 9 -10 10 -12 -13 -14 17 15 -17 -18 20 -20 -21 21 -23 -24 24 -26 -27 -28 -29 29 -31
leaf_value=-0.0030425662317450459 2.9917725320764246e-06 0.0036492803697669909 0.0013977495009997599 0.0029271299090779059 0.0051249817146402912 -0.00033252658927501489 -0.00062721214845051342 0.0077633590104980998 -0.0025826038408031621 0.003505797885789922 -0.0021606960011541737 0.0031987786833243201 0.00090437418764552271 0.0017053107468930056 0.0045188285842884032 -0.0030667389691992719 -0.001792932621450249 -0.00098002436900103797 0.00091858375703264604 0.0077938974845793941 0.0036014725218996005 0.00062551675206763951 -0.0022800908188114898 0.0014929559645846095 0.0071776143524347972 -0.0011473948529030634 0.003533750142600085 -0.00098926341733883883 -0.0045912085673797797 0.0007246229484073936
leaf_weight=19441 167086 3051 12935 5177 1575 767763 10870 3832 2674 5228 2192 3599 24564 3639 7126 1688 1885 14942 10412 2770 5588 315520 3301 25336 1544 11666 2200 115901 2309 7784
leaf_count=19441 167086 3051 12935 5177 1575 767763 10870 3832 2674 5228 2192 3599 24564 3639 7126 1688 1885 14942 10412 2770 5588 315520 3301 25336 1544 11666 2200 115901 2309 7784
internal_value=-1.11455e-05 -0.0003475 -0.000196878 0.000582008 0.00183975 -0.000268335 0.000521688 0.00294543 0.000285034 0.00370519 0.00183051 0.00556715 -0.00028347 0.000498637 0.000135755 0.00220525 0.00319743 0.000681448 0.00223071 0.00435289 0.000603772 0.000677526 0.000843188 0.00104426 0.00182458 0.000190869 -0.000321388 -0.00123011 -0.00217396 -0.000498167
internal_weight=1.5636e+06 997795 852360 565803 35147 797578 16047 19100 4249 14851 7420 7431 794527 530656 177785 10699 9011 352871 16821 6409 336050 321108 54782 51481 26880 24601 769963 145435 29534 10093
internal_count=1563598 997795 852360 565803 35147 797578 16047 19100 4249 14851 7420 7431 794527 530656 177785 10699 9011 352871 16821 6409 336050 321108 54782 51481 26880 24601 769963 145435 29534 10093
is_linear=0
shrinkage=0.01


Tree=12
num_leaves=31
num_cat=0
split_feature=64 66 55 61 63 58 52 52 0 25 48 32 50 26 82 18 16 16 7 73 16 72 74 18 68 55 5 22 18 30
split_gain=2767.36 834.056 758.971 390.904 370.334 400.653 432.497 508.823 365.189 547.557 438.812 426.781 379.911 360.977 351.398 319.074 547.137 401.449 324.677 314.476 310.861 407.451 669.462 416.775 384.877 316.35 305.85 298.933 550.162 298.868
threshold=0.039443969726562507 0.0060977935791015634 -0.21734619140624997 -0.0037450790405273433 0.084503173828125014 0.061264038085937507 0.052841186523437507 0.053146362304687507 0.42187500000000006 0.45312500000000006 13.378906250000002 0.025421142578125003 0.034255981445312507 0.10412597656250001 -0.20693573355674741 -0.15246582031249997 0.078979492187500014 0.068908691406250014 0.0022640228271484379 0.0039418246597051629 0.10351562500000001 -0.099359080195426927 -0.12174627184867857 1.6333007812500002 0.017597198486328128 -0.12554931640624997 0.29687500000000006 0.015415191650390627 -0.96191406249999989 0.17187500000000003
decision_type=2 2 2 2 2 2 2 2 2 2 2 2 2 2 2 2 2 2 2 2 2 2 2 2 2 2 2 2 2 2
left_child=2 3 4 8 5 6 14 -8 9 13 -11 12 -10 -2 -1 17 -17 27 -18 -20 29 22 24 -24 -22 -23 -7 28 -3 -4
right_child=1 15 20 -5 -6 26 7 -9 11 10 -12 -13 -14 -15 -16 16 18 -19 19 -21 21 25 23 -25 -26 -27 -28 -29 -30 -31
leaf_value=-0.0020312545199363667 0.00064691516117302856 0.0053909074659884869 0.0032718484777492299 -0.0023479181592759722 0.0038618360228640934 -0.0049868155519167583 0.0055533778368285847 -0.00094534054728872793 0.0030181331197742505 0.0014511942354915326 0.0045497974113445604 0.0052846869611068116 0.00022399208251636598 -0.0019294051768190571 -0.00066780903334058214 -0.0021422230338353893 0.00079376649697201107 0.006408689884525357 0.005756807363691112 0.0010975559144112959 -0.0016478728181213965 -0.0026340464526757794 0.0085784569669003583 0.0016733145542964815 0.0019349073254830952 0.0023862741836421278 -0.001651285040193557 0.0055644273654131791 -0.00060213166388191114 -0.00021387625474417527
leaf_weight=21045 149353 2234 2448 4865 1656 3454 2331 2461 4920 38857 5168 1683 326268 5625 184798 3609 7161 3280 3695 2393 4472 4447 2020 1550 9005 1728 13382 2162 4770 743307
leaf_count=21045 149353 2234 2448 4865 1656 3454 2331 2461 4920 38857 5168 1683 326268 5625 184798 3609 7161 3280 3695 2393 4472 4447 2020 1550 9005 1728 13382 2162 4770 743307
internal_value=-6.32633e-07 0.0005579 -0.000317391 0.000468159 -0.000822543 -0.000856982 -0.000738178 0.00222581 0.000494004 0.000832882 0.00181683 0.000291373 0.00026568 0.000553169 -0.000807389 0.00220018 0.00130115 0.00341386 0.00224094 0.00393499 -0.000166857 0.000972049 0.00176876 0.00560645 0.000745373 -0.001226 -0.00234069 0.00233055 0.00131932 -0.000202347
internal_weight=1.56415e+06 566043 998104 536739 229127 227471 210635 4792 531874 199003 44025 332871 331188 154978 205843 29304 16858 12446 13249 6088 768977 23222 17047 3570 13477 6175 16836 9166 7004 745755
internal_count=1564147 566043 998104 536739 229127 227471 210635 4792 531874 199003 44025 332871 331188 154978 205843 29304 16858 12446 13249 6088 768977 23222 17047 3570 13477 6175 16836 9166 7004 745755
is_linear=0
shrinkage=0.01


Tree=13
num_leaves=31
num_cat=0
split_feature=55 55 55 36 75 60 83 31 59 10 83 58 69 58 69 6 33 43 77 48 62 7 38 31 16 10 6 62 18 76
split_gain=2839.91 844.898 583.037 522.945 492.411 476.951 474.725 501.557 596.104 462.472 434.191 430.838 427.602 418.222 375.647 356.879 348.797 330.253 327.931 406.458 472.672 309.67 322.465 369.724 490.764 291.694 279.847 282.089 263.044 210.833
threshold=-0.18853759765624997 -0.090972900390624986 -0.29333496093749994 0.11871337890625001 -0.0028299121186137195 -0.0037641525268554683 -1.6587474346160886 0.059661865234375007 0.13409423828125003 0.17187500000000003 -1.8425774574279783 0.064666748046875014 0.48054726421833044 0.065216064453125014 0.40528680384159094 0.082000732421875014 2.1201171875000004 1.2304687500000002 0.013969954103231432 8.4570312500000018 -0.0092201232910156233 0.0045795440673828134 0.17346191406250003 0.079193115234375014 0.068756103515625014 0.57812500000000011 0.051330566406250007 -0.0099678039550781233 1.4731445312500002 0.026717133820056919
decision_type=2 2 2 2 2 2 2 2 2 2 2 2 2 2 2 2 2 2 2 2 2 2 2 2 2 2 2 2 2 2
left_child=2 4 21 11 6 -6 7 8 -2 -3 -9 16 14 -13 -8 -5 25 -14 26 28 -21 29 -23 -24 -25 -4 -11 -28 -20 -1
right_child=1 9 3 15 5 -7 12 10 -10 18 -12 13 17 -15 -16 -17 -18 -19 19 20 -22 22 23 24 -26 -27 27 -29 -30 -31
leaf_value=-0.0044543105621558656 -0.00046911308584255443 0.0055833606314755748 -0.00080418695970195628 0.00081816920553025763 -0.00079854130641930654 0.0058538855501477144 -0.0019205461289877677 0.0018575319187109289 0.0031705290606656397 -0.0033992318651516447 0.00053043259916462358 0.0066939619858957886 0.00068203757610192748 -0.00030276048885409637 -9.4802019008876536e-05 0.0065007201963000827 0.0030922410596991115 -0.0040174233345198528 -0.0010233944624653366 0.0018993274041747791 0.00067076846248233376 -0.0041348045155458497 -0.0028965099398509065 -0.00025492882995094805 0.0062236214304245965 8.3083953533473619e-05 -0.0015322596673460415 0.00051329413299172632 0.002891782778987894 -0.0021363192040693714
leaf_weight=5207 57625 1954 342140 3729 1716 2858 11464 34959 4861 1995 83605 1542 89920 1882 603246 1555 2411 1501 13176 56527 70264 1967 2357 3603 1710 41548 7250 92861 1953 16166
leaf_count=5207 57625 1954 342140 3729 1716 2858 11464 34959 4861 1995 83605 1542 89920 1882 603246 1555 2411 1501 13176 56527 70264 1967 2357 3603 1710 41548 7250 92861 1953 16166
internal_value=-1.75598e-05 0.000243169 -0.000714176 -0.000610403 0.000100039 0.00336552 8.31277e-05 0.000539931 -0.000185049 0.000762009 0.00092198 -0.000652841 -3.40075e-05 0.00286879 -0.000128913 0.00250866 -0.000684218 0.000604017 0.000722948 0.00103386 0.00121871 -0.00203412 -0.000544434 0.000384688 0.00184573 -0.000708109 0.000290683 0.000364879 -0.000514834 -0.00270468
internal_weight=1.56355e+06 1.13774e+06 425817 394807 891755 4574 887181 181050 62486 245980 118564 389523 706131 3424 614710 5284 386099 91421 244026 141920 126791 31010 9637 7670 5313 383688 102106 100111 15129 21373
internal_count=1563552 1137735 425817 394807 891755 4574 887181 181050 62486 245980 118564 389523 706131 3424 614710 5284 386099 91421 244026 141920 126791 31010 9637 7670 5313 383688 102106 100111 15129 21373
is_linear=0
shrinkage=0.01


Tree=14
num_leaves=31
num_cat=0
split_feature=53 53 79 69 73 33 1 48 1 72 62 71 16 59 71 62 76 78 55 43 16 50 65 31 71 5 13 74 65 15
split_gain=2713.35 940.309 586.604 578.732 537.09 482.893 474.721 561.678 396.128 489.094 487.069 386.821 381.221 379.436 366.936 356.16 488.503 550.62 335.704 333.213 409.266 329.908 305.524 303.827 290.543 282.362 270.455 252.246 158.132 136.202
threshold=0.015937805175781253 0.017127990722656253 0.00049112015403807174 0.47180689871311193 0.0013360893353819849 2.1201171875000004 0.098724365234375014 10.863281250000002 0.065582275390625014 -0.1102781444787979 -0.0086631774902343733 0.30647742748260504 0.099792480468750014 -0.12738037109374997 0.3444411456584931 -0.010051727294921873 0.025842517614364627 0.0097785741090774553 -0.16900634765624997 1.3452148437500002 0.11386108398437501 0.040573120117187507 0.12155151367187501 0.058715820312500007 0.29816265404224401 0.26562500000000006 -0.76318359374999989 -0.22026482224464414 0.10372924804687501 0.29687500000000006
decision_type=2 2 2 2 2 2 2 2 2 2 2 2 2 2 2 2 2 2 2 2 2 2 2 2 2 2 2 2 2 2
left_child=5 14 3 11 8 13 7 -6 10 -10 -4 -3 -5 24 15 22 17 -17 -18 20 21 -15 26 -21 29 -13 -2 -25 -7 -1
right_child=1 2 4 12 6 28 -8 -9 9 -11 -12 25 -14 19 -16 16 18 -19 -20 23 -22 -23 -24 27 -26 -27 -28 -29 -30 -31
leaf_value=-0.0030896623967452022 0.0049082159563274439 0.0019722273071013873 0.0020968870294453771 -0.0013526611238273715 -0.0015202225952240444 0.00094879312929019191 0.0060808479802352136 0.0023885670221611803 0.0026209162339800706 0.00024146669937837606 0.0005709236873905686 0.010312942573428154 0.0045526060949187932 -0.0006336116969037751 0.0043126072681566657 0.0027874207577462925 0.0001842133773106928 0.00012542341945452569 -0.00061517869901469451 -0.0042039656939995224 0.0041248633995725125 0.0022656582839189606 -0.0021701509821445437 3.8335932634707646e-05 -0.0061985735615056724 0.0043829427814785615 0.0013214447177579583 -0.0018564712695661389 0.0053719006803202895 0.00072476348415939531
leaf_weight=2326 2652 2392 28781 3602 4748 1628 2519 16091 8822 375928 76506 1580 1546 385795 1933 7945 73043 317989 187004 3922 1819 3946 1935 10233 2084 1717 9989 22391 1606 1547
leaf_count=2326 2652 2392 28781 3602 4748 1628 2519 16091 8822 375928 76506 1580 1546 385795 1933 7945 73043 317989 187004 3922 1819 3946 1935 10233 2084 1717 9989 22391 1606 1547
internal_value=-4.92417e-06 0.000254561 0.000564252 0.0028646 0.000515585 -0.000673484 0.00199645 0.00149738 0.00044492 0.000296159 0.000988376 0.00505708 0.00043151 -0.000702226 -1.49134e-05 -2.89854e-05 -6.7417e-05 0.00019048 -0.000390645 -0.000667257 -0.000581965 -0.000604143 0.00151401 -0.00158028 -0.00320469 0.00726979 0.00208049 -0.00126248 0.00316482 -0.00157016
internal_weight=1.56402e+06 1.12672e+06 524232 10837 513395 437297 23358 20839 490037 384750 105287 5689 5148 434063 602490 600557 585981 325934 260047 428106 391560 389741 14576 36546 5957 3297 12641 32624 3234 3873
internal_count=1564019 1126722 524232 10837 513395 437297 23358 20839 490037 384750 105287 5689 5148 434063 602490 600557 585981 325934 260047 428106 391560 389741 14576 36546 5957 3297 12641 32624 3234 3873
is_linear=0
shrinkage=0.01


Tree=15
num_leaves=31
num_cat=0
split_feature=55 58 23 55 3 42 62 60 77 69 60 62 28 10 50 41 62 75 36 23 42 11 48 68 6 80 21 6 50 30
split_gain=2933.88 1038.48 518.37 511.709 435.661 437.107 717.375 448.963 379.973 378.347 519.31 521.333 384.846 378.067 376.656 383.003 444.281 375.814 373.698 366.104 400.328 357.091 355.178 411.646 347.457 443.001 566.916 330.014 322.199 302.9
threshold=-0.18853759765624997 0.068450927734375014 -1.2749023437499998 -0.28674316406249994 -1.3242187499999998 -0.010585784912109373 -0.0077152252197265616 -0.0037031173706054683 0.016354408115148548 0.4861771315336228 -0.0026674270629882808 -0.010707855224609373 -1.1274414062499998 0.17187500000000003 0.040573120117187507 0.054367065429687507 -0.0088844299316406233 -0.10900160670280455 0.11679077148437501 1.5224609375000002 -0.011661529541015623 0.076446533203125014 8.2070312500000018 0.020198822021484378 0.081024169921875014 0.0018974887207150461 0.068511962890625014 0.062088012695312507 0.038009643554687507 0.48437500000000006
decision_type=2 2 2 2 2 2 2 2 2 2 2 2 2 2 2 2 2 2 2 2 2 2 2 2 2 2 2 2 2 2
left_child=3 4 21 24 5 6 7 -2 -7 19 11 -11 -12 -4 15 16 -5 27 -19 28 -21 -3 -15 -24 29 26 -26 -17 -6 -1
right_child=1 2 13 14 9 8 -8 -9 -10 10 12 -13 -14 22 -16 17 -18 18 -20 20 -22 -23 23 -25 25 -27 -28 -29 -30 -31
leaf_value=-0.0018217791247775723 0.00062276785180051671 0.0016292893432873884 0.0055495592518239071 0.0046499777983787446 -3.170865851816599e-05 -0.0017939159982348369 0.0044656665695539536 -0.0058142459181727323 0.0024567885557393284 0.0056667398089644307 0.0002281046033468652 0.00093764613245805861 -0.0028501521360040642 -0.0025218704408830075 0.0024300177440211416 0.0049878413999059484 -0.00025963303876433273 -0.00077614744640839867 0.0019053795077386818 0.0049833219090630945 0.00085060691448144311 -0.0040271946740853123 0.0057311853298492596 0.001412016221890595 0.0048089256172786166 -0.0021600586826054178 -0.0015716689997887689 0.00032545806587604858 0.0003524197564869972 -0.004304297340086174
leaf_weight=18452 3563 1793 2276 2904 501764 26616 3646 1535 2266 2370 12471 96217 6001 2193 4065 1669 4981 354138 5256 3046 10003 2898 2260 71083 2797 6691 2739 15046 386578 6714
leaf_count=18452 3563 1793 2276 2904 501764 26616 3646 1535 2266 2370 12471 96217 6001 2193 4065 1669 4981 354138 5256 3046 10003 2898 2260 71083 2797 6691 2739 15046 386578 6714
internal_value=9.99609e-06 0.00027475 0.00135513 -0.000698509 0.000190325 -0.000866099 0.00109098 -0.00133055 -0.00145895 0.00022937 0.00076417 0.00105246 -0.00077393 0.00154983 -0.000590791 -0.000622894 0.00155574 -0.000668649 -0.000736827 0.000159903 0.00182145 -0.00186743 0.00142788 0.00154663 -0.00181548 -0.000431587 0.00165776 0.000796404 0.000135456 -0.00248698
internal_weight=1.56403e+06 1.13858e+06 82503 425452 1.05608e+06 37626 8744 5098 28882 1.01845e+06 117059 98587 18472 77812 388059 383994 7885 376109 359394 901391 13049 4691 75536 73343 37393 12227 5536 16715 888342 25166
internal_count=1564031 1138579 82503 425452 1056076 37626 8744 5098 28882 1018450 117059 98587 18472 77812 388059 383994 7885 376109 359394 901391 13049 4691 75536 73343 37393 12227 5536 16715 888342 25166
is_linear=0
shrinkage=0.01


Tree=16
num_leaves=31
num_cat=0
split_feature=67 64 73 52 61 18 75 18 3 46 57 11 23 38 26 16 21 73 60 57 43 23 12 78 78 10 62 18 61 61
split_gain=3224.6 1180.8 756.672 516.229 487.241 839.03 573.986 486.478 772.997 541.803 454.924 403.238 398.632 392.093 440.465 378.052 376.527 430.184 373.465 351.206 351.035 416.286 341.436 337.811 363.073 348.585 337.676 325.002 315.025 312.141
threshold=-0.18853759765624997 0.039810180664062507 0.0013360893353819849 0.045700073242187507 -0.0036497116088867183 -0.24426269531249997 -0.023708682507276532 -0.10525512695312499 -0.89965820312499989 0.31701660156250006 0.024971008300781253 0.056716918945312507 1.2973632812500002 0.26354980468750006 0.041427612304687507 0.084014892578125014 0.098846435546875014 -0.04118376970291137 -0.0038881301879882808 0.024177551269531253 -0.86425781249999989 1.2680664062500002 -0.0066318511962890616 0.019267570227384571 0.018979541957378391 0.73437500000000011 -0.0080528259277343733 1.1938476562500002 -0.0032014846801757808 -0.0046520233154296866
decision_type=2 2 2 2 2 2 2 2 2 2 2 2 2 2 2 2 2 2 2 2 2 2 2 2 2 2 2 2 2 2
left_child=3 16 11 29 -5 -6 18 9 -9 -4 -11 12 19 14 -13 -10 23 -18 -7 -3 22 -22 -19 24 27 26 -25 -2 -8 -1
right_child=1 2 7 4 5 6 28 8 15 10 -12 13 -14 -15 -16 -17 17 20 -20 -21 21 -23 -24 25 -26 -27 -28 -29 -30 -31
leaf_value=-0.0013890203862405475 -0.00010380940110013344 0.0016531269039485221 0.0089273321199645882 -0.00072741873159129597 -0.0011495052119092188 -0.0017024719794936428 0.0082765580228981537 0.0074698020646558009 -0.0019720137629423056 0.0012120606028599653 0.0060307093629173485 -0.0035652438446219935 -0.00144431041109899 -0.00019597190247712352 0.00067792012678103005 0.0017189155271488984 0.0030287739350888937 0.00027310140982280003 0.0033010764644973013 0.0047713473326324359 0.0014553136316886824 -0.0011174941545396069 0.0069928826978534241 0.00095603705533178144 -0.0019245189769462611 -0.0023680603529286411 0.0046910182683430309 0.00097002863964177569 0.0024100777407741305 -0.0045972593762514989
leaf_weight=7424 543449 14488 1856 392663 10086 2743 2310 1670 4642 5391 3070 2443 3057 64069 374122 6837 8218 1507 3226 4811 11475 13866 1501 26565 10481 2829 2646 29706 1544 5138
leaf_count=7424 543449 14488 1856 392663 10086 2743 2310 1670 4642 5391 3070 2443 3057 64069 374122 6837 8218 1507 3226 4811 11475 13866 1501 26565 10481 2829 2646 29706 1544 5138
internal_value=3.22256e-05 0.000309686 0.000682553 -0.000710917 -0.000650029 0.000875518 0.00295287 0.00243371 0.00115552 0.00405737 0.00297056 0.000593696 0.00190337 0.000527165 0.000650204 0.000225504 3.15823e-05 0.00101718 0.00100373 0.0024346 0.000432321 4.77626e-05 0.00365033 -2.69867e-05 -8.1883e-05 0.000972423 0.00129734 -4.81216e-05 0.00595089 -0.00270645
internal_weight=1.56383e+06 1.1387e+06 486456 425134 412572 19909 9823 23466 13149 10317 8461 462990 22356 440634 376565 11479 652243 36567 5969 19299 28349 25341 3008 615676 583636 32040 29211 573155 3854 12562
internal_count=1563833 1138699 486456 425134 412572 19909 9823 23466 13149 10317 8461 462990 22356 440634 376565 11479 652243 36567 5969 19299 28349 25341 3008 615676 583636 32040 29211 573155 3854 12562
is_linear=0
shrinkage=0.01


Tree=17
num_leaves=31
num_cat=0
split_feature=55 52 69 51 48 75 65 72 8 20 10 60 18 60 51 3 33 62 48 65 75 31 5 38 56 62 31 32 72 59
split_gain=2217.38 855.401 658.788 506.751 502.818 519.546 471.89 502.897 449.033 446.802 434.107 404.862 423.121 383.497 367.094 363.621 758.124 490.711 390.548 389.599 363.072 362.31 459.162 375.027 335.569 312.36 309.063 893.201 314.2 304.553
threshold=-0.18853759765624997 0.054885864257812507 0.48054726421833044 0.014308929443359377 8.0898437500000018 -0.014807309955358504 0.11825561523437501 -0.076030626893043504 -0.16937255859374997 0.39062500000000006 0.57812500000000011 -0.0048961639404296866 -1.6445312499999998 -0.0031003952026367183 0.016609191894531253 0.88793945312500011 0.30224609375000006 -0.010341644287109373 7.9863281250000009 0.11557006835937501 -0.012768175452947615 0.10183715820312501 0.23437500000000003 0.21246337890625003 0.039047241210937507 -0.010150909423828123 0.063385009765625014 -0.019050598144531247 -0.068198770284652696 -0.025840759277343747
decision_type=2 2 2 2 2 2 2 2 2 2 2 2 2 2 2 2 2 2 2 2 2 2 2 2 2 2 2 2 2 2
left_child=3 2 11 29 -3 6 7 -6 20 -8 -10 14 -13 -14 -2 17 24 -4 -19 -18 -7 25 23 -23 -17 -5 27 -27 -28 -1
right_child=1 4 15 21 5 8 9 -9 10 -11 -12 12 13 -15 -16 16 19 18 -20 -21 -22 22 -24 -25 -26 26 28 -29 -30 -31
leaf_value=-0.0012247259330656426 0.0054223215587345178 -0.001691161668143976 -0.0051677998774050113 0.003081164146456651 0.0066190168242448427 0.0024110623556187496 -0.0004346292660113016 0.0011577377959330511 0.0012931602904525006 0.00046275088456835324 0.0043907908568478595 -0.0046380601838464991 -0.00038639935222791133 0.00024963241198592846 -0.00024345052587257705 -0.0014258211470411686 0.0071108793583190798 0.0025201335797817082 0.00035051327801410604 0.0011367917820519092 0.0001540502501777916 0.0010519159068871379 0.00010918011717381671 0.0075664586235003866 0.0039575484636047223 -0.0014139633104955323 -0.00075036954751448034 0.0019579455911964004 0.0014157593725025004 -0.0035316708216234765
leaf_weight=52742 2410 10101 1513 2299 2323 8001 69142 6056 96253 280565 4732 2146 337991 131734 2157 4489 3419 9024 100569 1612 64000 2039 28982 1550 1538 15076 293282 16361 6835 6409
leaf_count=52742 2410 10101 1513 2299 2323 8001 69142 6056 96253 280565 4732 2146 337991 131734 2157 4489 3419 9024 100569 1612 64000 2039 28982 1550 1538 15076 293282 16361 6835 6409
internal_value=-1.14448e-06 0.000228837 -3.16442e-05 -0.000617064 0.000516952 0.000559012 0.000341586 0.00268398 0.001009 0.000285311 0.00143915 -0.000199633 -0.000228365 -0.000208022 0.00275698 0.000623437 0.00235118 0.000451088 0.000529589 0.00520878 0.000405457 -0.000478368 0.000528111 0.00389172 -4.35203e-05 -0.000576587 -0.000602134 0.000341034 -0.000700946 -0.00147579
internal_weight=1.56535e+06 1.13978e+06 598602 425575 541173 531072 358086 8379 172986 349707 100985 476438 471871 469725 4567 122164 11058 111106 109593 5031 72001 366424 32571 3589 6027 333853 331554 31437 300117 59151
internal_count=1565350 1139775 598602 425575 541173 531072 358086 8379 172986 349707 100985 476438 471871 469725 4567 122164 11058 111106 109593 5031 72001 366424 32571 3589 6027 333853 331554 31437 300117 59151
is_linear=0
shrinkage=0.01


Tree=18
num_leaves=31
num_cat=0
split_feature=53 54 55 47 69 30 64 74 64 23 57 80 77 61 10 18 37 18 33 1 23 3 60 3 65 42 33 42 25 59
split_gain=2604.4 876.614 501.063 495.116 388.367 452.26 481.451 591.114 370.845 367.934 393.567 628.735 363.673 344.171 689.657 745.502 332.783 469.298 438.334 329.329 377.291 302.489 320.885 291.474 457.878 317.525 261.715 530.942 496.709 303.924
threshold=0.015937805175781253 0.0060977935791015634 -0.28674316406249994 0.21392822265625003 0.48465624451637274 0.70312500000000011 0.038711547851562507 -0.090956896543502794 0.037857055664062507 0.78393554687500011 0.022468566894531253 0.0035908753052353863 0.015110187232494356 -0.0036134719848632808 0.26562500000000006 -0.076019287109374986 0.012012481689453127 -1.4345703124999998 -0.28930664062499994 0.097198486328125014 0.075103759765625014 -1.0034179687499998 -0.0030107498168945308 -1.1440429687499998 0.10781860351562501 0.0058975219726562509 1.3139648437500002 -0.016159057617187497 0.32812500000000006 0.0018677711486816408
decision_type=2 2 2 2 2 2 2 2 2 2 2 2 2 2 2 2 2 2 2 2 2 2 2 2 2 2 2 2 2 2
left_child=2 4 -1 -3 9 6 8 -8 -6 16 11 -11 -12 26 15 -15 18 -18 -2 21 -21 -5 -23 25 -25 -16 -4 28 -28 -29
right_child=1 3 13 19 5 -7 7 -9 -10 10 12 -13 -14 14 23 -17 17 -19 -20 20 -22 22 -24 24 -26 -27 27 29 -30 -31
leaf_value=-0.001757593938226101 0.0004530189590642627 -0.0034877536073327064 -0.00067655917414195257 0.0048810198707845013 0.00078358654204356039 0.0049191959263559827 0.0021166905473465735 0.00046165485452034785 -0.0021702132968879832 0.0008506544489452531 -0.00030533365066872048 0.0040184708206055441 0.0014225610272991826 0.00016991065497497259 0.0011956989720426469 0.0094597963671243322 0.0048811166696135109 -0.00055246371784417288 -5.2634975056592655e-05 0.002239814551158497 0.0087191983876183498 0.0019093275407430187 -0.0016718100997038662 0.0057729270258370571 -0.00039082573317287346 -0.0034109555529975607 0.0004465504899925115 0.00032832926269922558 0.0078602786787416584 -0.0027230223902949581
leaf_weight=37384 276584 1564 358059 2865 7347 2485 28382 89922 10038 54956 51042 7055 15977 1716 2378 1721 1595 101479 450878 2103 1575 18591 2875 1680 4133 3978 1940 18366 1676 3949
leaf_count=37384 276584 1564 358059 2865 7347 2485 28382 89922 10038 54956 51042 7055 15977 1716 2378 1721 1595 101479 450878 2103 1575 18591 2875 1680 4133 3978 1940 18366 1676 3949
internal_value=4.59258e-06 0.000258633 -0.000650759 0.00195702 0.000212844 0.00070848 0.000630651 0.000859001 -0.000922455 0.000141461 0.000638218 0.00121224 0.000106889 -0.000547127 0.000907822 0.00484943 6.4273e-05 -0.000467452 0.000139624 0.00226332 0.00504658 0.00183879 0.00142859 -0.000211571 0.00140423 -0.0016891 -0.000606303 0.00036358 0.00390712 -0.000213612
internal_weight=1.56429e+06 1.12731e+06 436980 29573 1.09774e+06 138174 135689 118304 17385 959566 129030 62011 67019 399596 15606 3437 830536 103074 727462 28009 3678 24331 21466 12169 5813 6356 383990 25931 3616 22315
internal_count=1564293 1127313 436980 29573 1097740 138174 135689 118304 17385 959566 129030 62011 67019 399596 15606 3437 830536 103074 727462 28009 3678 24331 21466 12169 5813 6356 383990 25931 3616 22315
is_linear=0
shrinkage=0.01


Tree=19
num_leaves=31
num_cat=0
split_feature=53 55 75 11 38 81 80 16 27 57 62 47 1 79 83 64 55 8 5 83 83 60 45 83 18 16 79 7 8 18
split_gain=2639.33 797.584 604.149 636.223 629.212 621.291 486.953 440.835 422.197 412.139 445.422 462.74 387.343 451.135 386.168 705.718 669.237 404.761 403.686 376.388 360.895 471.772 665.732 450.266 384.273 359.966 348.771 318.661 289.765 345.362
threshold=0.017051696777343753 -0.21734619140624997 -0.015109352767467497 0.051971435546875007 -1.6669921874999998 0.0018492187373340132 0.0036170845851302151 0.083160400390625014 -0.00057315826416015614 0.024467468261718753 -0.010265350341796873 0.19061279296875003 0.11734008789062501 0.0012271539308130743 -1.2291140556335447 0.039505004882812507 -0.064117431640624986 -1.2524414062499998 0.26562500000000006 -0.87517046928405751 -1.6377048492431638 -0.0038633346557617183 2.2968750000000004 -1.6277694702148435 1.3198242187500002 0.073577880859375014 0.0073420768603682527 -0.013839721679687498 -0.73046874999999989 -1.3076171874999998
decision_type=2 2 2 2 2 2 2 2 2 2 2 2 2 2 2 2 2 2 2 2 2 2 2 2 2 2 2 2 2 2
left_child=1 26 4 5 7 6 8 25 -4 10 -6 -12 20 -14 15 18 -17 -16 -5 -19 21 22 -3 -22 -25 -2 28 -23 29 -1
right_child=2 12 3 14 9 -7 -8 -9 -10 -11 11 -13 13 -15 17 16 -18 19 -20 -21 23 27 -24 24 -26 -27 -28 -29 -30 -31
leaf_value=-0.0035556996142291752 0.0027173553179830933 0.00016872876196163703 0.0067056639344463768 0.0084503599786043496 0.0044638248853962996 -0.00018847144665402191 0.0084763402780573035 -0.0001778183141424429 0.00011033212532608474 -0.0011344912301368055 -0.0017462396937001604 0.00037222428947776521 0.0066031247995903689 0.00012065523468814919 -0.0018102396859351114 -0.00010592637342385842 0.0020331816742736588 -5.318084756244332e-05 0.001793591147970989 0.0010826913083217232 -0.002887478119886345 -0.00084764666388789244 0.0086991976589398563 -0.00029524902065708252 0.001122400730176125 0.0092338135261338175 0.0012768212060612649 0.00036627165806621252 -0.0010750951120589659 5.1898462742948963e-05
leaf_weight=2812 1802 2177 1681 2181 2573 3150 2684 1881 2262 20233 10642 313440 1811 2597 6877 23438 38871 45358 1577 81725 6516 25771 1559 579221 19754 1622 7653 133859 176159 42120
leaf_count=2812 1802 2177 1681 2181 2573 3150 2684 1881 2262 20233 10642 313440 1811 2597 6877 23438 38871 45358 1577 81725 6516 25771 1559 579221 19754 1622 7653 133859 176159 42120
internal_value=6.75415e-06 -0.000300896 0.000555268 0.00098005 0.00030218 0.00346848 0.00520207 0.0037136 0.00294174 0.000249798 0.000335605 0.000302556 -0.000147438 0.00280173 0.000858085 0.00148367 0.00122876 0.000549382 0.00568121 0.000677335 -0.000164418 0.00025266 0.00375579 -0.000276954 -0.000248459 0.00584 -0.0008196 0.000170213 -0.000892275 -0.000175359
internal_weight=1.56401e+06 1.00201e+06 561997 209804 352193 9777 6627 5305 3943 346888 326655 324082 773265 4408 200027 66067 62309 133960 3758 127083 768857 163366 3736 605491 598975 3424 228744 159630 221091 44932
internal_count=1564006 1002009 561997 209804 352193 9777 6627 5305 3943 346888 326655 324082 773265 4408 200027 66067 62309 133960 3758 127083 768857 163366 3736 605491 598975 3424 228744 159630 221091 44932
is_linear=0
shrinkage=0.01


Tree=20
num_leaves=31
num_cat=0
split_feature=57 55 59 51 33 10 3 77 83 0 45 74 1 8 22 18 31 83 77 37 10 23 79 59 41 62 61 17 0 1
split_gain=2290.24 1071.41 746.899 710.238 611.946 586.93 536.709 534.834 498.562 489.125 655.775 522.385 443.744 510.305 508.554 522.936 440.993 609.942 561.17 569.988 482.226 432.38 424.208 421.951 405.268 689.059 379.235 490.258 467.59 441.831
threshold=0.022377014160156253 -0.21051025390624997 0.15875244140625003 0.017829895019531253 0.76977539062500011 0.26562500000000006 1.2929687500000002 0.016810387372970585 -1.7097492218017576 0.57812500000000011 2.2031250000000004 -0.06824947893619536 0.058517456054687507 -0.51562499999999989 0.0049114227294921884 1.3198242187500002 0.061264038085937507 -2.022138118743896 0.015354733914136888 -0.0092735290527343733 0.39062500000000006 0.79711914062500011 0.00099126598797738574 0.11477661132812501 0.054367065429687507 -0.0086708068847656233 -0.0045490264892578116 0.010829925537109377 0.17187500000000003 0.059341430664062507
decision_type=2 2 2 2 2 2 2 2 2 2 2 2 2 2 2 2 2 2 2 2 2 2 2 2 2 2 2 2 2 2
left_child=1 24 4 -4 12 7 9 -5 16 11 -11 -6 14 23 15 -2 18 -18 19 -3 -19 -16 -9 -14 25 -1 29 28 -28 -10
right_child=2 8 3 5 6 -7 -8 22 26 10 -12 -13 13 -15 21 -17 17 20 -20 -21 -22 -23 -24 -25 -26 -27 27 -29 -30 -31
leaf_value=0.0069030232091234194 0.0044961506359009629 0.0049039821838419836 -0.0028720217294695679 0.0078455313287040061 0.002045184319930937 0.0013147853198611642 0.0063535284211823995 0.0046472285148288764 -0.0017380598820571703 0.0084984263777732848 0.00029680195508340914 -0.0015509524288498367 0.0015546675350982303 0.00011137400485698659 -0.0015266393153765205 -0.0018862293568777623 0.0047794021833183105 0.0036689859156494899 0.0044830786456464388 -0.0010027102532154592 0.0005401875062133137 0.0022235934199654351 1.2076000260445658e-06 -9.2297186481077705e-05 -0.00085805368722118762 -0.00094474452707191028 0.0027963669152981339 0.0011066381668911652 -0.00021463094153186693 -0.00026302628886372648
leaf_weight=1809 7886 1704 3537 2560 10967 57411 2473 4423 21360 2052 1844 6370 48733 393755 6053 1521 4001 5307 2215 31278 65637 6207 3524 22842 261025 2871 5353 45566 128623 405145
leaf_count=1809 7886 1704 3537 2560 10967 57411 2473 4423 21360 2052 1844 6370 48733 393755 6053 1521 4001 5307 2215 31278 65637 6207 3524 22842 261025 2871 5353 45566 128623 405145
internal_value=3.12399e-05 -0.000263407 0.000528196 0.00148565 0.00039418 0.00171337 0.00196245 0.00388462 -6.21974e-05 0.00144553 0.00463789 0.000723619 0.000317763 0.000252586 0.001716 0.00346238 0.000556645 0.000990192 -0.000366547 -0.000694757 0.000775207 0.00037256 0.00259218 0.00102919 -0.000805706 0.00210519 -0.000174679 0.000210854 -9.39273e-05 -0.000336976
internal_weight=1.56405e+06 981894 582158 71455 510703 67918 23706 10507 716189 21233 3896 17337 486997 465330 21667 9407 110142 74945 35197 32982 70944 12260 7947 71575 265705 4680 606047 179542 133976 426505
internal_count=1564052 981894 582158 71455 510703 67918 23706 10507 716189 21233 3896 17337 486997 465330 21667 9407 110142 74945 35197 32982 70944 12260 7947 71575 265705 4680 606047 179542 133976 426505
is_linear=0
shrinkage=0.01


Tree=21
num_leaves=31
num_cat=0
split_feature=51 51 73 3 43 1 68 74 7 64 83 31 83 58 57 57 10 21 20 68 26 38 62 22 74 33 30 45 8 83
split_gain=2369.36 919.658 703.409 463.321 572.078 488.252 436.062 537.443 578.667 686.191 515.412 437.556 624.995 509.334 421.575 418.473 436.507 411.549 384.239 378.868 432.313 370.74 575.99 387.085 345.592 345.057 336.98 372.807 347.665 374.045
threshold=0.015483856201171877 0.017524719238281253 -0.034705743193626397 -0.60888671874999989 0.46704101562500006 0.057830810546875007 0.018634796142578128 -0.17067888379096982 -0.012905120849609373 0.038406372070312507 -1.6533908843994138 0.059661865234375007 -2.022138118743896 0.067047119140625014 0.016899108886718753 0.021690368652343753 0.17187500000000003 0.065093994140625014 0.67187500000000011 0.018939971923828128 0.087036132812500014 1.6293945312500002 -0.0091133117675781233 0.0055751800537109384 -0.21659809350967404 1.3139648437500002 0.73437500000000011 2.2343750000000004 0.92993164062500011 -0.49973487854003901
decision_type=2 2 2 2 2 2 2 2 2 2 2 2 2 2 2 2 2 2 2 2 2 2 2 2 2 2 2 2 2 2
left_child=14 6 -3 4 18 -6 7 17 9 -9 11 13 -13 -8 25 -5 -17 -2 -4 20 -12 26 -23 -24 -25 -1 28 -28 29 -16
right_child=1 2 3 15 5 -7 10 8 -10 -11 19 12 -14 -15 21 16 -18 -19 -20 -21 -22 22 23 24 -26 -27 27 -29 -30 -31
leaf_value=-0.0019120730608242992 0.0029812013359337675 -0.00095858225968354087 0.0016274615785058229 -0.0043491009454683476 -0.0033173518150983201 0.0019191025217756119 -0.00064038195503835188 0.00071452897744588505 0.00036820012288753078 0.0042076627823252263 -0.0014464251632483364 0.0039486473899417451 0.00054052085487145862 0.0028979205964969053 -0.0012019018086364705 0.0051173947391838859 0.00052584654701891243 -0.002681887204605968 0.0059757365381734638 -0.00016918511841503039 0.0039997984419984358 0.0064635498348043384 -0.00091384659593469683 0.0063302099549348567 -1.9090946112029238e-05 -0.0071531986447663795 0.0052967232072063291 -7.1973361709353126e-05 0.00023502243821229383 0.00045093113820639984
leaf_weight=4203 1511 26844 58429 1726 4331 2997 52238 14143 104644 9327 34937 5605 124346 4392 203610 2068 251207 7986 2089 585284 1502 1534 10443 1591 1832 1786 1706 5159 21742 14669
leaf_count=4203 1511 26844 58429 1726 4331 2997 52238 14143 104644 9327 34937 5605 124346 4392 203610 2068 251207 7986 2089 585284 1502 1534 10443 1591 1832 1786 1706 5159 21742 14669
internal_value=-1.9004e-05 0.000158119 0.000596291 0.000725627 0.00145997 -0.00117636 -3.87594e-06 0.000516448 0.000686673 0.0021051 -9.24699e-05 0.000368455 0.000688104 -0.000365039 -0.000874349 0.000530146 0.000563738 -0.0017765 0.00177948 -0.000230802 -0.00121986 -0.000814279 0.000690363 4.32835e-05 0.00295167 -0.00349365 -0.000908182 0.0012737 -0.000970688 -0.0010908
internal_weight=1.56388e+06 1.29561e+06 349691 322847 67846 7328 945915 137611 128114 23470 808304 186581 129951 56630 268275 255001 253275 9497 60518 621723 36439 262286 15400 13866 3423 5989 246886 6865 240021 218279
internal_count=1563881 1295606 349691 322847 67846 7328 945915 137611 128114 23470 808304 186581 129951 56630 268275 255001 253275 9497 60518 621723 36439 262286 15400 13866 3423 5989 246886 6865 240021 218279
is_linear=0
shrinkage=0.01


Tree=22
num_leaves=31
num_cat=0
split_feature=55 59 51 3 50 42 8 51 45 21 36 61 31 48 37 38 74 79 32 62 31 48 21 32 33 83 15 13 76 62
split_gain=1864.34 736.345 519.57 454.736 428.123 363.843 667.281 339.418 360.894 336.937 418.661 543.274 786.782 433.129 384.438 423.003 546.614 443.496 382.7 586.202 456.4 361.306 342.149 323.129 316.372 284.325 360.921 333.419 361.114 317.862
threshold=-0.18853759765624997 0.15875244140625003 0.014308929443359377 -1.0034179687499998 0.040573120117187507 -0.022552490234374997 0.65332031250000011 0.015892028808593753 2.4843750000000004 0.095611572265625014 0.066375732421875014 -0.0040378570556640616 0.093292236328125014 13.433593750000002 0.012233734130859377 0.92260742187500011 -0.12425914406776427 0.0038172509521245961 -0.0098991394042968733 -0.010707855224609373 0.052734375000000007 13.964843750000002 0.11727905273437501 0.025947570800781253 0.95410156250000011 -1.8627138137817381 0.39062500000000006 -1.2768554687499998 0.026939511299133304 -0.0087394714355468733
decision_type=2 2 2 2 2 2 2 2 2 2 2 2 2 2 2 2 2 2 2 2 2 2 2 2 2 2 2 2 2 2
left_child=2 9 -1 -3 5 6 23 8 -7 14 13 24 -13 22 18 17 -17 -16 20 -20 -2 -15 -11 -4 -12 26 29 -27 -29 -5
right_child=1 3 4 25 -6 7 -8 -9 -10 10 11 12 -14 21 15 16 -18 -19 19 -21 -22 -23 -24 -25 -26 27 -28 28 -30 -31
leaf_value=-0.0014237619074712012 -0.00057710929827073474 0.0050458582355631344 -0.0014536270381967137 -0.0009961565937364632 0.0028716752257316736 -0.00054080877225082637 0.0071761279190109733 -0.0025747548488802285 0.0006800810998407815 -0.00085271924866570374 0.00069664256178333494 0.0064913142018834438 -0.0019253982186393812 0.0066871238466912663 -0.0001293882312922287 -0.0012147044415192891 0.00099151676368430829 -0.0018285212078130778 0.0041490297297212472 2.5302796383576539e-05 0.00076386997658353705 0.00018562082878208059 0.0026044601897556563 0.0037247717724196356 0.0037618928686624616 0.0044222239214450794 -0.0024223460634373774 0.0036623521850633754 0.00085621144085539749 0.0048287832657862998
leaf_weight=59095 30037 2926 4021 2027 3905 321294 1712 7657 26168 31930 74125 3887 1541 1562 29502 17167 32383 32037 3446 635812 163251 1862 3125 1697 3509 3172 4956 5006 52756 1713
leaf_count=59095 30037 2926 4021 2027 3905 321294 1712 7657 26168 31930 74125 3887 1541 1562 29502 17167 32383 32037 3446 635812 163251 1862 3125 1697 3509 3172 4956 5006 52756 1713
internal_value=1.08713e-05 0.000222074 -0.000553776 0.00119669 -0.00041341 -0.00044895 0.00173831 -0.000494809 -0.000448827 0.000155665 0.00065119 0.00105058 0.00410353 -0.000211044 9.18289e-05 -0.00046068 0.000226972 -0.00101426 0.000165561 4.76614e-05 0.000555443 0.00317316 -0.000543217 9.0855e-05 0.000836123 0.00103353 -0.000656774 0.0012749 0.00110059 0.00168328
internal_weight=1.56328e+06 1.13773e+06 425549 72556 366454 362549 7430 355119 347462 1.06518e+06 121541 83062 5428 38479 943635 111089 49550 61539 832546 639258 193288 3424 35055 5718 77634 69630 8696 60934 57762 3740
internal_count=1563281 1137732 425549 72556 366454 362549 7430 355119 347462 1065176 121541 83062 5428 38479 943635 111089 49550 61539 832546 639258 193288 3424 35055 5718 77634 69630 8696 60934 57762 3740
is_linear=0
shrinkage=0.01


Tree=23
num_leaves=31
num_cat=0
split_feature=55 58 35 55 31 31 82 30 82 26 23 17 51 82 70 50 30 3 23 56 61 10 51 68 48 72 46 48 74 51
split_gain=2386.29 1151.59 609.424 607.776 528.955 917.02 539.616 518.439 480.358 478.366 460.504 418.209 448.087 403.652 404.1 541.657 525.472 435.368 376.644 366 341.56 461.891 366.146 337.495 334.385 367.21 316.38 294.572 293.333 496.049
threshold=-0.18853759765624997 0.068572998046875014 0.35937500000000006 -0.29333496093749994 0.063385009765625014 0.058013916015625007 -0.036722011864185326 0.17187500000000003 -0.059606030583381646 0.080078125000000014 -1.1801757812499998 0.014942169189453127 0.018730163574218753 0.27194082736969 0.67552414536476146 0.038009643554687507 0.17187500000000003 -0.96508789062499989 -0.072265624999999986 0.043167114257812507 -0.0036134719848632808 0.45312500000000006 0.015544891357421877 0.024555206298828128 15.035156250000002 -0.068198770284652696 0.30749511718750006 15.175781250000002 -0.013647710904479025 0.018669128417968753
decision_type=2 2 2 2 2 2 2 2 2 2 2 2 2 2 2 2 2 2 2 2 2 2 2 2 2 2 2 2 2 2
left_child=3 13 10 -1 5 7 8 -5 -7 -8 23 26 -13 14 16 17 -2 -16 -17 -18 24 22 -22 -3 25 -6 -12 -26 29 -4
right_child=1 2 28 4 20 6 9 -9 -10 -11 11 12 -14 -15 15 18 19 -19 -20 -21 21 -23 -24 -25 27 -27 -28 -29 -30 -31
leaf_value=-0.0020001503056191533 -0.0045690868118705204 -0.0044323246196339957 -0.00051169128718129588 0.0042725068366714497 -0.00082190930871624073 0.0025621364585686861 -0.0041399055739629615 -0.0016256767728991249 0.0079890034385233615 0.0019861686805432493 0.00037339210757118401 0.0090588322268404364 0.0031556055814595703 -0.0039738804522505937 -0.0011197615967197554 4.4581996456940309e-05 0.00071507515327443776 -6.7950804908232146e-05 0.00065869487739406531 -0.0029736776362825359 0.00061540865277163873 -0.0031656793869517899 0.0045686211361824361 0.0013718192397515778 0.0041307474747459688 0.0018804943764592487 0.0023346344761287418 0.00014472084376576416 -0.0028933751892472985 0.0029374707208205571
leaf_weight=31011 1928 1827 14619 1638 328882 9768 2040 14770 1949 3324 11328 1533 7799 2361 43156 211058 165117 444521 189559 2715 10001 2459 3043 2174 2315 5088 30093 9008 2947 5811
leaf_count=31011 1928 1827 14619 1638 328882 9768 2040 14770 1949 3324 11328 1533 7799 2361 43156 211058 165117 444521 189559 2715 10001 2459 3043 2174 2315 5088 30093 9008 2947 5811
internal_value=-1.34807e-05 0.000225266 0.00139676 -0.000652601 -0.000546519 0.00065541 0.00227601 -0.00103238 0.00347691 -0.000350382 0.00197366 0.00223115 0.00414265 0.000138925 0.000148178 6.27382e-05 0.000595192 -0.000161071 0.000335179 0.000655055 -0.000658112 0.000793209 0.00154323 -0.00128742 -0.000723315 -0.000780628 0.0017987 0.000965515 4.501e-05 0.000471283
internal_weight=1.56384e+06 1.13855e+06 78131 425296 394285 33489 17081 16408 11717 5364 54754 50753 9332 1.06042e+06 1.05805e+06 888294 169760 487677 400617 167832 360796 15503 13044 4001 345293 333970 41421 11323 23377 20430
internal_count=1563842 1138546 78131 425296 394285 33489 17081 16408 11717 5364 54754 50753 9332 1060415 1058054 888294 169760 487677 400617 167832 360796 15503 13044 4001 345293 333970 41421 11323 23377 20430
is_linear=0
shrinkage=0.01


Tree=24
num_leaves=31
num_cat=0
split_feature=52 69 59 82 70 23 31 1 38 77 50 43 21 37 20 83 63 38 0 52 54 68 56 56 1 76 46 43 72 76
split_gain=2210.01 966.725 759.155 635.097 602.523 422.439 427.504 417.345 418.42 415.124 380.858 408.56 370.536 769.375 364.312 356.715 333.868 717.521 546.369 420.176 556.458 329.69 359.307 528.142 325.82 406.315 325.777 318.416 301.837 350.581
threshold=0.054885864257812507 0.48054726421833044 0.15875244140625003 -0.20693573355674741 0.70359113812446605 -1.4423828124999998 0.054367065429687507 0.060348510742187507 -0.23510742187499997 0.015110187232494356 0.039138793945312507 1.3862304687500002 0.048812866210937507 -0.0047817230224609366 0.60937500000000011 -0.18970406055450437 0.082000732421875014 0.42834472656250006 0.42187500000000006 0.056533813476562507 -0.084075927734374986 0.019275665283203128 0.042160034179687507 0.042587280273437507 0.089019775390625014 0.02975481748580933 0.29309082031250006 -0.80639648437499989 -0.16906711459159848 0.030937507748603824
decision_type=2 2 2 2 2 2 2 2 2 2 2 2 2 2 2 2 2 2 2 2 2 2 2 2 2 2 2 2 2 2
left_child=1 3 10 24 5 26 -7 8 -4 14 11 12 13 -2 -6 -14 17 -12 -19 27 -21 -9 -23 -24 -1 -26 -5 -18 29 -3
right_child=2 28 7 4 9 6 -8 21 -10 -11 16 -13 15 -15 -16 -17 19 18 -20 20 -22 22 23 -25 25 -27 -28 -29 -30 -31
leaf_value=-0.0029408660143251338 0.0079118994140460093 -0.00035256530795126198 0.0057625912403152894 -0.0012466868501306845 -0.00093292639063964557 -0.0018399016314254329 -0.00022892549370970663 0.0048125200720457017 -0.00028707871186962636 -0.0060345764071285573 -0.0021254744610686438 0.0049297634934259904 0.00058374924229093758 -0.00095273076769817309 0.0014926529255358625 -0.0019763244066246964 0.0027012998007826115 -0.0016750621912468889 0.0051463278764265243 0.0050252097772331685 0.00030942372601759145 -0.0027036598017497093 0.0066667693084728873 0.0010724616276035625 0.002248912526448054 -0.0036889808188336612 0.0031072868131427596 -0.0010432380525814894 0.00065210488954810925 -0.0054567139732516314
leaf_weight=14697 2004 9900 4026 2335 172721 16879 653682 2442 1591 1536 16574 2153 239813 1889 6405 5550 2412 2021 2757 2520 168759 2395 1717 60480 3075 1816 6393 34470 119321 1538
leaf_count=14697 2004 9900 4026 2335 172721 16879 653682 2442 1591 1536 16574 2153 239813 1889 6405 5550 2412 2021 2757 2520 168759 2395 1717 60480 3075 1816 6393 34470 119321 1538
internal_value=-2.06264e-05 -0.00029889 0.000487211 -0.000418162 -0.000377576 -0.000241054 -0.00026953 0.00143986 0.0040541 -0.000890814 0.000343244 0.000612107 0.00057442 0.00362763 -0.000846038 0.000525685 4.87031e-05 -0.00114157 0.00226606 0.000170892 0.000379385 0.00121966 0.00108238 0.00122899 -0.00219774 3.81624e-05 0.00194228 -0.000797022 0.000503321 -0.00104722
internal_weight=1.56387e+06 1.0103e+06 553573 879539 859951 679289 670561 72651 5617 180662 480922 251409 249256 3893 179126 245363 229513 21352 4778 208161 171279 67034 64592 62197 19588 4891 8728 36882 130759 11438
internal_count=1563871 1010298 553573 879539 859951 679289 670561 72651 5617 180662 480922 251409 249256 3893 179126 245363 229513 21352 4778 208161 171279 67034 64592 62197 19588 4891 8728 36882 130759 11438
is_linear=0
shrinkage=0.01


Tree=25
num_leaves=31
num_cat=0
split_feature=53 66 8 2 23 64 83 75 8 43 25 62 41 57 28 82 36 70 75 80 68 61 52 22 74 70 21 80 56 47
split_gain=2117.75 799.306 463.958 427.578 803.456 414.126 445.418 1049.56 681.875 421.522 627.065 346.328 420.706 342.132 331.029 302.61 405.882 398.778 479.156 480.915 429.968 379.595 362.491 325.893 463.514 320.722 294.477 798.201 384.444 362.043
threshold=0.015937805175781253 0.0060977935791015634 1.2465820312500002 0.018066406250000003 0.15850830078125003 0.039443969726562507 -0.86704635620117176 -0.044925101101398461 -1.2524414062499998 -1.2802734374999998 0.48437500000000006 -0.0083580017089843733 0.065826416015625014 0.024559020996093753 0.39147949218750006 -0.20693573355674741 0.11392211914062501 0.7033851444721223 -0.10900160670280455 0.0029990607872605328 0.019214630126953128 -0.0059032440185546866 0.056411743164062507 -0.0088768005371093733 -0.18887194991111753 0.66948449611663829 0.095306396484375014 0.0034307334572076802 0.043197631835937507 0.27038574218750006
decision_type=2 2 2 2 2 2 2 2 2 2 2 2 2 2 2 2 2 2 2 2 2 2 2 2 2 2 2 2 2 2
left_child=15 5 3 11 -5 26 9 -8 -9 10 -7 14 -13 -11 -3 25 17 18 20 -20 -17 -18 -19 -23 -25 -1 -2 29 -29 -28
right_child=1 2 -4 4 -6 6 7 8 -10 13 -12 12 -14 -15 -16 16 21 22 19 -21 -22 23 -24 24 -26 -27 27 28 -30 -31
leaf_value=0.0023771498791395136 -0.00012330843170463938 -0.0027167985812169776 -0.0031287848650579002 0.0014034768722997087 0.0098386026909594235 0.00053121731916302886 0.0084609347273906076 -0.0036148470261712874 0.000900644281549827 0.00036381625330066629 -0.0026073753595591736 0.00090175304898208405 0.006842546362863312 -0.00060640432612663942 0.0014269399175803662 -0.001683878112522379 0.005471820644739658 -0.0010452501036533736 -0.00056114590151376011 0.0014094030165290932 0.003580641877608023 -0.0014848389067696618 0.0026063262212548273 0.0035540289941254489 -0.0026480178286938136 -0.0021088958163638437 5.7884943895320117e-05 0.0064860025381625452 0.00093130377121269708 0.004899821136970758
leaf_weight=1709 513382 2170 1775 2753 1904 12520 1780 3429 110684 353990 12918 2328 2438 40486 16159 2144 1750 174797 202926 13171 5500 4771 2743 4698 1602 20861 40825 3243 2028 1585
leaf_count=1709 513382 2170 1775 2753 1904 12520 1780 3429 110684 353990 12918 2328 2438 40486 16159 2144 1750 174797 202926 13171 5500 4771 2743 4698 1602 20861 40825 3243 2028 1585
internal_value=-4.90572e-05 0.000180126 0.00180316 0.00212064 0.00487948 0.000136403 0.000335231 0.000883999 0.000764348 0.00018374 -0.00106343 0.00156059 0.0039566 0.000264215 0.000933929 -0.000640217 -0.000578698 -0.000634675 -0.000353813 -0.000440923 0.0021035 0.00117157 -0.000988546 0.000483181 0.00197355 -0.00176741 -5.34807e-05 0.000698091 0.00436045 0.000241068
internal_weight=1.56307e+06 1.1264e+06 29527 27752 4657 1.09687e+06 535807 115893 114113 419914 25438 23095 4766 394476 18329 436672 414102 401281 223741 216097 7644 12821 177540 11071 6300 22570 561063 47681 5271 42410
internal_count=1563069 1126397 29527 27752 4657 1096870 535807 115893 114113 419914 25438 23095 4766 394476 18329 436672 414102 401281 223741 216097 7644 12821 177540 11071 6300 22570 561063 47681 5271 42410
is_linear=0
shrinkage=0.01


Tree=26
num_leaves=31
num_cat=0
split_feature=51 51 54 56 15 11 13 51 41 55 69 73 64 6 0 48 83 12 57 1 11 65 11 78 30 45 7 1 57 50
split_gain=1914.08 1113.55 608.228 475.283 450.171 437.467 444.426 404.541 444.667 498.28 385.317 583.691 452.192 514.785 423.195 795.309 433.348 477.69 378.319 378.023 361.712 358.268 345.985 367.231 338.27 334.7 328.018 307.296 476.381 364.602
threshold=0.015483856201171877 0.017494201660156253 -0.0089073181152343733 0.043838500976562507 0.60937500000000011 0.077423095703125014 -0.080566406249999986 0.014308929443359377 0.054367065429687507 -0.23614501953124997 0.48054726421833044 -0.0119622815400362 0.039321899414062507 0.066253662109375014 0.17187500000000003 9.3437500000000018 -1.692294120788574 -0.011249542236328123 0.021278381347656253 0.11965942382812501 0.080902099609375014 0.10934448242187501 0.046401977539062507 0.00080372672528028499 0.70312500000000011 2.2656250000000004 -0.0031099319458007808 0.058944702148437507 0.024238586425781253 0.041183471679687507
decision_type=2 2 2 2 2 2 2 2 2 2 2 2 2 2 2 2 2 2 2 2 2 2 2 2 2 2 2 2 2 2
left_child=7 10 4 -4 22 6 -6 -1 9 -9 14 12 18 -14 15 -2 17 -16 -12 -18 -7 -13 -3 -24 -10 -26 -17 28 -5 -29
right_child=1 2 3 27 5 20 -8 8 24 -11 11 21 13 -15 16 26 19 -19 -20 -21 -22 -23 23 -25 25 -27 -28 29 -30 -31
leaf_value=-0.0015068718819756864 0.0087397036637303135 0.0041551521554082874 0.0064379287217289785 0.0018761169570190334 0.00015505521415203015 -0.0031022854598623923 0.0041774124497521142 0.007205183694216734 -0.00073240160563262503 -7.9862222920310428e-05 0.0018571016257205267 -0.0031193652548454154 0.0054342501534874058 0.0014543620425188542 0.0014807279991143115 0.0035606252183495546 -0.00023697053767757006 9.0784948883085499e-05 -0.00042527774749701134 0.0030686765468631422 -0.00053379347185160669 0.00015055236529945882 -0.0032347731433733547 0.00063616197584868061 0.003643749767270877 -9.7377381315592247e-05 -0.0019678229965296142 -0.0020740821663969254 0.0081042531297272711 0.0014318121743542352
leaf_weight=59276 1525 2746 2001 4745 16624 6809 3271 1516 194301 2414 10425 5759 3713 25393 30612 1848 688268 128257 23818 3457 27879 7970 2455 255704 3433 7775 2503 3228 1646 34466
leaf_count=59276 1525 2746 2001 4745 16624 6809 3271 1516 194301 2414 10425 5759 3713 25393 30612 1848 688268 128257 23818 3457 27879 7970 2455 255704 3433 7775 2503 3228 1646 34466
internal_value=-9.60699e-06 0.000149754 0.000620898 0.00169378 0.000464076 -0.000361687 0.000819915 -0.000777632 -0.000571116 0.0027526 -3.27348e-05 0.000644394 0.00104949 0.00196545 -9.36866e-05 0.0025762 -0.000112191 0.000358762 0.000270252 -0.000220362 -0.00103947 -0.00122365 0.000636846 0.000599103 -0.000634938 0.00105298 0.000385823 0.00147562 0.00350045 0.00113064
internal_weight=1.56384e+06 1.29512e+06 361574 46086 315488 54583 19895 268715 209439 3930 933548 77078 63349 29106 856470 5876 850594 158869 34243 691725 34688 13729 260905 258159 205509 11208 4351 44085 6391 37694
internal_count=1563837 1295122 361574 46086 315488 54583 19895 268715 209439 3930 933548 77078 63349 29106 856470 5876 850594 158869 34243 691725 34688 13729 260905 258159 205509 11208 4351 44085 6391 37694
is_linear=0
shrinkage=0.01


Tree=27
num_leaves=31
num_cat=0
split_feature=57 54 1 74 83 60 15 21 31 36 83 54 76 3 46 62 11 79 18 54 77 61 68 16 48 60 59 79 54 30
split_gain=2167.96 901.839 705.291 634.307 554.262 510.681 760.627 501.295 494.689 705.155 544.746 479.955 529.87 418.767 539.627 425.596 399.08 542.344 388.768 351.945 345.261 534.981 471.363 427.823 608.755 325.991 323.053 389.233 360.287 262.926
threshold=0.022148132324218753 -0.0089073181152343733 0.059341430664062507 -0.18887194991111753 -1.7158644199371336 -0.0030107498168945308 0.17187500000000003 0.099395751953125014 0.059890747070312507 0.080078125000000014 -2.022138118743896 -0.15313720703124997 0.024599686264991764 -0.61499023437499989 0.30920410156250006 -0.010265350341796873 0.089996337890625014 0.0022688806056976323 -0.67602539062499989 -0.17193603515624997 0.012767713516950609 -0.0036134719848632808 0.018405914306640628 0.069030761718750014 9.7695312500000018 -0.0026559829711914058 -0.022773742675781247 0.0023351311683654789 -0.20428466796874997 0.73437500000000011
decision_type=2 2 2 2 2 2 2 2 2 2 2 2 2 2 2 2 2 2 2 2 2 2 2 2 2 2 2 2 2 2
left_child=3 5 16 20 7 11 -7 8 9 -5 -10 12 -2 14 -13 -15 17 -3 25 -14 22 -22 -1 -23 -25 -8 28 -28 -24 -6
right_child=1 2 -4 4 29 6 18 -9 10 -11 -12 13 19 15 -16 -17 -18 -19 -20 -21 21 23 26 24 -26 -27 27 -29 -30 -31
leaf_value=-0.0035461461500344185 0.0066361468432705895 0.0063396314324906276 0.0013217754708904565 0.0020986984416060234 -0.00034802743729513337 0.0068135376455982916 -0.0024701860443924729 0.0050376256882277591 0.0036791645829881382 -0.0017896036469593674 0.00050882487723361567 0.00032483615172032619 -0.0022817618473378954 0.0017236134331971111 0.0024290024333409222 0.0002847411492686444 0.0085493830038609261 -0.0012520404451938191 5.2788500776580426e-06 0.0027315279990953421 -0.00072051061153598119 -0.00060978296446056849 -0.0013117379709872978 0.0092011654277959955 0.0011632569406235787 -7.4162131674157593e-05 -0.0050092688512894199 -0.0013493060484786243 0.00058806778326232453 0.00072348452829522922
leaf_weight=9120 2543 2172 38896 6114 613424 1549 12607 2318 5806 19460 77931 25120 1946 21739 23668 372419 2073 1639 149520 4863 69104 3091 30906 1545 2385 10321 4123 9810 14726 23770
leaf_count=9120 2543 2172 38896 6114 613424 1549 12607 2318 5806 19460 77931 25120 1946 21739 23668 372419 2073 1639 149520 4863 69104 3091 30906 1545 2385 10321 4123 9810 14726 23770
internal_value=1.12272e-05 0.000440759 0.00181142 -0.000311333 -0.00019416 0.000342703 -0.000117679 0.000455787 0.000357722 -0.00085911 0.00072947 0.000519807 0.00275934 0.000472401 0.00134618 0.000364183 0.00503272 0.00308518 -0.000180721 0.00129625 -0.000917132 -0.000453137 -0.0014311 0.00217305 0.00435379 -0.00139262 -0.00110619 -0.00243798 -0.000698659 -0.000308034
internal_weight=1.56471e+06 671075 44780 893633 748823 626295 173997 111629 109311 25574 83737 452298 9352 442946 48788 394158 5884 3811 172448 6809 144810 76125 68685 7021 3930 22928 59565 13933 45632 637194
internal_count=1564708 671075 44780 893633 748823 626295 173997 111629 109311 25574 83737 452298 9352 442946 48788 394158 5884 3811 172448 6809 144810 76125 68685 7021 3930 22928 59565 13933 45632 637194
is_linear=0
shrinkage=0.01


Tree=28
num_leaves=31
num_cat=0
split_feature=57 55 20 37 25 73 3 3 21 13 21 47 70 48 48 62 18 61 1 32 50 13 47 62 18 62 83 7 61 68
split_gain=2135.53 918.395 641.304 635.899 576.274 601.78 483.99 703.363 907.683 479.25 424.745 387.037 425.88 560.872 352.917 599.865 488.536 477.6 522.912 345.326 345.246 317.963 310.303 303.171 299.356 489.625 484.02 486.707 475.335 476.019
threshold=0.022377014160156253 -0.21051025390624997 0.54687500000000011 -0.022926330566406247 0.70312500000000011 -0.011015988886356352 -1.0034179687499998 -1.1137695312499998 0.082000732421875014 0.057815551757812507 0.11965942382812501 0.21282958984375003 0.68485707044601452 13.636718750000002 12.761718750000002 -0.0093421936035156233 0.40209960937500006 -0.0045719146728515616 0.049667358398437507 -0.0098991394042968733 0.038589477539062507 -0.96191406249999989 0.16296386718750003 -0.0096321105957031233 -0.25708007812499994 -0.0074100494384765616 -1.6183052062988279 -0.030548095703124997 -0.0036497116088867183 0.020648956298828128
decision_type=2 2 2 2 2 2 2 2 2 2 2 2 2 2 2 2 2 2 2 2 2 2 2 2 2 2 2 2 2 2
left_child=1 24 4 11 6 9 7 20 -9 -6 21 -4 13 -13 16 -16 22 -18 -19 -12 -2 -8 -3 -24 25 26 -1 -28 -26 -30
right_child=2 14 3 -5 5 -7 10 8 -10 -11 19 12 -14 -15 15 -17 17 18 -20 -21 -22 -23 23 -25 28 -27 27 -29 29 -31
leaf_value=0.00067725151048854144 -0.0010197818666584186 0.0036700022730454343 -0.0022720752438629122 -0.00015314936704103813 0.00599530567206697 0.0092935595541105923 0.0016613499400456495 0.010142407721281053 0.00076502492265867017 -0.0013593251272151854 0.0074896177472235101 0.0020571870136852828 -0.00054155289086003932 0.0079334026037615624 0.0055921182827133355 0.00014926520059939318 -0.00019810652510490677 -0.00097735831699379059 0.0016202304245215185 0.00099324838611283004 0.002638847320244911 0.00050124042122995447 -0.0021580556411639018 -0.00045717250138922272 -0.00056941656345619294 -0.0024608639201976939 0.0037197384898099879 -0.001198124616649591 -0.00027417141207413423 0.0046659257870454059
leaf_weight=18064 4489 1757 1526 166485 1531 1516 25290 2280 1879 2053 1594 4089 2328 2697 2019 292969 87152 9857 36035 1674 6016 356053 10877 274762 116178 21762 2035 99438 4288 3555
leaf_count=18064 4489 1757 1526 166485 1531 1516 25290 2280 1879 2053 1594 4089 2328 2697 2019 292969 87152 9857 36035 1674 6016 356053 10877 274762 116178 21762 2035 99438 4288 3555
internal_value=2.00736e-05 -0.000264616 0.000500219 -1.5597e-06 0.000719998 0.00405386 0.000677213 0.00245915 0.00592972 0.00179823 0.000609149 0.00236621 0.0031461 0.00440906 -7.82551e-05 0.000186895 -0.000264289 0.000236688 0.00106212 0.0041882 0.00107647 0.00057826 -0.000496206 -0.000522088 -0.00076709 -0.00108177 -0.000830329 -0.00109879 -0.000408458 0.0019712
internal_weight=1.56225e+06 980748 581500 177125 404375 5100 399275 14664 4159 3584 384611 10640 9114 6786 715428 294988 420440 133044 45892 3268 10505 381343 287396 285639 265320 141299 119537 101473 124021 7843
internal_count=1562248 980748 581500 177125 404375 5100 399275 14664 4159 3584 384611 10640 9114 6786 715428 294988 420440 133044 45892 3268 10505 381343 287396 285639 265320 141299 119537 101473 124021 7843
is_linear=0
shrinkage=0.01


Tree=29
num_leaves=31
num_cat=0
split_feature=64 55 66 2 17 0 55 64 42 69 41 43 48 23 38 43 31 31 75 30 16 79 43 59 59 56 77 74 71 33
split_gain=2185.15 904.273 765.536 573.115 497.534 383.917 353.73 438.576 515.632 602.44 341.967 429.189 331.47 570.247 325.163 430.681 352.754 361.484 324.134 323.74 318.369 337.366 302.126 296.799 610.931 388.425 320.895 351.744 314.84 286.248
threshold=0.039443969726562507 -0.21734619140624997 0.0060977935791015634 0.022262573242187503 -0.0041618347167968741 0.20312500000000003 -0.29333496093749994 0.032211303710937507 0.019355773925781253 0.4043832272291184 0.061050415039062507 -0.35498046874999994 15.636718750000002 -0.13079833984374997 -1.0937499999999998 0.52880859375000011 0.071533203125000014 0.061553955078125007 -0.013058289885520933 0.17187500000000003 0.10452270507812501 0.0005238794256001712 -0.90722656249999989 0.070892333984375014 0.074615478515625014 0.039382934570312507 0.0081595256924629229 -0.06824947893619536 0.32678522169590002 1.0981445312500002
decision_type=2 2 2 2 2 2 2 2 2 2 2 2 2 2 2 2 2 2 2 2 2 2 2 2 2 2 2 2 2 2
left_child=1 6 14 5 -5 -4 29 8 9 -8 22 -12 19 -14 15 -2 17 -17 -18 -3 -21 -22 -7 26 28 -26 -16 -28 -25 -1
right_child=2 12 3 4 -6 10 7 -9 -10 -11 11 -13 13 -15 23 16 18 -19 -20 20 21 -23 -24 24 25 -27 27 -29 -30 -31
leaf_value=-0.0012824554647162243 0.0014242238831313359 0.0033033877620099856 0.0059078949490969099 0.0099389454765058706 0.0022882217123895978 0.00079112865761622124 -0.0039785996065005774 -0.00079239162898193797 0.0056402470610022746 0.0041121779203702 0.0045754305232116287 0.00084477127356422208 -0.0003102426817580997 0.004208227444059221 0.0048073171147512738 -0.001420799614455824 -0.0034482914281968751 0.0026962159341106656 0.0011916659704347915 -0.00022106603831940468 -0.0034559176075628605 0.0014100060008070791 -0.0031393404656462594 -0.00243697863685377 -0.0012122542633249687 0.00031880598315675557 0.0010398746748910307 -0.00055779502418840836 0.0011737964198508491 -0.0034671405057136728
leaf_weight=22833 55340 2647 1838 1587 1838 8584 2044 191968 2304 1641 5010 8000 6848 4694 1942 3744 5070 4906 2126 735397 1522 18896 2511 12865 17389 344034 67944 17271 2959 8138
leaf_count=22833 55340 2647 1838 1587 1838 8584 2044 191968 2304 1641 5010 8000 6848 4694 1942 3744 5070 4906 2126 735397 1522 18896 2511 12865 17389 344034 67944 17271 2959 8138
internal_value=-3.19311e-05 -0.00031304 0.000465107 0.00203658 0.00587036 0.00152631 -0.000864808 -0.00070919 0.00195148 -0.000372875 0.00118759 0.00228622 -0.000148977 0.00153147 0.000378865 0.00100812 -0.000445028 0.000915072 -0.00207795 -0.000174589 -0.000186857 0.00104426 -0.000102456 0.000282371 0.000160837 0.00024508 0.000808254 0.000716011 -0.00176115 -0.00185837
internal_weight=1.56389e+06 998932 564958 29368 3425 25943 228928 197957 5989 3685 24105 13010 770004 11542 535590 71186 15846 8650 7196 758462 755815 20418 11095 464404 377247 361423 87157 85215 15824 30971
internal_count=1563890 998932 564958 29368 3425 25943 228928 197957 5989 3685 24105 13010 770004 11542 535590 71186 15846 8650 7196 758462 755815 20418 11095 464404 377247 361423 87157 85215 15824 30971
is_linear=0
shrinkage=0.01


Tree=30
num_leaves=31
num_cat=0
split_feature=51 65 42 43 64 1 74 48 48 8 67 33 43 10 48 21 69 23 21 73 37 75 30 76 8 31 77 73 43 69
split_gain=2021.1 633.115 442.353 535.602 520.56 410.845 408.876 404.298 448.878 407.308 402.059 452.813 448.079 366.176 350.885 462.869 345.205 383.759 623.951 381.213 382.599 372.21 342.397 314 312.765 430.386 322.334 607.13 347.816 308.562
threshold=0.015937805175781253 0.12774658203125003 -0.015914916992187497 -0.94262695312499989 0.043991088867187507 0.097198486328125014 -0.094609498977661119 14.410156250000002 13.792968750000002 1.2465820312500002 -0.25891113281249994 1.3139648437500002 -0.85107421874999989 0.57812500000000011 15.964843750000002 0.069671630859375014 0.4861771315336228 0.20916748046875003 0.080718994140625014 -0.062488734722137444 0.013820648193359377 -0.078563526272773729 0.70312500000000011 0.028306700289249424 1.0522460937500002 0.094024658203125014 0.012868218123912813 -0.017507869750261303 0.77612304687500011 0.44889742136001592
decision_type=2 2 2 2 2 2 2 2 2 2 2 2 2 2 2 2 2 2 2 2 2 2 2 2 2 2 2 2 2 2
left_child=6 14 3 4 -3 -6 10 8 9 -4 24 -12 -13 -14 16 -16 19 18 -18 20 -2 -21 -19 -10 26 -26 28 -28 -1 -17
right_child=1 2 7 -5 5 -7 -8 -9 23 -11 11 12 13 -15 15 29 17 22 -20 21 -22 -23 -24 -25 25 -27 27 -29 -30 -31
leaf_value=-0.0024106999411996487 -0.00097239090251235766 -0.00060592138433364026 0.0018599625496400175 -0.0021257466756003178 0.0013742595542232284 0.0059936345043250273 -0.0033685815891141072 -0.001496648085619145 0.0087903924815684494 -0.001920097614089687 -0.00052154575381736334 0.0045335632750904686 -1.1037380821827645e-05 0.0047576031361918052 -0.0010166920112385819 0.0022512808152804174 0.0011558872764116633 0.00015628128204525575 0.0070416379694064378 0.0014087543713964513 0.0020912902440247154 6.807697065910625e-05 0.0048301874158079355 0.0023102245041179597 0.0032343729913355615 -0.0027060244282928565 0.0053530361406324192 -0.00080478590972479531 -0.00088086748747931171 0.0077319178912931908
leaf_weight=32231 53298 11334 41834 8048 8158 2508 5268 3876 1503 3043 326802 2956 19282 1737 2551 2751 35747 84599 1878 21214 4395 836216 1577 1507 3431 1868 1792 13739 27628 1644
leaf_count=32231 53298 11334 41834 8048 8158 2508 5268 3876 1503 3043 326802 2956 19282 1737 2551 2751 35747 84599 1878 21214 4395 836216 1577 1507 3431 1868 1792 13739 27628 1644
internal_value=-2.7022e-05 0.000196662 0.00104374 7.85036e-05 0.000886057 0.00246964 -0.000604574 0.00160381 0.00185528 0.0016029 -0.000570672 -0.000424219 0.000901769 0.000387189 0.000130382 0.00236725 0.000115381 0.000610929 0.00145325 4.83302e-05 -0.000738359 0.000101279 0.000242914 0.00558267 -0.00120708 0.00113797 -0.00137217 -8.83125e-05 -0.00170513 0.00432711
internal_weight=1.56442e+06 1.12768e+06 81811 30048 22000 10666 436734 51763 47887 44877 431466 350777 23975 21019 1.04587e+06 6946 1.03892e+06 123801 37625 915123 57693 857430 86176 3010 80689 5299 75390 15531 59859 4395
internal_count=1564415 1127681 81811 30048 22000 10666 436734 51763 47887 44877 431466 350777 23975 21019 1045870 6946 1038924 123801 37625 915123 57693 857430 86176 3010 80689 5299 75390 15531 59859 4395
is_linear=0
shrinkage=0.01


Tree=31
num_leaves=31
num_cat=0
split_feature=57 53 54 8 8 83 77 74 8 42 57 53 43 42 30 26 57 64 70 18 23 21 83 2 2 18 83 59 54 11
split_gain=2357.55 812.905 632.015 487.743 453.203 400.713 852.893 466.182 538.72 392.863 461.819 372.298 417.205 405.822 346.062 324.759 314.831 308.537 322.536 265.826 446.108 396.649 249.893 410.519 356.125 329.92 275.392 427.121 248.578 246.164
threshold=0.022102355957031253 0.015483856201171877 1.0000000180025095e-35 1.2705078125000002 1.0170898437500002 -0.86704635620117176 0.010308016091585161 -0.12362951040267943 -1.2524414062499998 -0.022552490234374997 0.019767761230468753 0.019248962402343753 -1.1889648437499998 -0.037536621093749993 0.17187500000000003 0.041427612304687507 0.016899108886718753 0.034530639648437507 0.67491656541824352 -0.076019287109374986 -0.76928710937499989 0.039276123046875007 -1.0936784744262693 -0.0038766860961914058 -0.0047817230224609366 -0.14581298828124997 -1.1263120174407957 0.048171997070312507 -0.11862182617187499 0.071289062500000014
decision_type=2 2 2 2 2 2 2 2 2 2 2 2 2 2 2 2 2 2 2 2 2 2 2 2 2 2 2 2 2 2
left_child=1 9 5 4 11 22 -7 28 -9 10 -1 12 -4 -13 -3 -16 -11 -17 -19 21 -21 -18 26 24 -24 -25 29 -28 -8 -2
right_child=2 14 3 -5 -6 6 7 8 -10 16 -12 13 -14 -15 15 17 19 18 -20 20 -22 -23 23 25 -26 -27 27 -29 -30 -31
leaf_value=-0.0016162516641328121 -0.00015320139195657847 0.0043889798131233979 -0.0016111159482237595 -0.003046956966998669 0.0072454413779174222 0.0072588245956224434 -6.4353405006985874e-05 -0.0032874911302014404 0.0011200022452680456 -0.0031722623041341141 0.0047662228462391331 0.0055758482817514447 0.0037056321845910169 0.00032541678817892098 -0.0045090963797909875 0.0041779703533899324 -0.0052296312333721864 0.00075660061549206721 -0.00024584833051345808 0.00065007302419051161 -0.00085841061482349603 -0.0010274200468986124 0.00055051650429850012 -0.0016839908096703451 0.0052826280069378584 -0.00017135545639462038 0.0060674826034186327 0.00099295093762654849 -0.0027199659281215067 0.00039980366210347774
leaf_weight=1962 108240 1635 1682 2002 1560 2009 18922 2830 104326 5899 2640 1600 11467 16164 1716 1602 2260 33994 569465 27633 67357 157887 18469 21554 1721 43494 1879 13216 4312 313899
leaf_count=1962 108240 1635 1682 2002 1560 2009 18922 2830 104326 5899 2640 1600 11467 16164 1716 1602 2260 33994 569465 27633 67357 157887 18469 21554 1721 43494 1879 13216 4312 313899
internal_value=-3.42665e-05 -0.000379125 0.000402993 0.0017223 0.00201803 0.000333489 0.000824841 0.000724611 0.00100301 -0.000840641 0.00204992 0.00174971 0.00302411 0.000804061 -0.000177603 -0.000190052 -0.000891754 -0.000177654 -0.000189355 -0.000838782 -0.000419542 -0.00108737 0.000208949 -0.000286322 0.000958711 -0.000672939 0.000305509 0.00163181 -0.000559124 0.000258008
internal_weight=1.5634e+06 874050 689346 34475 32473 654871 132399 130390 107156 265638 4602 30913 13149 17764 608412 606777 261036 605061 603459 255137 94990 160147 522472 85238 20190 65048 437234 15095 23234 422139
internal_count=1563396 874050 689346 34475 32473 654871 132399 130390 107156 265638 4602 30913 13149 17764 608412 606777 261036 605061 603459 255137 94990 160147 522472 85238 20190 65048 437234 15095 23234 422139
is_linear=0
shrinkage=0.01


Tree=32
num_leaves=31
num_cat=0
split_feature=55 59 33 59 42 62 62 38 25 32 18 48 51 2 54 18 13 81 3 23 47 83 23 25 75 37 13 30 31 70
split_gain=1946.63 720.559 332.029 367.771 322.012 442.45 439.402 435.354 407.075 365.203 350.363 339.442 302.297 708.168 723.979 544.755 594.085 452.97 384.036 584.138 419.086 440.96 401.69 294.069 304.522 281.151 270.883 286.515 286.094 269.253
threshold=-0.18853759765624997 0.15875244140625003 2.1201171875000004 -0.12738037109374997 -0.011432647705078123 -0.010265350341796873 -0.0085792541503906233 -0.18017578124999997 0.35937500000000006 -0.0014176368713378904 -0.20196533203124997 14.105468750000002 0.017051696777343753 -0.010791778564453123 -0.12835693359374997 -1.2749023437499998 0.43041992187500006 0.0012218519113957884 -1.3242187499999998 0.71582031250000011 0.28918457031250006 -1.6134247779846189 0.92993164062500011 0.29687500000000006 -0.013058289885520933 -0.011066436767578123 1.3178710937500002 0.17187500000000003 0.086151123046875014 0.70359113812446605
decision_type=2 2 2 2 2 2 2 2 2 2 2 2 2 2 2 2 2 2 2 2 2 2 2 2 2 2 2 2 2 2
left_child=2 12 3 -1 5 7 9 8 -3 11 -8 -6 18 15 25 -14 -17 -16 19 -2 21 -20 -21 -7 -25 -15 27 -5 -28 -29
right_child=1 4 -4 26 6 23 10 -9 -10 -11 -12 -13 13 14 17 16 -18 -19 20 22 -22 -23 -24 24 -26 -27 28 29 -30 -31
leaf_value=-0.0030432934061812005 -0.0022768151394820702 0.0046390893612409893 0.0026412976718691904 0.0033967442795004871 0.0014719088828215579 -0.0037271260431834632 0.0080450987701174582 0.0072186657563597404 -0.00074004585446649901 0.0054135746069168779 0.0019558389926161378 -0.0032676713250373067 0.0064485828428809825 0.00042747065996085452 -0.0007405592375996857 0.0016198751809827323 0.00018611717628265153 0.00021789752250713721 0.00061124981950293721 0.0060499037268285606 -0.0026353607795583547 -5.6576050429046134e-05 -0.00040085468598338497 -0.0021455651041089219 0.00073087699790276833 0.0033740873402183743 0.0051425435344609454 -0.0003472339791513967 -0.00076821457916104857 -0.00086191827887066434
leaf_weight=5918 15090 2355 3221 1803 26451 1905 1955 1679 3440 2205 1844 1584 1812 4963 59041 61990 54136 298604 129110 1501 5639 421934 2636 4296 24987 9332 1698 227855 1556 183549
leaf_count=5918 15090 2355 3221 1803 26451 1905 1955 1679 3440 2205 1844 1584 1812 4963 59041 61990 54136 298604 129110 1501 5639 421934 2636 4296 24987 9332 1698 227855 1556 183549
internal_value=2.94484e-05 0.000245147 -0.000547534 -0.000571976 0.00120825 0.000583317 0.00191731 0.00276512 0.00145439 0.00151245 0.00511515 0.00120198 0.000179429 0.000362029 0.000147908 0.00103716 0.000951628 5.96403e-05 2.40988e-05 -0.00136465 7.21115e-05 9.99125e-05 0.00195748 5.90254e-05 0.000307708 0.00235309 -0.000536713 -0.00055939 0.00232871 -0.000576892
internal_weight=1.56409e+06 1.13849e+06 425600 422379 72701 38662 34039 7474 5795 30240 3799 28035 1.06579e+06 489878 371940 117938 116126 357645 575910 19227 556683 551044 4137 31188 29283 14295 416461 413207 3254 411404
internal_count=1564089 1138489 425600 422379 72701 38662 34039 7474 5795 30240 3799 28035 1065788 489878 371940 117938 116126 357645 575910 19227 556683 551044 4137 31188 29283 14295 416461 413207 3254 411404
is_linear=0
shrinkage=0.01


Tree=33
num_leaves=31
num_cat=0
split_feature=67 73 67 50 70 75 11 7 72 47 72 60 25 69 75 64 5 83 47 0 67 69 38 83 50 31 33 76 62 17
split_gain=1869.8 630.533 542.237 521.614 380.343 407.91 464.54 402.746 357.687 445.838 414.552 530.479 394.813 368.918 608.304 560.789 374.763 554.278 365.436 317.1 311.732 514.046 301.964 373.368 291.865 265.015 245.622 239.361 442.988 332.11
threshold=-0.13519287109374997 0.0013360893353819849 -0.28674316406249994 0.032546997070312507 0.65567651391029369 -0.015109352767467497 0.051971435546875007 -0.0032148361206054683 -0.068198770284652696 0.20574951171875003 -0.063407689332962022 -0.0033292770385742183 0.39062500000000006 0.48698654770851141 -0.012768175452947615 0.037857055664062507 0.17187500000000003 -0.5691385269165038 0.19818115234375003 0.14062500000000003 -0.045730590820312493 0.4092994779348374 2.1025390625000004 -1.5482242107391355 0.041885375976562507 0.076263427734375014 0.36315917968750006 0.037676565349102027 -0.0095863342285156233 -0.0049076080322265616
decision_type=2 2 2 2 2 2 2 2 2 2 2 2 2 2 2 2 2 2 2 2 2 2 2 2 2 2 2 2 2 2
left_child=2 3 22 -2 26 7 -7 -6 13 18 11 -11 -12 16 15 -15 17 -4 25 -18 21 -3 23 -1 -22 -10 -5 28 -26 -29
right_child=1 20 8 4 5 6 -8 -9 9 10 12 -13 -14 14 -16 -17 19 -19 -20 -21 24 -23 -24 -25 27 -27 -28 29 -30 -31
leaf_value=0.001441227693374176 0.0053698992783976001 0.00063577916865666302 0.00047983555674400866 -0.0032509269215938385 0.00060019297274078347 0.0030238108486421596 0.00064474602756027369 -6.2716036298664379e-05 0.0035169608524271861 0.002053424231185725 -0.003891904673207418 -0.00019535357674095238 7.4118303310179907e-05 0.0036697677740161133 -0.0017303138257949015 0.00035307430640585207 0.0031450250019002257 0.007174011125474956 -0.0038203681435673145 -0.00041077313180992953 0.0049266278248342212 0.0085864923509089298 -0.0054421736921077902 -0.0016507743283878608 0.0034272030464447488 -0.0023533670193061902 0.00023538812777639494 0.0043860964354728261 -0.0016260026525961211 0.00066968108428975518
leaf_weight=4448 2047 1527 6252 4797 146436 8592 175640 244891 1524 25727 2552 17697 104182 8224 7224 13371 2497 1523 4850 719271 2266 1728 1801 31203 2448 1513 3477 4024 5820 5953
leaf_count=4448 2047 1527 6252 4797 146436 8592 175640 244891 1524 25727 2552 17697 104182 8224 7224 13371 2497 1523 4850 719271 2266 1728 1801 31203 2448 1513 3477 4024 5820 5953
internal_value=-1.25614e-05 0.000419996 -0.000289027 0.000355184 0.000337418 0.000368045 0.000756014 0.000185365 -0.000240809 0.00019194 0.000313773 0.00113729 -2.14203e-05 -0.000330998 0.000778362 0.00161839 -0.000374841 0.00180616 -0.00212251 -0.000398385 0.0020161 0.00488328 -0.00146811 -0.00126441 0.00155677 0.000596165 -0.00178883 0.00113331 -0.000125183 0.00217439
internal_weight=1.5635e+06 609646 953859 585880 583833 575559 184232 391327 916407 158045 150158 43424 106734 758362 28819 21595 729543 7775 7887 721768 23766 3255 37452 35651 20511 3037 8274 18245 8268 9977
internal_count=1563505 609646 953859 585880 583833 575559 184232 391327 916407 158045 150158 43424 106734 758362 28819 21595 729543 7775 7887 721768 23766 3255 37452 35651 20511 3037 8274 18245 8268 9977
is_linear=0
shrinkage=0.01


Tree=34
num_leaves=31
num_cat=0
split_feature=64 74 59 50 28 16 18 45 11 61 48 23 1 26 16 48 54 30 33 57 2 60 60 22 46 52 23 30 1 1
split_gain=2005.22 616.09 426.255 426.254 404.548 376.718 453.331 440.594 627.297 467.48 387.525 883.856 352.182 343.285 444.165 523.908 459.117 427.661 355.882 342.08 516.549 331.153 496.751 465.537 375.595 441.9 359.084 323.227 374.867 632.643
threshold=0.039443969726562507 -0.18887194991111753 0.15875244140625003 0.032546997070312507 -1.7749023437499998 0.080230712890625014 -0.15246582031249997 1.5468750000000002 0.10015869140625001 -0.0045833587646484366 10.800781250000002 0.99633789062500011 0.099151611328125014 0.054702758789062507 0.061553955078125007 12.355468750000002 -0.16729736328124997 0.17187500000000003 -0.94702148437499989 0.023933410644531253 0.016983032226562503 -0.0030107498168945308 -0.0028562545776367183 0.0061035156250000009 0.23126220703125003 0.051864624023437507 -0.92211914062499989 0.45312500000000006 0.078765869140625014 0.077301025390625014
decision_type=2 2 2 2 2 2 2 2 2 2 2 2 2 2 2 2 2 2 2 2 2 2 2 2 2 2 2 2 2 2
left_child=1 27 3 -2 -3 6 10 8 9 -7 11 -4 -12 14 15 -6 -16 -15 -19 -8 -21 24 23 -23 -5 -26 -24 28 29 -1
right_child=2 4 5 21 13 7 19 -9 -10 -11 12 -13 -14 17 16 -17 -18 18 -20 20 -22 22 26 -25 25 -27 -28 -29 -30 -31
leaf_value=-0.00036992258003733052 0.0044597322498835783 -0.0030245804643487788 -0.0018781844059480707 -0.0036088943446853333 0.0009482846728682896 0.003111716952604406 0.0023548090495915577 0.00060715384917933745 -0.0018577986100544329 0.0089126520946950453 0.0014597911720272173 0.0052044222033634478 0.0052713462410703942 0.0044041299984023145 0.00048040769276636453 -0.0061734467396904616 0.0031764817809292688 -0.0012096518858354609 -0.00018292334986892787 -0.0037186690063056448 0.0013795687809244664 -0.00013327306361006215 0.0025959510013503916 -0.0024447991270399312 0.0028176734990660772 0.00044721690021894904 0.00010348469493206582 -0.0017628140909211334 -0.0012614410445538351 0.0038273486987959477
leaf_weight=58236 2491 4975 8170 2220 2183 14855 2176 13673 2343 1522 15417 2225 2864 1978 30504 1933 7949 35297 765960 6041 2944 20397 6246 15193 8019 363748 74569 32803 52139 3807
leaf_count=58236 2491 4975 8170 2220 2183 14855 2176 13673 2343 1522 15417 2225 2864 1978 30504 1933 7949 35297 765960 6041 2944 20397 6246 15193 8019 363748 74569 32803 52139 3807
internal_value=-2.07694e-05 -0.000290338 0.000455175 0.000350008 -0.000187042 0.00117251 0.00052087 0.00197309 0.00296906 0.00366104 0.00118619 -0.000355103 0.00206204 -0.000170281 0.000704634 -0.00240998 0.0010391 -0.000216665 -0.000228182 -0.00118761 -0.00204884 0.000328952 -0.000136815 -0.00112086 0.000473923 0.000498496 0.000296716 -0.000888128 -0.000636578 -0.000111225
internal_weight=1.56288e+06 997764 565113 492883 850779 72230 39837 32393 18720 16377 28676 10395 18281 845804 42569 4116 38453 803235 801257 11161 8985 490392 116405 35590 373987 371767 80815 146985 114182 62043
internal_count=1562877 997764 565113 492883 850779 72230 39837 32393 18720 16377 28676 10395 18281 845804 42569 4116 38453 803235 801257 11161 8985 490392 116405 35590 373987 371767 80815 146985 114182 62043
is_linear=0
shrinkage=0.01


Tree=35
num_leaves=31
num_cat=0
split_feature=57 58 82 61 1 10 76 62 23 36 2 77 41 46 21 61 54 28 36 21 56 36 12 52 52 45 16 12 55 11
split_gain=1952.37 711.399 628.186 438.925 365.328 957.2 558.405 505.869 406.962 375.442 362.549 420.458 365.021 355.344 339.807 333.702 915.425 814.69 976.033 344.112 537.873 375.952 305.413 301.083 729.974 344.186 288.795 303.319 518.071 321.799
threshold=0.022270202636718753 0.067718505859375014 -0.20693573355674741 -0.0042781829833984366 0.059341430664062507 0.45312500000000006 0.036395579576492317 -0.0092506408691406233 -1.1801757812499998 0.057830810546875007 0.028030395507812503 0.01466847211122513 0.039382934570312507 0.29980468750000006 0.069244384765625014 -0.0057010650634765616 -0.13153076171874997 -0.62915039062499989 0.077056884765625014 0.11178588867187501 0.041671752929687507 0.077301025390625014 0.032287597656250007 0.056533813476562507 0.056961059570312507 1.3281250000000002 0.043731689453125007 0.033340454101562507 -0.087982177734374986 0.10324096679687501
decision_type=2 2 2 2 2 2 2 2 2 2 2 2 2 2 2 2 2 2 2 2 2 2 2 2 2 2 2 2 2 2
left_child=2 15 3 -1 5 6 -3 8 -6 -8 12 -12 -4 -9 -10 26 17 -17 -19 21 -21 -18 -15 25 -25 -14 -2 29 -29 -28
right_child=1 4 10 -5 7 -7 9 13 14 -11 11 -13 23 22 -16 16 19 18 -20 20 -22 -23 -24 24 -26 -27 27 28 -30 -31
leaf_value=-0.0013091866420732175 0.0034933982146672965 -0.0032979981788008096 0.0037577624511967861 -0.0050392475770310368 -0.0023054464150975636 0.0094948858793631775 0.0068609264300220274 -0.0045943460118236133 0.0031610134669520836 0.00088068220233810009 -0.0024311478251984255 0.0027317912406958494 0.00019632663743785237 0.00011225498884766204 0.0013348530492188935 0.0011058981748194815 0.00012704888502965646 0.011429853177613204 0.0012694119250810183 0.00079682828169799649 0.0079443391510517821 0.0010780454512156 0.0045043885308813274 0.0023200992178372933 -0.0001841250803941161 -0.00036921300355218222 3.5505858353413486e-05 0.0052690776015346672 -0.00023549157650993094 -0.0018625515507758761
leaf_weight=18391 2400 1823 2277 3795 2554 1851 1727 1519 13300 2648 12945 1779 126782 35123 43675 5315 159008 2221 1645 3331 1523 56267 1638 15451 47000 711343 269966 2929 4065 9218
leaf_count=18391 2400 1823 2277 3795 2554 1851 1727 1519 13300 2648 12945 1779 126782 35123 43675 5315 159008 2221 1645 3331 1523 56267 1638 15451 47000 711343 269966 2929 4065 9218
internal_value=-1.34468e-06 0.000432394 -0.000289232 -0.00195119 0.0011793 0.00322499 0.001328 0.00101033 0.00158688 0.00326182 -0.000249006 -0.00180449 -0.000223599 0.000113383 0.0017621 0.000279684 0.000564429 0.0036548 0.00713532 0.000435217 0.00306284 0.00037569 0.000310303 -0.000233749 0.000435989 -0.000283662 5.33974e-05 2.43061e-05 0.0020782 -2.72925e-05
internal_weight=1.56351e+06 623746 939763 22186 105858 8049 6198 97809 59529 4375 917577 14724 902853 38280 56975 517888 229310 9181 3866 220129 4854 215275 36761 900576 62451 838125 288578 286178 6994 279184
internal_count=1563509 623746 939763 22186 105858 8049 6198 97809 59529 4375 917577 14724 902853 38280 56975 517888 229310 9181 3866 220129 4854 215275 36761 900576 62451 838125 288578 286178 6994 279184
is_linear=0
shrinkage=0.01


Tree=36
num_leaves=31
num_cat=0
split_feature=51 55 83 83 55 31 54 18 83 65 48 83 8 83 59 32 22 43 43 51 21 83 28 11 58 69 16 43 31 6
split_gain=1855.11 1025.62 485.582 579.106 639.823 521.273 477.647 438.125 415.597 411.443 405.862 569.398 730.021 512.692 455.647 402.375 375.842 412.142 417.467 600.039 363.738 427.49 420.486 358.319 396.274 337.067 336.19 319.82 317.523 329.098
threshold=0.017585754394531253 -0.25891113281249994 -1.7097492218017576 -0.53567838668823231 -0.25061035156249994 0.059661865234375007 1.0000000180025095e-35 -0.60888671874999989 -1.8425774574279783 0.11044311523437501 8.4570312500000018 -0.86704635620117176 -1.2524414062499998 -0.83142018318176258 0.080413818359375014 -0.0023746490478515621 0.026588439941406253 -0.59863281249999989 -0.35498046874999994 0.019538879394531253 0.069671630859375014 -1.8527045249938963 0.55102539062500011 0.047714233398437507 0.069915771484375014 0.41563992202281957 0.090362548828125014 -0.83374023437499989 0.10955810546875001 0.059890747070312507
decision_type=2 2 2 2 2 2 2 2 2 2 2 2 2 2 2 2 2 2 2 2 2 2 2 2 2 2 2 2 2 2
left_child=1 28 5 25 -5 20 10 15 -9 -6 14 23 -13 -14 -2 -7 17 27 -19 -20 21 -3 -22 -12 -25 26 -4 -8 29 -1
right_child=6 2 3 4 9 7 16 8 -10 -11 11 12 13 -15 -16 -17 -18 18 19 -21 22 -23 -24 24 -26 -27 -28 -29 -30 -31
leaf_value=0.00030568335322251613 0.0022158815887748551 -0.0023583758295628063 -0.00065473797688310031 0.0069935520608664474 -0.00044912341456294539 -0.00063414292842174039 0.0012206163022501406 0.0021166039526442967 0.00064581396250495558 0.00111959353872374 0.0048227533794218498 -0.0034917045129842054 0.0049500306747978845 0.0014812654210783782 -0.0016701865984422094 0.0024675186484827577 0.0054573507163448434 0.0053735416356505174 0.0031008272314398378 -0.0020458369550619862 -0.00023665550981465713 0.0010233900805584938 0.0025624358497964355 0.00044807330034060428 -0.00226750087807169 -0.00016606134567355321 -0.0035545883262266178 -0.0019311661697825398 -0.003152170660890203 -0.0013764827286229307
leaf_weight=14539 3777 14287 99943 1554 26285 28181 12790 30410 52190 45880 1809 2752 4626 52157 14696 4891 2577 4185 8153 3118 36150 5047 6282 206007 5498 801402 4146 4281 7874 57983
leaf_count=14539 3777 14287 99943 1554 26285 28181 12790 30410 52190 45880 1809 2752 4626 52157 14696 4891 2577 4185 8153 3118 36150 5047 6282 206007 5498 801402 4146 4281 7874 57983
internal_value=2.2033e-05 -0.000154915 -7.89912e-05 -0.000166212 0.000685974 0.000402313 0.000692574 0.000798333 0.00118768 0.000548246 0.000559706 0.000656838 0.0015214 0.0017655 -0.000874102 -0.000174226 0.00179427 0.00150088 0.0026828 0.00167596 -0.000339351 -0.00147545 0.000178758 0.000415423 0.000377275 -0.000235605 -0.000770903 0.000428889 -0.00124693 -0.00103926
internal_weight=1.56347e+06 1.23704e+06 1.15665e+06 979210 73719 177438 326426 115672 82600 72165 291322 272849 59535 56783 18473 33072 35104 32527 15456 11271 61766 19334 42432 213314 211505 905491 104089 17071 80396 72522
internal_count=1563470 1237044 1156648 979210 73719 177438 326426 115672 82600 72165 291322 272849 59535 56783 18473 33072 35104 32527 15456 11271 61766 19334 42432 213314 211505 905491 104089 17071 80396 72522
is_linear=0
shrinkage=0.01


Tree=37
num_leaves=31
num_cat=0
split_feature=51 59 2 33 22 1 3 38 82 0 33 23 73 8 7 57 52 11 83 51 61 25 1 15 33 61 18 16 57 61
split_gain=1830.83 801.316 422.767 841.733 733.207 406.295 384.217 382.463 374.767 416.28 358.791 459.803 430.007 407.039 369.874 425.268 343.985 333.595 332.819 360.512 401.827 292.304 451.229 695.16 516.441 419.113 373.382 285.261 282.787 252.013
threshold=0.015937805175781253 0.17633056640625003 0.020439147949218753 0.76977539062500011 0.010116577148437502 0.10269165039062501 -1.0219726562499998 1.1259765625000002 -0.19888490438461301 0.14062500000000003 -0.080566406249999986 1.7182617187500002 -0.0044066011905670157 0.29406738281250006 -0.024887084960937497 0.020988464355468753 0.052474975585937507 0.051971435546875007 -0.13992387056350705 0.015647888183593753 -0.0046176910400390616 0.35937500000000006 0.085662841796875014 0.32812500000000006 -0.68749999999999989 -0.0072078704833984366 -0.15246582031249997 0.11386108398437501 0.022422790527343753 -0.0046176910400390616
decision_type=2 2 2 2 2 2 2 2 2 2 2 2 2 2 2 2 2 2 2 2 2 2 2 2 2 2 2 2 2 2
left_child=8 2 10 7 5 -5 -3 17 29 -10 14 12 -12 -13 15 -2 -16 -4 27 20 -20 22 23 -8 -24 -23 -27 28 -11 -1
right_child=1 6 3 4 -6 -7 21 -9 9 18 11 13 -14 -15 16 -17 -18 -19 19 -21 -22 25 24 -25 -26 26 -28 -29 -30 -31
leaf_value=-0.0011037952209440182 -0.0010687519761387208 0.0061371432419480955 0.0033116380517472011 0.0049581981870715185 0.0093205613168664825 -0.0004817517630140958 -0.0035786771150710791 0.0053117477029835415 0.0043067421592451636 -0.00057747523740402801 -5.0930237297618948e-05 0.0011474392988025577 -0.0013653812594548857 0.0071147670860834946 0.0010833698324537091 0.0025779562254879505 0.00015606394378154108 0.00025362433042474793 -0.0021629531065558926 0.0060082643018336667 0.0043000048990844541 -0.0030859587303540006 0.0024416992420864345 0.0050542691075026805 0.008489794164258907 0.0025241518018238617 0.00026119155622521414 0.0035990388498460648 0.0016586427933498011 -0.0032701351326372436
leaf_weight=20478 4181 1720 3751 2665 1939 2803 2188 1615 1794 394356 465098 4616 26275 1504 43936 13450 444975 66153 2462 1542 1551 2450 4367 1595 2085 12443 17583 1648 5719 7278
leaf_count=20478 4181 1720 3751 2665 1939 2803 2188 1615 1794 394356 465098 4616 26275 1504 43936 13450 444975 66153 2462 1542 1551 2450 4367 1595 2085 12443 17583 1648 5719 7278
internal_value=-8.20868e-08 0.000212876 0.00015886 0.000863473 0.00406783 0.00217798 0.00152879 0.000530563 -0.000549681 -0.000473331 0.000103455 -8.72919e-05 -0.00012127 0.00263232 0.000290791 0.00171295 0.000239437 0.000418615 -0.000494597 0.00193216 0.000343878 0.00134042 0.00281265 6.86104e-05 0.00441637 0.000874998 0.00120004 -0.000528249 -0.000545429 -0.00167378
internal_weight=1.56422e+06 1.12739e+06 1.08296e+06 78926 7407 5468 44431 71519 436828 409072 1.00404e+06 497493 491373 6120 506542 17631 488911 69904 407278 5555 4013 42711 10235 3783 6452 32476 30026 401723 400075 27756
internal_count=1564220 1127392 1082961 78926 7407 5468 44431 71519 436828 409072 1004035 497493 491373 6120 506542 17631 488911 69904 407278 5555 4013 42711 10235 3783 6452 32476 30026 401723 400075 27756
is_linear=0
shrinkage=0.01


Tree=38
num_leaves=31
num_cat=0
split_feature=55 65 23 72 7 72 79 2 36 18 80 62 77 1 72 65 62 43 18 50 74 83 13 60 54 33 75 18 32 30
split_gain=2210.16 767.734 648.17 578.202 501.909 616.136 560.553 493.711 875.649 471.463 454.383 450.003 435.539 482.227 463.402 422.411 410.451 405.034 395.475 355.051 351.846 360.326 512.252 360.91 325.843 324.788 464.288 461.442 663.958 346.803
threshold=-0.18853759765624997 0.11892700195312501 0.69409179687500011 -0.11161452531814574 -0.00071120262145996083 -0.1027950346469879 0.0091219358146190661 -0.013053894042968748 0.090118408203125014 -0.61499023437499989 0.0035417955368757252 -0.0092201232910156233 0.018064979463815693 0.11178588867187501 -0.059603206813335412 0.12640380859375003 -0.0098075866699218733 -1.4423828124999998 -1.2749023437499998 0.035629272460937507 -0.24977862834930417 -0.30029129981994623 -0.72021484374999989 -0.0035619735717773433 -0.095428466796874986 -0.52758789062499989 -0.0048931594938039771 -0.071350097656249986 -0.017303466796874997 0.70312500000000011
decision_type=2 2 2 2 2 2 2 2 2 2 2 2 2 2 2 2 2 2 2 2 2 2 2 2 2 2 2 2 2 2
left_child=20 3 7 10 6 19 11 8 18 -9 -2 -5 13 14 -4 -14 -17 -7 -3 -6 -1 25 -23 -24 -11 27 29 -22 -29 -27
right_child=1 2 12 4 5 17 -8 9 -10 24 -12 -13 15 -15 -16 16 -18 -19 -20 -21 21 22 23 -25 -26 26 -28 28 -30 -31
leaf_value=-0.0015481924228818308 0.0005536686247055463 0.0062920594517408444 0.002603147751381576 0.0014347629566024752 -0.00053357533075555348 0.0025671779951358261 0.0056163168558405509 -0.00052968039706132028 -0.0020868811866196924 0.001518271088676526 0.005176488389828109 -5.4734923548103363e-06 -9.17225367850469e-05 -0.0040694683705493088 0.00081482224293943179 0.0095963487692935744 0.0029289195516994642 -0.00034810509461910853 0.0014178367353852928 -0.0028932847067240763 -0.00063554932565133089 0.0054100115601651124 -0.0010618520405282618 0.0041258867388186248 0.00028791243163517338 -0.00073749912734772012 -0.0055619302118279732 -0.00072658503177507397 0.0030315132643133954 0.00057818742480169173
leaf_weight=36641 111356 1697 18770 24067 10994 4845 1862 69498 7395 23395 2148 218402 1722 1739 63475 1650 2124 234037 56809 15197 26498 2349 6005 1705 266965 310253 1918 8290 10820 21403
leaf_count=36641 111356 1697 18770 24067 10994 4845 1862 69498 7395 23395 2148 218402 1722 1739 63475 1650 2124 234037 56809 15197 26498 2349 6005 1705 266965 310253 1918 8290 10820 21403
internal_value=2.93932e-06 0.00023289 0.000518453 -3.3222e-06 -0.000147142 -0.000448488 0.000179797 0.000355818 0.00115143 0.000210061 0.000642049 0.000137588 0.00129204 0.00111295 0.00122349 0.00401482 0.00587915 -0.000288767 0.00156132 -0.00190393 -0.000611575 -0.000523332 0.00134297 9.30784e-05 0.000387143 -0.000572909 -0.000681123 0.00021851 0.00140218 -0.000652563
internal_weight=1.56403e+06 1.13815e+06 515239 622908 509404 265073 244331 425759 65901 359858 113504 242469 89480 83984 82245 5496 3774 238882 58506 26191 425882 389241 10059 7710 290360 379182 333574 45608 19110 331656
internal_count=1564029 1138147 515239 622908 509404 265073 244331 425759 65901 359858 113504 242469 89480 83984 82245 5496 3774 238882 58506 26191 425882 389241 10059 7710 290360 379182 333574 45608 19110 331656
is_linear=0
shrinkage=0.01


Tree=39
num_leaves=31
num_cat=0
split_feature=64 51 56 30 25 2 7 21 18 47 41 52 71 41 41 30 38 16 62 71 69 82 71 16 73 38 41 22 45 82
split_gain=1592.04 966.747 550.663 484.237 437.681 388.265 404.338 383.187 381.114 364.171 552.551 358.153 536.033 356.238 531.113 342.236 333.184 328.033 521.006 326.499 489.899 546.684 324.59 399.321 303.622 276.277 270.576 267.133 330.706 259.282
threshold=0.039413452148437507 0.014308929443359377 0.045974731445312507 0.17187500000000003 0.70312500000000011 -0.010791778564453123 0.038146972656250007 0.075225830078125014 2.1337890625000004 0.16296386718750003 0.096099853515625014 0.054885864257812507 0.31285752356052404 0.062896728515625014 0.039382934570312507 0.73437500000000011 0.92260742187500011 0.073577880859375014 -0.0085716247558593733 0.29215572774410253 0.39907568693161016 -0.15555834770202634 0.33971439301967626 0.077972412109375014 -0.013658758252859114 -0.052520751953124993 0.059890747070312507 0.020805358886718753 1.3281250000000002 0.23386156558990481
decision_type=2 2 2 2 2 2 2 2 2 2 2 2 2 2 2 2 2 2 2 2 2 2 2 2 2 2 2 2 2 2
left_child=1 16 5 7 13 6 22 -3 29 10 24 15 -13 14 -4 -11 17 -1 -19 20 -18 -22 23 -2 -5 -20 -16 28 -15 -7
right_child=2 3 4 9 -6 8 -8 -9 -10 11 -12 12 -14 27 26 -17 19 18 25 -21 21 -23 -24 -25 -26 -27 -28 -29 -30 -31
leaf_value=-0.0014664068993385159 3.8213206303177492e-05 0.00034923770481130992 0.0054288078390883959 0.0021661326648714854 0.0060001291633210371 0.0002488006171282473 0.0047305325689957992 0.0070400168250302599 0.0044878016589822035 -0.00030767437638580254 -0.0016445949890470269 0.00034945510112902717 -0.0030072985472263149 -0.00011981485028682167 0.00023219533672616684 0.0009306979695059758 -0.0026066624516870502 0.006074531614506472 -0.0038368363565945145 -0.0044592386682580669 0.0038681643194939277 -0.0029569483527541163 -0.0014527337710927258 0.0015637945506512374 0.0079923606460402825 0.00061584763263615656 -0.0033139516947277509 0.0062433777734919879 0.0027783603270071576 -0.0015269674115511609
leaf_weight=23408 26571 1765 1711 2102 2116 440855 2757 1646 2078 738214 2193 156956 4886 5687 11266 22993 15164 1503 1715 5597 2823 1980 5679 48414 1565 7061 2639 1509 12765 8359
leaf_count=23408 26571 1765 1711 2102 2116 440855 2757 1646 2078 738214 2193 156956 4886 5687 11266 22993 15164 1503 1715 5597 2823 1980 5679 48414 1565 7061 2639 1509 12765 8359
internal_value=1.39065e-05 -0.000228503 0.000433823 -0.000149772 0.00160173 0.000351438 0.00097811 0.00360013 0.00023556 -0.000163619 0.00231717 -0.000179418 0.000247756 0.0013369 0.000205041 -0.000270245 -0.00146688 -0.000812875 0.000675349 -0.00232738 -0.00172594 0.00105397 0.000848716 0.00102336 0.00468251 -0.000261038 -0.000444613 0.00222129 0.00188597 0.000215691
internal_weight=1.56398e+06 991571 572406 932320 37693 534713 83421 3411 451292 928909 5860 923049 161842 35577 15616 761207 59251 33687 10279 25564 19967 4803 80664 74985 3667 8776 13905 19961 18452 449214
internal_count=1563977 991571 572406 932320 37693 534713 83421 3411 451292 928909 5860 923049 161842 35577 15616 761207 59251 33687 10279 25564 19967 4803 80664 74985 3667 8776 13905 19961 18452 449214
is_linear=0
shrinkage=0.01


Tree=40
num_leaves=31
num_cat=0
split_feature=55 51 76 65 83 41 51 54 10 8 50 22 2 54 58 75 81 57 61 10 30 1 10 77 8 51 37 73 58 10
split_gain=1826.62 711.214 474.41 541.043 492.655 475.734 440.535 436.793 561.788 463.602 447.72 435.473 394.566 528.318 458.864 390.564 376.794 326.979 368.355 485.326 487.059 305.385 483.954 397.372 304.4 276.603 346.897 267.89 333.345 243.476
threshold=-0.18853759765624997 0.017127990722656253 0.025842517614364627 0.12338256835937501 -0.76265358924865712 0.10015869140625001 0.016242980957031253 1.0000000180025095e-35 0.57812500000000011 1.2973632812500002 0.032546997070312507 0.026588439941406253 -0.011432647705078123 -0.12835693359374997 0.064056396484375014 -0.040880709886550896 0.0018916418775916102 0.016899108886718753 -0.0036134719848632808 0.26562500000000006 0.39062500000000006 0.087036132812500014 0.32812500000000006 0.015157368034124376 1.7880859375000002 0.015892028808593753 0.012790679931640627 -0.0037377364933490749 0.064666748046875014 0.45312500000000006
decision_type=2 2 2 2 2 2 2 2 2 2 2 2 2 2 2 2 2 2 2 2 2 2 2 2 2 2 2 2 2 2
left_child=17 2 3 4 5 -2 21 10 9 11 -3 -9 14 -14 -12 -6 24 -1 25 20 -20 23 -23 -4 -8 27 -27 28 -19 -21
right_child=1 7 6 -5 15 -7 16 8 -10 -11 12 -13 13 -15 -16 -17 -18 18 19 29 -22 22 -24 -25 -26 26 -28 -29 -30 -31
leaf_value=-0.0028619610956167052 9.790146148630285e-05 0.0057952591674214756 0.0010979861688514712 0.0048216170095856806 0.0038359835587961728 0.0032563849451915706 -0.00053863887768101784 0.0011879982689269688 0.0066801511459808321 -0.0036348508595772061 0.00018793622678813098 0.0055452788796987434 0.0024667973314441371 0.00018289682701770973 0.0015268874387958178 -0.0016053701767304166 -0.0039523895903280579 -0.00053948318171207019 0.0075022556255545797 0.00070497078538844088 0.00032311165509255307 0.0011560756189967442 -0.0020566673802883263 -0.001694996001160346 0.0027784483005656281 -0.0036319101324012292 0.001250505893268595 -0.0032322591178702942 0.0029616685512510693 -0.0027686144592076749
leaf_weight=6016 319828 1519 44692 2538 6172 4821 203920 29194 2001 1819 45613 2472 10391 373416 58319 1664 3179 388562 1969 10012 1804 8093 11094 5731 2785 5912 1917 3643 2719 2506
leaf_count=6016 319828 1519 44692 2538 6172 4821 203920 29194 2001 1819 45613 2472 10391 373416 58319 1664 3179 388562 1969 10012 1804 8093 11094 5731 2785 5912 1917 3643 2719 2506
internal_value=8.53652e-06 0.000217262 -1.3625e-05 0.00024015 0.000204889 0.000145002 -0.000317814 0.000487639 0.00155864 0.00124878 0.000409898 0.00153143 0.000392889 0.000244855 0.000939406 0.00267935 -0.000546441 -0.00055088 -0.000517566 0.000955802 0.00408947 0.000371488 -0.000701752 0.000779994 -0.000493682 -0.000577207 -0.00243627 -0.000540232 -0.000515004 6.28065e-06
internal_weight=1.56432e+06 1.13926e+06 614517 335023 332485 324649 279494 524744 35486 33485 489258 31666 487739 383807 103932 7836 209884 425060 419044 16291 3773 69610 19187 50423 206705 402753 7829 394924 391281 12518
internal_count=1564321 1139261 614517 335023 332485 324649 279494 524744 35486 33485 489258 31666 487739 383807 103932 7836 209884 425060 419044 16291 3773 69610 19187 50423 206705 402753 7829 394924 391281 12518
is_linear=0
shrinkage=0.01


Tree=41
num_leaves=31
num_cat=0
split_feature=55 51 54 54 3 36 52 2 21 62 31 63 76 42 11 61 36 83 83 82 61 42 47 6 83 22 31 31 30 3
split_gain=1616.16 781.369 459.539 420.103 543.933 416.316 457.157 406.861 1098.02 380.498 376.091 382.639 505.11 351.651 343.827 443.69 339.599 318.169 368.738 316.208 374.703 326.382 315.227 315.618 305.338 449.228 462.967 459.826 403.479 364.961
threshold=-0.13519287109374997 0.015010833740234377 0.013328552246093752 -0.13043212890624997 -0.16369628906249997 0.066192626953125014 0.050827026367187507 0.018066406250000003 0.080413818359375014 -0.0083580017089843733 0.10366821289062501 0.073944091796875014 0.031726077198982246 -0.0092353820800781233 0.073394775390625014 -0.0039997100830078116 0.057434082031250007 -0.6443490982055663 -0.36473798751831049 -0.20693573355674741 -0.0046176910400390616 -0.022552490234374997 0.22430419921875003 0.087615966796875014 -1.6377048492431638 0.021156311035156253 0.059310913085937507 0.065582275390625014 0.17187500000000003 -0.62915039062499989
decision_type=2 2 2 2 2 2 2 2 2 2 2 2 2 2 2 2 2 2 2 2 2 2 2 2 2 2 2 2 2 2
left_child=1 19 3 4 17 16 -7 9 -9 -4 11 12 -5 -11 -12 -16 -6 -2 -19 20 22 -21 23 -1 25 26 28 -28 -3 -27
right_child=2 24 7 10 5 6 -8 8 -10 13 14 -13 -14 -15 15 -17 -18 18 -20 21 -22 -23 -24 -25 -26 29 27 -29 -30 -31
leaf_value=-0.0012886669390869696 -0.001178855346033171 0.0031437835893427489 0.00050631911495992198 -0.002352869158338856 0.0040252031461122826 -0.00026435969606427759 0.0057164218144365999 0.00036721043943568053 0.011022837122770458 0.0011222652519182088 -0.0053984830601654021 0.00037754802854642077 0.0016485137175713718 0.0071922840032755085 0.0018318696026034004 -0.0044773572532733055 -0.0016586985533159663 0.005682147185575707 -0.00013266295053279562 0.0030640008541335988 -0.0042238034941140317 -0.00079158910964197712 -0.0026301043558729763 0.0032455781167920902 -0.00021920541879367334 0.0070041881746637363 0.0013831059098240576 6.0137107849703381e-05 -0.0010626979411156986 0.0012814252686871076
leaf_weight=4098 7236 2417 15975 11080 1743 1602 6267 2392 1605 2018 2078 539955 4391 1806 2960 1761 2585 1799 2721 2214 5774 130019 7183 2428 636092 1665 37977 85146 35604 3326
leaf_count=4098 7236 2417 15975 11080 1743 1602 6267 2392 1605 2018 2078 539955 4391 1806 2960 1761 2585 1799 2721 2214 5774 130019 7183 2428 636092 1665 37977 85146 35604 3326
internal_value=1.3082e-05 -0.000243973 0.000415088 0.000359749 0.00165621 0.00313382 0.00450125 0.00177682 0.00467957 0.00118668 0.000304458 0.000333104 -0.00121653 0.00401152 -0.0020298 -0.000530521 0.000638345 0.00012045 0.00219652 -0.000902036 -0.0020909 -0.000726581 -0.00118772 0.000403062 -0.000119502 0.000262219 0.000170506 0.000468362 -0.000793779 0.00321088
internal_weight=1.56392e+06 953943 609974 586178 23953 12197 7869 23796 3997 19799 562225 555426 15471 3824 6799 4721 4328 11756 4520 151716 19483 132233 13709 6526 802227 166135 161144 123123 38021 4991
internal_count=1563917 953943 609974 586178 23953 12197 7869 23796 3997 19799 562225 555426 15471 3824 6799 4721 4328 11756 4520 151716 19483 132233 13709 6526 802227 166135 161144 123123 38021 4991
is_linear=0
shrinkage=0.01


Tree=42
num_leaves=31
num_cat=0
split_feature=57 55 1 2 8 38 15 20 15 33 72 70 59 22 28 48 3 3 62 18 32 10 48 74 64 57 6 12 58 7
split_gain=1812.71 652.056 559.284 617.184 493.584 478.954 574.659 502.742 468.934 434.529 617.831 571.708 414.502 413.721 598.706 451.634 483.908 447.017 436.256 450.682 408.792 369.938 358.196 340.727 333.654 331.397 302.966 337.32 417.584 313.587
threshold=0.022377014160156253 -0.18853759765624997 0.062957763671875014 0.022590637207031253 -1.1313476562499998 -0.88842773437499989 0.57812500000000011 0.32812500000000006 0.48437500000000006 0.62573242187500011 -0.050543650984764092 0.6736435890197755 0.12542724609375003 0.018402099609375003 1.0556640625000002 12.808593750000002 0.29406738281250006 0.71093750000000011 -0.0090446472167968733 -0.86425781249999989 0.019912719726562503 0.57812500000000011 12.011718750000002 -0.046088635921478265 0.038955688476562507 0.022590637207031253 0.068908691406250014 0.036026000976562507 0.060531616210937507 -0.0063953399658203116
decision_type=2 2 2 2 2 2 2 2 2 2 2 2 2 2 2 2 2 2 2 2 2 2 2 2 2 2 2 2 2 2
left_child=1 -1 5 26 -5 7 8 -2 25 10 -6 -11 -10 15 17 16 22 -15 19 -17 -20 23 -3 -9 -16 -7 27 28 -4 -28
right_child=2 13 3 4 9 6 -8 21 12 11 -12 -13 -14 14 24 18 -18 -19 20 -21 -22 -23 -24 -25 -26 -27 29 -29 -30 -31
leaf_value=-0.00060406311859718942 0.0066525902606145793 4.9195151482248924e-05 0.0045632723515220512 -0.0021534113256354843 0.00045464685345827726 0.0032544935673153906 -0.0019741542901010843 0.0035159347518555536 0.0023706145817369299 0.0086947898168923815 0.0027123231544159405 0.0018392122200906872 0.0082755437629574435 0.00031613362965354617 0.0083488855405343676 -0.0030046627035266479 -0.0011849965612997372 0.0056418717523975207 0.00014217087337452773 0.0028484531632834045 -0.00252033549983278 0.0062816333390685554 -0.00082897531509217698 -0.00078859893425570725 0.0017932059243321418 0.00016702959977628399 -0.0013270911845709955 -0.0023637612663647708 0.00071269245161009178 0.00011908699940186396
leaf_weight=418691 3045 159083 2903 4058 37986 4246 5982 3154 5197 1808 17789 3681 1533 44546 1518 1500 65316 1614 206840 9899 5912 1611 65580 4358 1596 18799 15609 3380 77935 368979
leaf_count=418691 3045 159083 2903 4058 37986 4246 5982 3154 5197 1808 17789 3681 1533 44546 1518 1500 65316 1614 206840 9899 5912 1611 65580 4358 1596 18799 15609 3380 77935 368979
internal_value=-4.30956e-05 -0.000305171 0.000399098 0.000306215 0.00121671 0.00143373 0.000849639 0.00314593 0.0014179 0.00144057 0.00117543 0.00412071 0.00373621 -8.3037e-05 0.000792105 -0.000166938 -0.000427507 0.000504713 0.000170163 0.00207433 6.79546e-05 0.00196352 -0.000207197 0.00102325 0.00502183 0.000738218 0.000179302 0.000722472 0.000852066 6.0326e-05
internal_weight=1.56415e+06 982095 582053 534128 65322 47925 35757 12168 29775 61264 55775 5489 6730 563404 49274 514130 289979 46160 224151 11399 212752 9123 224663 7512 3114 23045 468806 84218 80838 384588
internal_count=1564148 982095 582053 534128 65322 47925 35757 12168 29775 61264 55775 5489 6730 563404 49274 514130 289979 46160 224151 11399 212752 9123 224663 7512 3114 23045 468806 84218 80838 384588
is_linear=0
shrinkage=0.01


Tree=43
num_leaves=31
num_cat=0
split_feature=55 54 64 26 71 83 30 83 50 77 33 62 43 41 31 76 40 48 78 43 1 43 55 57 21 33 31 54 57 62
split_gain=1895.61 889.247 438.927 392.317 426.385 377.506 373.764 372.977 512.875 475.566 559.752 404.346 364.166 365.721 362.247 469.889 392.787 356.519 475.368 355.81 345.549 551.121 331.919 515.169 518.264 473.406 344.508 270.431 242.222 442.751
threshold=-0.18853759765624997 0.0060977935791015634 0.039443969726562507 0.098236083984375014 0.30304756760597235 -0.13992387056350705 0.17187500000000003 -1.6533908843994138 0.040573120117187507 0.01557419076561928 -0.94702148437499989 -0.0080528259277343733 -1.3520507812499998 0.061050415039062507 0.10183715820312501 0.030206285417079929 0.23437500000000003 8.2929687500000018 0.0018530501984059813 -0.80639648437499989 0.065582275390625014 -0.14849853515624997 -0.28674316406249994 0.017829895019531253 0.065826416015625014 1.2846679687500002 0.054367065429687507 -0.12664794921874997 0.024742126464843753 -0.0092506408691406233
decision_type=2 2 2 2 2 2 2 2 2 2 2 2 2 2 2 2 2 2 2 2 2 2 2 2 2 2 2 2 2 2
left_child=5 2 7 4 -3 6 -1 9 19 10 -2 -10 -6 -14 20 -16 -17 -7 -19 -9 21 -4 25 24 -24 -8 -25 -22 29 -5
right_child=1 3 14 28 12 17 22 8 11 -11 -12 -13 13 -15 15 16 -18 18 -20 -21 27 -23 23 26 -26 -27 -28 -29 -30 -31
leaf_value=0.003841098659335615 -0.00089598576045355979 0.0066603658192515335 0.0016281378067031129 0.0053560224477860767 0.0059102783202028318 -0.00053908467802849848 -0.0010282903257683646 0.00069453628926216743 -0.0029061234146237364 0.0058519924212148437 0.00077736157629159904 0.0010990154772475339 -0.0010956913234453985 0.0031239390856409657 0.0060154290378070675 -0.0021585782396925483 0.0038762176099513615 1.0965197329555261e-05 0.007623004628002911 -0.00019911252218985956 0.0010545952473781292 -8.4476989528570244e-05 -0.00098665604463959219 -0.0025833047651425962 0.0066371035992409963 -0.0040741220288327898 -0.00053358095179603443 0.00015950557369262552 -0.0006336747785826108 0.00057517562822053249
leaf_weight=1858 25786 2787 47507 2631 2154 3252 30276 50257 11229 1603 88709 3237 3591 4754 2567 2326 1977 1519 1764 391395 36732 31073 1608 8368 1969 6124 368830 413944 6415 7215
leaf_count=1858 25786 2787 47507 2631 2154 3252 30276 50257 11229 1603 88709 3237 3591 4754 2567 2326 1977 1519 1764 391395 36732 31073 1608 8368 1969 6124 368830 413944 6415 7215
internal_value=-3.97589e-06 0.000208969 0.000163307 0.00192053 0.00319418 -0.000573333 -0.000610558 -2.93191e-05 -0.000158127 0.000476675 0.000400408 -0.00200963 0.00226315 0.00130988 0.000368893 0.00264713 0.000619195 0.00180815 0.00412241 -9.73945e-05 0.000339222 0.000951067 -0.000630568 -0.000543298 0.0032235 -0.00154268 -0.000579188 0.000232503 0.00087725 0.00186096
internal_weight=1.56346e+06 1.13789e+06 1.10834e+06 29547 13286 425568 419033 572216 456118 116098 114495 14466 10499 8345 536126 6870 4303 6535 3283 441652 529256 78580 417175 380775 3577 36400 377198 450676 16261 9846
internal_count=1563457 1137889 1108342 29547 13286 425568 419033 572216 456118 116098 114495 14466 10499 8345 536126 6870 4303 6535 3283 441652 529256 78580 417175 380775 3577 36400 377198 450676 16261 9846
is_linear=0
shrinkage=0.01


Tree=44
num_leaves=31
num_cat=0
split_feature=57 20 72 13 60 63 10 50 82 1 15 83 77 3 26 57 71 80 25 32 1 3 38 77 1 41 48 6 57 41
split_gain=1352.06 625.796 617.742 460.647 450.495 454.401 401.181 530.012 501.582 660.523 511.503 451.554 537.828 424.287 437.108 368.741 356.798 354.5 351.723 693.157 341.075 340.852 323.916 319.529 520.619 400.966 413.773 392.173 319.186 345.271
threshold=0.022377014160156253 0.54687500000000011 -0.069671332836151109 -0.96191406249999989 -0.0030546188354492183 0.072296142578125014 0.60937500000000011 0.037033081054687507 0.021877668797969822 0.063385009765625014 0.54687500000000011 -1.224525451660156 0.011512689292430879 -0.74682617187499989 0.096649169921875014 0.016899108886718753 0.31353178620338445 0.0028454968705773358 0.70312500000000011 -0.010791778564453123 0.055648803710937507 0.78051757812500011 -1.0517578124999998 0.014710508286952974 0.10482788085937501 0.051330566406250007 10.417968750000002 0.084625244140625014 0.022590637207031253 0.092254638671875014
decision_type=2 2 2 2 2 2 2 2 2 2 2 2 2 2 2 2 2 2 2 2 2 2 2 2 2 2 2 2 2 2
left_child=2 3 15 -2 5 -3 8 17 11 10 -10 12 -4 20 -15 -1 -7 -8 28 -20 -9 -18 -6 24 -17 -25 -27 -26 29 -5
right_child=1 4 6 18 22 16 7 13 9 -11 -12 -13 -14 14 -16 23 21 -19 19 -21 -22 -23 -24 25 27 26 -28 -29 -30 -31
leaf_value=-0.002836621934154591 0.0018684764745406535 0.0051028449008781408 0.0015754763102241213 0.0015561266217083414 0.00205766774746569 -0.00058611080918485122 -0.00080716788939435723 0.0014953941176496152 0.00070432360133883124 -0.00022127741760089939 0.0034868663830998014 0.0060466655870625927 -0.0043487290739275446 0.00046827962226608734 0.0058615515688890717 -0.00037221758063409857 0.00024472061025801662 -0.003464793615388928 0.0083198014705290133 0.00037690248330791689 -0.0026708981970365842 0.0021021222425570076 -0.0012498122686740911 0.0028584547454999615 -0.0029770751325880846 0.00051641936459041206 -0.001267399832797521 0.0013382620525529132 0.00036823817196181052 -0.0012800296834916667
leaf_weight=5969 26805 1825 29965 40998 3182 47704 15696 2631 29108 98134 8532 2097 1596 34747 1551 647775 73444 7371 1686 3092 7617 11397 39648 5542 12517 51629 17359 2519 327449 4779
leaf_count=5969 26805 1825 29965 40998 3182 47704 15696 2631 29108 98134 8532 2097 1596 34747 1551 647775 73444 7371 1686 3092 7617 11397 39648 5542 12517 51629 17359 2519 327449 4779
internal_value=3.25738e-06 0.000385193 -0.000223029 0.000602134 -0.000110414 0.000174278 0.000219154 -0.000419886 0.000481728 0.000210731 0.00133657 0.00157414 0.00127333 0.000194473 0.000701833 -0.000365235 0.000105658 -0.00165867 0.000512241 0.00320269 -0.00160044 0.000494669 -0.00100324 -0.000345152 -0.000414957 0.000275589 6.73314e-05 -0.0022533 0.000477628 0.00125961
internal_weight=1.56436e+06 582009 982355 404809 177200 134370 239045 69613 169432 135774 37640 33658 31561 46546 36298 743310 132545 23067 378004 4778 10248 84841 42830 737341 662811 74530 68988 15036 373226 45777
internal_count=1564364 582009 982355 404809 177200 134370 239045 69613 169432 135774 37640 33658 31561 46546 36298 743310 132545 23067 378004 4778 10248 84841 42830 737341 662811 74530 68988 15036 373226 45777
is_linear=0
shrinkage=0.01


Tree=45
num_leaves=31
num_cat=0
split_feature=74 75 82 62 13 3 81 41 72 63 20 62 50 25 6 73 21 21 8 31 57 61 36 45 12 36 69 82 36 75
split_gain=1666.46 971.738 490.658 475.666 430.146 556.632 470.347 403.602 400.412 398.832 362.299 363.35 399.362 350.763 325.287 316.19 315.857 356.083 488.057 344.326 304.266 402.085 283.022 280.043 473.309 393.593 241.334 224.817 173.154 191.171
threshold=-0.1210978329181671 -0.015109352767467497 -0.23157238960266111 -0.010005950927734373 -1.2768554687499998 0.63134765625000011 0.0016779433935880663 0.054824829101562507 -0.099939212203025804 0.078338623046875014 0.23437500000000003 -0.010265350341796873 0.038894653320312507 0.64062500000000011 0.11132812500000001 -0.017507869750261303 0.066772460937500014 0.071807861328125014 0.15313720703125003 0.070709228515625014 0.016899108886718753 -0.0036134719848632808 0.049407958984375007 1.4218750000000002 0.025909423828125003 0.063873291015625014 0.48781968653202062 -0.17507237195968625 0.079925537109375014 -0.030018836259841915
decision_type=2 2 2 2 2 2 2 2 2 2 2 2 2 2 2 2 2 2 2 2 2 2 2 2 2 2 2 2 2 2
left_child=2 7 26 8 5 6 -3 16 9 14 -9 12 -12 20 -4 -6 -2 18 -18 -19 27 -22 -13 25 -25 -17 28 -5 -1 -30
right_child=1 4 3 13 15 -7 -8 10 -10 -11 11 22 -14 -15 -16 23 17 19 -20 -21 21 -23 -24 24 -26 -27 -28 -29 29 -31
leaf_value=-0.0054985993884317996 -0.0028619506235868547 0.0053165145794919081 0.0022067551010269328 -0.0058561162597007971 -0.0020807937394789898 0.0086413529722653721 -0.0012882077108186327 0.0042426574965430293 -0.0019535918945405776 0.0069107371301098779 0.0009822511469626898 0.0015561281539133054 0.0064255566104757305 0.0032878026165952625 -0.0026119116790449394 -0.00010042881446451635 -0.0012572195416959717 0.0012717485033406104 0.005616315993789046 -0.0015249796351231662 -0.00051842773825493485 0.00079055838485300723 5.9845578149651987e-05 0.0010166381590283381 0.0035497022588757703 0.0010193085487984336 0.0012125255851363165 -0.0011735224506545037 -0.00081011669719207788 -0.0038568248922390687
leaf_weight=2185 6974 1921 8914 1760 3833 1532 2412 2104 2945 1517 5432 12841 1777 2465 1644 55660 2027 5571 2074 20733 496994 24612 740275 63246 8337 71968 1551 2449 4152 4093
leaf_count=2185 6974 1921 8914 1760 3833 1532 2412 2104 2945 1517 5432 12841 1777 2465 1644 55660 2027 5571 2074 20733 496994 24612 740275 63246 8337 71968 1551 2449 4152 4093
internal_value=-1.49582e-05 0.000227228 -0.000454903 -0.000410708 0.000834495 0.00350005 0.00165092 6.85936e-05 0.00134297 0.00214888 0.000118342 0.000106818 0.00233808 -0.000460617 0.00145291 0.000757162 -0.000945667 -0.000504536 0.00222932 -0.000932136 -0.000478314 -0.000456635 8.53986e-05 0.00081197 0.00131256 0.000531039 -0.002455 -0.00314999 -0.00300166 -0.00232824
internal_weight=1.564e+06 1.00872e+06 555281 543300 208909 5865 4333 799808 15020 12075 762429 760325 7209 528280 10558 203044 37379 30405 4101 26304 525815 521606 753116 199211 71583 127628 11981 4209 10430 8245
internal_count=1563998 1008717 555281 543300 208909 5865 4333 799808 15020 12075 762429 760325 7209 528280 10558 203044 37379 30405 4101 26304 525815 521606 753116 199211 71583 127628 11981 4209 10430 8245
is_linear=0
shrinkage=0.01


Tree=46
num_leaves=31
num_cat=0
split_feature=65 82 70 21 38 23 16 79 16 61 2 2 21 65 37 2 1 2 18 15 54 6 18 18 83 37 69 33 13 78
split_gain=1498.77 622.846 557.383 516.609 454.794 411.193 461.769 409.072 484.544 400.47 398.251 547.628 365.327 353.238 526.791 499.136 619.188 395.05 341.033 333.713 319.655 314.676 293.681 437.537 558.08 368.77 575.561 343.62 292.654 309.08
threshold=0.11898803710937501 -0.20693573355674741 0.70359113812446605 0.045059204101562507 0.34118652343750006 1.5224609375000002 0.066772460937500014 0.0081805419176816958 0.070709228515625014 -0.0056896209716796866 -0.0049076080322265616 0.0058975219726562509 0.048812866210937507 0.11941528320312501 -0.0068206787109374991 -0.013053894042968748 0.047698974609375007 -0.010791778564453123 -0.61499023437499989 0.17187500000000003 -0.093658447265624986 0.072113037109375014 0.037399291992187507 0.18212890625000003 -0.96415722370147694 0.037872314453125007 0.38421733677387243 0.40478515625000006 1.4707031250000002 0.0026110606268048291
decision_type=2 2 2 2 2 2 2 2 2 2 2 2 2 2 2 2 2 2 2 2 2 2 2 2 2 2 2 2 2 2
left_child=1 -1 3 10 5 13 21 28 -9 -8 -3 -12 -5 14 17 16 -15 -2 -17 -14 -16 -7 25 24 -24 -4 -27 -25 29 -6
right_child=4 2 22 12 7 6 9 8 -10 -11 11 -13 19 15 20 18 -18 -19 -20 -21 -22 -23 23 27 -26 26 -28 -29 -30 -31
leaf_value=-0.0017977824161402086 -0.0033943495584952592 -0.001017166427244623 -0.00095308946528185488 -0.0026784115607098404 0.0011903921582882609 0.0089296154247520011 -0.001369639035155423 0.0071075382393739122 0.00059377085692152406 0.0037148779934405448 0.0090580178898843865 0.0018891047438883127 0.0030575714687732332 -0.0011987140816801568 0.0042008154772463346 -0.00031455579288212329 0.0017281187788572405 0.0010301710071697126 0.00047869141270514881 -6.8611867202801754e-05 0.0011234006518175321 0.0028813756473789645 0.00075316240689277342 0.00018858926795897122 0.0066176368935846521 -0.0020425742847872603 0.0042955384827196878 -0.002137079414264189 0.0028654117258625025 -0.00073788814017550642
leaf_weight=23789 2451 2055 144254 5325 9450 1507 3356 1549 4212 2845 1564 3301 3409 8409 8533 67951 50914 10989 267519 815125 5607 2038 9179 20536 1953 2473 3356 9177 2649 68078
leaf_count=23789 2451 2055 144254 5325 9450 1507 3356 1549 4212 2845 1564 3301 3409 8409 8533 67951 50914 10989 267519 815125 5607 2038 9179 20536 1953 2473 3356 9177 2649 68078
internal_value=1.9051e-05 -0.00019889 -0.000161627 -4.96502e-05 0.00045887 0.000590998 0.00261976 -0.000205488 0.0023637 0.000967565 0.00266729 0.00422142 -7.25353e-05 0.000544064 0.00163785 0.000467573 0.00131298 0.000219444 0.000318006 -5.55177e-05 0.00298382 0.00548819 -0.000648813 0.000102945 0.00179205 -0.00085339 0.00160875 -0.000530659 -0.000390637 -0.000502601
internal_weight=1.56355e+06 1.0455e+06 1.02171e+06 830779 518057 432119 9746 85938 5761 6201 6920 4865 823859 422373 27580 394793 59323 13440 335470 818534 14140 3545 190928 40845 11132 150083 5829 29713 80177 77528
internal_count=1563553 1045496 1021707 830779 518057 432119 9746 85938 5761 6201 6920 4865 823859 422373 27580 394793 59323 13440 335470 818534 14140 3545 190928 40845 11132 150083 5829 29713 80177 77528
is_linear=0
shrinkage=0.01


Tree=47
num_leaves=31
num_cat=0
split_feature=51 54 30 38 12 74 71 74 2 21 79 45 78 0 68 31 16 42 81 80 2 72 71 12 59 12 16 57 52 1
split_gain=1454.21 729.96 367.634 361.4 533.605 342.992 438.231 417.532 342.072 716.52 336.538 484.821 331.267 382.893 318.201 317.072 369.64 320.027 307.308 365.719 290.255 775.251 283.176 266.377 635.805 293.047 217.965 200.182 193.674 174.634
threshold=0.015937805175781253 0.0060977935791015634 0.54687500000000011 -1.6669921874999998 0.0024700164794921879 -0.11199522018432616 0.3444411456584931 -0.11360451579093932 0.018066406250000003 0.084381103515625014 0.00058844452723860752 1.3906250000000002 0.00087873078882694255 0.14062500000000003 0.022693634033203128 0.11544799804687501 0.084442138671875014 0.0057373046875000009 0.00071855401620268833 0.0016135289333760741 0.017219543457031253 -0.076030626893043504 0.29588517546653753 0.012790679931640627 -0.012317657470703123 0.010715484619140627 0.062896728515625014 0.024742126464843753 0.063140869140625014 0.072601318359375014
decision_type=2 2 2 2 2 2 2 2 2 2 2 2 2 2 2 2 2 2 2 2 2 2 2 2 2 2 2 2 2 2
left_child=12 2 5 4 -4 6 7 -2 10 28 -3 27 26 -14 -13 23 17 -17 -7 -20 22 -22 -5 25 -25 -15 -1 -12 -10 -28
right_child=1 8 3 20 -6 18 -8 -9 9 -11 11 14 13 15 -16 16 -18 -19 19 -21 21 -23 -24 24 -26 -27 29 -29 -30 -31
leaf_value=6.0320216261733529e-05 -1.7829871953814567e-05 0.0052304962667862496 -0.00097132253345152844 0.0015538751333316623 0.0073321483533855605 -0.0040563853565168317 0.0046344960726748194 -0.001971315448777908 0.0037086938727349745 0.0095543998044959472 0.0006209817859302233 0.0049984865976918135 0.0041903799422645348 -0.00055663063625965435 0.0012533812131081429 0.0019539346635223252 0.0054503911196016799 -0.0024633201846627584 0.003693953294887079 0.00037133629930346726 0.0044337794377411746 -0.00037302854404817009 -0.00033110225660397239 -0.00089710578392614376 0.0019183482846104713 -0.0022802212701125688 -0.0017039456772229226 -0.0026048810942941292 -0.0011985158838424285 -0.0052350980489553811
leaf_weight=2317 226375 1934 1521 8189 1547 1538 1941 11477 1684 1611 3532 2770 1736 375576 12278 4511 1765 2551 3313 552459 4851 10774 273925 18234 14289 10113 2675 4188 1509 2986
leaf_count=2317 226375 1934 1521 8189 1547 1538 1941 11477 1684 1611 3532 2770 1736 375576 12278 4511 1765 2551 3313 552459 4851 10774 273925 18234 14289 10113 2675 4188 1509 2986
internal_value=-1.76675e-05 0.000172112 0.000130382 -0.000167488 0.00323597 0.000242792 -7.34429e-05 -0.000112249 0.00172373 0.00416051 0.00124685 0.000904171 -0.000507541 -0.000469904 0.00194849 -0.000489044 0.00138454 0.000355843 0.000378856 0.000391275 -0.000202773 0.00112307 -0.00027628 -0.000528654 0.000340284 -0.00060194 -0.00252411 -0.00113122 0.00139654 -0.00357839
internal_weight=1.56417e+06 1.12742e+06 1.09791e+06 300807 3068 797103 239793 237852 29506 4804 24702 22768 436753 428775 15048 427039 8827 7062 557310 555772 297739 15625 282114 418212 32523 385689 7978 7720 3193 5661
internal_count=1564169 1127416 1097910 300807 3068 797103 239793 237852 29506 4804 24702 22768 436753 428775 15048 427039 8827 7062 557310 555772 297739 15625 282114 418212 32523 385689 7978 7720 3193 5661
is_linear=0
shrinkage=0.01


Tree=48
num_leaves=31
num_cat=0
split_feature=67 64 64 16 78 54 33 50 26 54 27 26 46 48 78 77 48 73 48 0 36 3 41 17 26 79 75 6 1 61
split_gain=1313.11 580.671 530.464 406.689 487.525 406.563 514.698 365.975 411.317 337.709 334.565 540.886 555.333 407.051 392.7 551.133 498.471 331.983 337.695 470.92 315.316 381.702 313.731 298.825 258.553 254.283 522.968 331.806 212.684 198.488
threshold=-0.21051025390624997 0.039443969726562507 0.034530639648437507 0.045059204101562507 0.0023093186318874363 -0.24432373046874997 2.1201171875000004 0.032546997070312507 0.041427612304687507 0.013328552246093752 -0.0040264129638671866 0.072113037109375014 0.28698730468750006 7.2910156250000009 0.0026897806674242024 0.015110187232494356 13.152343750000002 -0.0082978159189224226 14.269531250000002 0.64062500000000011 0.073760986328125014 1.0864257812500002 0.070037841796875014 -0.010612487792968748 0.057723999023437507 0.0019271378405392172 -0.034912705421447747 0.073394775390625014 0.074005126953125014 -0.0049800872802734366
decision_type=2 2 2 2 2 2 2 2 2 2 2 2 2 2 2 2 2 2 2 2 2 2 2 2 2 2 2 2 2 2
left_child=5 2 -2 4 -3 24 17 -5 -9 -10 11 13 -13 -4 15 -12 -16 18 23 -20 29 -22 -6 -7 25 26 -1 -27 -28 -19
right_child=1 3 10 7 22 6 -8 8 9 -11 14 12 -14 -15 16 -17 -18 20 19 -21 21 -23 -24 -25 -26 27 28 -29 -30 -31
leaf_value=0.0038410532459923147 0.0055415329596425122 0.0069760935409768337 -0.0046813274213703369 0.004171481672386926 -0.0017586708556109963 -0.0012988651733115703 0.004823819700104157 -0.0039808158790508768 0.00027354119563463108 0.0015174525360493333 0.0038680742990486912 0.0061724449229176208 0.0011470777912738835 0.00010808817223103281 -0.00057158017149132572 0.00024914154854083215 0.00015927497352258066 0.00065496845884803023 -0.0002214941243056957 0.0036179991842596767 0.0019645271168990232 -0.0032470333153688459 0.0038083827947264018 -0.00051798862573324694 -0.0050018419989208418 -0.005952673974226508 -0.0033384038863766663 -0.00094714995853754935 -0.0002097135805562396 -0.0037762123830045419
leaf_weight=2022 1658 1978 1767 2442 2084 78639 1749 2208 532343 22740 4983 2579 14390 254428 286060 26510 138489 1848 15806 3983 12813 1560 1933 130130 2595 2574 4352 2724 4325 2198
leaf_count=2022 1658 1978 1767 2442 2084 78639 1749 2208 532343 22740 4983 2579 14390 254428 286060 26510 138489 1848 15806 3983 12813 1560 1933 130130 2595 2574 4352 2724 4325 2198
internal_value=-1.99357e-05 0.000111637 -7.455e-05 0.000352166 0.00293861 -0.000658073 -0.000551344 0.00032436 0.000307353 0.000324553 -8.74709e-05 0.000189282 0.00191722 7.46923e-05 -0.000253244 0.000823841 -0.000333177 -0.000589796 -0.000693882 0.000554167 0.000701139 0.00139515 0.000925818 -0.000812225 -0.00208378 -0.00160476 -0.000714925 -0.00339229 -0.00178299 -0.00175902
internal_weight=1.56391e+06 1.29659e+06 730864 565728 5995 267318 248726 559733 557291 555083 729206 273164 16969 256195 456042 31493 424549 246977 228558 19789 18419 14373 4017 208769 18592 15997 10699 5298 8677 4046
internal_count=1563910 1296592 730864 565728 5995 267318 248726 559733 557291 555083 729206 273164 16969 256195 456042 31493 424549 246977 228558 19789 18419 14373 4017 208769 18592 15997 10699 5298 8677 4046
is_linear=0
shrinkage=0.01


Tree=49
num_leaves=31
num_cat=0
split_feature=74 36 10 55 63 55 8 74 70 0 18 3 58 0 31 61 32 41 65 38 83 74 11 61 18 48 42 46 63 50
split_gain=1697.17 711.154 617.627 614.465 568.029 499.597 544.003 469.621 467.458 463.965 623.663 454.186 424.389 385.293 418.457 364.535 382.9 363.002 357.058 344.68 396.777 416.755 391.641 634.331 422.739 348.697 332.558 330.354 311.24 361.456
threshold=-0.084846109151840196 0.051696777343750007 0.26562500000000006 -0.18853759765624997 0.073699951171875014 -0.13385009765624997 -0.67968749999999989 -0.091444596648216234 0.65567651391029369 0.42187500000000006 -1.3447265624999998 0.88793945312500011 0.064727783203125014 0.57812500000000011 0.076080322265625014 -0.0067882537841796866 0.026588439941406253 0.054824829101562507 0.12203979492187501 -0.70434570312499989 -0.51827335357666005 -0.15173369646072385 0.092010498046875014 -0.0053310394287109366 1.3564453125000002 12.792968750000002 -0.0015630722045898435 0.32800292968750006 0.087432861328125014 0.043441772460937507
decision_type=2 2 2 2 2 2 2 2 2 2 2 2 2 2 2 2 2 2 2 2 2 2 2 2 2 2 2 2 2 2
left_child=3 13 11 12 5 -5 -7 -8 -4 10 -10 28 -1 15 -15 27 26 -11 -14 22 25 -22 24 -24 -6 -21 -17 -2 -3 -30
right_child=1 2 8 4 19 6 7 -9 9 17 -12 -13 18 14 -16 16 -18 -19 -20 20 21 -23 23 -25 -26 -27 -28 -29 29 -31
leaf_value=-0.00053585438020288957 0.0055202036624793869 0.00025468885727287762 -0.0026713231564750883 0.00034954720057639134 -0.0012327559833851167 0.0061570451004955423 0.0023164838774423187 -0.0021049811294422812 0.0062906029203251244 -0.00097067611360037473 0.00077406790526168498 0.0066195451988053213 0.0063961638195362373 0.0012335852640515247 0.0068741549781359693 0.0021606184788924513 -0.0038267123103141788 0.00024225455964911128 -0.00014717978839245106 -0.00030651515927902241 0.0041232280079762217 0.00059905003118435236 0.0058705255690219725 -0.00080185451672622849 0.0040794289274649186 0.00034563107582968926 0.00025414081011509683 -3.7776649842084297e-05 0.0062659408844760464 0.0010239126691486845
leaf_weight=422029 3509 6939 5221 82145 56133 2887 11850 2995 2066 26592 118275 2150 1608 2537 2735 17904 1570 338833 1708 283615 4112 17910 2178 4039 1520 115308 18703 1534 2454 2829
leaf_count=422029 3509 6939 5221 82145 56133 2887 11850 2995 2066 26592 118275 2150 1608 2537 2735 17904 1570 338833 1708 283615 4112 17910 2178 4039 1520 115308 18703 1534 2454 2829
internal_value=2.53201e-05 0.000470179 0.000359142 -0.000218622 -8.24689e-06 0.000678391 0.00219968 0.00142282 0.000299277 0.000331314 0.000869805 0.00240105 -0.000507795 0.00162672 0.00417471 0.00131413 0.000979154 0.000153941 0.00304515 -0.000149724 -4.58455e-05 0.00126024 -0.00083412 0.00154701 -0.00109134 -0.000118006 0.00118724 0.00383608 0.00164936 0.00347333
internal_weight=1.56389e+06 553851 505359 1.01004e+06 584692 99877 17732 14845 490987 485766 120341 14372 425345 48492 5272 43220 38177 365425 3316 484815 420945 22022 63870 6217 57653 398923 36607 5043 12222 5283
internal_count=1563888 553851 505359 1010037 584692 99877 17732 14845 490987 485766 120341 14372 425345 48492 5272 43220 38177 365425 3316 484815 420945 22022 63870 6217 57653 398923 36607 5043 12222 5283
is_linear=0
shrinkage=0.01


Tree=50
num_leaves=31
num_cat=0
split_feature=57 59 55 22 28 48 8 25 0 20 62 25 56 55 58 16 62 33 35 55 1 64 59 5 74 8 42 64 13 57
split_gain=1225.16 544.291 480.291 399.52 1032.8 436.238 453.856 387.726 359.271 560.171 454.907 508.304 377.151 358.408 499.023 350.168 344.125 343.246 552.643 563.292 524.244 614.566 608.712 350.618 409.876 486.698 326.785 306.72 303.683 303.086
threshold=0.022071838378906253 0.15875244140625003 -0.21051025390624997 0.020072937011718753 0.93286132812500011 13.152343750000002 0.84619140625000011 0.39062500000000006 0.23437500000000003 0.26562500000000006 -0.010204315185546873 0.35937500000000006 0.048110961914062507 -0.10781860351562499 0.063568115234375014 0.081451416015625014 -0.0075359344482421866 0.76977539062500011 0.51562500000000011 -0.13763427734374997 0.097198486328125014 0.040695190429687507 0.11587524414062501 0.70312500000000011 -0.047942385077476495 0.60668945312500011 -0.011432647705078123 0.037338256835937507 0.051254272460937507 0.023933410644531253
decision_type=2 2 2 2 2 2 2 2 2 2 2 2 2 2 2 2 2 2 2 2 2 2 2 2 2 2 2 2 2 2
left_child=2 17 -1 5 13 7 15 -4 -3 28 11 -11 -12 14 -5 -7 -9 23 20 -20 22 -22 -19 -2 25 -25 -26 -8 29 -10
right_child=1 8 3 4 -6 6 27 16 9 10 12 -13 -14 -15 -16 -17 -18 18 19 -21 21 -23 -24 24 26 -27 -28 -29 -30 -31
leaf_value=-0.00056116607569075064 0.00026449885007850938 0.0041626339052811849 0.0001388450699902188 0.00044703448028543183 0.006776951320373723 0.00063086975625515197 -0.0045639976622975772 -0.00049218628572903335 0.004301586389982597 0.0057627434712108931 0.00059808358927189572 0.0015515044917466373 0.0034180913929824047 -0.0034634382919142841 0.005964996923099865 -0.00033127761990935713 -0.0028298395472418688 0.00064565558631803511 0.0091852745582808315 0.0011820752831809974 0.0014516364988581888 0.0086667535042114479 -0.0049891372362962753 0.0026915237998143275 0.0046238975585967236 -0.0017589860021672804 -0.00035181528150127434 -0.0005985378718005958 -0.0025975038588306265 -0.0011583893191167687
leaf_weight=264113 563077 3807 120910 32256 2784 136157 2984 234861 1602 4510 40165 7864 5360 2151 1707 52360 6452 23164 1655 1866 4156 1635 2070 2716 2225 24261 3197 5583 5958 2708
leaf_count=264113 563077 3807 120910 32256 2784 136157 2984 234861 1602 4510 40165 7864 5360 2151 1707 52360 6452 23164 1655 1866 4156 1635 2070 2716 2225 24261 3197 5583 5958 2708
internal_value=4.64983e-05 0.000356663 -0.000206003 -4.91824e-05 0.000930507 -0.000117347 0.000261252 -0.000323345 0.00118038 0.00101265 0.00139437 0.00309321 0.000931459 0.000476308 0.000727718 0.00036363 -0.000554918 0.000262527 0.00123132 0.00497451 0.000803578 0.00351153 0.000179836 0.000206284 -0.000804993 -0.00130925 0.00169953 -0.00198717 -0.0011383 0.000881544
internal_weight=1.56431e+06 701996 862318 598205 38898 559307 197084 362223 71974 68167 57899 12374 45525 36114 33963 188517 241313 630022 34546 3521 31025 5791 25234 595476 32399 26977 5422 8567 10268 4310
internal_count=1564314 701996 862318 598205 38898 559307 197084 362223 71974 68167 57899 12374 45525 36114 33963 188517 241313 630022 34546 3521 31025 5791 25234 595476 32399 26977 5422 8567 10268 4310
is_linear=0
shrinkage=0.01


Tree=51
num_leaves=31
num_cat=0
split_feature=55 59 33 32 82 26 83 33 77 38 55 33 81 11 20 77 77 12 70 57 43 48 21 80 26 68 21 3 71 3
split_gain=1566.8 738.728 368.355 570.22 574.261 640.015 581.633 630.358 328.906 336.185 323.808 475.091 446.868 320.669 343.809 405.102 602.555 322.266 312.686 414.449 354.597 430.165 339.058 449.924 341.353 311.407 310.451 377.431 330.109 294.474
threshold=-0.18853759765624997 0.15875244140625003 -0.53808593749999989 -0.019050598144531247 -0.036722011864185326 0.077423095703125014 -1.2954823970794676 -0.82324218749999989 0.013861360028386118 1.0083007812500002 -0.25891113281249994 1.3139648437500002 0.00081429071724414836 0.041748046875000007 0.26562500000000006 0.014881875365972521 0.015405308455228807 -0.011661529541015623 0.67552414536476146 0.025215148925781253 1.2856445312500002 9.2460937500000018 0.083465576171875014 0.0014765174128115179 0.045898437500000007 0.019611358642578128 0.095306396484375014 -1.3242187499999998 0.31191881000995642 0.81762695312500011
decision_type=2 2 2 2 2 2 2 2 2 2 2 2 2 2 2 2 2 2 2 2 2 2 2 2 2 2 2 2 2 2
left_child=2 18 3 8 6 -6 7 -5 25 -10 -4 -12 -13 -3 -15 17 -17 -16 19 22 26 -22 23 -2 -24 -1 27 -20 -28 -14
right_child=1 13 10 4 5 -7 -8 -9 9 -11 11 12 29 14 15 16 -18 -19 20 -21 21 -23 24 -25 -26 -27 28 -29 -30 -31
leaf_value=-0.0057046296756919973 -0.0023691224108930028 0.005572301494661612 -0.0012219970355627999 0.0051286724810961143 -0.0055629141265013081 0.00053495014175291981 0.0079199644422006787 0.00066949186769572411 -0.0009678956871679666 0.0043527991494870391 -0.00059975456151140246 0.0049788007671809076 1.8109150880542407e-05 -0.00050987602566053894 -0.0020988811341950101 0.0055785286991175088 0.0015562987063020112 0.00090621003135915438 -0.0012316955458017281 -0.0015078006293699003 -0.0014619045452899243 0.0021760331248967843 0.0028196269469747699 0.0014495987822758071 0.00014166747283273431 -0.0013532548903148595 0.001607533043853417 5.5960614586357355e-07 0.00016521747596087954 0.003902586045732384
leaf_weight=1957 3248 1594 74147 3931 2266 6955 1526 16082 3282 1836 279690 2368 19075 11615 4424 4192 32536 18102 25650 9498 4130 15035 4998 55863 92594 9927 23905 784109 47140 2154
leaf_count=1957 3248 1594 74147 3931 2266 6955 1526 16082 3282 1836 279690 2368 19075 11615 4424 4192 32536 18102 25650 9498 4130 15035 4998 55863 92594 9927 23905 784109 47140 2154
internal_value=-7.00438e-06 0.000186422 -0.000524965 0.000302335 0.00111443 -0.000972356 0.00200788 0.00154962 -0.00116649 0.000950332 -0.000629666 -0.000484783 0.000877308 0.0011633 0.00106259 0.0013709 0.00201817 0.000314686 0.000120007 0.000518488 4.64076e-05 0.00139136 0.000641482 0.00123904 0.000279364 -0.0020782 1.71125e-05 -3.85029e-05 0.000650839 0.00041555
internal_weight=1.56383e+06 1.13863e+06 425196 47762 30760 9221 21539 20013 17002 5118 377434 303287 23597 72463 70869 59254 36728 22526 1.06617e+06 166201 899969 19165 156703 59111 97592 11884 880804 809759 71045 21229
internal_count=1563829 1138633 425196 47762 30760 9221 21539 20013 17002 5118 377434 303287 23597 72463 70869 59254 36728 22526 1066170 166201 899969 19165 156703 59111 97592 11884 880804 809759 71045 21229
is_linear=0
shrinkage=0.01


Tree=52
num_leaves=31
num_cat=0
split_feature=55 38 43 21 33 47 33 3 62 21 69 69 64 76 27 8 83 83 25 61 77 43 82 47 54 76 37 71 28 60
split_gain=1357.14 715.182 696.647 471.645 451.136 540.889 726.102 416.536 408.54 552.72 491.616 537.91 344.388 351.886 418.589 332.708 314.465 302.76 279.17 428.151 302.526 378.744 377.49 332.741 302.402 299.15 321.176 396.173 270.056 253.64
threshold=-0.21051025390624997 -0.95361328124999989 -1.2802734374999998 0.078887939453125014 1.0419921875000002 0.21087646484375003 0.21954345703125003 0.69580078125000011 -0.010204315185546873 0.11044311523437501 0.45941349864006048 0.44836635887622839 0.034530639648437507 0.040892764925956733 0.037948608398437507 -0.34741210937499994 -1.7484121322631834 -0.87517046928405751 0.64062500000000011 -0.0044918060302734366 0.012767713516950609 -1.1313476562499998 -0.029365658760070797 0.25402832031250006 -0.20428466796874997 0.028236046433448795 0.037872314453125007 0.2864097952842713 -0.73437499999999989 -0.0045528411865234366
decision_type=2 2 2 2 2 2 2 2 2 2 2 2 2 2 2 2 2 2 2 2 2 2 2 2 2 2 2 2 2 2
left_child=18 2 3 -2 5 7 -7 -4 9 10 11 -3 -10 16 -15 -6 -14 -12 20 -20 21 -1 24 -24 -23 -22 29 -28 -17 -27
right_child=1 8 4 -5 15 6 -8 -9 12 -11 17 -13 13 14 -16 28 -18 -19 19 -21 25 22 23 -25 -26 26 27 -29 -30 -31
leaf_value=0.0040279352862853555 0.00097063292109972311 0.00075797751755673159 -0.0020201861840060463 0.0075315700716685379 -0.003278004974387782 0.00049062575263412274 0.0021628681033650722 0.0014030214444938295 0.0045801224699839813 0.0069288001046913629 -0.0024935149398067173 0.00507323696722645 0.00038431656817855417 0.00062265291225837779 0.0057589994076626162 0.0037921616682616227 -8.9483165595725565e-05 0.00054568145358854889 -0.00067700341193868013 0.0060939347620134234 0.0029843092098595274 -0.0014168031942141967 -0.0028708156940213964 0.00045927833538654859 -0.00050684514183671004 0.0021304649858184753 -0.0010577331775804945 0.004397329940349636 -0.00075259266195733558 -0.00062776290559560298
leaf_weight=1516 1957 7723 10724 2489 4548 74615 39818 5295 1621 1561 4416 4603 164495 5413 2228 1557 943206 12536 2364 1520 2874 54152 16285 3671 112211 3499 2329 3068 7630 63596
leaf_count=1516 1957 7723 10724 2489 4548 74615 39818 5295 1621 1561 4416 4603 164495 5413 2228 1557 943206 12536 2364 1520 2874 54152 16285 3671 112211 3499 2329 3068 7630 63596
internal_value=-1.54546e-05 0.000118272 0.000770916 0.00466092 0.000650338 0.000831859 0.00107277 -0.000888324 3.37469e-05 0.00116878 0.000857155 0.00237507 2.38865e-06 -4.34648e-06 0.00213146 -0.00107241 -1.91176e-05 -0.000248035 -0.000664527 0.00199044 -0.000703854 -0.000918588 -0.000959264 -0.00225838 -0.000803176 -0.000168569 -0.000294356 0.00204806 2.42104e-05 -0.000483329
internal_weight=1.56352e+06 1.29644e+06 148633 4446 144187 130452 114433 16019 1.1478e+06 30839 29278 12326 1.11696e+06 1.11534e+06 7641 13735 1.1077e+06 16952 267085 3884 263201 187835 186319 19956 166363 75366 72492 5397 9187 67095
internal_count=1563520 1296435 148633 4446 144187 130452 114433 16019 1147802 30839 29278 12326 1116963 1115342 7641 13735 1107701 16952 267085 3884 263201 187835 186319 19956 166363 75366 72492 5397 9187 67095
is_linear=0
shrinkage=0.01


Tree=53
num_leaves=31
num_cat=0
split_feature=55 58 43 26 82 48 48 78 48 35 60 21 27 13 41 62 59 72 60 83 15 43 59 74 41 46 1 64 76 65
split_gain=1470.79 588.295 569.974 535.751 518.548 499.505 520.322 538.074 398.737 365.154 455.695 344.984 702.376 632.648 400.472 381.52 412.162 334.869 639.132 404.248 327.095 323.283 281.97 271.535 260.805 656.242 280.877 235.299 239.213 168.636
threshold=-0.18853759765624997 0.068450927734375014 -0.68749999999999989 0.074157714843750014 0.23386156558990481 8.2070312500000018 14.410156250000002 0.014499481767416002 10.277343750000002 0.39062500000000006 -0.0042285919189453116 0.095611572265625014 0.022506713867187503 0.075103759765625014 0.063079833984375014 -0.010051727294921873 0.096710205078125014 -0.068198770284652696 -0.0034265518188476558 -1.6277694702148435 0.39062500000000006 -1.3520507812499998 -0.12738037109374997 -0.095044374465942369 0.054367065429687507 0.31384277343750006 0.079925537109375014 0.029747009277343753 0.028954878449440006 0.12518310546875003
decision_type=2 2 2 2 2 2 2 2 2 2 2 2 2 2 2 2 2 2 2 2 2 2 2 2 2 2 2 2 2 2
left_child=17 4 3 -3 11 -4 7 -7 29 21 -11 15 14 -14 -13 16 -2 22 19 -19 -17 -5 27 24 25 -24 -26 28 -1 -6
right_child=1 2 5 9 8 6 -8 -9 -10 10 -12 12 13 -15 -16 20 -18 18 -20 -21 -22 -23 23 -25 26 -27 -28 -29 -30 -31
leaf_value=0.0020224031977964943 0.0026965578208804704 0.0049157425624701476 -0.0036619441999492411 0.0022883319371089423 -0.0021754518110743766 0.0017840707015265862 -0.0025204710930828347 0.0059390720239084968 0.0016970782679069944 0.0028871017762163082 -0.0029980107741285219 0.0014598268835948431 0.0017384988163525559 0.0092768752905071465 0.00010632044992071807 -0.00034817029309457093 0.0003089298194779145 0.00059166703401755661 -0.0015757460025066085 0.0068698185849669392 0.00010384789455685501 -0.00040264948361365199 0.0047461814981308503 -0.003571017856432916 -0.00033765312389339108 -0.0010305044770502051 -0.00087512940493450085 -0.0046489416403292065 -0.0034089174426151277 -0.0058171251807711396
leaf_weight=1557 10784 2032 1687 6142 2553 41001 2561 3359 1581 1565 7806 29168 3341 1659 87086 208742 21874 1806 3587 2366 686614 16189 3216 2928 234007 4999 166379 3070 1651 2591
leaf_count=1557 10784 2032 1687 6142 2553 41001 2561 3359 1581 1565 7806 29168 3341 1659 87086 208742 21874 1806 3587 2366 686614 16189 3216 2928 234007 4999 166379 3070 1651 2591
internal_value=-3.90402e-05 0.000148468 0.000962472 -3.62954e-05 8.49788e-05 0.00165535 0.001848 0.00210123 -0.00267886 -0.000356605 -0.00201111 0.000102744 0.00060433 0.00426673 0.000446106 3.71949e-05 0.00109852 -0.000540585 0.00151537 0.00416788 -1.54039e-06 0.000338873 -0.000578837 -0.00054667 -0.000524824 0.00123698 -0.000561032 -0.00267898 -0.000776633 -0.00402516
internal_weight=1.5639e+06 1.13834e+06 82342 33734 1.05599e+06 48608 46921 44360 6725 31702 9371 1.04927e+06 121254 5000 116254 928014 32658 425566 7759 4172 895356 22331 417807 411529 408601 8215 400386 6278 3208 5144
internal_count=1563901 1138335 82342 33734 1055993 48608 46921 44360 6725 31702 9371 1049268 121254 5000 116254 928014 32658 425566 7759 4172 895356 22331 417807 411529 408601 8215 400386 6278 3208 5144
is_linear=0
shrinkage=0.01


Tree=54
num_leaves=31
num_cat=0
split_feature=51 64 74 83 36 10 83 1 64 62 79 77 22 8 73 31 81 70 83 83 68 51 79 72 54 54 1 37 56 0
split_gain=1463.83 522.348 435.48 484.964 458.299 490.696 412.118 405.163 530.341 509.909 404.794 403.305 399.001 455.412 356.392 734.566 464.865 360.513 341.422 340.933 329.755 365.305 320.595 449.227 289.052 518.751 487.059 457.738 426.685 553.193
threshold=0.015937805175781253 0.040023803710937507 -0.05536971986293792 -1.7097492218017576 0.082427978515625014 0.39062500000000006 -0.13992387056350705 0.060043334960937507 0.042800903320312507 -0.0087699890136718733 0.00089075881987810146 0.015201475471258165 0.0009334087371826173 0.23748779296875003 -0.0074160099029541007 0.062896728515625014 0.0014260048046708109 0.71883976459503185 0.076966524124145522 -1.9646053314208982 0.015033721923828127 0.016288757324218753 0.0080675482749938982 -0.090306162834167467 -0.12994384765624997 -0.14593505859374997 0.083831787109375014 -0.011249542236328123 0.038497924804687507 0.29687500000000006
decision_type=2 2 2 2 2 2 2 2 2 2 2 2 2 2 2 2 2 2 2 2 2 2 2 2 2 2 2 2 2 2
left_child=6 2 3 4 5 -2 11 8 12 -10 18 14 13 -3 22 17 -17 -16 -8 -6 -5 -22 23 -1 25 26 -9 -27 29 -26
right_child=1 7 -4 20 19 -7 10 24 9 -11 -12 -13 -14 -15 15 16 -18 -19 -20 -21 21 -23 -24 -25 28 27 -28 -29 -30 -31
leaf_value=-0.00066305834864932979 0.0035397168602008676 -0.00014693706360368328 -0.002753244662306253 0.0038348909484689489 -0.0013457034913531072 0.00089032779347819125 0.002392441639550037 -0.0043271033477513925 0.00049482271699701657 0.0063385366900579922 0.0047715978947922635 -0.003944080567422961 3.0702053096560743e-05 0.0040611954819250329 0.0070101561992757236 -0.0008356646038058152 0.0039094036241921811 0.00079981375074977584 -0.0036395813892461451 0.00048424539480858183 0.00036782058755778946 -0.00022266922005997571 -0.0025503558663339055 0.00023864353246998781 0.0036718387463513542 -0.00020520894533853992 0.0013955715879953895 0.0042061856710952335 0.00038610612908782907 -0.0023409549496465026
leaf_weight=332300 8040 4172 5550 2142 14476 52924 2186 2282 2414 3910 2910 3384 18447 6679 2450 13940 2403 1513 1613 34183 138752 427556 7859 66258 1765 3323 4184 8016 377466 10756
leaf_count=332300 8040 4172 5550 2142 14476 52924 2186 2282 2414 3910 2910 3384 18447 6679 2450 13940 2403 1513 1613 34183 138752 427556 7859 66258 1765 3323 4184 8016 377466 10756
internal_value=1.4385e-05 0.000204856 3.14691e-05 5.43424e-05 0.00066327 0.00124078 -0.000477039 0.000472157 0.00149464 0.00411646 0.00197876 -0.000515436 0.00092629 0.00244596 -0.000488062 0.000804281 -0.000134046 0.00465508 -0.000174315 -6.04916e-05 -6.31058e-05 -7.79845e-05 -0.000552669 -0.000513151 0.000382771 0.0016281 -0.000631207 0.0029153 0.000325835 -0.00148887
internal_weight=1.56385e+06 1.12704e+06 683623 678073 109623 60964 436816 443414 35622 6324 6709 430107 29298 10851 426723 20306 16343 3963 3799 48659 568450 566308 406417 398558 407792 17805 6466 11339 389987 12521
internal_count=1563853 1127037 683623 678073 109623 60964 436816 443414 35622 6324 6709 430107 29298 10851 426723 20306 16343 3963 3799 48659 568450 566308 406417 398558 407792 17805 6466 11339 389987 12521
is_linear=0
shrinkage=0.01


Tree=55
num_leaves=31
num_cat=0
split_feature=64 73 18 47 60 1 48 82 16 30 75 58 30 60 33 73 50 27 62 73 1 73 1 13 55 32 64 16 78 1
split_gain=1319.12 549.457 619.695 652.36 582.037 575.894 451.962 413.73 419.68 482.437 400.811 533.944 368.2 367.469 341.061 334.28 313.195 315.757 364.13 358.104 347.038 308.145 303.978 301.196 299.724 289.134 278.808 168.769 210.367 31.7706
threshold=0.039443969726562507 0.0013360893353819849 -0.14581298828124997 0.24133300781250003 -0.0038194656372070308 0.059341430664062507 16.101562500000004 -0.23157238960266111 0.10351562500000001 0.17187500000000003 -0.00072934606578201045 0.072113037109375014 0.73437500000000011 -0.0032606124877929683 0.19995117187500003 -0.013427093625068663 0.032546997070312507 -0.035476684570312493 -0.010265350341796873 -0.0033266306854784484 0.072784423828125014 -0.0058784801512956611 0.090179443359375014 1.4901161193847659e-07 0.011783599853515627 0.012012481689453127 0.037307739257812507 0.060165405273437507 0.0045689493417739877 0.077545166015625014
decision_type=2 2 2 2 2 2 2 2 2 2 2 2 2 2 2 2 2 2 2 2 2 2 2 2 2 2 2 2 2 2
left_child=6 16 3 -3 23 -4 7 15 9 21 11 -7 -11 -6 22 27 -2 -18 19 -19 -20 -9 -10 -5 -12 -16 -8 -1 -29 -17
right_child=1 2 5 4 13 10 26 8 14 12 24 -13 -14 -15 25 29 17 18 20 -21 -22 -23 -24 -25 -26 -27 -28 28 -30 -31
leaf_value=-0.0038318673296420425 0.0039120295061824571 0.0090086271467738951 0.0052564215458839941 0.0023255544039222009 0.0073854609355330468 -0.00070931700352187474 0.0004063278687311081 0.00023460337998140629 -0.00051239451778391839 -0.0002613228474573708 -0.0050866944567835573 0.006235190170966025 0.00098577077289847587 0.001691498606895839 0.0041809175678173506 -0.0059797161006178538 -0.0033827797002658274 0.0020852180744264205 0.00067334557960941027 -0.0003772747341497445 0.00010976138933506753 0.0062468372099200569 0.0041786884853653632 -0.0035740678803722298 -0.00052554956097511732 0.0010544100285684338 0.0052227704975361649 0.0010224988307530015 -0.0024667914767456315 -0.003793897167178456
leaf_weight=1756 2438 1923 2142 1737 2540 2984 2358 1562 12741 926965 2063 1737 24276 2061 4792 1508 2256 21869 159219 8080 348143 1861 1529 1686 4690 7727 2439 4265 2876 1514
leaf_count=1756 2438 1923 2142 1737 2540 2984 2358 1562 12741 926965 2063 1737 24276 2061 4792 1508 2256 21869 159219 8080 348143 1861 1529 1686 4690 7727 2439 4265 2876 1514
internal_value=2.9617e-05 0.000415459 0.00190973 0.00380447 0.00253797 0.000521993 -0.000189007 -0.000203821 -0.000181309 -0.000215957 -0.000369452 0.0018613 -0.000229477 0.00485323 0.00105268 -0.00205416 0.00035043 0.000334193 0.000349924 0.00142105 0.000286643 0.00352061 -4.61008e-06 -0.000584188 -0.00192986 0.00225593 0.00286673 -0.00107299 -0.000385759 -0.00491678
internal_weight=1.56374e+06 565568 23563 9947 8024 13616 998169 993372 981453 954664 11474 4721 951241 4601 26789 11919 542005 539567 537311 29949 507362 3423 14270 3423 6753 12519 4797 8897 7141 3022
internal_count=1563737 565568 23563 9947 8024 13616 998169 993372 981453 954664 11474 4721 951241 4601 26789 11919 542005 539567 537311 29949 507362 3423 14270 3423 6753 12519 4797 8897 7141 3022
is_linear=0
shrinkage=0.01


Tree=56
num_leaves=31
num_cat=0
split_feature=67 65 79 10 45 72 7 7 38 51 70 1 82 23 56 21 10 16 23 62 73 6 3 6 62 31 62 82 8 73
split_gain=1636.75 694.246 414.201 469.883 490.757 556.164 488.964 402.098 376.616 355.089 340.814 414.22 747.155 435.035 456.609 337.303 423.26 514.758 419.334 403.374 542.396 324.169 357.671 398.696 324.707 349.665 325.012 306.139 301.357 371.329
threshold=-0.18853759765624997 0.12774658203125003 0.0086430702358484286 0.57812500000000011 1.6718750000000002 -0.019091099500656124 0.0052108764648437509 0.025459289550781253 -0.12393188476562499 0.015892028808593753 0.70359113812446605 0.041748046875000007 -0.1057571768760681 -0.70239257812499989 0.041152954101562507 0.065826416015625014 0.48437500000000006 0.075836181640625014 -0.10525512695312499 -0.0091743469238281233 -0.017987716943025586 0.096954345703125014 0.83398437500000011 0.098052978515625014 -0.0082893371582031233 0.10955810546875001 -0.0083808898925781233 -0.19888490438461301 0.71582031250000011 -0.061952590942382806
decision_type=2 2 2 2 2 2 2 2 2 2 2 2 2 2 2 2 2 2 2 2 2 2 2 2 2 2 2 2 2 2
left_child=9 7 3 4 5 -3 -5 28 -6 10 11 12 -1 27 -15 19 17 -17 -18 -9 -21 24 23 -23 26 -26 -12 -13 29 -2
right_child=1 2 -4 6 8 -7 -8 15 -10 -11 21 13 -14 14 -16 16 18 -19 -20 20 -22 22 -24 -25 25 -27 -28 -29 -30 -31
leaf_value=-0.0011518696284189445 -0.00063319383412828152 0.0037744834450199917 -0.0036671212890576634 0.0019799943187284851 0.00044701256232244902 0.0010424268196937432 0.0088161270563973729 -0.0018074581811584444 -0.0026022802865437737 -0.0026489608411632034 -0.0012106764640219859 -0.0025542787809050482 0.0082850636405511612 -0.00054766473197186464 0.004513174836834272 0.00066807511568682022 0.0025950953130118195 0.0033371517157239974 -0.0027463673892205781 -0.0027347243883165864 0.0044550944373705943 0.00589476775586 -0.0035629616664603321 0.00052332421506659044 -0.00047424060815935763 -0.0038252706646993342 -0.0032506820533714721 0.00096668110582732113 -0.00038625765959188088 0.00018203119065238134
leaf_weight=1802 59952 9074 1794 3254 19328 41420 1534 7771 5103 7942 64472 2650 1543 188541 1780 14381 2270 14528 4087 1602 2963 1556 1792 11261 96754 3198 8879 32995 131922 817617
leaf_count=1802 59952 9074 1794 3254 19328 41420 1534 7771 5103 7942 64472 2650 1543 188541 1780 14381 2270 14528 4087 1602 2963 1556 1792 11261 96754 3198 8879 32995 131922 817617
internal_value=-2.74259e-05 0.000170271 0.00105942 0.00116669 0.000971921 0.00153469 0.00419775 0.000101695 -0.000191513 -0.000556846 -0.000516897 -0.000258136 0.00322462 -0.000309972 -0.000499863 0.000999647 0.00149729 0.00201078 -0.000836845 -0.000423121 0.00193104 -0.000832604 0.000597285 0.00118359 -0.000953195 -0.000582202 -0.00145843 0.000703632 5.93336e-05 0.000126325
internal_weight=1.56376e+06 1.1386e+06 81507 79713 74925 50494 4788 1.05709e+06 24431 425165 417223 229311 3345 225966 190321 47602 35266 28909 6357 12336 4565 187912 14609 12817 173303 99952 73351 35645 1.00949e+06 877569
internal_count=1563765 1138600 81507 79713 74925 50494 4788 1057093 24431 425165 417223 229311 3345 225966 190321 47602 35266 28909 6357 12336 4565 187912 14609 12817 173303 99952 73351 35645 1009491 877569
is_linear=0
shrinkage=0.01


Tree=57
num_leaves=31
num_cat=0
split_feature=74 77 36 63 57 12 60 83 1 57 82 78 62 62 76 83 43 61 59 42 78 6 72 72 60 11 6 78 64 61
split_gain=1482.91 645.101 363.562 453.744 393.199 452.467 538.096 373.12 609.341 420.737 346.024 347.789 344.018 427.118 339.582 332.643 461.95 527.763 447.414 370.238 329.821 641.794 368.015 805.765 462.907 383.408 318.512 324.402 315.433 314.543
threshold=-0.12045061588287352 0.014881875365972521 0.049407958984375007 0.076446533203125014 0.024467468261718753 0.018745422363281253 -0.0034151077270507808 -1.7418527603149412 0.099151611328125014 0.022117614746093753 -0.21755242347717282 0.0013255770318210127 -0.0082893371582031233 -0.0087013244628906233 0.030493266880512241 -0.51827335357666005 -1.0200195312499998 -0.0045375823974609366 0.037673950195312507 -0.019721984863281247 0.0068348124623298654 0.065826416015625014 -0.11161452531814574 -0.10519480705261229 -0.0024900436401367183 0.093811035156250014 0.089569091796875014 0.00729246810078621 0.042861938476562507 -0.0032854080200195308
decision_type=2 2 2 2 2 2 2 2 2 2 2 2 2 2 2 2 2 2 2 2 2 2 2 2 2 2 2 2 2 2
left_child=10 2 3 -2 7 14 -7 8 -4 -9 11 -1 13 -5 -6 29 18 19 -17 -18 22 28 24 -24 -3 -25 27 -23 -22 -12
right_child=1 20 4 12 5 6 -8 9 -10 -11 15 -13 -14 -15 -16 16 17 -19 -20 -21 21 26 23 25 -26 -27 -28 -29 -30 -31
leaf_value=-0.0047204004478945101 -0.0023065046146598903 0.0031351934802343259 0.00056210345308866933 0.0024963172500901722 -0.0010179786575631017 0.0065294343070171484 -0.00026971022128740311 -0.00020157726590987754 0.0061526922045390458 0.00031562988098501925 -0.00043768156611061155 -0.0010775472225923515 0.0065030326749111866 -0.0022883331368907449 -0.0040693552010344341 0.0013411444716699516 -0.0045516106267205541 0.0016205821689076097 0.0075949568004341599 -0.00032093802632515603 0.0017639933918550388 0.0053906244175688268 -0.0034949138744260729 0.0010095742851385827 -0.0020943196643234663 -9.4206662944095967e-05 0.0061096765292562019 0.00089306699008926522 -0.0044100802141745213 0.001336059013663952
leaf_weight=3188 2553 10832 137053 11187 21259 1553 4471 300183 1958 330354 478721 14435 1664 2222 4389 3993 2197 15700 1590 30959 1527 2344 4732 107621 1991 44467 3223 5019 1765 10192
leaf_count=3188 2553 10832 137053 11187 21259 1553 4471 300183 1958 330354 478721 14435 1664 2222 4389 3993 2197 15700 1590 30959 1527 2344 4732 107621 1991 44467 3223 5019 1765 10192
internal_value=4.88299e-05 0.000279231 0.000159122 0.00157896 0.000127848 -0.000963771 0.00149893 0.0001728 0.000641722 6.94018e-05 -0.000362854 -0.00174114 0.00223924 0.00170123 -0.00154291 -0.000318088 0.000423294 0.000111349 0.00314294 -0.000603848 0.000815068 0.00229632 0.000693635 0.00056027 0.00232122 0.000686884 0.00349399 0.00233558 -0.00155287 -0.000400653
internal_weight=1.56334e+06 1.00237e+06 818846 17626 801220 31672 6024 769548 139011 630537 560975 17623 15073 13409 25648 543352 54439 48856 5583 33156 183521 13878 169643 156820 12823 152088 10586 7363 3292 488913
internal_count=1563342 1002367 818846 17626 801220 31672 6024 769548 139011 630537 560975 17623 15073 13409 25648 543352 54439 48856 5583 33156 183521 13878 169643 156820 12823 152088 10586 7363 3292 488913
is_linear=0
shrinkage=0.01


Tree=58
num_leaves=31
num_cat=0
split_feature=65 83 38 26 69 55 59 17 3 18 8 23 61 65 48 74 69 62 23 5 61 45 79 50 82 11 1 83 83 5
split_gain=1416.72 540.016 494.917 406.623 444.135 395.315 651.624 508.678 382.434 474.852 432.345 587.839 465.942 385.471 708.134 401.212 381.581 379.732 440.471 375.894 367.803 431.107 338.149 436.89 321.112 313.935 347.426 313.099 266.014 309.945
threshold=0.11898803710937501 -0.13992387056350705 0.73120117187500011 0.041427612304687507 0.48054726421833044 -0.11770629882812499 0.035324096679687507 -0.015914916992187497 -0.66113281249999989 -1.3447265624999998 -1.0405273437499998 0.37927246093750006 -0.0038270950317382808 0.11941528320312501 14.582031250000002 -0.097783029079437242 0.4127462506294251 -0.010150909423828123 -0.35314941406249994 0.64062500000000011 -0.0061817169189453116 1.2656250000000002 0.00055715208873152744 0.036361694335937507 0.047476425766944892 0.067474365234375014 0.076629638671875014 -1.6377048492431638 -0.96415722370147694 0.45312500000000006
decision_type=2 2 2 2 2 2 2 2 2 2 2 2 2 2 2 2 2 2 2 2 2 2 2 2 2 2 2 2 2 2
left_child=1 3 8 -1 17 6 -6 -7 9 -2 11 -11 -12 14 16 27 -10 18 -5 -17 21 -4 -3 25 -19 -24 -27 -15 29 -22
right_child=2 22 20 4 5 7 -8 -9 13 10 12 -13 -14 15 -16 19 -18 24 -20 -21 28 -23 23 -25 -26 26 -28 -29 -30 -31
leaf_value=-0.0017908220363515737 0.0062029068167863931 -0.0009682481721586027 0.0056175616591778391 0.0054421097976820806 0.00028960576668529041 0.0051466798348096237 0.0027893222717616868 -0.00040616086153371554 -0.0035362562952598719 0.0011352855506316102 0.0011713384806571953 0.009032202433770703 -0.0011828922897020912 0.00095543313040387162 0.0066717075807340509 0.00054843517560458903 0.0013294182811103453 -0.00029506753923864916 0.00032763219258730451 -0.00050701779036210488 -0.0022960305684658986 -0.00050230905859368377 -0.0011724061610779654 0.0064037875384092341 -0.0010526064559865725 0.00023412454424522834 0.0034229356923791642 -0.00079154133365419324 0.0020824626822888233 -0.00011555514914632905
leaf_weight=17488 1791 5584 1812 2360 38004 1682 14355 53735 1709 2423 57271 1530 9836 12790 2392 280842 23936 826710 5767 38335 16808 3089 3897 1860 60003 6056 7829 51531 2292 10645
leaf_count=17488 1791 5584 1812 2360 38004 1682 14355 53735 1709 2423 57271 1530 9836 12790 2392 280842 23936 826710 5767 38335 16808 3089 3897 1860 60003 6056 7829 51531 2292 10645
internal_value=-3.21564e-05 -0.000244208 0.000394908 -0.000279958 -0.00025357 0.000352842 0.000975744 -0.000235827 0.000477499 0.00114525 0.00101607 0.00422185 0.000826025 0.000359242 0.00149073 0.000276447 0.00100266 -0.000326614 0.00182254 0.000421645 -0.000759408 0.00177397 0.00120058 0.00181751 -0.000346352 0.00133113 0.00203446 -0.000443973 -0.00117774 -0.00145124
internal_weight=1.56436e+06 1.04533e+06 519032 1.0201e+06 1.00262e+06 107776 52359 55417 484386 72851 71060 3953 67107 411535 28037 383498 25645 894840 8127 319177 34646 4901 25226 19642 886713 17782 13885 64321 29745 27453
internal_count=1564362 1045330 519032 1020104 1002616 107776 52359 55417 484386 72851 71060 3953 67107 411535 28037 383498 25645 894840 8127 319177 34646 4901 25226 19642 886713 17782 13885 64321 29745 27453
is_linear=0
shrinkage=0.01


Tree=59
num_leaves=31
num_cat=0
split_feature=64 50 55 23 56 42 72 52 43 18 3 78 43 43 65 83 17 61 83 33 46 21 61 22 45 62 41 10 79 33
split_gain=1608.89 616.72 597.304 405.33 677.373 653.39 469.558 751.361 597.293 452.671 403.778 493.683 466.093 618.184 479.924 305.255 304.205 632.117 531.474 407.277 357.279 313.503 296.958 293.409 543.969 293.206 885.947 378.568 292.779 437.871
threshold=0.039443969726562507 0.044113159179687507 -0.23614501953124997 -1.4423828124999998 0.044815063476562507 0.013561248779296877 -0.053164288401603692 0.054367065429687507 0.89111328125000011 0.28930664062500006 -0.60888671874999989 0.001176106743514538 -0.14202880859374997 -0.61352539062499989 0.11929321289062501 -1.2106432914733884 -0.0051403045654296866 -0.0036497116088867183 -0.30029129981994623 1.2304687500000002 0.32165527343750006 0.041748046875000007 -0.0040378570556640616 0.021865844726562503 1.2031250000000002 -0.010707855224609373 0.046463012695312507 0.23437500000000003 0.0007890583947300912 -0.32202148437499994
decision_type=2 2 2 2 2 2 2 2 2 2 2 2 2 2 2 2 2 2 2 2 2 2 2 2 2 2 2 2 2 2
left_child=2 10 16 4 5 22 23 -8 -9 -7 11 -2 13 -13 -14 -3 21 18 20 -19 -18 -1 -4 -5 -25 26 -12 -28 29 -27
right_child=1 15 3 6 -6 9 7 8 -10 -11 25 12 14 -15 -16 -17 17 19 -20 -21 -22 -23 -24 24 -26 28 27 -29 -30 -31
leaf_value=-0.0046149992148676313 0.0056894581532337899 0.0036667499641811147 0.0013681904945177853 -0.00030982255616919622 -0.0042093061120271917 0.0087185122114271148 0.0069528213135183672 0.00069609566093354908 -0.0033398078859172269 0.0018923305146878741 0.0084853331190899699 0.00053614035161252778 -0.0018252661915402566 0.0028663146914381589 0.00086059842376247201 -3.9196935334430745e-05 -0.0013346323994497223 0.0051267860810922349 0.0041571372319204047 -0.0010276029929704501 0.00044827487780273878 -0.0011323229357888202 -0.003120079094583208 -0.001457199632958286 0.0011941612305338028 0.00054469325723582212 0.0051769024210790463 -0.00023397871317490455 0.00026841064025246917 -0.0022260086387131811
leaf_weight=2652 2187 8480 12895 725709 2042 2023 1805 58359 3893 1879 1686 27397 10407 19475 18360 3009 38363 3290 2221 1584 15882 81577 1645 10206 31801 10984 1526 7893 442436 11831
leaf_count=2652 2187 8480 12895 725709 2042 2023 1805 58359 3893 1879 1686 27397 10407 19475 18360 3009 38363 3290 2221 1584 15882 81577 1645 10206 31801 10984 1526 7893 442436 11831
internal_value=-1.95115e-05 0.00040653 -0.000261039 -0.000159913 0.00122908 0.00183516 -0.000194149 0.000628269 0.000442714 0.00545779 0.000358934 0.00102665 0.000890362 0.00150512 -0.000111656 0.00269777 -0.000852995 -0.000317164 -0.000615774 0.00313065 -0.000812655 -0.00124305 0.000856817 -0.000262785 0.000549601 0.000249805 0.0018542 0.000651766 0.000211432 -0.00089278
internal_weight=1.5635e+06 565671 997826 852257 20484 18442 831773 64057 62252 3902 554182 77826 75639 46872 28767 11489 145569 61340 56466 4874 54245 84229 14540 767716 42007 476356 11105 9419 465251 22815
internal_count=1563497 565671 997826 852257 20484 18442 831773 64057 62252 3902 554182 77826 75639 46872 28767 11489 145569 61340 56466 4874 54245 84229 14540 767716 42007 476356 11105 9419 465251 22815
is_linear=0
shrinkage=0.01


Tree=60
num_leaves=31
num_cat=0
split_feature=51 59 16 83 45 63 12 57 61 62 20 72 31 72 72 62 72 55 22 74 32 69 41 48 21 10 41 17 37 30
split_gain=1114.42 548.642 425.643 349.583 539.82 378.75 340.18 310.227 485.747 306.748 391.039 431.41 434.945 349.177 301.35 434.599 360.506 414.971 346.868 318.375 311.177 298.584 289.53 287.764 387.785 287.733 254.583 246.594 233.688 222.813
threshold=0.015937805175781253 0.15875244140625003 0.11386108398437501 -0.13992387056350705 1.0468750000000002 0.066009521484375014 -0.0092735290527343733 0.016899108886718753 -0.0036497116088867183 -0.0083580017089843733 0.26562500000000006 -0.019091099500656124 0.058013916015625007 -0.017337571829557415 -0.11230084300041197 -0.010051727294921873 -0.07115659117698668 -0.18560791015624997 0.033447265625000007 -0.15368869900703427 0.0069694519042968759 0.4043832272291184 0.065826416015625014 12.636718750000002 0.086883544921875014 0.29687500000000006 0.065338134765625014 0.0011081695556640627 -0.0046081542968749991 0.60937500000000011
decision_type=2 2 2 2 2 2 2 2 2 2 2 2 2 2 2 2 2 2 2 2 2 2 2 2 2 2 2 2 2 2
left_child=2 14 3 5 -5 -1 -6 -7 -9 10 25 12 -12 -13 15 19 21 -18 -19 -2 -21 -16 -11 29 -25 27 -23 -3 -27 -17
right_child=1 9 -4 4 6 7 -8 8 -10 22 11 13 -14 -15 16 23 17 18 -20 20 -22 26 -24 24 -26 28 -28 -29 -30 -31
leaf_value=-0.0022161651099115733 -0.00095255121560714807 -0.0021229802080661576 0.0039044918032098141 -0.0012103978910492463 0.0011093822925340589 -0.0029655299708247185 0.0073927996432442055 -0.00047576345457824758 0.0012450009401981446 0.00093619836337685851 0.00068680883383949334 -0.0037357322102732978 0.0043574670269744525 0.00086648877887283591 -0.0034886276141247331 0.00050222661454102087 0.004904309789212748 0.00016999314996444948 0.0025490403183049894 0.0011068909184954992 0.0059946094313595615 0.00032857986896929101 0.005938708331330738 -0.003753378707093078 0.0022443648262947817 -0.0034469910533471426 -0.00030208611927528368 0.0028706370884765803 0.0010404047209276925 0.0042111425858110717
leaf_weight=12253 1577 1537 2237 3070 1593 4764 1878 393749 17099 2275 5748 1695 7369 42851 2700 92780 1858 564182 6176 2120 3403 82047 2353 3445 1549 4612 290874 2697 1538 1629
leaf_count=12253 1577 1537 2237 3070 1593 4764 1878 393749 17099 2275 5748 1695 7369 42851 2700 92780 1858 564182 6176 2120 3403 82047 2353 3445 1549 4612 290874 2697 1538 1629
internal_value=1.73841e-06 0.000167909 -0.00042715 -0.000449635 0.00184131 -0.000484742 0.00453193 -0.000433592 -0.00040409 0.00100817 0.000838113 0.00115977 0.00275244 0.000689774 0.000109972 0.000614269 5.3295e-05 0.000211302 0.000195843 0.00300099 0.00412923 -0.000187409 0.00349422 0.000443225 -0.00189151 -0.000946893 -0.000163322 0.00105643 -0.00232504 0.000567101
internal_weight=1.56366e+06 1.12702e+06 436643 434406 6541 427865 3471 415612 410848 72675 68047 57663 13117 44546 1.05434e+06 106503 947837 572216 570358 7100 5523 375621 4628 99403 4994 10384 372921 4234 6150 94409
internal_count=1563658 1127015 436643 434406 6541 427865 3471 415612 410848 72675 68047 57663 13117 44546 1054340 106503 947837 572216 570358 7100 5523 375621 4628 99403 4994 10384 372921 4234 6150 94409
is_linear=0
shrinkage=0.01


Tree=61
num_leaves=31
num_cat=0
split_feature=55 52 72 51 70 41 48 0 79 76 82 33 83 83 79 26 62 77 2 48 75 75 50 60 83 51 3 82 73 78
split_gain=1318.68 421.651 463.009 509.664 412.943 441.592 397.653 399.803 392.491 362.951 360.833 352.018 596.755 343.407 339.983 595.094 369.8 331.351 473.801 401.4 326.011 480.916 429.422 395.908 311.425 479.465 307.497 283.066 236.847 313.335
threshold=-0.18853759765624997 0.054977416992187507 -0.11161452531814574 0.017234802246093753 0.65842026472091686 0.053863525390625007 8.0898437500000018 0.35937500000000006 0.0091219358146190661 0.017852559685707096 -0.20693573355674741 -0.98168945312499989 -1.5708360671997068 -0.13992387056350705 0.00042400031816214328 0.090545654296875014 -0.010997772216796873 0.012092325836420061 -0.012794494628906248 12.574218750000002 -0.0051677506417036048 -0.011599911376833914 0.040573120117187507 -0.0025053024291992183 0.076966524124145522 0.015392303466796877 -0.55639648437499989 -1.0000000180025095e-35 -0.015305206179618834 0.0022334000095725064
decision_type=2 2 2 2 2 2 2 2 2 2 2 2 2 2 2 2 2 2 2 2 2 2 2 2 2 2 2 2 2 2
left_child=10 2 3 17 5 -5 7 -3 11 -8 28 -4 -13 20 15 -11 -16 18 -2 -19 21 22 -12 -23 25 -15 -6 -10 29 -1
right_child=1 6 8 4 26 -7 9 -9 27 14 13 12 -14 24 16 -17 -18 19 -20 -21 -22 23 -24 -25 -26 -27 -28 -29 -30 -31
leaf_value=0.0032111610268050665 -0.0020798950028312899 -0.0031247329930416084 -0.0012794240452495183 0.0047255602839946457 0.00091476972977367135 -0.0016757865961161886 -0.0027227404131632462 0.0010805267132225069 -9.8777772076348512e-05 0.0061063164604522784 -0.00049633772727281848 0.00065122698300430261 -0.00023934534565334513 0.00068786866648900559 0.0043341110629652995 -0.00064480251329355966 0.0004346146183198401 0.0003530917632089009 0.003418257282189285 -0.0029926020545333904 -0.0034572182508631191 0.0004331122449859324 0.0031984572197562167 0.0039440724138413751 -0.001036990233152483 0.0080626583818331765 0.0060187859420139014 0.0050310553710598716 -0.0033802087086144358 -0.0014944120461126119
leaf_weight=1542 1993 6145 24986 1623 1679 3113 3544 3557 1856 2826 368554 93946 377570 2068 2424 2406 503581 89898 7126 3715 3453 18129 3153 3885 2041 1522 4020 2536 5945 15140
leaf_count=1542 1993 6145 24986 1623 1679 3113 3544 3557 1856 2826 368554 93946 377570 2068 2424 2406 503581 89898 7126 3715 3453 18129 3153 3885 2041 1522 4020 2536 5945 15140
internal_value=3.40589e-05 0.000211558 3.37016e-05 0.000611342 0.00271487 0.000528565 0.000419781 -0.00158393 -9.68238e-05 0.000457605 -0.000440952 -0.000123206 -6.18854e-05 -0.000371878 0.000479757 0.0030111 0.000453466 0.000397189 0.00221469 0.000219708 -0.000406686 -0.000379758 -0.000464826 0.00105574 0.00207603 0.0038418 0.00452353 0.00287264 -0.0016692 -0.00105613
internal_weight=1.56398e+06 1.13854e+06 614061 113167 10435 4736 524483 9702 500894 514781 425432 496502 471516 402805 511237 5232 506005 102732 9119 93613 397174 393721 371707 22014 5631 3590 5699 4392 22627 16682
internal_count=1563976 1138544 614061 113167 10435 4736 524483 9702 500894 514781 425432 496502 471516 402805 511237 5232 506005 102732 9119 93613 397174 393721 371707 22014 5631 3590 5699 4392 22627 16682
is_linear=0
shrinkage=0.01


Tree=62
num_leaves=31
num_cat=0
split_feature=57 74 35 57 23 42 54 16 16 63 52 45 48 69 61 61 15 30 57 6 64 25 18 61 18 72 58 65 81 8
split_gain=1417.84 574.5 466.508 684.48 453.069 523.69 446.027 435.098 424.869 478.523 395.822 389.957 495.301 383.872 378.941 387.174 370.974 539.296 447.558 406.958 401.086 368.784 359.911 336.499 547.825 324.998 305.299 530.114 385.403 297.86
threshold=0.022407531738281253 -0.15368869900703427 0.48437500000000006 0.023872375488281253 -1.5673828124999998 0.013820648193359377 -0.13555908203124997 0.10140991210937501 0.096099853515625014 0.075347900390625014 0.047622680664062507 1.9531250000000002 14.035156250000002 0.41926763951778417 -0.0062389373779296866 -0.0061244964599609366 0.57812500000000011 0.64062500000000011 0.022926330566406253 0.060440063476562507 0.040206909179687507 0.70312500000000011 0.87475585937500011 -0.0036134719848632808 -0.25134277343749994 -0.13640508055686948 0.061538696289062507 0.11227416992187501 0.0012472127564251425 -0.92968749999999989
decision_type=2 2 2 2 2 2 2 2 2 2 2 2 2 2 2 2 2 2 2 2 2 2 2 2 2 2 2 2 2 2
left_child=1 7 16 6 5 -3 -4 22 13 -10 -6 -5 -13 -8 -12 -16 21 19 -19 -18 -21 26 23 -1 -25 -24 27 -2 -28 -9
right_child=2 4 3 11 10 -7 8 29 9 -11 14 12 -14 -15 15 -17 17 18 -20 20 -22 -23 25 24 -26 -27 28 -29 -30 -31
leaf_value=-0.00069018053646486394 0.00058660990761842159 0.0010459565705129889 -0.0015301015718016053 -0.0042186722996459111 0.0044933263885716147 0.0073084270162822717 0.0037818840817805933 0.0039827208197053109 0.0076054792334142229 0.0014300457506727408 -0.0024708193458688721 0.00012013628402964532 -0.0037216484137747273 0.00016676132896416138 0.0026584960400677818 -8.8196358916015785e-05 0.0032709233471841528 -0.00046589431734150334 0.0063951725955232195 0.0015348195279536604 -0.0013867021417576023 0.0049174529679026184 -0.003744329389179729 -0.00088336730668317476 0.0025914851853038406 0.00050776720530212676 -2.4524206998019329e-05 0.0030894461526977599 0.00078566364346729879 0.00038190828201371498
leaf_weight=249959 21614 7503 13206 4733 1869 1607 2988 2972 1529 6685 6604 11863 4659 125028 5151 680427 2455 1734 2078 5566 29658 2054 6707 9840 8387 2447 77354 13901 243625 9916
leaf_count=249959 21614 7503 13206 4733 1869 1607 2988 2972 1529 6685 6604 11863 4659 125028 5151 680427 2455 1734 2078 5566 29658 2054 6707 9840 8387 2447 77354 13901 243625 9916
internal_value=2.48046e-05 -0.000203404 0.000422009 -1.5676e-05 -4.88994e-05 0.00216424 0.000223218 -0.000577708 0.000393383 0.00259526 -7.80103e-05 -0.00169388 -0.000966389 0.000251719 -9.04831e-05 -6.74825e-05 0.000608754 -0.000286324 0.00328807 -0.0006495 -0.000924442 0.000712342 -0.000661197 -0.000594521 0.000716645 -0.00260905 0.000687839 0.00156744 0.000590424 0.00121715
internal_weight=1.56412e+06 993389 570730 170691 703161 9110 149436 290228 136230 8214 694051 21255 16522 128016 692182 685578 400039 41491 3812 37679 35224 358548 277340 268186 18227 9154 356494 35515 320979 12888
internal_count=1564119 993389 570730 170691 703161 9110 149436 290228 136230 8214 694051 21255 16522 128016 692182 685578 400039 41491 3812 37679 35224 358548 277340 268186 18227 9154 356494 35515 320979 12888
is_linear=0
shrinkage=0.01


Tree=63
num_leaves=31
num_cat=0
split_feature=55 73 18 16 1 57 25 59 16 51 11 40 70 70 59 36 21 75 72 26 1 33 32 12 31 69 0 26 70 69
split_gain=1299.15 472.505 446.637 459.303 456.314 357.972 508.157 337.453 358.747 305.397 299.61 477.032 564.938 759 295.932 294.767 388.336 312.121 304.017 286.631 329.726 248.553 360.065 460.311 315.591 305.137 413.668 351.533 236.949 235.678
threshold=-0.18707275390624997 0.0013360893353819849 -0.15246582031249997 0.067840576171875014 0.059341430664062507 0.024971008300781253 0.48437500000000006 -0.12738037109374997 0.11386108398437501 0.019538879394531253 0.047714233398437507 0.48437500000000006 0.68844845890998851 0.70216554403305065 0.21148681640625003 0.089019775390625014 0.094024658203125014 -0.0028299121186137195 -0.063020586967468248 0.11270141601562501 0.055130004882812507 -0.52758789062499989 -0.019050598144531247 0.014694213867187502 0.045059204101562507 0.4197517484426499 0.32812500000000006 0.038543701171875007 0.68669891357421886 0.41926763951778417
decision_type=2 2 2 2 2 2 2 2 2 2 2 2 2 2 2 2 2 2 2 2 2 2 2 2 2 2 2 2 2 2
left_child=7 10 3 5 -4 6 -3 -1 21 14 11 12 -2 -14 -6 19 17 -17 -18 29 -21 22 24 -24 -9 26 -23 -27 -11 -12
right_child=1 2 4 -5 9 -7 -8 8 -10 28 15 -13 13 -15 -16 16 18 -19 -20 20 -22 25 23 -25 -26 27 -28 -29 -30 -31
leaf_value=-0.0027717687645067907 -0.0017181282604420648 -0.0037731276215766008 0.0045828938687077995 0.0063117363704831043 -0.00038222933218727599 0.0046700942581672641 0.0030624010609264208 0.002027976888121708 0.0036500519337123796 -0.0005340725709056277 0.00087702272490978604 -0.0031117755716497247 0.005436186344102696 0.00056938287492440647 0.0046320576409142325 -0.00064435110332749417 0.0015291054226591273 0.0038979077416833137 -0.0019984909662358126 -0.0052148240739000803 -0.00064681948851053744 -1.174487445974843e-06 0.00052371904956248873 0.005800968000296192 -0.0015797388209207697 -0.0028846707159227549 -0.0012141272003019536 -0.00026993539968611424 -0.0046254523771632134 0.00014793340968901402
leaf_weight=6343 3276 1975 2154 3141 3262 2534 2371 2895 2102 4437 46615 2059 6196 6625 1819 106115 15754 1515 2873 1886 9290 37504 31128 1726 14448 5243 112312 223755 2063 899873
leaf_count=6343 3276 1975 2154 3141 3262 2534 2371 2895 2102 4437 46615 2059 6196 6625 1819 106115 15754 1515 2873 1886 9290 37504 31128 1726 14448 5243 112312 223755 2063 899873
internal_value=-2.3083e-05 0.000156614 0.00155138 0.00315443 0.00037891 0.00169887 -4.69969e-05 -0.000485536 -0.000451772 -0.00040956 0.000126521 0.00139979 0.00198002 0.00292616 0.00142401 0.000105168 -0.000348966 -0.000579702 0.000983454 0.000165047 -0.00142563 -0.000472038 0.000189123 0.000804322 -0.000975874 -0.000559655 -0.000910525 -0.000330047 -0.00184282 0.000183859
internal_weight=1.56329e+06 1.12583e+06 23756 10021 13735 6880 4346 437456 431113 11581 1.10208e+06 18156 16097 12821 5081 1.08392e+06 126257 107630 18627 957664 11176 429011 50197 32854 17343 378814 149816 228998 6500 946488
internal_count=1563289 1125833 23756 10021 13735 6880 4346 437456 431113 11581 1102077 18156 16097 12821 5081 1083921 126257 107630 18627 957664 11176 429011 50197 32854 17343 378814 149816 228998 6500 946488
is_linear=0
shrinkage=0.01


Tree=64
num_leaves=31
num_cat=0
split_feature=57 76 31 15 6 62 26 61 69 18 79 68 59 23 83 18 71 54 26 17 23 16 18 41 60 78 25 38 25 60
split_gain=1225.93 535.285 540.33 563.72 423.637 583.935 382.232 355.131 349.046 342.948 347.464 571.839 413.91 319.048 573.702 375.733 411.277 350.017 310.842 333.074 307.947 337.995 354.582 297.871 381.179 271.799 389.618 267.717 267.288 209.329
threshold=0.022071838378906253 0.038625255227088935 0.10232543945312501 0.42187500000000006 0.061874389648437507 -0.0089302062988281233 0.041427612304687507 -0.0067424774169921866 0.42238306999206549 -1.6445312499999998 0.0012271539308130743 0.016704559326171878 0.092071533203125014 0.91430664062500011 -1.6037604808807371 -0.076019287109374986 0.29148764908313757 -0.12008666992187499 0.081878662109375014 0.020690917968750003 -1.1274414062499998 0.10015869140625001 1.5209960937500002 0.10412597656250001 -0.0025053024291992183 0.0017755525186657908 0.32812500000000006 -0.98754882812499989 0.67187500000000011 -0.0033349990844726558
decision_type=2 2 2 2 2 2 2 2 2 2 2 2 2 2 2 2 2 2 2 2 2 2 2 2 2 2 2 2 2 2
left_child=6 2 20 25 5 -3 -1 -6 13 29 12 -12 -11 15 -15 17 -17 -8 -9 -20 21 28 -23 27 -25 -4 -27 -22 -2 -10
right_child=1 4 3 -5 7 -7 8 18 9 10 11 -13 -14 14 -16 16 -18 -19 19 -21 23 22 -24 24 -26 26 -28 -29 -30 -31
leaf_value=-0.0020054206461833759 -0.0016651390464136385 0.00058023972892989103 -0.0024263035810982011 0.0070323423628564329 0.0039177674058372674 0.0071121284768493791 -0.001094842846541533 -0.003060076297484201 -0.0009696581793471801 0.00090181703337819438 0.0023919977244681511 -0.0001722983916219836 -0.0043268371310969311 0.0070042492271003556 -0.00022990911560456928 0.00086736647500974329 -0.0006858378884873281 -0.00016758172006119579 0.00045511012497192479 0.0050326046125262246 0.00081309194722209931 0.004411254478971339 -0.0017169141953147296 -0.0028116221912526311 0.0019381991727884494 0.0060985617309165024 -0.00028895254845781511 0.00022686481093294922 0.0026707655757976074 -0.005904705279660089
leaf_weight=11987 19448 2491 1524 2298 3622 3028 126467 2148 1916 48684 8822 528116 1543 1543 3667 33229 34968 60040 13881 1776 90945 2250 1602 6361 2282 1693 2154 542683 1516 1553
leaf_count=11987 19448 2491 1524 2298 3622 3028 126467 2148 1916 48684 8822 528116 1543 1543 3667 33229 34968 60040 13881 1776 90945 2250 1602 6361 2282 1693 2154 542683 1516 1553
internal_value=1.88511e-05 0.000329226 0.000274004 0.00290979 0.00171082 0.0041767 -0.000233652 0.00107238 -0.000208635 -7.42449e-05 -5.56685e-05 -0.000130079 0.000739532 -0.000513997 0.00193116 -0.000564161 7.09936e-05 -0.000796391 0.000489806 0.000980101 0.000243616 -0.000849006 0.00186692 0.000285858 -0.00155595 0.0011264 0.00253909 0.000311029 -0.00134934 -0.00320016
internal_weight=1.56424e+06 701702 674756 7669 26946 5519 862535 21427 850548 590634 587165 536938 50227 259914 5210 254704 68197 186507 17805 15657 667087 24816 3852 642271 8643 5371 3847 633628 20964 3469
internal_count=1564237 701702 674756 7669 26946 5519 862535 21427 850548 590634 587165 536938 50227 259914 5210 254704 68197 186507 17805 15657 667087 24816 3852 642271 8643 5371 3847 633628 20964 3469
is_linear=0
shrinkage=0.01


Tree=65
num_leaves=31
num_cat=0
split_feature=74 77 38 82 57 41 61 41 43 21 21 7 78 54 52 62 52 31 23 21 25 38 8 57 62 72 37 3 74 35
split_gain=1395.48 775.852 799.643 541.284 508.427 414.084 412.476 616.903 401.895 438.013 426.39 378.819 766.211 499.406 592.918 370.879 368.395 366.486 364 426.846 327.028 320.244 476.27 366.957 294.258 402.958 423.519 308.362 471.314 422.696
threshold=-0.12045061588287352 0.014926701784133913 -1.4086914062499998 -0.19888490438461301 0.024559020996093753 0.088287353515625014 -0.0055103302001953116 0.067901611328125014 1.2856445312500002 0.091644287109375014 0.10720825195312501 0.00097250938415527355 0.0067584775388240823 -0.14044189453124997 0.053909301757812507 -0.0070858001708984366 0.058914184570312507 0.069030761718750014 -0.49389648437499994 0.079681396484375014 0.64062500000000011 -0.20843505859374997 -0.44665527343749994 0.021507263183593753 -0.010051727294921873 -0.10050413012504576 -0.0031375885009765621 0.10855102539062501 -0.24977862834930417 0.48437500000000006
decision_type=2 2 2 2 2 2 2 2 2 2 2 2 2 2 2 2 2 2 2 2 2 2 2 2 2 2 2 2 2 2
left_child=3 2 5 -1 8 6 16 -8 10 -10 -4 15 13 -13 -15 21 -2 -7 -14 -20 24 23 -23 -3 25 26 -5 29 -29 -26
right_child=1 11 4 20 -6 17 7 -9 9 -11 -12 12 18 14 -16 -17 -18 -19 19 -21 -22 22 -24 -25 27 -27 -28 28 -30 -31
leaf_value=-0.0017283528323781714 0.0022349003762932667 -0.0033651973467686874 3.4760623896854148e-05 0.0048329939779817909 -0.001306446795939324 0.0038546098042955054 -0.0013882455084795297 0.0055367482459365205 0.0011819256294160203 0.0069567367006520752 0.0022112439143932481 0.0057194781800111137 0.0087384739204655736 -0.0012016879325762915 0.0012326540763003037 0.004317665421921346 -0.0030979010924588679 -0.0018270094145983807 -0.00053783745472934814 0.0054248497585455578 0.0032140626201552494 0.0021161110802110552 -0.00037406606025750167 7.8739922913981051e-06 9.7577472001940683e-05 -0.0022627390644172603 0.00058118662962390285 -0.0027421563253569392 -0.0005622246692463704 -0.00070088927356459633
leaf_weight=29036 5999 3414 753187 3533 27031 1524 1563 7069 9571 1505 9090 2176 1558 11650 70252 2284 1632 4270 1902 3220 2576 18119 13312 53056 196818 2751 6897 10393 209450 99956
leaf_count=29036 5999 3414 753187 3533 27031 1524 1563 7069 9571 1505 9090 2176 1558 11650 70252 2284 1632 4270 1902 3220 2576 18119 13312 53056 196818 2751 6897 10393 209450 99956
internal_value=-9.63282e-09 0.000223367 9.29293e-05 -0.000399234 4.11424e-05 0.00197039 0.00278736 0.00428253 8.82773e-05 0.00197773 6.07721e-05 0.000816168 0.00127222 0.0010126 0.000886177 0.00035704 0.00108929 -0.00032445 0.00452718 0.00321719 -0.000326681 0.00025317 0.00106188 -0.000197171 -0.000344018 0.00113034 0.00202791 -0.000381677 -0.00066552 -0.000171382
internal_weight=1.56479e+06 1.00338e+06 822441 561410 800384 22057 16263 8632 773353 11076 762277 180943 90758 84078 81902 90185 7631 5794 6680 5122 532374 87901 31431 56470 529798 13181 10430 516617 219843 296774
internal_count=1564794 1003384 822441 561410 800384 22057 16263 8632 773353 11076 762277 180943 90758 84078 81902 90185 7631 5794 6680 5122 532374 87901 31431 56470 529798 13181 10430 516617 219843 296774
is_linear=0
shrinkage=0.01


Tree=66
num_leaves=31
num_cat=0
split_feature=74 65 79 6 79 46 46 59 60 60 43 64 55 56 83 2 37 18 46 25 72 15 12 13 37 2 8 79 21 60
split_gain=1075.69 497.634 571.955 486.179 411.747 523.839 723.868 409.193 415.896 682.018 377.652 368.877 344.54 346.162 479.461 533.896 532.876 536.951 398.16 379.196 326.654 323.073 307.937 506.835 343.589 301.011 507.802 444.316 419.06 417.062
threshold=-0.11146119236946105 0.11898803710937501 0.0091219358146190661 0.073760986328125014 0.00049112015403807174 0.29724121093750006 0.32141113281250006 0.0043888092041015634 -0.0038270950317382808 -0.0035371780395507808 -1.6411132812499998 0.042251586914062507 -0.29333496093749994 0.039016723632812507 -0.55257081985473622 0.0031528472900390629 0.0095214843750000017 -0.42126464843749994 0.34020996093750006 0.64062500000000011 -0.091251358389854417 0.45312500000000006 0.016204833984375003 0.85937500000000011 0.042816162109375007 -0.013053894042968748 -1.3583984374999998 0.00062183942645788204 0.11044311523437501 -0.0021486282348632808
decision_type=2 2 2 2 2 2 2 2 2 2 2 2 2 2 2 2 2 2 2 2 2 2 2 2 2 2 2 2 2 2
left_child=12 2 7 -4 5 -3 -7 8 -2 -10 21 -12 -1 20 15 19 -16 -18 -17 -15 22 -9 24 -24 -14 26 -6 -27 -28 -29
right_child=1 4 3 -5 25 6 -8 10 9 -11 11 -13 13 14 16 18 17 -19 -20 -21 -22 -23 23 -25 -26 27 28 29 -30 -31
leaf_value=-0.0013494445836261667 -0.0022744799972318043 -0.0011642373084394006 0.0080001689298137731 0.0011339173224293704 0.0066719397107504073 0.0095410137592123207 0.0016365932800008567 -0.00022352574940989999 0.0053861237151961675 0.00082734449536118982 -0.00011951068682749128 -0.0020312816599140997 -0.00019040322433880606 -0.00030292363407783828 5.5287011175848252e-05 -0.0012223277490537555 -0.0008545026253616348 0.0053135683842734883 0.00062383706413416567 0.0029780520181459198 0.0038405079570880069 0.0051594972267339006 0.0031950766673154462 0.00021952946050312293 0.0045311585237684934 -0.0029668230623461321 0.00076142850575249476 0.00030234393276528949 0.0059971837236963465 0.0042382475017270511
leaf_weight=31052 3051 2258 1550 3029 1532 1853 3065 2020 3990 18129 406292 10330 222532 193426 25040 126521 2094 4278 12858 3568 2186 2464 7306 26201 1532 4111 65153 371888 1546 2692
leaf_count=31052 3051 2258 1550 3029 1532 1853 3065 2020 3990 18129 406292 10330 222532 193426 25040 126521 2094 4278 12858 3568 2186 2464 7306 26201 1532 4111 65153 371888 1546 2692
internal_value=-1.40896e-05 0.000209669 -2.56739e-05 0.00348284 0.000443322 0.00281644 0.0046414 -6.18273e-05 0.00117622 0.00165382 -0.000135879 -0.000167008 -0.000321546 -0.000270642 -0.000468015 -0.000578356 0.000713184 0.00329025 -0.00105195 -0.000243202 8.82801e-06 0.00274427 -2.3987e-05 0.000869849 -0.000157719 0.000405094 0.00101641 0.000294901 0.000884548 0.000330855
internal_weight=1.56355e+06 904953 450855 4579 454098 7176 4918 446276 25170 22119 421106 416622 658594 627542 367785 336373 31412 6372 139379 196994 259757 4484 257571 33507 224064 446922 68231 378691 66699 374580
internal_count=1563547 904953 450855 4579 454098 7176 4918 446276 25170 22119 421106 416622 658594 627542 367785 336373 31412 6372 139379 196994 259757 4484 257571 33507 224064 446922 68231 378691 66699 374580
is_linear=0
shrinkage=0.01


Tree=67
num_leaves=31
num_cat=0
split_feature=64 82 58 52 42 48 48 8 64 18 83 48 50 33 60 30 18 73 55 7 8 64 64 3 70 22 36 18 46 60
split_gain=1444.6 525.781 410.799 467.065 395.918 487.816 391.099 392.141 379.544 614.519 703.443 367.607 347.818 344.447 363.194 327.343 323.616 430.199 590.002 421.719 320.749 311.725 810.387 331.919 304.736 417.991 304.596 299.187 628.149 289.794
threshold=0.039443969726562507 -0.19888490438461301 0.067779541015625014 0.057632446289062507 -0.015659332275390622 14.410156250000002 14.285156250000002 0.77612304687500011 0.043319702148437507 0.36633300781250006 -0.67115664482116688 8.2070312500000018 0.037155151367187507 -1.1440429687499998 -0.0030622482299804683 0.17187500000000003 0.0087510049343109148 -0.030136756598949429 -0.11434936523437499 0.024803161621093753 0.22668457031250003 0.043991088867187507 0.044235229492187507 0.051864624023437507 0.70547237992286693 -0.031860351562499993 0.071289062500000014 -1.4345703124999998 0.31604003906250006 -0.0046901702880859366
decision_type=2 2 2 2 2 2 2 2 2 2 2 2 2 2 2 2 2 2 2 2 2 2 2 2 2 2 2 2 2 2
left_child=1 -1 8 -4 21 11 15 13 16 10 12 -6 -10 -8 -15 -3 27 18 -18 -19 -7 23 -23 -5 25 -17 -9 28 -2 -29
right_child=2 6 3 4 5 20 7 26 9 -11 -12 -13 -14 14 -16 24 17 19 -20 -21 -22 22 -24 -25 -26 -27 -28 29 -30 -31
leaf_value=-0.0015870444064937329 -0.0013455333035951767 0.0027369817251327055 0.0059189775026731893 0.00060109439322035834 -0.0027885044449520364 -0.0035706516292781372 -0.0027447324277398116 0.0010044778186015617 -0.0048930275673654622 -0.0024394845869745562 0.0055674812550477642 0.0016999993762745896 0.000462692957572996 0.00016116224928891849 0.0014250424580661289 0.0020819610964715645 0.00075514341698620577 0.00070303313398892026 -0.00080444629909388725 0.002632514482385398 0.0019428830431773079 0.0074067846049381573 0.00030611728270240924 -0.0018605058639929179 -0.00065560502974993599 -0.00022356407174273628 -0.0036577212071580091 -0.0030732176129282984 0.0066499607196174948 -2.6313887304073234e-05
leaf_weight=28554 1928 3556 1834 10119 1865 3187 3153 2108 1512 12893 2396 59437 5803 65182 34901 7938 50578 155835 46574 12200 1557 1788 14497 11903 183942 664728 4118 3162 1972 164375
leaf_count=28554 1928 3556 1834 10119 1865 3187 3153 2108 1512 12893 2396 59437 5803 65182 34901 7938 50578 155835 46574 12200 1557 1788 14497 11903 183942 664728 4118 3162 1972 164375
internal_value=-2.13338e-05 -0.000250098 0.00038252 0.00094301 0.00085444 0.00132342 -0.000210695 0.000352248 0.000252883 -0.00101007 0.000888827 0.00156258 -0.00065465 0.00049937 0.0006021 -0.00028234 0.000318309 0.000537191 7.47515e-06 0.000843418 -0.00176053 4.55829e-05 0.00109386 -0.000729894 -0.000294938 -0.000196296 -0.00208103 -2.02921e-05 0.00271062 -8.41794e-05
internal_weight=1.5636e+06 998180 565415 106187 104353 66046 969626 109462 459228 22604 9711 61302 7315 103236 100083 860164 436624 265187 97152 168035 4744 38307 16285 22022 856608 672666 6226 171437 3900 167537
internal_count=1563595 998180 565415 106187 104353 66046 969626 109462 459228 22604 9711 61302 7315 103236 100083 860164 436624 265187 97152 168035 4744 38307 16285 22022 856608 672666 6226 171437 3900 167537
is_linear=0
shrinkage=0.01


Tree=68
num_leaves=31
num_cat=0
split_feature=57 72 36 43 61 83 18 7 41 65 48 59 74 83 35 46 55 27 64 59 83 40 40 25 8 43 27 77 7 17
split_gain=1330.48 618.518 458.359 654.703 859.594 455.948 667.223 815.655 476.417 814.774 435.57 430.927 388.165 575.749 444.097 414.816 383.306 432.749 382.699 325.668 473.878 325.554 626.457 426.449 376.644 326.148 408.93 323.945 320.078 447.922
threshold=0.022071838378906253 -0.055231727659702294 0.057830810546875007 -1.3159179687499998 -0.0060558319091796866 -1.6183052062988279 -0.40051269531249994 -0.0080184936523437483 0.088287353515625014 0.11318969726562501 13.863281250000002 0.045242309570312507 -0.075418531894683824 -1.670135974884033 0.60937500000000011 0.30114746093750006 -0.21051025390624997 -0.035476684570312493 0.034530639648437507 0.22552490234375003 -1.6480426788330076 0.39062500000000006 0.51562500000000011 0.70312500000000011 -0.63378906249999989 -0.23510742187499997 0.016204833984375003 0.016199439764022831 -0.018402099609374997 0.023811340332031253
decision_type=2 2 2 2 2 2 2 2 2 2 2 2 2 2 2 2 2 2 2 2 2 2 2 2 2 2 2 2 2 2
left_child=1 12 3 4 -2 6 10 -8 9 -7 -5 -3 16 -14 15 -15 28 -18 -19 -4 -21 25 23 -23 -24 26 -13 -27 29 -1
right_child=2 11 19 5 -6 8 7 -9 -10 -11 -12 21 13 14 -16 -17 17 18 -20 20 -22 22 24 -25 -26 27 -28 -29 -30 -31
leaf_value=-1.5250224725271813e-05 0.010766129158218831 0.0057733559419414892 0.00021147137492018642 0.0090733783608719486 0.0013162026129045665 0.0055801912765374015 0.0061559391124132966 -0.00086631186836393342 -0.00084480250496200122 0.00067806009268993859 0.0021056565846790678 0.0010813718546736747 0.0034795800420164154 0.0010728043767380968 -0.0050148658825675783 -0.0029675578667828517 -0.0051651847741183109 0.0046183977109595827 -0.00012725476001162363 -0.0013104807056277712 0.0053329153970463148 0.0019800437052504925 0.0018534054623100371 0.0073044717166481955 -0.00040868877488777996 -0.00070369505804029041 -0.0034216470477408233 0.0042320101014400755 -0.000740223567584484 0.0046878181423618522
leaf_weight=36217 1515 1588 582232 2124 2599 3531 2250 6082 19536 75337 1569 2988 1814 4302 4668 6159 1680 1685 507682 1692 2887 14705 9978 1661 27884 3637 6134 2072 226282 2125
leaf_count=36217 1515 1588 582232 2124 2599 3531 2250 6082 19536 75337 1569 2988 1814 4302 4668 6159 1680 1685 507682 1692 2887 14705 9978 1661 27884 3637 6134 2072 226282 2125
internal_value=2.18628e-05 -0.000240979 0.000345379 0.000923954 0.00483143 0.000777534 0.00261411 0.0010402 0.000552618 0.000898893 0.00614037 0.000655479 -0.000320896 -0.00181737 -0.00245624 -0.00130712 -0.000288163 -0.000128191 -0.000111375 0.000232416 0.00288307 0.000536157 0.000895171 0.00252868 0.000188118 -0.000775981 -0.0019475 0.00109617 -0.000597071 0.000247713
internal_weight=1.56462e+06 863261 701354 114543 4114 110429 12025 8332 98404 78868 3693 70647 792614 16943 15129 10461 775671 511047 509367 586811 4579 69059 54228 16366 37862 14831 9122 5709 264624 38342
internal_count=1564615 863261 701354 114543 4114 110429 12025 8332 98404 78868 3693 70647 792614 16943 15129 10461 775671 511047 509367 586811 4579 69059 54228 16366 37862 14831 9122 5709 264624 38342
is_linear=0
shrinkage=0.01


Tree=69
num_leaves=31
num_cat=0
split_feature=51 72 2 59 59 78 77 81 16 36 61 5 5 58 13 73 25 10 80 79 68 3 74 58 57 31 33 31 23 76
split_gain=1368.28 464.787 363.212 445.792 499.737 321.611 350.549 393.273 321.057 320.237 390.915 300.312 389.001 302.746 262.796 446.799 371.463 799.312 504.705 394.142 366.056 347.207 313.266 300.352 255.756 253.659 250.792 590.923 238.449 226.336
threshold=0.015937805175781253 0.011141721159219744 0.022262573242187503 0.19293212890625003 0.18084716796875003 0.00087873078882694255 0.014753211289644243 0.0014841444790363314 0.062896728515625014 0.097442626953125014 -0.0058155059814453116 0.67187500000000011 0.64062500000000011 0.060562133789062507 0.042297363281250007 -0.07361371815204619 0.32812500000000006 0.60937500000000011 0.0034627029672265057 0.00082367565482854854 0.017948150634765628 0.94580078125000011 -0.082601159811019884 0.069915771484375014 0.022407531738281253 0.087738037109375014 -0.59692382812499989 0.048812866210937507 -0.97412109374999989 0.036570787429809577
decision_type=2 2 2 2 2 2 2 2 2 2 2 2 2 2 2 2 2 2 2 2 2 2 2 2 2 2 2 2 2 2
left_child=5 14 3 4 -3 8 11 9 -1 10 -8 12 24 -14 15 25 17 18 -16 29 21 -17 -22 -21 -7 -2 27 -5 -13 -18
right_child=1 2 -4 26 -6 6 7 -9 -10 -11 -12 28 13 -15 16 20 19 -19 -20 23 22 -23 -24 -25 -26 -27 -28 -29 -30 -31
leaf_value=0.00068234262463350319 -0.0042005417820712423 0.00044459970354508721 0.0049060368979727473 -0.001334340143103376 0.0070081028053036636 -0.00052010025006682251 0.0030517069447860623 0.0059101075298003567 -0.0037360149555167896 0.0039732295457621828 -0.0017534227115577894 0.0012202331343488136 0.0025357242316501015 -0.00069235562820190312 0.00035433182696319691 0.0012856110179855721 0.00057654997661932186 0.0076165203640454916 0.0061151065113785354 -4.7123170914938279e-05 9.2174178762194841e-05 0.0060603742732179867 0.00061801530146093941 -0.0023022836545455176 0.0017061451013664223 0.00046199936450960386 -0.0016952698858666137 0.0031417975232056229 -0.0022096928969131432 -0.0037240532254936569
leaf_weight=2302 3387 2250 2840 5444 2381 382083 2364 1552 5691 2131 5823 2319 7651 4665 101769 17498 1655 1556 1524 482214 295381 1651 183772 5959 5212 1769 4449 6394 15470 4624
leaf_count=2302 3387 2250 2840 5444 2381 382083 2364 1552 5691 2131 5823 2319 7651 4665 101769 17498 1655 1556 1524 482214 295381 1651 183772 5959 5212 1769 4449 6394 15470 4624
internal_value=-5.13676e-06 0.000179154 0.00156243 0.00110422 0.00383481 -0.00047991 -0.000442834 0.00125039 -0.00246499 0.000539412 -0.000361884 -0.000491044 -0.000434394 0.00131387 0.000149325 0.000317746 7.83205e-06 0.000548422 0.000440494 -0.000106818 0.000348094 0.00170318 0.00029387 -7.47445e-05 -0.000490054 -0.00260524 0.000324063 0.00108456 -0.00176169 -0.00259228
internal_weight=1.56378e+06 1.12652e+06 23758 20918 4631 437263 429270 11870 7993 10318 8187 417400 399611 12316 1.10276e+06 503458 599301 104849 103293 494452 498302 19149 479153 488173 387295 5156 16287 11838 17789 6279
internal_count=1563780 1126517 23758 20918 4631 437263 429270 11870 7993 10318 8187 417400 399611 12316 1102759 503458 599301 104849 103293 494452 498302 19149 479153 488173 387295 5156 16287 11838 17789 6279
is_linear=0
shrinkage=0.01


Tree=70
num_leaves=31
num_cat=0
split_feature=72 54 41 46 18 68 21 56 3 48 48 79 63 69 21 59 82 22 46 23 45 62 63 41 43 62 43 18 37 68
split_gain=1166.25 600.426 383.376 594.289 697.098 456.342 613.137 451.499 429.895 422.856 401.995 462.183 371.368 361.209 351.403 1023.95 544.891 455.122 443.707 429.128 598.835 411.285 350.041 332.579 513.422 414.672 404.777 799.436 414.659 397.753
threshold=-0.06929896771907805 0.0060977935791015634 0.065338134765625014 0.33166503906250006 -0.66455078124999989 0.019306182861328128 0.069793701171875014 0.042800903320312507 -1.3666992187499998 10.214843750000002 15.035156250000002 0.0056158043444156655 0.081390380859375014 0.51449593901634227 0.10794067382812501 0.12542724609375003 0.10887327790260316 0.024414062500000003 0.28698730468750006 1.2680664062500002 2.2656250000000004 -0.0095863342285156233 0.076385498046875014 0.062622070312500014 -1.2802734374999998 -0.0097007751464843733 -0.11434936523437499 -0.20196533203124997 -0.024581909179687497 0.023853302001953128
decision_type=2 2 2 2 2 2 2 2 2 2 2 2 2 2 2 2 2 2 2 2 2 2 2 2 2 2 2 2 2 2
left_child=2 14 3 4 5 9 -7 13 -6 -1 -4 -12 -10 -5 17 16 -16 19 21 22 -21 -19 -2 24 25 -3 28 -28 -25 -29
right_child=1 23 10 7 8 6 -8 -9 12 -11 11 -13 -14 -15 15 -17 -18 18 -20 20 -22 -23 -24 26 -26 -27 27 29 -30 -31
leaf_value=0.0077373711684451821 -0.00077407284764082775 0.0069669366448280598 -0.00031879675128654826 -0.0013965974584731007 0.0043354447835350337 0.0049512714619297463 -7.3421206527038446e-05 0.0042333662198905646 6.8489640567514695e-05 0.0022230721264834504 0.0059504700097983108 0.00066567339371988101 0.0039212478834242098 0.003556237745146329 0.0029518111952428045 -0.00073463424507876128 0.010020237772450971 -0.0015649068603242854 -0.0025160308773944213 -0.00088043127581926531 0.0071436646839725636 0.005403248813298657 0.00033700541977132466 0.007417096881635432 -0.00065155849579855954 0.001165572569767634 0.0049367217039108921 -0.0059209707851533766 0.0026005407228391359 0.00066679457858368602
leaf_weight=2576 29911 1867 769043 31031 2518 3341 8751 1609 97161 3045 1901 11997 2548 1527 3022 5746 1710 1833 10688 1638 2120 1544 538942 2849 9802 3580 2932 1520 4840 2255
leaf_count=2576 29911 1867 769043 31031 2518 3341 8751 1609 97161 3045 1901 11997 2548 1527 3022 5746 1710 1833 10688 1638 2120 1544 538942 2849 9802 3580 2932 1520 4840 2255
internal_value=2.47633e-05 0.000358657 -0.000198584 0.000257308 0.000588748 0.00241906 0.00132078 -0.000905844 0.000271196 0.00476865 -0.000288322 0.00139605 0.000167711 -0.00116226 0.000289664 0.00210312 0.00553755 0.000257205 -0.00151869 0.000300878 0.00366005 0.00163406 0.000278558 0.00174728 0.000716685 0.00317225 0.00283644 0.0010364 0.00439983 -0.00200299
internal_weight=1.56385e+06 626799 937048 154107 119940 17713 12092 34167 102227 5621 782941 13898 99709 32558 597154 10478 4732 586676 14065 572611 3758 3377 568853 29645 15249 5447 14396 6707 7689 3775
internal_count=1563847 626799 937048 154107 119940 17713 12092 34167 102227 5621 782941 13898 99709 32558 597154 10478 4732 586676 14065 572611 3758 3377 568853 29645 15249 5447 14396 6707 7689 3775
is_linear=0
shrinkage=0.01


Tree=71
num_leaves=31
num_cat=0
split_feature=57 66 8 74 15 78 48 72 74 25 71 6 61 18 59 3 42 33 33 33 62 33 1 21 41 62 3 10 0 16
split_gain=1202.08 494.381 517.021 488.68 398.599 375.242 356.367 433.09 413.496 401.865 383.441 377.625 350.641 549.117 443.875 348.979 453.98 668.17 380.055 379.45 371.174 358.236 516.736 624.729 344.696 458.765 336.837 333.528 338.43 313.095
threshold=0.022071838378906253 1.0000000180025095e-35 1.2973632812500002 -0.18887194991111753 0.48437500000000006 0.0011042808182537558 14.269531250000002 -0.13302117586135861 -0.18336403369903562 0.73437500000000011 0.31658330559730535 0.092071533203125014 -0.0036134719848632808 -0.24426269531249997 -0.078155517578124986 -0.61499023437499989 -0.0040264129638671866 0.63134765625000011 0.44067382812500006 0.29406738281250006 -0.0088386535644531233 0.76977539062500011 0.079681396484375014 0.067047119140625014 0.054367065429687507 -0.010707855224609373 -1.2578124999999998 0.57812500000000011 0.51562500000000011 0.072479248046875014
decision_type=2 2 2 2 2 2 2 2 2 2 2 2 2 2 2 2 2 2 2 2 2 2 2 2 2 2 2 2 2 2
left_child=3 15 5 4 12 -3 7 8 10 11 -5 -8 -1 -14 -15 16 17 19 26 -2 -19 24 -23 -24 25 -17 -18 28 -7 -10
right_child=1 2 -4 6 -6 27 9 -9 29 -11 -12 -13 13 14 -16 21 18 20 -20 -21 -22 22 23 -25 -26 -27 -28 -29 -30 -31
leaf_value=-0.00082952997578924408 0.0016720609949790544 0.0065810453815239849 -0.0035650184009787551 0.003117774347378803 -0.0038653685876132242 0.0016000830485497434 0.00043882673954153659 -0.00031309454713553808 -0.00088937652377241605 0.0041401867616764256 -0.0021686408816665669 -0.0030832815533823406 -0.0010004988427822319 8.2757958074803405e-05 0.0057152641946441041 0.0036545552536687022 -0.002969713893745134 0.0011327523326034176 0.004729126287032254 0.0047389450473161879 -0.0052670291725669142 -0.00058425480735934104 -0.0012288669923914411 0.0029922385545577295 0.00020554526600909039 -0.00086513043522263688 0.00018987496335824212 0.0055440428743445229 -0.002319243199218331 0.00064230038514123493
leaf_weight=128208 30327 1538 1891 9049 4008 26658 92342 544719 18834 2820 1602 3128 6712 2510 3143 2335 3867 1627 1613 4645 2009 10616 4414 16852 513447 48617 25557 1938 2384 45664
leaf_count=128208 30327 1538 1891 9049 4008 26658 92342 544719 18834 2820 1602 3128 6712 2510 3143 2335 3867 1627 1613 4645 2009 10616 4414 16852 513447 48617 25557 1938 2384 45664
internal_value=1.68487e-05 0.00032464 0.00149314 -0.000233005 -0.000763392 0.00178929 -0.000126208 -0.000214914 0.000496642 0.000433149 0.00232008 0.000322806 -0.000674412 0.000932693 0.00322347 0.000264219 0.000933954 0.00165756 3.33521e-05 0.00208188 -0.00241279 0.000185966 0.00121692 0.00211577 0.000127689 -0.000656652 -0.000227104 0.00154732 0.00127698 0.0001949
internal_weight=1.56307e+06 700335 34409 862739 144581 32518 718158 619868 75149 98290 10651 95470 140573 12365 5653 665926 69645 38608 31037 34972 3636 596281 31882 21266 564399 50952 29424 30980 29042 64498
internal_count=1563074 700335 34409 862739 144581 32518 718158 619868 75149 98290 10651 95470 140573 12365 5653 665926 69645 38608 31037 34972 3636 596281 31882 21266 564399 50952 29424 30980 29042 64498
is_linear=0
shrinkage=0.01


Tree=72
num_leaves=31
num_cat=0
split_feature=55 66 79 48 1 21 78 1 50 69 65 46 68 18 33 16 6 76 1 47 5 31 58 1 69 36 79 58 18 31
split_gain=1184.67 671.924 389.204 337.314 520.356 434.361 485.271 452.398 366.439 407.166 326.109 464.624 476.746 525.19 407.415 437.099 460.638 416.326 391.2 378.559 351.074 350.003 288.143 484.258 376.462 319.152 323.025 311.986 299.369 234.877
threshold=-0.21051025390624997 0.0060977935791015634 0.00032264215406030422 10.863281250000002 0.098724365234375014 0.067657470703125014 0.0044899983331561097 0.088836669921875014 0.041976928710937507 0.43396434187889105 0.11898803710937501 0.26281738281250006 0.019184112548828128 1.3198242187500002 -1.1689453124999998 0.10452270507812501 0.078704833984375014 0.033395767211914069 0.061874389648437507 0.18157958984375003 0.76562500000000011 0.043731689453125007 0.063385009765625014 0.086334228515625014 0.38933463394641882 0.11871337890625001 0.0013285004533827307 0.061264038085937507 0.12811279296875003 0.081878662109375014
decision_type=2 2 2 2 2 2 2 2 2 2 2 2 2 2 2 2 2 2 2 2 2 2 2 2 2 2 2 2 2 2
left_child=2 10 -1 5 8 -3 7 -7 -5 -10 14 19 13 -13 17 20 -17 -2 -14 29 -16 -19 24 -24 28 27 -27 -26 -4 -12
right_child=1 3 22 4 -6 6 -8 -9 9 -11 11 12 18 -15 15 16 -18 21 -20 -21 -22 -23 23 -25 25 26 -28 -29 -30 -31
leaf_value=-0.0037789639455126965 -0.0020118449920897914 -0.003218537946605989 -0.0019613940401803911 0.0060951137028059568 0.0077362411075884152 0.00074137931609864489 -0.0032948877178662194 0.0066897388257893074 0.0032309880339644443 5.2198866371210007e-06 0.00033112486963273504 0.0024889672898259002 0.0010573676920894004 -0.0020245997016392057 -2.6736639279029621e-05 0.0020344713832248134 -0.00044685546524899001 0.0050524703759642475 0.00016546018454203696 -0.004338942795591702 -0.002315811847293763 -0.0013597576849033377 -0.0012703089414412641 0.0061496644544403577 -0.00040541299266269359 0.0052185507806447838 -0.00048275831056008336 -0.001866078776876243 0.001314721526979863 -0.0040004815250479922
leaf_weight=3790 17823 2779 27817 1833 1645 3670 1668 1947 6846 9098 6753 17610 56092 3004 720053 20700 11700 1662 397985 3629 6743 1710 1826 1667 209295 1956 1993 15704 3086 1516
leaf_count=3790 17823 2779 27817 1833 1645 3670 1668 1947 6846 9098 6753 17610 56092 3004 720053 20700 11700 1662 397985 3629 6743 1710 1826 1667 209295 1956 1993 15704 3086 1516
internal_value=9.24124e-07 0.000125871 -0.000605439 0.00161766 0.00238693 0.000131292 0.00141446 0.00281966 0.00188379 0.00139261 9.11284e-05 0.000294298 0.000343247 0.0018299 -3.55563e-05 2.63816e-06 0.00113871 -0.00140238 0.000275679 -0.00165588 -4.80371e-05 0.00181187 -0.000559482 0.00228565 -0.0005979 -0.000457973 0.00235325 -0.000507518 -0.0016336 -0.000470748
internal_weight=1.5636e+06 1.29647e+06 267134 29486 19422 10064 7285 5617 17777 15944 1.26698e+06 486589 474691 20614 780391 759196 32400 21195 454077 11898 726796 3372 263344 3493 259851 228948 3949 224999 30903 8269
internal_count=1563600 1296466 267134 29486 19422 10064 7285 5617 17777 15944 1266980 486589 474691 20614 780391 759196 32400 21195 454077 11898 726796 3372 263344 3493 259851 228948 3949 224999 30903 8269
is_linear=0
shrinkage=0.01


Tree=73
num_leaves=31
num_cat=0
split_feature=55 52 62 1 68 1 8 60 65 70 41 40 7 68 83 15 52 10 78 77 65 36 0 3 38 41 41 40 47 48
split_gain=1072.13 474.552 628.11 479.159 470.715 616.574 487.78 455.268 436.306 414.06 596.991 466.503 355.37 353.759 409.954 362.365 468.231 346.578 329.038 326.423 299.052 300.582 288.198 280.504 279.946 268.007 729.071 259.898 253.749 277.751
threshold=-0.13250732421874997 0.051864624023437507 -0.0078392028808593733 0.079925537109375014 0.020572662353515628 0.063385009765625014 -1.2832031249999998 -0.0034551620483398433 0.10037231445312501 0.68600776791572582 0.041992187500000007 0.29687500000000006 0.016983032226562503 0.018009185791015628 -1.6533908843994138 0.29687500000000006 0.048568725585937507 0.32812500000000006 0.020053043961524967 0.0080394335091114062 0.11239624023437501 0.099792480468750014 0.14062500000000003 -0.57592773437499989 -1.1665039062499998 0.10787963867187501 0.094940185546875014 0.48437500000000006 0.20526123046875003 11.597656250000002
decision_type=2 2 2 2 2 2 2 2 2 2 2 2 2 2 2 2 2 2 2 2 2 2 2 2 2 2 2 2 2 2
left_child=8 2 3 28 19 6 -6 -5 23 11 -11 -7 -8 24 15 17 -17 -15 22 -3 -21 -22 -16 -1 -10 26 -26 -25 -2 -30
right_child=1 4 -4 7 5 9 12 -9 13 10 -12 -13 -14 14 18 16 -18 -19 -20 20 21 -23 -24 27 25 -27 -28 -29 29 -31
leaf_value=-0.0033134467736175323 0.002007890362158273 0.0039964032807686227 0.0078706894056251395 0.0080665743110987995 0.0068157298233198086 -0.00031715448566483234 0.00099329667343109633 0.0016811485006548003 0.0041139559124197282 0.0045504913977581817 9.7902763954435003e-05 0.0017084411822437995 0.0031838456392419019 0.00042518210731312916 0.0033093242850815879 0.0055719947430169633 0.00030202715086628622 -0.0027383456005825929 0.0027437965053597599 -0.0041824720653765293 -3.4452429972552607e-05 0.0036398479180578024 -0.00034155258223109028 -6.1414852453995459e-05 0.00020860969941273761 -0.0036534879279677152 0.0040903208899871514 -0.0038397447738264291 -0.0033499442609529646 0.0018214000376034888
leaf_weight=6792 3171 2009 1671 1644 1705 15823 39748 3439 2080 3038 196939 40327 9093 6271 2149 1684 159967 7701 3479 1703 255794 2226 707480 9726 64095 1568 5214 2220 3130 1534
leaf_count=6792 3171 2009 1671 1644 1705 15823 39748 3439 2080 3038 196939 40327 9093 6271 2149 1684 159967 7701 3479 1703 255794 2226 707480 9726 64095 1568 5214 2220 3130 1534
internal_value=1.86775e-05 0.000358265 0.0021379 0.00138531 0.000312514 0.000578354 0.00158749 0.00376991 -0.000183256 0.000379095 0.000165994 0.00113772 0.00140226 -0.00015379 -0.000208746 0.000224018 0.00035761 -0.00131989 -0.000315329 1.00854e-06 -3.02018e-05 -2.47371e-06 -0.000330404 -0.00169372 0.000515523 0.00040879 0.00050172 -0.00076881 -0.00016737 -0.00164856
internal_weight=1.56342e+06 582994 14589 12918 568405 306673 50546 5083 980426 256127 199977 56150 48841 961688 888731 175623 161651 13972 713108 261732 259723 258020 709629 18738 72957 70877 69309 11946 7835 4664
internal_count=1563420 582994 14589 12918 568405 306673 50546 5083 980426 256127 199977 56150 48841 961688 888731 175623 161651 13972 713108 261732 259723 258020 709629 18738 72957 70877 69309 11946 7835 4664
is_linear=0
shrinkage=0.01


Tree=74
num_leaves=31
num_cat=0
split_feature=77 72 15 57 79 73 35 1 5 11 48 58 72 30 3 50 50 5 56 1 32 73 81 13 51 81 68 58 80 21
split_gain=773.121 627.601 488.61 471.725 767.306 489.163 394.542 578.17 354.925 462.256 349.786 502.664 348.733 343.647 314.58 342.301 392.51 302.942 293.128 281.473 460.351 371.162 281.303 276.003 404.247 414.964 377.609 330.02 603.99 615.203
threshold=0.014541922137141229 -0.051478132605552666 0.32812500000000006 0.021537780761718753 0.0085933320224285143 -0.056494861841201775 0.54687500000000011 0.088104248046875014 0.67187500000000011 0.069488525390625014 15.035156250000002 0.063262939453125014 -0.050543650984764092 0.73437500000000011 0.56860351562500011 0.040451049804687507 0.040084838867187507 0.54687500000000011 0.041671752929687507 0.10183715820312501 0.016204833984375003 -0.0089869052171707136 0.0011226064525544646 -1.2768554687499998 0.016426086425781253 0.0018697455525398257 0.021099090576171878 0.061935424804687507 0.0034307334572076802 0.079193115234375014
decision_type=2 2 2 2 2 2 2 2 2 2 2 2 2 2 2 2 2 2 2 2 2 2 2 2 2 2 2 2 2 2
left_child=1 2 14 4 -3 -5 12 -8 10 22 13 -12 -7 -4 15 16 -1 23 -11 21 -21 -16 -10 24 -2 26 -26 28 29 -25
right_child=17 3 8 5 -6 6 7 -9 9 18 11 -13 -14 -15 19 -17 -18 -19 -20 20 -22 -23 -24 27 25 -27 -28 -29 -30 -31
leaf_value=-0.0004754023219153282 -0.0010287873114109901 0.001169198897146156 -0.0001211875970668534 0.0057516525229932359 0.0075852642440929407 0.003036031080155968 -0.00079327914426725952 0.0016907103944350296 -0.0036531804139220635 -8.8861771151779547e-05 0.00066944540801552952 0.0057600237331313251 0.00041061585042985357 0.0012960227005537435 -0.0024807555544504555 0.0024705269978975929 -0.0050328788227849202 0.0039091551852761079 -0.004188748199314518 -0.0013719264433420333 0.0028638671675834553 0.0020151149991036892 -0.0011731865958940508 0.0019512589484908022 0.00022872546336279729 -0.0008349419837422661 0.0057406140847540855 0.00019199970775381122 0.0066797868024572231 2.5789814616423098e-05
leaf_weight=104052 3302 14409 761688 1585 2123 5225 59699 11095 7324 42246 25255 2082 143528 17483 23230 3848 1905 2521 1799 10724 3351 1979 12207 28418 1676 2046 4809 221961 1791 39843
leaf_count=104052 3302 14409 761688 1585 2123 5225 59699 11095 7324 42246 25255 2082 143528 17483 23230 3848 1905 2521 1799 10724 3351 1979 12207 28418 1676 2046 4809 221961 1791 39843
internal_value=2.0015e-05 -8.97853e-05 -0.000197695 0.000372943 0.0020013 0.000251035 0.000210803 -0.000403615 -0.000107052 -0.000826289 -5.03361e-05 0.00106107 0.00050323 -8.93559e-05 -0.000726607 -0.000451704 -0.000558275 0.000470435 -0.000258145 -0.00149438 -0.000360829 -0.0021265 -0.00210595 0.000441649 0.00193763 0.00308553 0.00432119 0.0003809 0.000979208 0.000827726
internal_weight=1.5632e+06 1.25684e+06 1.01917e+06 237664 16532 221132 219547 70794 870084 63576 806508 27337 148753 779171 149089 109805 105957 306367 44045 39284 14075 25209 19531 303846 11833 8531 6485 292013 70052 68261
internal_count=1563204 1256837 1019173 237664 16532 221132 219547 70794 870084 63576 806508 27337 148753 779171 149089 109805 105957 306367 44045 39284 14075 25209 19531 303846 11833 8531 6485 292013 70052 68261
is_linear=0
shrinkage=0.01


Tree=75
num_leaves=31
num_cat=0
split_feature=74 80 48 33 27 50 73 33 38 48 48 28 1 6 18 45 21 31 23 18 75 80 2 23 43 73 65 6 43 82
split_gain=1154.82 523.088 512.094 458.391 441.068 512.37 615.64 427.302 416.011 402.558 380.894 379.365 375.694 439.781 335.863 645 383.891 329.933 306.887 736.598 436.746 272.774 255.041 249.772 649.075 549.891 501.152 385.689 286.906 279.176
threshold=-0.11199522018432616 0.0036300858482718472 10.886718750000002 0.84033203125000011 0.0095214843750000017 0.037673950195312507 -0.023205317556858059 0.73510742187500011 -1.3271484374999998 15.964843750000002 15.871093750000002 0.48937988281250006 0.088653564453125014 0.094757080078125014 0.44348144531250006 1.0156250000000002 0.082183837890625014 0.062377929687500007 0.84619140625000011 0.88793945312500011 -0.0017147278413176534 0.0038102492690086369 0.015415191650390627 1.3662109375000002 0.63134765625000011 -0.028826326131820675 0.10659790039062501 0.074951171875000014 -0.15661621093749997 -0.23157238960266111
decision_type=2 2 2 2 2 2 2 2 2 2 2 2 2 2 2 2 2 2 2 2 2 2 2 2 2 2 2 2 2 2
left_child=23 2 4 7 18 11 -7 14 12 10 -10 -6 13 -4 15 -3 -16 -11 20 -20 -2 -5 -14 29 26 -26 -25 28 -28 -1
right_child=1 3 8 21 5 6 -8 -9 9 17 -12 -13 22 -15 16 -17 -18 -19 19 -21 -22 -23 -24 24 25 -27 27 -29 -30 -31
leaf_value=-0.001895714816220003 0.0015721946377473366 -0.004725277880844818 0.0012787712068252877 0.0010020661302565812 -0.0061231573861826403 0.0069352000055398922 0.00031319422803762306 0.0047688073143743407 -8.0615483874914664e-05 -0.0019213682045461 -0.0046500750558623851 -0.0010472340115446133 -0.0037948635580584817 0.0054995077604644213 0.00097018013584972986 0.00061801428853976246 0.0031787446235102103 0.0033008245971676803 0.00094742690468379578 -0.0029550452983727565 -0.0014531986960352879 -0.0029297527277308815 0.00047578019839243472 0.0057102327427283961 0.0022775315768115358 -0.0048580139020734442 -0.0041036900961360584 0.0031709131082591799 0.0010767433509153834 -0.00032877002024653051
leaf_weight=11562 66332 2286 17279 2642 1609 1536 14390 2722 577062 1504 1810 15496 2041 2865 28489 111576 10871 5936 23424 6074 5126 5243 4338 2972 1691 2923 1838 3995 2503 625065
leaf_count=11562 66332 2286 17279 2642 1609 1536 14390 2722 577062 1504 1810 15496 2041 2865 28489 111576 10871 5936 23424 6074 5126 5243 4338 2972 1691 2923 1838 3995 2503 625065
internal_value=-5.25768e-06 0.000224822 0.00011256 0.000736497 0.000672534 -0.000330374 0.000959758 0.000855493 -9.88824e-06 -6.53211e-05 -9.50633e-05 -0.0015313 0.00121462 0.00188393 0.000785359 0.000509926 0.00158148 0.00224283 0.00100067 0.000142402 0.00135482 -0.00161313 -0.000898228 -0.000326337 0.000910044 -0.00224434 0.00219882 0.000936235 -0.00112544 -0.000357286
internal_weight=1.5632e+06 910651 746822 163829 133987 33031 15926 155944 612835 586312 578872 17105 26523 20144 153222 113862 39360 7440 100956 29498 71458 7885 6379 652549 15922 4614 11308 8336 4341 636627
internal_count=1563200 910651 746822 163829 133987 33031 15926 155944 612835 586312 578872 17105 26523 20144 153222 113862 39360 7440 100956 29498 71458 7885 6379 652549 15922 4614 11308 8336 4341 636627
is_linear=0
shrinkage=0.01


Tree=76
num_leaves=31
num_cat=0
split_feature=57 83 37 33 11 64 33 52 36 70 80 74 33 71 25 74 18 28 55 58 79 58 72 2 10 78 56 16 61 28
split_gain=1256.42 574.456 605.242 497.823 437.447 551.033 402.145 405.581 384.501 364.711 436.201 645.927 646.747 376.66 405.703 375.183 454.97 447.586 372.221 363.075 340.7 330.982 421.938 414.129 958.079 722.693 423.827 407.481 432.512 559.355
threshold=0.022377014160156253 -1.7097492218017576 0.0058975219726562509 0.076477050781250014 0.061874389648437507 0.038436889648437507 -1.1440429687499998 0.048568725585937507 0.094024658203125014 0.70359113812446605 0.0034728180617094044 -0.14486056566238401 0.81567382812500011 0.3444411456584931 0.51562500000000011 -0.093273073434829698 -0.68749999999999989 1.1362304687500002 -0.15472412109374997 0.058212280273437507 0.0031788479536771779 0.067657470703125014 -0.11161452531814574 -0.017585754394531247 0.45312500000000006 0.0027672210708260541 0.045761108398437507 0.054397583007812507 -0.0056896209716796866 -0.64916992187499989
decision_type=2 2 2 2 2 2 2 2 2 2 2 2 2 2 2 2 2 2 2 2 2 2 2 2 2 2 2 2 2 2
left_child=1 2 3 4 5 -1 8 -8 -4 10 13 12 -12 14 -3 -11 -17 -18 -13 -9 -6 22 27 24 25 -23 -27 -2 -29 -30
right_child=21 9 6 -5 20 -7 7 19 -10 15 11 18 -14 -15 -16 16 17 -19 -20 -21 -22 23 -24 -25 -26 26 -28 28 29 -31
leaf_value=0.0016494987229030509 0.0054335056669735631 -0.00042120351601429627 -0.0034851514555715602 0.00632273219925681 -0.0018915349690240835 0.007510330837892527 0.0052205785531228887 -0.0024552937120631783 -0.00015418215808077262 -0.00069543303998955395 0.0011624802531716607 -0.0015862319948330465 0.0090821617119343778 0.0035577386726776579 0.00015311351194313266 -0.0015845745442861533 0.0074460904919451164 0.00035246592078390712 0.00067458954783984149 0.00030079944839466068 0.00092945609303722099 0.0058004163215029225 0.00022509204419872124 0.00075776168845185111 0.0095019668799180244 -0.0052890719869984918 0.0013667525132597877 0.00065129145725701016 0.00028557220936421579 0.0070148822666364768
leaf_weight=6496 2206 392340 6406 1806 4693 2118 1543 5216 7526 196974 2546 8389 1721 2602 179154 2304 1869 1685 54361 54839 46848 2198 431982 99594 1800 1588 2347 35565 2364 2571
leaf_count=6496 2206 392340 6406 1806 4693 2118 1543 5216 7526 196974 2546 8389 1721 2602 179154 2304 1869 1685 54361 54839 46848 2198 431982 99594 1800 1588 2347 35565 2364 2571
internal_value=6.43438e-05 -0.000153984 0.000445374 0.00117774 0.00102122 0.00310461 -0.000155574 0.00019159 -0.00168858 -0.000251636 -0.000134699 0.000628626 0.00438418 -0.000223824 -0.000241165 -0.000621202 0.00186867 0.0041037 0.000371933 6.06848e-05 0.00067196 0.000432369 0.000318865 0.000933293 0.00312953 0.00123445 -0.00133242 0.00126685 0.00103733 0.00380552
internal_weight=1.56365e+06 981436 137491 61961 60155 8614 75530 61598 13932 843945 641113 67017 4267 574096 571494 202832 5858 3554 62750 60055 51541 582215 474688 107527 7933 6133 3935 42706 40500 4935
internal_count=1563651 981436 137491 61961 60155 8614 75530 61598 13932 843945 641113 67017 4267 574096 571494 202832 5858 3554 62750 60055 51541 582215 474688 107527 7933 6133 3935 42706 40500 4935
is_linear=0
shrinkage=0.01


Tree=77
num_leaves=31
num_cat=0
split_feature=57 1 62 48 83 28 10 36 69 50 13 82 82 10 75 32 3 15 43 33 47 38 16 37 47 16 21 35 80 77
split_gain=848.701 593.965 619.572 575.021 564.708 541.547 509.931 742.44 423.227 406.952 398.835 396.694 470.202 391.106 630.764 383.739 652.008 541.353 485.271 606.534 449.17 487.789 437.618 408.419 383.161 386.8 357.763 446.612 490.96 376.395
threshold=0.022407531738281253 0.058944702148437507 -0.0086631774902343733 12.761718750000002 -0.49973487854003901 -0.83374023437499989 0.26562500000000006 0.083831787109375014 0.45057421922683721 0.035812377929687507 1.0292968750000002 0.048549354076385505 0.16714257001876834 0.48437500000000006 -0.01073213294148445 0.014461517333984377 1.2929687500000002 0.35937500000000006 -0.61352539062499989 0.10208129882812501 0.20526123046875003 -1.2934570312499998 0.085968017578125014 0.022262573242187503 0.19061279296875003 0.088470458984375014 0.098541259765625014 0.35937500000000006 0.0035654567182064061 0.016354408115148548
decision_type=2 2 2 2 2 2 2 2 2 2 2 2 2 2 2 2 2 2 2 2 2 2 2 2 2 2 2 2 2 2
left_child=3 2 8 4 26 9 7 -7 -2 10 -5 -10 -13 -4 -15 18 24 -18 19 -3 23 -22 -21 -20 25 -17 29 -28 -29 -1
right_child=1 15 13 5 -6 6 -8 -9 11 -11 -12 12 -14 14 -16 16 17 -19 20 22 21 -23 -24 -25 -26 -27 27 28 -30 -31
leaf_value=-0.00059632940128892347 0.0087049153100701576 5.8132418153546123e-05 -0.00031714806466714589 -0.00071289389347919789 0.00052308011903937361 0.006125250925196217 0.00020859555459128859 -0.0021168685485980264 0.0073374806690308537 -0.0033188243058011021 0.0035765698881518836 -0.0014069407547115378 0.0046201176692162475 0.00080206593055842906 0.0076433739282223056 -0.0044906381521271346 0.0013694739657821079 0.0096058500167955606 -0.00051504328796227736 -0.0020112394260700718 0.0017536166442019157 0.00038510839746619787 0.00010877945443140717 0.0036129982061309353 0.0014110172246620414 0.0015102567537775579 -0.0010730899860274827 0.0008402437180955565 0.0062634883221823583 0.0016526064130682814
leaf_weight=516938 1537 120085 12618 47749 60080 3329 310957 1610 1527 5772 2251 2624 2521 4999 1828 2448 1564 1626 67574 29554 29011 253549 14513 2465 18677 1888 12642 22678 1783 7532
leaf_count=516938 1537 120085 12618 47749 60080 3329 310957 1610 1527 5772 2251 2624 2521 4999 1828 2448 1564 1626 67574 29554 29011 253549 14513 2465 18677 1888 12642 22678 1783 7532
internal_value=-3.56596e-05 0.000271693 0.00170076 -0.000212218 -0.000398251 9.89457e-05 0.000259345 0.00344081 0.00400102 -0.000809336 -0.000518429 0.00289463 0.00155271 0.000726556 0.00265087 0.000198847 0.00137898 0.00560139 0.000138955 -0.000310147 0.000348039 0.00052573 -0.0013133 -0.000368768 0.000789322 -0.00188277 -0.000496835 0.000451942 0.00124035 -0.00056397
internal_weight=1.56393e+06 570608 27654 993321 621653 371668 315896 4939 8209 55772 50000 6672 5145 19445 6827 542954 26203 3190 516751 164152 352599 282560 44067 70039 23013 4336 561573 37103 24461 524470
internal_count=1563929 570608 27654 993321 621653 371668 315896 4939 8209 55772 50000 6672 5145 19445 6827 542954 26203 3190 516751 164152 352599 282560 44067 70039 23013 4336 561573 37103 24461 524470
is_linear=0
shrinkage=0.01


Tree=78
num_leaves=31
num_cat=0
split_feature=74 30 15 81 74 18 62 75 11 43 60 62 6 8 59 71 8 62 62 28 8 52 74 12 41 30 73 20 22 83
split_gain=1230.7 619.193 779.154 455.433 726.353 412.15 379.143 378.994 499.943 402.514 614.607 398.961 516.197 455.186 356.6 330.841 327.993 551.749 378.59 322.985 319.617 318.814 345.576 313.654 389.847 312.945 292.529 284.513 274.679 274.473
threshold=-0.11199522018432616 0.57812500000000011 0.48437500000000006 0.001154371537268162 -0.10339453816413878 -0.25708007812499994 -0.0073909759521484366 -0.0070771761238574973 0.041748046875000007 1.3139648437500002 -0.0035429000854492183 -0.0082969665527343733 0.074615478515625014 -1.0615234374999998 0.11923217773437501 0.28462219238281256 -0.75708007812499989 -0.0078239440917968733 -0.0078544616699218733 0.21343994140625003 -1.0200195312499998 0.049453735351562507 -0.12174627184867857 0.0086212158203125017 0.077606201171875014 0.73437500000000011 0.002384944818913937 0.17187500000000003 0.020072937011718753 -0.081882059574127183
decision_type=2 2 2 2 2 2 2 2 2 2 2 2 2 2 2 2 2 2 2 2 2 2 2 2 2 2 2 2 2 2
left_child=5 7 3 4 -3 6 20 9 -9 15 -11 12 -10 -13 16 -2 17 -4 -18 -12 21 -1 -23 24 -5 27 -17 -7 -8 -22
right_child=1 2 14 23 -6 25 28 8 11 10 19 13 -14 -15 -16 26 18 -19 -20 -21 29 22 -24 -25 -26 -27 -28 -29 -30 -31
leaf_value=0.0044776132427440732 -0.0035233509806718577 0.0095847847678248409 0.0010627900898194402 0.0028213292694125179 0.00098478166566347736 0.0016503497943165125 -0.0019909119141383607 0.0065417397106359064 -0.00040456442558113289 -0.0020138057803904467 0.0025243281283879389 0.0053485127781250806 0.0011692510850203133 0.001380493595621507 0.0021706331377604206 0.00023749001423402992 -0.00070080499110075926 -0.0031470272180171067 0.0018891777080274964 0.0076613478125231076 -0.00064807596235354702 -0.00033598127837911827 0.003791554991361096 -0.00082078796729149691 -0.00060817744667608273 0.0031949071529451486 0.0035550753512841315 -0.00019793768632822345 0.0016072385407754958 0.0020393572745392324
leaf_weight=2047 2309 1637 24761 9979 2424 8513 27099 1539 33908 2092 3484 3653 54024 13697 5223 543083 181683 3541 5806 1895 242141 13207 2376 7487 4949 2793 2651 347628 2287 3842
leaf_count=2047 2309 1637 24761 9979 2424 8513 27099 1539 33908 2092 3484 3653 54024 13697 5223 543083 181683 3541 5806 1895 242141 13207 2376 7487 4949 2793 2651 347628 2287 3842
internal_value=-2.29989e-05 0.000214624 -0.000212134 0.00140835 0.00448145 -0.000354617 -0.000632896 0.000374089 0.000919542 0.000269173 0.00257156 0.000836131 0.000562408 0.00222115 -0.000406367 0.000237694 -0.000468936 0.000534229 -0.000620408 0.00435576 -0.000512709 0.000787296 0.000297413 0.000848085 0.00168507 -0.000127434 0.000253735 -0.000153667 -0.00170998 -0.000605939
internal_weight=1.56176e+06 909825 247490 26476 4061 651933 292999 662335 106821 555514 7471 105282 87932 17350 221014 548043 215791 28302 187489 5379 263613 17630 15583 22415 14928 358934 545734 356141 29386 245983
internal_count=1561758 909825 247490 26476 4061 651933 292999 662335 106821 555514 7471 105282 87932 17350 221014 548043 215791 28302 187489 5379 263613 17630 15583 22415 14928 358934 545734 356141 29386 245983
is_linear=0
shrinkage=0.01


Tree=79
num_leaves=31
num_cat=0
split_feature=51 79 0 83 83 77 38 73 59 83 23 83 15 81 13 22 45 16 45 77 83 31 55 13 61 1 43 31 61 46
split_gain=899.509 505.386 499.18 626.789 564.411 490.71 417.855 711.37 413.483 372.082 605.999 430.804 573.504 593.185 411.263 601.313 358.055 393.396 353.461 337.103 488.041 482.66 472.642 416.865 347.918 327.604 327.347 322.829 315.584 315.37
threshold=0.017051696777343753 0.0032794084399938588 0.42187500000000006 0.076966524124145522 1.0000000180025095e-35 0.0079503189772367495 -1.5947265624999998 -0.010554108768701552 0.0060100555419921884 -1.7097492218017576 1.2680664062500002 -0.95787692070007313 0.64062500000000011 0.0012301246169954541 0.84619140625000011 -0.011432647705078123 1.9531250000000002 0.076446533203125014 0.95312500000000011 0.012802070006728174 -1.2426893711090086 0.081024169921875014 -0.14434814453124997 -0.57592773437499989 -0.0039806365966796866 0.068023681640625014 -1.0200195312499998 0.059310913085937507 -0.0072078704833984366 0.35778808593750006
decision_type=2 2 2 2 2 2 2 2 2 2 2 2 2 2 2 2 2 2 2 2 2 2 2 2 2 2 2 2 2 2
left_child=1 19 3 8 5 -4 7 -7 -2 10 14 -11 -13 -14 27 -16 -10 -18 -5 20 21 25 24 -23 -21 -1 -8 -3 -24 -26
right_child=2 9 4 18 -6 6 26 -9 16 11 -12 12 13 -15 15 -17 17 -19 -20 22 -22 23 28 -25 29 -27 -28 -29 -30 -31
leaf_value=0.00099100505919928468 0.0053543474469199609 -0.00074768517289952575 0.004931610174469774 0.0013906052471021858 0.0060280467249170131 0.0042580542401150908 -0.00083475000056663278 -0.0013504185645794469 0.00060297806076682592 -0.000215008102294301 0.0061364525966425701 0.00044121674420750056 0.0079967332990605582 -0.00010599679417080351 0.0069582221978396986 0.00077434279093574259 0.0002374348775083926 0.0030837618843281129 -0.003302456758141874 -0.00029257176440851488 -0.001704267039698795 0.0054797063151782359 0.0028752197016594316 0.00011553603328821313 0.0012218523071471849 -0.0014847280250237101 7.9965267604036204e-05 0.00054332498917251633 -0.0015565820969830097 -0.001827854622871645
leaf_weight=7860 1922 24820 2014 2175 1560 5771 46296 3698 219985 472856 1856 53350 2085 1582 2266 5057 7913 12563 6002 205400 46294 2592 1665 3255 27215 16609 251915 87943 35480 3855
leaf_count=7860 1922 24820 2014 2175 1560 5771 46296 3698 219985 472856 1856 53350 2085 1582 2266 5057 7913 12563 6002 205400 46294 2592 1665 3255 27215 16609 251915 87943 35480 3855
internal_value=1.35898e-05 -0.00016599 0.000333879 0.000666086 6.64254e-05 3.60081e-05 3.64415e-06 0.00206951 0.000758006 -1.36737e-06 0.000496629 -0.000115988 0.000704999 0.00451948 0.000408454 0.0027016 0.000720825 0.0019851 -0.0020538 -0.000472356 -0.0010586 -7.21601e-05 -0.000308147 0.00250407 -0.000143371 -0.000689306 -6.20869e-05 0.000259082 -0.00135649 0.000842528
internal_weight=1.56385e+06 1.00204e+06 561814 250560 311254 309694 307680 9469 242383 651815 121942 529873 57017 3667 120086 7323 240461 20476 8177 350225 76610 30316 273615 5847 236470 24469 298211 112763 37145 31070
internal_count=1563854 1002040 561814 250560 311254 309694 307680 9469 242383 651815 121942 529873 57017 3667 120086 7323 240461 20476 8177 350225 76610 30316 273615 5847 236470 24469 298211 112763 37145 31070
is_linear=0
shrinkage=0.01


Tree=80
num_leaves=31
num_cat=0
split_feature=72 1 8 70 82 21 76 6 68 48 62 7 23 1 75 1 23 16 83 76 65 65 31 64 60 64 58 16 38 20
split_gain=744.168 600.796 527.615 497.583 529.261 465.628 432.397 420.666 688.453 544.359 714.988 386.115 379.451 468.461 641.195 411.362 405.432 358.999 462.603 355.136 348.316 313.58 311.966 446.714 301.165 300.251 478.523 311.426 290.203 282.921
threshold=-0.054820567369461053 0.060348510742187507 -0.92968749999999989 0.6736435890197755 -0.20693573355674741 0.099792480468750014 0.017073146998882297 0.072967529296875014 0.018268585205078128 11.832031250000002 -0.0090065002441406233 -0.0031099319458007808 -1.1801757812499998 0.099151611328125014 -0.049396783113479607 0.092010498046875014 -0.73046874999999989 0.077972412109375014 -1.4589323997497556 0.017392084002494815 0.12203979492187501 0.12423706054687501 0.069030761718750014 0.039077758789062507 -0.0045948028564453116 0.036392211914062507 0.057540893554687507 0.075714111328125014 -0.35498046874999994 0.54687500000000011
decision_type=2 2 2 2 2 2 2 2 2 2 2 2 2 2 2 2 2 2 2 2 2 2 2 2 2 2 2 2 2 2
left_child=3 2 28 7 -5 17 -3 8 -1 10 -10 -9 15 16 -15 20 -14 24 -19 25 -8 -21 29 -24 -4 26 -6 -27 -2 -13
right_child=1 6 5 4 19 -7 12 11 9 -11 -12 22 13 14 -16 -17 -18 18 -20 21 -22 -23 23 -25 -26 27 -28 -29 -30 -31
leaf_value=0.00067403843799719078 0.0084287528799572575 0.0045239365724160652 -0.0039716306862546437 -0.0017843748739494127 -0.0038021905762718748 0.0052204600799907073 -0.0035016496102641594 -0.0039905177618338814 0.0015079546765187307 -0.00052965854249751806 0.0083061327888739669 -0.00042947351788035561 0.0012627101184361918 0.0079076500496096814 0.0012359983435298186 -0.0043026074065982949 7.8234556495051372e-05 0.0033403122469569521 0.00025829630983552262 -0.00010678590282500408 0.00039607335890859494 -0.0031457267779914874 -0.0010514810574844369 0.0010209453568755529 0.00028388000194394921 -0.0039230419896209151 0.0021399066084780917 -0.0010769261353716683 0.002611882014277029 -0.0038962200793914432
leaf_weight=35978 1556 2342 1856 20064 1874 2644 2898 2278 2770 2119 3515 11943 32287 1527 21186 3440 273886 9760 9708 1008617 10685 3387 13748 42530 14633 5849 4746 11214 1941 2914
leaf_count=35978 1556 2342 1856 20064 1874 2644 2898 2278 2770 2119 3515 11943 32287 1527 21186 3440 273886 9760 9708 1008617 10685 3387 13748 42530 14633 5849 4746 11214 1941 2914
internal_value=1.80494e-05 0.000396267 0.00152436 -0.000107759 -0.000176542 0.00118581 0.00025982 0.00050864 0.00127698 0.00385048 0.00532425 4.39165e-05 0.000230689 0.000306066 0.0016911 -0.00122425 0.000203216 0.000886396 0.00180526 -0.00014536 -0.000439451 -0.000117019 0.000174199 0.000514484 -0.000199351 -0.00135532 0.000451423 -0.00205599 0.00523333 -0.00111375
internal_weight=1.5639e+06 390349 42098 1.17355e+06 1.05575e+06 38601 348251 117795 44382 8404 6285 73413 345909 328886 22713 17023 306173 35957 19468 1.03569e+06 13583 1.012e+06 71135 56278 16489 23683 6620 17063 3497 14857
internal_count=1563895 390349 42098 1173546 1055751 38601 348251 117795 44382 8404 6285 73413 345909 328886 22713 17023 306173 35957 19468 1035687 13583 1012004 71135 56278 16489 23683 6620 17063 3497 14857
is_linear=0
shrinkage=0.01


Tree=81
num_leaves=31
num_cat=0
split_feature=51 0 83 82 76 11 71 82 43 28 18 37 23 30 57 43 11 13 6 33 32 16 73 17 6 64 72 6 18 56
split_gain=1040.43 423.811 431.587 354.332 380.299 336.001 367.107 592.661 330.577 505.221 373.585 346.553 343.49 324.267 588.489 565.83 318.233 386.963 366.937 308.116 652.257 442.407 306.034 293.622 454.757 473.728 358.277 377.184 356.403 254.97
threshold=0.017051696777343753 0.42187500000000006 1.0000000180025095e-35 -0.23157238960266111 0.030349105596542362 0.046401977539062507 0.31178541481494909 0.17547941207885745 0.91870117187500011 1.0766601562500002 0.65332031250000011 -0.010826110839843748 0.63500976562500011 0.73437500000000011 0.021980285644531253 -0.52172851562499989 0.10913085937500001 1.3540039062500002 0.073211669921875014 -0.055511474609374993 -0.0011382102966308592 0.11386108398437501 -0.056917853653430932 0.00036072731018066412 0.052062988281250007 0.040176391601562507 -0.0079000554978847486 0.10147094726562501 -1.3447265624999998 0.042160034179687507
decision_type=2 2 2 2 2 2 2 2 2 2 2 2 2 2 2 2 2 2 2 2 2 2 2 2 2 2 2 2 2 2
left_child=3 5 16 4 -1 6 7 -2 13 10 11 -10 -12 19 15 -15 17 22 -18 20 -5 -21 -3 24 25 -7 27 -25 -26 -19
right_child=1 2 -4 8 -6 23 -8 -9 9 -11 12 -13 -14 14 -16 -17 18 29 -20 21 -22 -23 -24 26 28 -27 -28 -29 -30 -31
leaf_value=-0.0011242221491049201 0.0087337223377991335 0.0024509026150415468 0.0052864366118394344 5.9944664530945666e-05 -0.0059114609949563659 9.841278265121389e-05 -0.0011157942268963433 0.0010279247999412759 -0.0013033610249676693 -0.0034597654010316259 -0.0012951175867726148 -1.4655528794294769e-06 -0.0053383119287018178 -0.0025190608328828387 0.0069468641469392755 0.0014832142378703962 -2.7545807621087544e-05 -0.0028731919562895373 0.0053997888119219732 -0.00032230324407094213 0.005291445910881004 0.0033268550480381725 3.3224039695677842e-05 0.00051730313349273346 0.002634487627912976 0.0056466525905121889 0.0022945410826303563 0.0023654241317985678 -0.00017178793877940094 0.00066758284884926443
leaf_weight=10010 1866 5312 1563 305111 1973 3185 1514 2133 26461 6060 17063 89723 2381 4483 1563 16379 2617 7397 2357 514815 2382 3324 289847 119568 4754 2959 15506 12150 86976 2793
leaf_count=10010 1866 5312 1563 305111 1973 3185 1514 2133 26461 6060 17063 89723 2381 4483 1563 16379 2617 7397 2357 514815 2382 3324 289847 119568 4754 2959 15506 12150 86976 2793
internal_value=-1.9879e-05 0.000324284 7.822e-05 -0.000213138 -0.00192098 0.00063048 0.00306765 0.00464915 -0.000192423 -0.000639505 -0.000513001 -0.000298147 -0.0017952 -0.000117714 0.00106825 0.000621583 5.16489e-05 1.06959e-05 0.0025556 -0.000149951 0.000100812 -0.000298765 7.68983e-05 0.000575415 0.000150867 0.00278014 0.000857594 0.000688112 -2.58073e-05 -0.00190329
internal_weight=1.56422e+06 562497 311886 1.00173e+06 11983 250611 5513 3999 989745 141688 135628 116184 19444 848057 22425 20862 310323 305349 4974 825632 307493 518139 295159 245098 97874 6144 147224 131718 91730 10190
internal_count=1564225 562497 311886 1001728 11983 250611 5513 3999 989745 141688 135628 116184 19444 848057 22425 20862 310323 305349 4974 825632 307493 518139 295159 245098 97874 6144 147224 131718 91730 10190
is_linear=0
shrinkage=0.01


Tree=82
num_leaves=31
num_cat=0
split_feature=65 83 13 59 72 70 82 70 59 68 33 60 56 31 11 31 8 5 82 43 69 77 36 57 8 72 33 33 65 31
split_gain=778.815 456.106 473.495 472.57 430.899 425.142 401.884 397.444 381.597 362.764 569.027 500.805 703.102 735.376 391.99 411.387 379.595 365.052 361.406 357.213 350.005 362.149 351.829 351.327 344.082 336.456 320.609 519.979 309.864 304.137
threshold=0.11898803710937501 -0.49973487854003901 -0.98022460937499989 0.012279510498046877 -0.078818023204803453 0.7033851444721223 -0.016360692679882046 0.71046578884124767 -0.0037965774536132808 0.019214630126953128 0.67456054687500011 -0.0035486221313476558 0.040023803710937507 0.062377929687500007 0.11386108398437501 0.096649169921875014 -0.34741210937499994 0.14062500000000003 0.13302370905876162 1.3862304687500002 0.39907568693161016 0.014418466016650202 0.11871337890625001 0.020378112792968753 -0.75708007812499989 -0.079607844352722154 -1.1689453124999998 -0.71411132812499989 0.12033081054687501 0.045059204101562507
decision_type=2 2 2 2 2 2 2 2 2 2 2 2 2 2 2 2 2 2 2 2 2 2 2 2 2 2 2 2 2 2
left_child=1 20 5 7 18 6 8 -4 -3 10 11 16 28 -14 15 17 24 -11 -5 -19 21 -1 26 -24 -2 -17 29 -28 -13 -22
right_child=9 2 3 4 -6 -7 -8 -9 -10 14 -12 12 13 -15 -16 25 -18 19 -20 -21 22 -23 23 -25 -26 -27 27 -29 -30 -31
leaf_value=-0.0011012940296302217 -0.0010933898737842175 0.0058824916951999177 -0.00094674736658090924 0.0010051227202677953 -0.0040327060407755874 -0.00074412448911105893 0.0081095831718492866 0.0041283683435112458 -0.0011301529100299407 0.0050711469693711098 0.0057800444177688471 0.00142106724682898 -0.00010058881754077362 0.0065265346770900104 -0.0022610009561935241 0.0022007013701372162 -0.0019559019261451154 0.0002863397999083231 0.0058789952860854502 0.0029795553268906296 0.00046501879877323211 0.0038075105603844603 0.00019907447367298361 0.0059940605600480477 0.0056220765968450249 -0.002690025425604778 0.00069461281651391653 -0.00022048982838444482 -0.0037547157239889353 -0.0020683598860164487
leaf_weight=56231 1515 1503 27249 39891 1622 2105 1965 1616 1571 1599 2736 2849 2550 4853 6079 1709 7055 471661 1563 4957 6634 1525 2430 1819 1506 7602 67202 813960 1919 16512
leaf_count=56231 1515 1503 27249 39891 1622 2105 1965 1616 1571 1599 2736 2849 2550 4853 6079 1709 7055 471661 1563 4957 6634 1525 2430 1819 1506 7602 67202 813960 1919 16512
internal_value=1.23088e-06 -0.000155939 0.000574105 0.000329864 0.000993136 0.00302585 0.00459745 -0.000659956 0.00231447 0.000318056 0.00149321 0.000961282 0.00232482 0.00424967 0.00025852 0.000290027 -0.000687111 0.00033059 0.00119164 0.000314474 -0.000215698 -0.000970408 -0.000167702 0.00269637 0.0022693 -0.00178956 -0.000181218 -0.000150685 -0.000669038 -0.00134248
internal_weight=1.56399e+06 1.0454e+06 79085 71941 43076 7144 5039 28865 3074 518590 24983 22247 12171 7403 493607 487528 10076 478217 41454 476618 966313 57756 908557 4249 3021 9311 904308 881162 4768 23146
internal_count=1563988 1045398 79085 71941 43076 7144 5039 28865 3074 518590 24983 22247 12171 7403 493607 487528 10076 478217 41454 476618 966313 57756 908557 4249 3021 9311 904308 881162 4768 23146
is_linear=0
shrinkage=0.01


Tree=83
num_leaves=29
num_cat=0
split_feature=57 81 30 45 23 22 43 52 79 30 27 31 76 52 1 41 50 78 3 38 76 61 37 37 37 41 57 11
split_gain=746.395 408.816 380.873 471.731 402.135 399.274 355.81 322.4 623.811 751.795 405.428 375.953 599.791 334.854 491.406 338.265 314.209 308.09 305.869 278.51 240.738 282.915 300.177 317.436 262.745 93.8852 83.873 80.9685
threshold=0.022407531738281253 0.00065132440067827712 0.73437500000000011 2.3281250000000004 -0.82568359374999989 0.0082244873046875017 -1.7407226562499998 0.049728393554687507 0.0011282635387033226 0.35937500000000006 -0.035476684570312493 0.10232543945312501 0.030493266880512241 0.061447143554687507 0.053482055664062507 0.060440063476562507 0.036941528320312507 0.020894043147563938 0.28833007812500006 -0.33007812499999994 0.029537610709667209 -0.0046176910400390616 0.0033464431762695317 0.024887084960937503 -0.0096778869628906233 0.089019775390625014 0.020256042480468753 0.069030761718750014
decision_type=2 2 2 2 2 2 2 2 2 2 2 2 2 2 2 2 2 2 2 2 2 2 2 2 2 2 2 2
left_child=1 20 6 5 -5 19 -3 8 -2 -10 -9 13 -13 15 -15 -12 -6 18 -8 -4 21 22 24 -24 -1 -23 27 -22
right_child=7 2 3 4 16 -7 17 10 9 -11 11 12 -14 14 -16 -17 -18 -19 -20 -21 26 25 23 -25 -26 -27 -28 -29
leaf_value=0.0010604652043788175 -0.0020651669098617764 0.0036080347882156282 0.0006001496025659506 0.0041513724176015718 -0.0012426605074808228 -0.0011716575140605736 -3.7367744065864115e-05 -0.0041260649809444 0.010275818480737629 0.0016077020283269503 -0.00026069374908472247 0.0078140933213026627 0.00028879288519393503 0.0061253073007623421 0.00098556379750867592 0.00035721513132551126 0.0023233804296217777 -0.0041551402995460909 -0.00044765781101271793 0.0053801224026613081 -0.00083108709089802001 -0.0053704485480541965 0.0020837735762416014 -0.0026310164608761796 -0.0038385594721338204 -0.001876654166974182 -0.0050137638310490526 -0.0039714211766032946
leaf_weight=1643 2006 2503 1628 2150 11304 1751 697822 2053 1523 2873 112384 1705 2748 1993 24735 418298 3141 1899 245648 4897 1691 1508 6016 1852 3218 1616 1950 1601
leaf_count=1643 2006 2503 1628 2150 11304 1751 697822 2053 1523 2873 112384 1705 2748 1993 24735 418298 3141 1899 245648 4897 1691 1508 6016 1852 3218 1616 1950 1601
internal_value=2.53183e-05 -0.000140161 -0.000110277 0.0011108 0.000137273 0.00305787 -0.00014234 0.000313678 0.00254168 0.00464372 0.000288295 0.000304571 0.0031922 0.000281388 0.00137311 0.000226354 -0.000465101 -0.000152345 -0.000144201 0.00419299 -0.00151676 -0.000900243 -0.000236356 0.000970131 -0.00218515 -0.00358659 -0.00337073 -0.00237309
internal_weight=1.56416e+06 993838 972743 24871 16595 8276 947872 570318 6402 4396 563916 561863 4453 557410 26728 530682 14445 945369 943470 6525 21095 15853 12729 7868 4861 3124 5242 3292
internal_count=1564156 993838 972743 24871 16595 8276 947872 570318 6402 4396 563916 561863 4453 557410 26728 530682 14445 945369 943470 6525 21095 15853 12729 7868 4861 3124 5242 3292
is_linear=0
shrinkage=0.01


Tree=84
num_leaves=31
num_cat=0
split_feature=57 52 10 83 79 10 68 74 30 6 60 54 74 57 38 48 69 2 6 75 30 22 47 48 51 70 59 83 7 47
split_gain=750.357 523.016 455.821 408.159 499.598 491.279 469.251 499.394 468.371 401.226 388.509 359.946 464.904 452.201 326.932 319.648 313.28 300.486 498.837 377.457 293.286 613.626 313.024 301.279 614.373 432.846 395.852 336.533 293.033 340.966
threshold=0.022148132324218753 0.061050415039062507 0.57812500000000011 -1.7097492218017576 0.0039848014712333688 0.39062500000000006 0.023059844970703128 -0.13648605346679685 0.17187500000000003 0.052734375000000007 -0.0030107498168945308 -0.15313720703124997 -0.14131754636764524 0.022789001464843753 0.075103759765625014 10.863281250000002 0.39334540069103247 -0.010379791259765623 0.11132812500000001 -0.0017147278413176534 0.73437500000000011 -0.011043548583984373 0.22857666015625003 10.675781250000002 0.015102386474609377 0.66948449611663829 0.094390869140625014 -0.30029129981994623 -0.011066436767578123 0.23321533203125003
decision_type=2 2 2 2 2 2 2 2 2 2 2 2 2 2 2 2 2 2 2 2 2 2 2 2 2 2 2 2 2 2
left_child=3 10 9 4 8 6 7 -6 -1 -3 11 12 -2 -14 15 -11 -7 18 -13 -19 23 22 -22 24 27 -25 -26 -5 29 -23
right_child=1 2 -4 20 5 16 -8 -9 -10 14 -12 17 13 -15 -16 -17 -18 19 -20 -21 21 28 -24 25 26 -27 -28 -29 -30 -31
leaf_value=0.0035698247559700718 -0.00084348370600316155 0.0048885404930446618 0.0066778098738718237 -0.0010495626370268744 0.0017915417076863336 -0.0031082497496966069 0.00051288959863709236 0.0094971572165313371 -0.0012212639886401825 -0.00033135291342296556 -0.00019916970390740547 0.00076327109087004114 0.0055693064983804962 -0.00030977944032866241 -0.001920961186620199 0.0020714934961046376 0.00060235999242868915 0.00025858716198438002 0.0050534553336140809 -0.0017882924985818439 0.0070288385056801531 0.0049784774543932585 0.0017061633836934684 0.002140399718107536 0.00043287813966197397 -0.00046389078437311188 -0.0020811976289383752 0.0015169208314068953 -0.00054729743151071581 -0.0011013933716668297
leaf_weight=2201 3162 2710 1593 58325 1587 2317 3055 1797 25169 8240 175844 58905 4449 1847 3633 16822 86724 381909 2822 9207 2041 2275 2419 6443 156122 512512 6505 5582 15672 1532
leaf_count=2201 3162 2710 1593 58325 1587 2317 3055 1797 25169 8240 175844 58905 4449 1847 3633 16822 86724 381909 2822 9207 2041 2275 2419 6443 156122 512512 6505 5582 15672 1532
internal_value=1.17931e-05 0.000264392 0.00149164 -0.000178205 0.00035701 0.000698425 0.00336159 0.0059152 -0.000833656 0.00122449 0.000200887 0.000353058 0.0022818 0.00384909 0.000875286 0.00128184 0.000505127 0.000312675 0.000960981 0.000210314 -0.000263667 0.000825403 0.00416245 -0.00029866 5.61324e-06 -0.000431476 0.000332073 -0.000824987 5.78518e-05 0.00253887
internal_weight=1.56342e+06 671143 32998 892278 122850 95480 6439 3384 27370 31405 638145 462301 9458 6296 28695 25062 89041 452843 61727 391116 769428 23939 4460 745489 226534 518955 162627 63907 19479 3807
internal_count=1563421 671143 32998 892278 122850 95480 6439 3384 27370 31405 638145 462301 9458 6296 28695 25062 89041 452843 61727 391116 769428 23939 4460 745489 226534 518955 162627 63907 19479 3807
is_linear=0
shrinkage=0.01


Tree=85
num_leaves=31
num_cat=0
split_feature=55 54 54 58 32 56 65 12 56 28 5 48 6 54 59 30 55 23 31 36 10 71 30 6 79 1 79 31 1 3
split_gain=950.353 457.513 623.022 486.725 506.487 739.747 491.198 439.622 428.422 417.724 402.326 408.151 401.535 357.648 354.145 343.558 355.15 453.24 401.593 361.757 341.897 446.481 344.892 327.396 304.382 338.052 417.915 291.715 290.751 274.87
threshold=-0.13519287109374997 -0.12664794921874997 -0.11080932617187499 0.060836791992187507 -0.0014176368713378904 0.037826538085937507 0.11325073242187501 -0.0059776306152343741 0.038650512695312507 -0.18017578124999997 0.35937500000000006 10.886718750000002 0.10260009765625001 -0.055618286132812493 0.080413818359375014 0.73437500000000011 -0.21051025390624997 -1.4960937499999998 0.12762451171875003 0.073577880859375014 0.17187500000000003 0.30304756760597235 0.70312500000000011 0.096954345703125014 0.0063286684453487405 0.070220947265625014 0.0070425420999526986 0.075592041015625014 0.063385009765625014 -0.30676269531249994
decision_type=2 2 2 2 2 2 2 2 2 2 2 2 2 2 2 2 2 2 2 2 2 2 2 2 2 2 2 2 2 2
left_child=13 3 7 9 5 -5 -6 -3 -8 10 11 -2 14 15 -9 16 18 19 23 -18 21 -4 28 -1 -17 -26 -27 -12 -22 -24
right_child=1 2 20 4 6 -7 8 12 -10 -11 27 -13 -14 -15 -16 24 17 -19 -20 -21 22 -23 29 -25 25 26 -28 -29 -30 -31
leaf_value=-0.00068982693087328432 0.0013219363719802141 -0.0032115694314415379 0.0064605024233063161 0.0012701865184409236 0.0052272023683225654 0.010574222114618718 -0.0027636879680372661 -0.00040408301915259126 0.0023259277482425549 -0.0031351177870678109 -0.0030898644448026863 0.0067573089664946422 0.0036235166217651838 -0.0030800875781816684 -0.003612611361744871 0.0046764015278739426 0.0042534091214653062 -0.00014998064735394936 0.0042547163753597827 0.00055545159899486488 0.0007988803593058885 -0.00040109559649602631 0.0058816717495515708 0.00059577566612460523 -0.0013754397795097521 -0.0027819266737091775 0.0020857309593766988 0.00085063338663571731 0.00016919635176586726 0.0011235438603183828
leaf_weight=237276 4885 6661 2043 1614 2850 1811 2729 40190 4132 2802 2704 1914 2262 4334 3743 2029 4028 655292 1708 7656 88487 1751 1887 21598 5962 2020 13102 6036 427714 3376
leaf_count=237276 4885 6661 2043 1614 2850 1811 2729 40190 4132 2802 2704 1914 2262 4334 3743 2029 4028 655292 1708 7656 88487 1751 1887 21598 5962 2020 13102 6036 427714 3376
internal_value=-2.36423e-05 0.000284831 0.000220878 0.00145852 0.00292633 0.00622261 0.00175336 -0.000813792 0.000299357 0.000405211 0.00104681 0.00286739 -0.000466809 -0.000220546 -0.000678962 -0.000207445 -0.000237462 -0.000115147 -0.000550501 0.00183539 0.000325022 0.00330825 0.000303191 -0.000582531 0.000996321 0.000638076 0.00143269 -0.000372757 0.000277163 0.00284533
internal_weight=1.5646e+06 609591 578114 31477 13136 3425 9711 52856 6861 18341 15539 6799 46195 955005 43933 950671 927558 666976 260582 11684 525258 3794 521464 258874 23113 21084 15122 8740 516201 5263
internal_count=1564596 609591 578114 31477 13136 3425 9711 52856 6861 18341 15539 6799 46195 955005 43933 950671 927558 666976 260582 11684 525258 3794 521464 258874 23113 21084 15122 8740 516201 5263
is_linear=0
shrinkage=0.01


Tree=86
num_leaves=31
num_cat=0
split_feature=74 58 81 77 35 15 72 8 31 11 72 10 6 25 50 68 3 6 33 83 3 36 21 66 82 76 77 69 79 74
split_gain=910.888 537.257 464.545 399.764 420.136 326.14 304.905 527.44 460.707 420.273 377.895 286.052 444.508 314.971 277.022 513.241 356.816 264.66 279.555 259.81 556.925 393.599 233.014 225.924 284.699 265.826 251.683 349.375 216.286 213.335
threshold=-0.18887194991111753 0.068450927734375014 0.00128907454200089 0.013302942737936975 0.42187500000000006 0.45312500000000006 -0.019091099500656124 1.0893554687500002 0.078765869140625014 0.074951171875000014 -0.0079000554978847486 0.57812500000000011 0.078094482421875014 0.39062500000000006 0.042068481445312507 0.025409698486328128 -0.68286132812499989 0.070892333984375014 0.38171386718750006 -0.7936187982559203 0.90112304687500011 0.041397094726562507 0.061874389648437507 -0.18048095703124997 -0.14306259155273435 0.033775560557842262 0.014418466016650202 0.4092994779348374 0.0022336319088935856 -0.19291138648986814
decision_type=2 2 2 2 2 2 2 2 2 2 2 2 2 2 2 2 2 2 2 2 2 2 2 2 2 2 2 2 2 2
left_child=2 14 5 -4 17 23 7 8 9 -3 -8 13 -13 -12 15 19 -16 22 -19 21 -21 -2 -5 24 29 -26 28 -28 -25 -1
right_child=1 6 3 4 -6 -7 10 -9 -10 -11 11 12 -14 -15 16 -17 -18 18 -20 20 -22 -23 -24 26 25 -27 27 -29 -30 -31
leaf_value=-0.00089247013416003077 0.0031095462228268719 0.0054593868184964391 -0.0015298543782757388 0.0060554661827279003 0.0065616028828516708 -0.0029213739299082664 -0.00061626316907202768 -0.0017199755196270789 -0.0012409652663475416 0.0013522303591498555 0.0021494867150145995 0.00060704119291042971 0.00767799440591725 0.00027546260100812106 0.0014573660678967727 0.0052509687499022921 -0.003756606603685984 0.0019833372351132149 -0.0028733153443530231 0.00012046907510675824 0.0016097111747847201 -5.3397147081147152e-05 0.0010446551792245163 -0.0024979980331353009 0.00045436974003768867 -0.0022500482464474 0.0039911141120418736 -0.0010639887698610923 -0.00051865626862639699 -0.0041955475006600516
leaf_weight=51848 3928 6358 4619 1523 1673 7910 19656 2915 2129 4116 12519 2014 1577 31522 1902 1854 4152 2311 2392 155261 29937 1136493 2355 19984 31113 4095 1752 5965 7642 2014
leaf_count=51848 3928 6358 4619 1523 1673 7910 19656 2915 2129 4116 12519 2014 1577 31522 1902 1854 4152 2311 2392 155261 29937 1136493 2355 19984 31113 4095 1752 5965 7642 2014
internal_value=-1.76631e-05 6.01525e-05 -0.000766319 0.000908424 0.00200761 -0.000954667 0.000841641 0.00210438 0.00299025 0.00385104 0.000549889 0.00103117 0.0037376 0.000808903 1.16137e-05 2.13628e-05 -0.00211912 0.00110654 -0.000488519 1.39696e-05 0.000361351 -4.24485e-05 0.00303351 -0.000829178 -0.000560528 0.000138723 -0.00150552 9.10277e-05 -0.00195124 -0.00101749
internal_weight=1.56353e+06 1.41633e+06 147196 14873 10254 132323 82806 15518 12603 10474 67288 47632 3591 44041 1.33353e+06 1.32747e+06 6054 8581 4703 1.32562e+06 185198 1.14042e+06 3878 124413 89070 35208 35343 7717 27626 53862
internal_count=1563529 1416333 147196 14873 10254 132323 82806 15518 12603 10474 67288 47632 3591 44041 1333527 1327473 6054 8581 4703 1325619 185198 1140421 3878 124413 89070 35208 35343 7717 27626 53862
is_linear=0
shrinkage=0.01


Tree=87
num_leaves=31
num_cat=0
split_feature=58 51 3 10 76 38 38 18 51 74 48 21 52 54 7 1 62 58 5 78 11 68 40 37 6 75 7 78 37 6
split_gain=797.201 466.008 435.398 712.924 533.026 422.191 699.022 488.542 395.332 379.767 353.252 398.225 322.554 407.966 353.285 317.297 620.698 415.457 296.442 334.615 714.852 650.012 398.987 321.438 305.71 546.902 362.547 296.159 276.445 268.098
threshold=0.067779541015625014 0.015937805175781253 -0.96508789062499989 0.45312500000000006 0.040073469281196601 0.62695312500000011 0.92260742187500011 1.2104492187500002 0.016334533691406253 -0.12619364261627194 14.496093750000002 0.049697875976562507 0.049819946289062507 -0.17926025390624997 -0.0051403045654296866 0.073120117187500014 -0.0082283020019531233 0.064056396484375014 0.67187500000000011 0.014797490090131761 0.058410644531250007 0.022754669189453128 0.57812500000000011 0.018745422363281253 0.096954345703125014 -0.069457948207855211 0.017219543457031253 0.0016973703168332579 0.024887084960937503 0.077606201171875014
decision_type=2 2 2 2 2 2 2 2 2 2 2 2 2 2 2 2 2 2 2 2 2 2 2 2 2 2 2 2 2 2
left_child=1 18 3 4 -2 12 8 9 -7 -8 11 -4 13 27 -15 17 -17 -14 19 24 21 -21 -22 -20 26 -26 -1 -3 -9 -13
right_child=2 5 10 -5 -6 6 7 28 -10 -11 -12 29 15 14 -16 16 -18 -19 23 20 22 -23 -24 -25 25 -27 -28 -29 -30 -31
leaf_value=-0.00044408125931182313 -0.00075338122253423053 -0.003750527627157258 -0.0017912471368067009 0.0087466082659112404 0.0058716043692419694 -7.1137328570533066e-05 -0.0011510222334641356 0.0013351677272748568 -0.0016781531607476391 0.00070459970110791292 -0.0016576034649745997 0.00036451979858724846 8.7188467968963174e-05 0.0063875294591692524 0.0016234910385754273 -0.00014120777479841124 0.0013541618542690034 0.00082893529930274073 -0.0020410416471953723 0.0016931428938449491 0.0018162593566093707 0.0090587208954880146 -0.00036642039782189869 0.0026252573673643115 0.0063453668008054747 0.00023354754728308722 -0.0023643286824637406 0.00099358409314605342 0.0068414247289617014 0.0014419228245528407
leaf_weight=314433 3726 1583 5644 1723 1779 22567 16401 2004 47583 33569 6289 43233 229562 2482 4172 504447 29354 112510 16094 4806 10150 1582 47427 1608 1522 29020 10131 7327 1672 49610
leaf_count=314433 3726 1583 5644 1723 1779 22567 16401 2004 47583 33569 6289 43233 229562 2482 4172 504447 29354 112510 16094 4806 10150 1582 47427 1608 1522 29020 10131 7327 1672 49610
internal_value=-1.19845e-05 -7.46929e-05 0.000800828 0.00317138 0.00140106 4.28135e-05 -0.000504361 0.00035486 -0.00116135 9.53363e-05 0.00063672 0.000783534 0.000118811 0.00154486 0.00341434 9.34355e-05 -5.8929e-05 0.000331189 -0.000347814 -0.000294225 0.000371477 0.00353982 1.88518e-05 -0.00161468 -0.000414152 0.000542071 -0.000504162 0.000144207 0.00386311 0.000940409
internal_weight=1.56401e+06 1.45201e+06 112004 7228 5505 1.01523e+06 123796 53646 70150 49970 104776 98487 891437 15564 6654 875873 533801 342072 436773 419071 63965 6388 57577 17702 355106 30542 324564 8910 3676 92843
internal_count=1564010 1452006 112004 7228 5505 1015233 123796 53646 70150 49970 104776 98487 891437 15564 6654 875873 533801 342072 436773 419071 63965 6388 57577 17702 355106 30542 324564 8910 3676 92843
is_linear=0
shrinkage=0.01


Tree=88
num_leaves=31
num_cat=0
split_feature=57 74 42 5 59 30 43 36 58 72 63 62 62 22 1 3 31 43 32 83 13 33 64 1 68 13 47 23 51 48
split_gain=905.22 439.201 397.435 391.143 356.143 354.785 330.418 357.997 329.578 588.638 418.19 363.89 308.69 298.679 496.234 471.039 296.472 435.265 295.802 269.111 249.306 238.599 301.904 281.639 275.036 282.848 234.728 225.222 176.226 156.213
threshold=0.022071838378906253 -0.24977862834930417 0.031250000000000007 0.32812500000000006 0.22552490234375003 0.17187500000000003 1.3139648437500002 0.034210205078125007 0.066558837890625014 -0.055231727659702294 0.084503173828125014 -0.0080680847167968733 -0.0089073181152343733 0.0039443969726562509 0.096343994140625014 0.091583251953125014 0.051223754882812507 -0.90722656249999989 -0.022598266601562497 -1.3968012332916258 0.22607421875000003 1.2563476562500002 0.033767700195312507 0.084991455078125014 0.024158477783203128 -1.3520507812499998 0.20489501953125003 -0.42529296874999994 0.017829895019531253 10.886718750000002
decision_type=2 2 2 2 2 2 2 2 2 2 2 2 2 2 2 2 2 2 2 2 2 2 2 2 2 2 2 2 2 2
left_child=1 21 4 -4 6 -3 7 29 9 10 -7 -11 -8 16 15 -15 -6 -18 -9 20 -10 22 24 -23 25 -1 -5 -24 -21 -2
right_child=2 5 3 26 13 8 12 18 19 11 -12 -13 -14 14 -16 -17 17 -19 -20 28 -22 23 27 -25 -26 -27 -28 -29 -30 -31
leaf_value=0.0028734396777834212 -0.0047425452173197272 0.0037027859888948572 -0.005758911021805431 -0.0030977867747465668 -0.001685385969039829 -0.00026866719838906027 0.00075692527305274023 -0.00035661687474823302 0.00054132508654748234 0.0003223782339923078 0.0017706308705516252 0.0021273580074772204 0.0066404804158859297 0.0056080917414426043 0.0085601969753080018 -0.0019737686851202425 -0.001076401032858494 0.0064291381097506383 0.00031735128479990822 -0.0037419378744778342 -0.0039489511898140499 -0.004285332061976458 -0.0064564043846269369 0.00015416033533143975 -0.003920005203757084 -0.00060607136342400228 0.0022576729921657194 -0.001428043205113638 -0.00019938411458350546 -0.00059915176226989328
leaf_weight=2605 2007 2321 2131 1523 2931 742648 2125 72958 6428 40110 10174 15465 1524 1563 1544 1683 1508 1554 605090 6082 1510 4847 1558 2021 2179 21224 1723 2080 1827 1663
leaf_count=2605 2007 2321 2131 1523 2931 742648 2125 72958 6428 40110 10174 15465 1524 1563 1544 1683 1508 1554 605090 6082 1510 4847 1558 2021 2179 21224 1723 2080 1827 1663
internal_value=-1.5296e-05 -0.00023215 0.000251495 -0.00245177 0.000272445 -0.000184719 0.000244041 0.000227926 -0.000195756 -0.000167737 -0.000241061 0.000825239 0.00323699 0.00207401 0.00393023 0.001689 0.000582263 0.00274975 0.000244824 -0.00162305 -0.000320612 -0.00130514 -0.000914845 -0.0029823 -0.000536065 -0.000223599 -0.000258653 -0.003605 -0.00292617 -0.00287846
internal_weight=1.56461e+06 863079 701527 5377 696150 826565 685367 681718 824244 808397 752822 55575 3649 10783 4790 3246 5993 3062 678048 15847 7938 36514 29646 6868 26008 23829 3246 3638 7909 3670
internal_count=1564606 863079 701527 5377 696150 826565 685367 681718 824244 808397 752822 55575 3649 10783 4790 3246 5993 3062 678048 15847 7938 36514 29646 6868 26008 23829 3246 3638 7909 3670
is_linear=0
shrinkage=0.01


Tree=89
num_leaves=31
num_cat=0
split_feature=52 67 60 17 36 31 83 6 3 57 68 33 7 72 56 81 83 74 23 3 33 31 83 25 77 15 31 68 10 76
split_gain=980.906 516.597 478.025 456.167 398.287 433.839 464.247 534.662 392.853 1035.32 548.052 506.628 422.296 387.606 348.903 628.955 614.335 448.328 339.913 328.828 324.094 499.963 320.573 331.51 319.326 294.49 377.505 274.877 269.877 258.746
threshold=0.054977416992187507 -0.21734619140624997 -0.0021486282348632808 -0.0061073303222656241 0.11871337890625001 0.054367065429687507 -1.7097492218017576 0.085296630859375014 -1.0219726562499998 0.023597717285156253 0.020633697509765628 -0.92968749999999989 0.015213012695312502 -0.11230084300041197 0.039108276367187507 0.00093968538567423831 -2.0016283988952632 -0.1152483820915222 -1.1801757812499998 1.4901161193847659e-07 -0.22546386718749997 0.069671630859375014 -0.4807217121124267 0.70312500000000011 0.014541922137141229 0.60937500000000011 0.057571411132812507 0.020038604736328128 0.64062500000000011 0.032439060509204871
decision_type=2 2 2 2 2 2 2 2 2 2 2 2 2 2 2 2 2 2 2 2 2 2 2 2 2 2 2 2 2 2
left_child=1 14 8 -4 5 29 7 -7 9 10 27 -12 -11 -8 15 20 -16 19 22 -17 21 -1 23 -10 -18 28 -27 -2 -20 -3
right_child=2 4 3 -5 -6 6 13 -9 18 12 11 -13 -14 -15 16 17 24 -19 25 -21 -22 -23 -24 -25 -26 26 -28 -29 -30 -31
leaf_value=-0.00037787805691504543 0.00010103497759104027 -0.0021174267082152971 -0.00016453765595185401 0.0063653666755194632 0.0047023487430032304 0.0011579754900568496 0.00032179115984736785 -0.0010578781018396682 -0.0012935218005382455 0.0099440619171555361 -0.0016736985370600136 0.0019813496300507454 0.0030811562622499017 -0.00021546477785208584 0.0050421523095807207 -0.00024940313918651793 -0.0012917626323361636 0.0058605827230029375 0.00036726968675535949 0.0015238548586007927 -0.00099453070457879221 0.0036094926102944176 0.0036940931450790138 0.003173543494520053 0.0029120242241266613 -0.0024271502238316614 -1.3133773756738162e-05 -0.0035861819185558259 0.0013520027399142273 0.00010473990844083523
leaf_weight=14869 4703 15672 1825 2562 1756 60270 180846 13273 26170 1722 4449 25159 1902 521394 1589 23882 80798 1617 367184 18577 78974 3967 1508 1755 1830 7300 56320 3525 30098 7864
leaf_count=14869 4703 15672 1825 2562 1756 60270 180846 13273 26170 1722 4449 25159 1902 521394 1589 23882 80798 1617 367184 18577 78974 3967 1508 1755 1830 7300 56320 3525 30098 7864
internal_value=3.38109e-05 -0.000147163 0.000380501 0.0036605 -2.80152e-05 -3.85246e-05 2.07101e-06 0.000757881 0.000353306 0.00128779 0.000797042 0.00143137 0.00637885 -7.71015e-05 -0.000569261 -0.000266553 -0.00107907 0.000725047 0.000274242 0.000526799 -0.000713453 0.000464829 -0.000767315 -0.00101071 -0.00119798 0.000340786 -0.000290803 -0.00148349 0.000441937 -0.00137548
internal_weight=1.56336e+06 1.02718e+06 536182 4387 801075 799319 775783 73543 531795 41460 37836 29608 3624 702240 226103 141886 84217 44076 490335 42459 97810 18836 29433 27925 82628 460902 63620 8228 397282 23536
internal_count=1563360 1027178 536182 4387 801075 799319 775783 73543 531795 41460 37836 29608 3624 702240 226103 141886 84217 44076 490335 42459 97810 18836 29433 27925 82628 460902 63620 8228 397282 23536
is_linear=0
shrinkage=0.01


Tree=90
num_leaves=31
num_cat=0
split_feature=74 5 18 18 82 83 38 16 74 43 71 13 55 48 81 53 81 60 43 2 5 20 18 62 8 5 21 61 61 8
split_gain=863.561 550.131 399.523 381.36 387.044 384.063 351.776 346.647 421.975 454.612 354.232 346.464 344.056 341.361 341.328 491.613 415.324 288.34 356.663 265.73 260.128 290.235 362.362 331.211 259.314 255.635 234.583 232.862 439.67 438.088
threshold=-0.11199522018432616 0.70312500000000011 0.11999511718750001 -0.23510742187499997 0.14352536201477054 -0.081882059574127183 -1.1948242187499998 0.045059204101562507 -0.057471521198749535 0.099761962890625014 0.28310981392860418 -0.32775878906249994 -0.15655517578124997 8.3789062500000018 0.0016613840125501158 0.017341613769531253 0.0016472651623189451 -0.0029954910278320308 0.83593750000000011 -0.0090103149414062483 0.67187500000000011 0.64062500000000011 -0.64916992187499989 -0.0073909759521484366 0.45886230468750006 0.70312500000000011 0.085968017578125014 -0.0056095123291015616 -0.0050144195556640616 0.69726562500000011
decision_type=2 2 2 2 2 2 2 2 2 2 2 2 2 2 2 2 2 2 2 2 2 2 2 2 2 2 2 2 2 2
left_child=3 7 11 5 6 20 12 8 9 -2 -9 -3 -5 -7 16 -16 -12 18 -8 -13 21 23 -23 -1 -19 -22 -21 29 -29 -4
right_child=1 2 27 4 -6 13 17 10 -10 -11 14 19 -14 -15 15 -17 -18 24 -20 26 25 22 -24 -25 -26 -27 -28 28 -30 -31
leaf_value=-0.00044515326038042691 -0.00097866118080803307 -0.0031794633358256208 0.0035957562439691755 -0.0044537920109449418 -0.002932400418484487 -0.00028613988611788825 4.1710136465983179e-05 -0.0039085129927155298 0.0071697675115347057 0.0055099895149562103 0.00021563262055655761 -0.0029731658035878979 0.00042774955018526649 0.0053414793764703155 0.0023749137521308209 0.00051376954409389935 -0.0018931023985761469 0.00076315650509708847 -0.00095190844820320958 0.00026845643617158548 -0.0047284267231700204 0.0038188017566739242 -0.0012808941081447658 -0.0015602394424262644 -0.00032367899261669461 -0.00045404534354022836 -0.0030434244762509825 0.0028280191450886661 -0.0031255809049452504 -0.0014099976246152155
leaf_weight=255459 3277 8906 2087 3423 4515 2215 185387 2009 1517 1587 707590 4505 2481 2076 16086 119671 9445 80932 44849 13994 2916 3348 2363 29724 30109 2682 2504 6229 1530 10259
leaf_count=255459 3277 8906 2087 3423 4515 2215 185387 2009 1517 1587 707590 4505 2481 2076 16086 119671 9445 80932 44849 13994 2916 3348 2363 29724 30109 2682 2504 6229 1530 10259
internal_value=2.42321e-05 0.000223092 -0.000796306 -0.000253476 -2.98933e-05 -0.000514885 8.01982e-06 0.000282311 0.00260082 0.00115232 0.000264943 -0.00152872 -0.00240793 0.00244867 0.000274867 0.000734616 0.000187804 4.99538e-05 -0.000151908 -0.000826382 -0.000557938 -0.000516736 0.00171163 -0.000561478 0.000468454 -0.00268948 -0.000237284 0.000293691 0.00164901 -0.000559365
internal_weight=1.56368e+06 911196 50014 652479 351696 300783 347181 861182 6381 4864 854801 29909 5904 4291 852792 135757 717035 341277 230236 21003 296492 290894 5711 285183 111041 5598 16498 20105 7759 12346
internal_count=1563675 911196 50014 652479 351696 300783 347181 861182 6381 4864 854801 29909 5904 4291 852792 135757 717035 341277 230236 21003 296492 290894 5711 285183 111041 5598 16498 20105 7759 12346
is_linear=0
shrinkage=0.01


Tree=91
num_leaves=30
num_cat=0
split_feature=53 41 54 11 75 61 32 28 36 36 75 13 73 35 20 50 58 70 18 77 2 22 73 22 47 36 36 47 48
split_gain=1054.86 376.742 509.877 428.754 351.704 495.769 327.558 495.792 397.259 313.482 298.391 294.355 288.133 264.752 256.735 240.886 300.39 394.836 310.968 264.866 248.964 236.314 628.019 301.886 229.75 223.362 220.521 193.059 81.7927
threshold=0.015544891357421877 0.041992187500000007 0.013328552246093752 0.066772460937500014 -0.09375435113906859 -0.0053958892822265616 0.028648376464843753 -0.98168945312499989 0.051696777343750007 0.074310302734375014 -0.07796518504619597 -0.14343261718749997 -0.029881238937377926 0.39062500000000006 0.45312500000000006 0.040573120117187507 0.061477661132812507 0.70768359303474437 0.12811279296875003 0.014881875365972521 0.0017547607421875002 0.026046752929687503 -0.019955649971961972 0.017219543457031253 0.22808837890625003 0.086700439453125014 0.085754394531250014 0.23773193359375003 13.011718750000002
decision_type=2 2 2 2 2 2 2 2 2 2 2 2 2 2 2 2 2 2 2 2 2 2 2 2 2 2 2 2 2
left_child=15 2 3 26 5 24 10 -8 -9 -7 14 -5 -12 -13 -6 16 19 -18 20 21 -19 23 -23 -1 28 -11 -2 -26 -3
right_child=1 4 -4 11 6 9 7 8 -10 25 12 13 -14 -15 -16 -17 17 18 -20 -21 -22 22 -24 -25 27 -27 -28 -29 -30
leaf_value=-0.00049487707520255166 0.0017263632372464283 -0.0033403577459095724 0.0059525552322819628 -0.0034154080145121419 0.0030782126462520756 0.0029493924004258239 0.0041131107184445006 -0.0043789895662199856 -0.00084640578986483516 -0.001866206659090247 -0.00010515291504590886 0.0020102224114101706 0.00021756824684569898 -0.0013186373397609458 0.00056603600325697955 0.002783710632708475 -0.0057089786158679772 -0.00023298527722596997 0.0020524930833589914 0.0032396008652277632 -0.0025377129591354986 0.0044801931205528849 -0.0021411464762950876 -0.0021304936088822985 0.0011587753096827477 0.00094603808459728172 0.0067711750222939002 -0.0036785908177038424 -0.0064401319021769009
leaf_weight=241589 2000 1588 2263 2077 4266 2656 1701 3834 18388 7655 487083 6070 640332 3914 80567 2102 2169 7504 2505 1862 12485 3135 2607 11820 1513 4453 1535 1775 2052
leaf_count=241589 2000 1588 2263 2077 4266 2656 1701 3834 18388 7655 487083 6070 640332 3914 80567 2102 2169 7504 2505 1862 12485 3135 2607 11820 1513 4453 1535 1775 2052
internal_value=-2.67291e-05 9.66399e-05 0.00153805 0.000890693 7.61509e-05 -0.00118556 9.83098e-05 -0.00105996 -0.00145928 -0.000148737 0.000121185 -8.88796e-06 7.81419e-05 0.000705191 0.000693062 -0.000573594 -0.00059849 -0.00165302 -0.0012572 -0.000498729 -0.0016736 -0.000525837 0.00147696 -0.000571331 -0.0033883 -0.000832083 0.00394274 -0.00145909 -0.00511346
internal_weight=1.5635e+06 1.27572e+06 17859 15596 1.25786e+06 21692 1.23617e+06 23923 22222 14764 1.21225e+06 12061 1.12742e+06 9984 84833 287778 285676 24663 22494 261013 19989 259151 5742 253409 6928 12108 3535 3288 3640
internal_count=1563500 1275722 17859 15596 1257863 21692 1236171 23923 22222 14764 1212248 12061 1127415 9984 84833 287778 285676 24663 22494 261013 19989 259151 5742 253409 6928 12108 3535 3288 3640
is_linear=0
shrinkage=0.01


Tree=92
num_leaves=31
num_cat=0
split_feature=51 30 79 52 31 36 46 57 61 62 6 60 31 74 46 27 48 82 82 28 74 15 21 1 38 21 35 13 74 60
split_gain=1051.88 413.48 347.038 342.322 484.521 402.7 459.927 715.283 866.167 693.499 319.419 556.482 440.169 439.501 435.654 445.684 300.512 377.424 374.366 545.959 329.722 321.836 307.61 409.37 391.804 292.902 269.588 266.282 319.41 319.958
threshold=0.016822814941406253 0.73437500000000011 0.0065006315708160409 0.051803588867187507 0.10366821289062501 0.084136962890625014 0.27941894531250006 0.022193908691406253 -0.0056552886962890616 -0.0078544616699218733 0.068084716796875014 -0.0029878616333007808 0.074310302734375014 -0.1152483820915222 0.26623535156250006 0.0025310516357421879 8.3789062500000018 -0.23157238960266111 0.11935991048812868 0.75415039062500011 -0.18887194991111753 0.45312500000000006 0.098846435546875014 0.061553955078125007 1.2626953125000002 0.10720825195312501 0.29687500000000006 -0.39538574218749994 -0.075418531894683824 -0.0041103363037109366
decision_type=2 2 2 2 2 2 2 2 2 2 2 2 2 2 2 2 2 2 2 2 2 2 2 2 2 2 2 2 2 2
left_child=1 16 -3 5 10 6 7 -2 -9 26 11 12 -5 -13 15 -12 17 -1 19 -19 21 -18 23 -22 -24 -16 -8 -4 29 -29
right_child=3 2 27 4 -6 -7 9 8 -10 -11 14 13 -14 -15 25 -17 20 18 -20 -21 22 -23 24 -25 -26 -27 -28 28 -30 -31
leaf_value=-0.0036134697466302132 -0.0011195784539607472 0.0045560589663921356 -0.00096578163887005156 0.0014326085503550028 -0.0021804623956833366 -0.0016385976499771104 -0.0020777775311038786 0.0029466866792310486 0.01250851958370389 0.0064327662163620146 0.0010601007290527494 0.0041033268356837601 0.00032327378358740786 -0.0014128762468849968 0.00017188468413347467 -0.001932780722288705 -0.00065532295562861851 0.0005575373837656707 -0.0031610213806894088 0.004184576301300297 -0.00091616635467542027 -0.0027669451367971563 0.00050419077073058044 -0.00017806939303198881 0.0055840293737706125 0.0017337517057643326 0.0012328129308312027 0.0056180589334583466 -0.0027855912714288829 0.0012727377468084466
leaf_weight=2026 1606 2558 6687 70393 8142 3382 3850 2393 1567 1991 6779 1556 72726 17360 450700 18573 121906 30886 2230 4776 86354 7655 26260 578051 1592 12316 6730 2056 1523 9337
leaf_count=2026 1606 2558 6687 70393 8142 3382 3850 2393 1567 1991 6779 1556 72726 17360 450700 18573 121906 30886 2230 4776 86354 7655 26260 578051 1592 12316 6730 2056 1523 9337
internal_value=-1.41939e-05 -0.000241672 0.00110644 0.000281464 0.000240881 0.00152204 0.00211256 0.00450071 0.00677421 0.0010497 0.000271259 0.000655964 0.000869023 -0.000955268 0.000143597 -0.00113229 -0.000276366 0.00057076 0.00079627 0.00104536 -0.000317526 -0.000780494 -0.000230859 -0.000274026 0.000798349 0.000213503 2.64612e-05 0.000652114 0.00148995 0.00206537
internal_weight=1.56396e+06 883897 22161 680064 658545 21519 18137 5566 3960 12571 650403 162035 143119 18916 488368 25352 861736 39918 37892 35662 821818 129561 692257 664405 27852 463016 10580 19603 12916 11393
internal_count=1563961 883897 22161 680064 658545 21519 18137 5566 3960 12571 650403 162035 143119 18916 488368 25352 861736 39918 37892 35662 821818 129561 692257 664405 27852 463016 10580 19603 12916 11393
is_linear=0
shrinkage=0.01


Tree=93
num_leaves=31
num_cat=0
split_feature=72 22 55 17 61 42 46 60 60 59 75 11 33 42 11 31 83 38 76 75 21 45 18 78 75 17 61 31 22 16
split_gain=884.056 460.42 987.723 487.992 459.328 357.034 700.568 460.401 734.476 487.68 456.458 433.43 402.654 402.355 840.658 377.245 356.488 574.623 350.653 606.293 361.576 346.744 299.208 343.12 758.464 388.956 317.226 606.674 461.61 422.937
threshold=-0.06855496764183043 0.033447265625000007 -0.073028564453124986 -0.012905120849609373 -0.0057010650634765616 -0.011856079101562498 0.29980468750000006 -0.0035371780395507808 -0.0039768218994140616 0.047042846679687507 -0.0024806102737784381 0.081268310546875014 1.3471679687500002 -0.012649536132812498 0.076446533203125014 0.094024658203125014 -1.5895266532897947 -0.97143554687499989 0.028018273413181308 -0.036566890776157372 0.094512939453125014 1.2031250000000002 -0.58740234374999989 0.018469776958227161 -0.08335664868354796 -0.011043548583984373 -0.0037450790405273433 0.090545654296875014 -0.0051403045654296866 0.073120117187500014
decision_type=2 2 2 2 2 2 2 2 2 2 2 2 2 2 2 2 2 2 2 2 2 2 2 2 2 2 2 2 2 2
left_child=5 22 -3 -4 -5 6 13 8 11 -10 16 -8 15 18 -15 -9 17 -7 19 -1 -20 -19 23 24 -2 -26 29 28 -28 -24
right_child=1 2 3 4 -6 10 7 12 9 -11 -12 -13 -14 14 -16 -17 -18 21 20 -21 -22 -23 26 -25 25 -27 27 -29 -30 -31
leaf_value=0.0011104983460508487 0.0063721310229763245 0.0087347950066753374 0.0051309766021949048 -0.0038157560903937389 0.0023761562492915196 0.0058155209890919735 -0.0023544229149966242 -0.00062322982473829198 0.0031958183468922207 -2.7964504751445598e-05 0.0039641651247666965 0.0020798498686474091 0.0041071082216290276 -0.0012916500966444059 0.0077969828195571904 -0.0031856815322687609 -0.00042579449681939 0.0042123575960076329 0.00089502219909118558 -0.0026799234251181285 0.0033628420663351171 -4.8908238967860831e-06 0.00092894617163729492 -0.0014625064136611235 1.2784373184735706e-05 -0.0033687970654466561 -0.0024589988759250885 -0.0053437635833327984 0.0021545840936790113 0.00021472504549748057
leaf_weight=12122 1818 1970 1779 2589 2197 1732 8851 59759 11714 7819 2468 2916 1647 1708 2480 6339 649769 1957 23170 6448 7974 140785 106578 18926 90668 3514 4048 2793 4625 373207
leaf_count=12122 1818 1970 1779 2589 2197 1732 8851 59759 11714 7819 2468 2916 1647 1708 2480 6339 649769 1957 23170 6448 7974 140785 106578 18926 90668 3514 4048 2793 4625 373207
internal_value=-3.62972e-05 0.000259171 0.00256289 0.00068994 -0.000975316 -0.000227555 0.000214962 -0.000284322 0.000718419 0.00190664 -0.000312509 -0.00125389 -0.000747691 0.00113216 0.00410183 -0.000869866 -0.000325898 0.000123382 0.000880445 -0.000207105 0.00152863 5.35099e-05 0.000226651 -0.000232654 1.00608e-05 -0.000114073 0.000334109 -0.0013083 5.56274e-07 0.000373412
internal_weight=1.56437e+06 614712 8535 6565 4786 949658 152947 99045 31300 19533 796711 11767 67745 53902 4188 66098 794243 144474 49714 18570 31144 142742 606177 114926 96000 94182 491251 11466 8673 479785
internal_count=1564370 614712 8535 6565 4786 949658 152947 99045 31300 19533 796711 11767 67745 53902 4188 66098 794243 144474 49714 18570 31144 142742 606177 114926 96000 94182 491251 11466 8673 479785
is_linear=0
shrinkage=0.01


Tree=94
num_leaves=31
num_cat=0
split_feature=65 33 53 30 48 45 72 1 50 50 75 64 64 40 38 10 65 64 50 33 82 63 47 61 3 22 73 40 61 60
split_gain=923.866 483.819 496.487 537.963 459.254 456.258 618.435 647.384 397.609 549.618 589.314 537.585 512.165 478.7 754.541 540.556 466.19 454.232 391.168 389.355 401.791 384.381 352.142 342.323 321.429 321.213 497.959 293.229 280.949 346.001
threshold=0.11898803710937501 -0.98168945312499989 0.015560150146484377 0.67187500000000011 8.0898437500000018 1.1093750000000002 -0.16906711459159848 0.045059204101562507 0.039138793945312507 0.038650512695312507 -0.014517806470394133 0.043991088867187507 0.044113159179687507 0.42187500000000006 -1.3271484374999998 0.57812500000000011 0.12277221679687501 0.034988403320312507 0.039230346679687507 -0.72363281249999989 0.032282814383506782 0.081024169921875014 0.21319580078125003 -0.0054645538330078116 -0.67089843749999989 0.026046752929687503 -0.017012007534503933 0.76562500000000011 -0.0053157806396484366 -0.0039539337158203116
decision_type=2 2 2 2 2 2 2 2 2 2 2 2 2 2 2 2 2 2 2 2 2 2 2 2 2 2 2 2 2 2
left_child=1 22 3 25 23 6 -4 -8 9 10 16 17 -13 15 -15 -11 -6 -10 -19 20 -7 -21 -1 -2 -14 27 -27 -3 -5 -30
right_child=4 2 5 28 8 19 7 -9 11 13 -12 12 24 14 -16 -17 -18 18 -20 21 -22 -23 -24 -25 -26 26 -28 -29 29 -31
leaf_value=-0.0030805936563633503 -0.00047896161303513819 -0.00062973419828731795 -0.0027046913172818648 0.0033769554534920578 9.7683378659145265e-05 0.0012499831510035444 0.0075105273692083977 0.001184218508364771 0.0052950502330472013 0.00078867092544945914 0.0014316975211827343 0.0060956984075064159 0.0045558129274695484 0.007365103442080561 0.0017612223401801466 -0.0047968918513607338 -0.0038154067565379529 -0.0017453429832390832 5.5693479069826978e-05 -0.00013986644068233166 -0.0025256777704732816 0.0015532461694275129 -0.00077191487349064544 -0.0041868151991901973 0.00071748063857575981 0.0040751981461165819 -0.0017711962500919346 -0.0039278100357716863 0.0031581393529828672 -0.00020996723819427654
leaf_weight=8017 8193 250053 3882 4034 105508 34568 1682 33045 1590 27321 37975 2152 2370 2537 40586 1830 3115 12665 244420 628912 3050 13681 37273 3561 25214 3525 2458 2706 3807 15013
leaf_count=8017 8193 250053 3882 4034 105508 34568 1682 33045 1590 27321 37975 2152 2370 2537 40586 1830 3115 12665 244420 628912 3050 13681 37273 3561 25214 3525 2458 2706 3807 15013
internal_value=1.3613e-07 -0.000171053 -0.000125274 -0.000481184 0.000345025 1.41624e-05 0.00107136 0.00149478 0.000390327 0.000711684 0.00035974 0.000146421 0.00141932 0.00142526 0.00209417 0.00043498 -1.52147e-05 -3.59823e-09 -3.31614e-05 -4.58739e-05 0.00094268 -0.000103772 -0.00118176 -0.0016075 0.00105033 -0.000611099 0.00167542 -0.000665351 0.000988893 0.000473979
internal_weight=1.56474e+06 1.04571e+06 1.00042e+06 281596 519037 718820 38609 34727 507283 218872 146598 288411 29736 72274 43123 29151 108623 258675 257085 680211 37618 642593 45290 11754 27584 258742 5983 252759 22854 18820
internal_count=1564743 1045706 1000416 281596 519037 718820 38609 34727 507283 218872 146598 288411 29736 72274 43123 29151 108623 258675 257085 680211 37618 642593 45290 11754 27584 258742 5983 252759 22854 18820
is_linear=0
shrinkage=0.01


Tree=95
num_leaves=31
num_cat=0
split_feature=64 65 23 18 12 61 53 60 53 5 60 81 62 42 28 36 79 31 31 73 30 45 61 82 11 70 38 61 62 38
split_gain=1000.28 400.587 495.311 418.325 466.373 466.927 392.999 510.318 370.063 393.677 348.36 300.554 333.037 865.481 375.172 294.924 293.01 322.086 447.83 313.348 301.073 291.721 411.813 303.442 286.988 281.43 280.077 278.043 272.241 244.108
threshold=0.039443969726562507 0.11410522460937501 0.21673583984375003 0.76977539062500011 0.012397766113281252 -0.0064563751220703116 0.017631530761718753 -0.0033864974975585933 0.014308929443359377 0.67187500000000011 -0.0021085739135742183 0.00088281731586903345 -0.010707855224609373 -0.030456542968749997 0.69409179687500011 0.081665039062500014 0.005983874201774598 0.060470581054687507 0.064849853515625014 -0.072632670402526842 0.17187500000000003 0.98437500000000011 -0.0061817169189453116 -0.090974509716033922 0.10671997070312501 0.67096593976020824 0.97192382812500011 -0.0059185028076171866 -0.0067958831787109366 1.2358398437500002
decision_type=2 2 2 2 2 2 2 2 2 2 2 2 2 2 2 2 2 2 2 2 2 2 2 2 2 2 2 2 2 2
left_child=8 2 10 4 15 -6 7 -5 26 16 24 -3 13 -13 -15 -4 19 27 -19 -10 -21 22 -14 -23 25 -2 28 -18 -1 -28
right_child=1 11 3 6 5 -7 -8 -9 9 -11 -12 12 21 14 -16 -17 17 18 -20 20 -22 23 -24 -25 -26 -27 29 -29 -30 -31
leaf_value=-0.00070671463912677342 0.00099554700632596802 -0.0027188285706235562 -0.0028772893725536154 0.0085811764640875057 0.0059249139219792182 8.9809490207003127e-06 -0.0012248750505750811 0.0019286594793140272 -0.0027494164249548289 -0.00097664443646279433 -0.0015445912640632414 0.0086831386952564635 0.0013874278413374404 0.0021388956682120829 -0.0023614785737962477 0.0016256847902888691 0.0019690484161755568 0.0020898763466085124 0.00014384917839593633 0.0027402068587518832 -0.00021900576013967514 0.0044048350823418063 -0.0037012278094217198 0.00025351695000499662 0.0073236888443803522 0.0044954450721208759 -0.0032132543230050867 -0.0024647384272415604 0.0020982009092844261 -0.0010791725616404479
leaf_weight=31081 4316 3352 7098 1547 1748 5437 2243 4434 4848 54338 1501 1633 2514 6174 2624 1814 1718 12382 254457 3438 600446 1747 4269 506693 1710 4928 8067 7656 3874 16000
leaf_count=31081 4316 3352 7098 1547 1748 5437 2243 4434 4848 54338 1501 1633 2514 6174 2624 1814 1718 12382 254457 3438 600446 1747 4269 506693 1710 4928 8067 7656 3874 16000
internal_value=-8.51084e-06 0.000327404 0.00133632 0.000504921 -0.000432759 0.00146069 0.00233686 0.00367221 -0.000198891 -0.000150617 0.00295638 0.000257218 0.000276298 0.00204361 0.000794349 -0.00195914 -9.98754e-05 0.000170247 0.0002343 -0.000222445 -0.000202068 0.00024044 -0.00181667 0.000267954 0.00357483 0.00286703 -0.000966821 -0.00164968 -0.000394829 -0.00179657
internal_weight=1.56409e+06 565782 36776 24321 16097 7185 8224 5981 998305 939283 12455 529006 525654 10431 8798 8912 884945 276213 266839 608732 603884 515223 6783 508440 10954 9244 59022 9374 34955 24067
internal_count=1564087 565782 36776 24321 16097 7185 8224 5981 998305 939283 12455 529006 525654 10431 8798 8912 884945 276213 266839 608732 603884 515223 6783 508440 10954 9244 59022 9374 34955 24067
is_linear=0
shrinkage=0.01


Tree=96
num_leaves=31
num_cat=0
split_feature=64 23 31 78 83 30 57 61 45 8 76 22 48 21 76 80 72 23 74 70 23 78 58 43 48 22 18 76 43 12
split_gain=448.86 452.099 557.65 1101.44 438.409 391.064 408.746 407.024 359.605 497.696 358.061 341.713 322.374 296.156 375.822 337.731 290.683 695.391 535.565 424.053 412.37 599.691 332.456 561.166 429.324 371.194 425.131 408.372 331.344 322.211
threshold=0.039413452148437507 1.7182617187500002 0.072845458984375014 0.0029871957376599316 -0.55257081985473622 0.73437500000000011 0.021980285644531253 -0.0053691864013671866 2.3281250000000004 -0.56127929687499989 0.016842991113662723 -0.013313293457031248 14.855468750000002 0.059722900390625007 0.023570083081722263 0.0026175938546657567 -0.11161452531814574 0.21673583984375003 -0.11645318567752837 0.65842026472091686 -0.15435791015624997 0.003811564296483994 0.068450927734375014 -0.68749999999999989 10.582031250000002 0.020439147949218753 -0.61499023437499989 0.019340462982654575 -0.78979492187499989 0.023811340332031253
decision_type=2 2 2 2 2 2 2 2 2 2 2 2 2 2 2 2 2 2 2 2 2 2 2 2 2 2 2 2 2 2
left_child=5 16 3 -3 -4 10 7 -7 9 -9 -1 -10 -12 15 -15 -14 17 20 -19 -20 29 -22 25 28 -25 26 -18 -27 -24 -2
right_child=1 2 4 -5 -6 6 -8 8 11 -11 12 -13 13 14 -16 -17 22 18 19 -21 21 -23 23 24 -26 27 -28 -29 -30 -31
leaf_value=-0.0024691111085003844 0.00019219198436708267 0.0067696791984547412 0.0076047703212824237 -0.0020481306641517189 0.00138032862330251 -0.00313583610187112 0.006060754318474507 0.0080415085915066346 0.0041488643730050873 0.0016155062721853262 -0.00018280571692119366 -0.00031828214686841215 -0.0047118630201466016 0.00061922951307981919 0.0036215599849535158 0.00033740177257066101 -0.00076989656520538418 -0.0022292515283328937 -0.001388752351324725 0.0033927090116347542 0.0025897997758341346 0.01032152854457046 0.00013628120000962142 0.00011798340360971851 0.0021629349538586414 0.0042523417619439773 0.00024521560036385749 -0.00097568963655742674 -0.0028160167360903187 0.0052975723724382178
leaf_weight=6633 4617 1941 2569 5083 2029 2359 1548 1562 1977 5126 913176 12000 2034 36698 4686 3724 46518 6784 2956 4919 2608 1630 28348 15672 29758 1525 363552 45771 4370 1669
leaf_count=6633 4617 1941 2569 5083 2029 2359 1548 1562 1977 5126 913176 12000 2034 36698 4686 3724 46518 6784 2956 4919 2608 1630 28348 15672 29758 1525 363552 45771 4370 1669
internal_value=3.19037e-06 0.000226179 0.00217667 0.00040087 0.00487593 -0.000125523 0.00111978 0.000782609 0.00123252 0.00313582 -0.000157191 0.000318606 -0.000141172 0.000665048 0.000960775 -0.00145637 0.000185673 0.00123522 -0.00017332 0.00159894 0.00319379 0.00559805 0.000136274 0.000738959 0.00145785 3.32676e-05 0.00013003 -0.000805392 -0.000259524 0.00156023
internal_weight=1.56384e+06 572319 11622 7024 4598 991523 24572 23024 20665 6688 966951 13977 960318 47142 41384 5758 560697 25183 14659 7875 10524 4238 535514 78148 45430 457366 410070 47296 32718 6286
internal_count=1563842 572319 11622 7024 4598 991523 24572 23024 20665 6688 966951 13977 960318 47142 41384 5758 560697 25183 14659 7875 10524 4238 535514 78148 45430 457366 410070 47296 32718 6286
is_linear=0
shrinkage=0.01


Tree=97
num_leaves=31
num_cat=0
split_feature=57 30 6 60 75 1 13 76 5 78 2 56 22 6 13 2 60 28 63 45 7 75 60 40 82 16 33 38 18 48
split_gain=591.732 345.115 324.631 617.198 463.273 669.984 689.345 483.637 600.01 375.066 350.055 461.194 648.381 404.351 563.032 398.811 397.513 394.431 387.275 377.625 323.012 315.525 333.673 311.288 308.848 326.304 385.652 458.215 371.084 327.086
threshold=0.022377014160156253 0.17187500000000003 0.068908691406250014 -0.0029878616333007808 -0.043186962604522698 0.097198486328125014 0.56616210937500011 0.023570083081722263 0.42187500000000006 0.016395840793848041 0.022590637207031253 0.042221069335937507 0.0060157775878906259 0.095306396484375014 1.7807617187500002 -0.010379791259765623 -0.0030546188354492183 -0.43322753906249994 0.084991455078125014 1.0156250000000002 0.0049114227294921884 -0.040880709886550896 -0.0023775100708007808 0.35937500000000006 -0.20693573355674741 0.10351562500000001 0.070190429687500014 -0.90478515624999989 1.2607421875000002 14.269531250000002
decision_type=2 2 2 2 2 2 2 2 2 2 2 2 2 2 2 2 2 2 2 2 2 2 2 2 2 2 2 2 2 2
left_child=1 23 3 4 5 6 -2 9 -9 -6 13 -12 18 14 -4 16 -15 -16 -13 -17 -14 -5 -23 -1 -3 29 28 -28 -27 -26
right_child=2 24 10 21 7 -7 -8 8 -10 -11 11 12 20 15 17 19 -18 -19 -20 -21 -22 22 -24 -25 25 26 27 -29 -30 -31
leaf_value=0.0061734950298347807 0.00013507184798545473 -0.0013286185092080017 -0.00016074448646290619 0.0018755838967348581 -0.0043065044835615251 0.0083202581280284287 0.0060058254513108986 0.00083531802985200188 0.0044311886606970387 0.00026312429822079273 0.00027366120528377259 0.0027114401440573054 0.0082160655312797648 0.0028719530307009149 0.0065854840800276407 -0.0027882179139338921 -0.00014290270110507515 0.00098418531864392662 -0.0011917785921990735 0.00046895804223637358 0.002573284288236681 -0.0019673141243014862 0.0012669342085061058 -3.0566700599015385e-05 -0.00023924652452235722 0.004070752741023898 0.0071447597391420094 0.0014125270487369205 -0.0011086714499290004 0.00033308496390317932
leaf_weight=1616 6688 22266 335184 3828 2994 1939 2834 63376 4989 4440 30711 6121 2332 13486 2007 3754 6465 3333 4322 62626 1829 14718 4056 1599 815600 1580 1537 13570 10199 113767
leaf_count=1616 6688 22266 335184 3828 2994 1939 2834 63376 4989 4440 30711 6121 2332 13486 2007 3754 6465 3333 4322 62626 1829 14718 4056 1599 815600 1580 1537 13570 10199 113767
internal_value=-4.32132e-06 -0.0001541 0.000248313 0.000737868 0.00111929 0.00299156 0.00189129 0.000835482 0.00109895 -0.00158388 0.000134379 0.000969854 0.00243151 4.56434e-05 -0.000109335 0.000656825 0.00189584 0.00310611 0.00109684 0.00028397 0.00575991 -0.000734374 -0.00126797 0.00310675 -0.000164877 -0.000137753 0.000947905 0.0020044 -0.000408196 -0.00016918
internal_weight=1.56377e+06 981734 582032 109862 87260 11461 9522 75799 68365 7434 472170 45315 14604 426855 340524 86331 19951 5340 10443 66380 4161 22602 18774 3215 978519 956253 26886 15107 11779 929367
internal_count=1563766 981734 582032 109862 87260 11461 9522 75799 68365 7434 472170 45315 14604 426855 340524 86331 19951 5340 10443 66380 4161 22602 18774 3215 978519 956253 26886 15107 11779 929367
is_linear=0
shrinkage=0.01


Tree=98
num_leaves=31
num_cat=0
split_feature=65 69 58 3 74 36 78 61 59 38 38 78 17 72 20 61 59 42 3 6 60 80 28 17 11 69 36 68 46 77
split_gain=778.889 459.431 426.103 444.412 719.58 425.619 586.512 506.33 492.705 487.598 541.116 604.35 525.207 499.505 491.758 416.839 386.799 368.421 545.442 367.833 363.314 421.102 491.654 342.644 330.454 313.391 457.534 407.973 309.169 302.068
threshold=0.11898803710937501 0.48054726421833044 0.062896728515625014 0.92993164062500011 -0.097783029079437242 0.050979614257812507 0.01220899820327759 -0.0071086883544921866 0.089141845703125014 -0.69335937499999989 0.32312011718750006 0.018388971686363224 -0.010379791259765623 -0.017337571829557415 0.35937500000000006 -0.0039615631103515616 0.095916748046875014 -0.0021057128906249996 0.17102050781250003 0.050521850585937507 -0.0048961639404296866 0.0036449208855628972 0.73120117187500011 0.029342651367187503 0.059890747070312507 0.39907568693161016 0.11871337890625001 0.023273468017578128 0.29309082031250006 0.014418466016650202
decision_type=2 2 2 2 2 2 2 2 2 2 2 2 2 2 2 2 2 2 2 2 2 2 2 2 2 2 2 2 2 2
left_child=1 20 3 -3 28 6 7 -2 -9 13 11 14 -13 15 -11 19 -10 -8 -19 -7 21 22 -1 -4 -15 29 27 -27 -5 -22
right_child=5 2 23 4 -6 9 17 8 16 10 -12 12 -14 24 -16 -17 -18 18 -20 -21 25 -23 -24 -25 -26 26 -28 -29 -30 -31
leaf_value=0.00043016406548350802 0.0044210266702628224 0.00052252410152487207 -0.0012000767632188165 0.0032514079512935053 0.0080973163249990696 -0.005211256566505269 0.0066931759024497287 0.0040157736584301041 -0.0048006308449403887 0.00014549341204472024 -0.00025436719389228089 -0.0034562262167625573 -6.1732562289528887e-05 -0.0023298140875018716 0.0011261464194891595 -0.0040188454101685771 0.00027745863231245507 -0.0015123990210649425 0.005481784529360381 -0.00042479401472353916 -0.0010615813195103054 -0.00020767178665497777 0.0078564389397188569 0.0026459130619542076 0.0015355971900090435 -0.00022035537131234989 0.0030199895262853207 0.0035984123585527379 -0.0022404229305992445 0.0034162144921238724
leaf_weight=1654 3432 100752 21566 2338 2048 1616 2792 3412 1556 74436 88975 5467 26928 2498 163382 3508 31075 2178 2250 86889 57471 4252 1920 2576 18263 840171 4395 2787 1795 1528
leaf_count=1654 3432 100752 21566 2338 2048 1616 2792 3412 1556 74436 88975 5467 26928 2498 163382 3508 31075 2178 2250 86889 57471 4252 1920 2576 18263 840171 4395 2787 1795 1528
internal_value=1.5221e-05 -0.000141982 0.000411651 0.000682557 0.00328104 0.000332026 0.00124255 0.000762256 0.000411611 0.000241892 0.00042199 0.000644701 -0.000636368 -0.000331699 0.000819244 -0.000647839 3.25191e-05 0.0038592 0.00205022 -0.000513347 -0.000221369 0.00192129 0.00444118 -0.000787851 0.00106871 -0.000239912 -0.000190833 -0.000207645 0.000866952 -0.000944494
internal_weight=1.56391e+06 1.04525e+06 131075 106933 6181 518657 46695 39475 36043 471962 359188 270213 32395 112774 237818 92013 32631 7220 4428 88505 914178 7826 3574 24142 20761 906352 847353 842958 4133 58999
internal_count=1563910 1045253 131075 106933 6181 518657 46695 39475 36043 471962 359188 270213 32395 112774 237818 92013 32631 7220 4428 88505 914178 7826 3574 24142 20761 906352 847353 842958 4133 58999
is_linear=0
shrinkage=0.01


Tree=99
num_leaves=31
num_cat=0
split_feature=38 59 30 6 46 83 11 65 48 65 37 3 79 18 50 76 36 76 76 42 21 40 36 13 15 45 45 41 54 31
split_gain=472.012 325.743 318.307 579.615 680.53 375.81 345.497 334.327 475.647 357.638 1057.27 411.964 340.694 337.29 406.391 390.528 323.194 282.446 284.382 323.473 260.422 251.45 296.625 268.855 243.502 233.805 220.647 222.515 150.072 93.7731
threshold=0.62695312500000011 0.14117431640625003 0.73437500000000011 0.064788818359375014 0.30749511718750006 -1.0161554813385008 0.078277587890625014 0.11898803710937501 8.0898437500000018 0.12002563476562501 -0.022056579589843747 -0.66113281249999989 0.0091219358146190661 1.1938476562500002 0.036331176757812507 0.017523009330034259 0.070037841796875014 0.016842991113662723 0.01763403415679932 -0.00057315826416015614 0.075439453125000014 0.70312500000000011 0.090728759765625014 -0.48254394531249994 0.26562500000000006 2.2031250000000004 2.6718750000000004 0.082916259765625014 -0.070831298828124986 0.050430297851562507
decision_type=2 2 2 2 2 2 2 2 2 2 2 2 2 2 2 2 2 2 2 2 2 2 2 2 2 2 2 2 2 2
left_child=2 17 7 4 -4 26 25 12 20 10 -10 -11 13 15 -15 -1 -14 -2 19 -19 28 22 -20 -23 -22 -7 27 -5 -9 -3
right_child=1 29 3 5 -6 6 -8 8 9 11 -12 -13 16 14 -16 -17 -18 18 21 -21 24 23 -24 -25 -26 -27 -28 -29 -30 -31
leaf_value=-0.0016432028958043657 -0.0039363925991387208 -0.0016325459496798103 0.0099065023929149187 -0.0017127247377006698 0.00085806430830304321 0.001464932093915251 -0.00015742581561556303 -0.0062279639632376819 0.0050362026064073853 0.00093956371470478573 0.00057622279159362207 2.8561616896234101e-05 0.0063846393724282585 0.0012755002576693717 -0.00087839209651995466 -0.00012958584571248197 0.00044204993082092448 0.0044551434116533242 -0.0011852808545184184 -0.00049274214708495512 -0.0039696861699411281 0.005368325694334577 -0.00026804333838940974 0.00028627340822685057 0.00038862081306264889 0.0065577447286730949 0.0030309873682163035 0.0013680294739564849 -0.0019394041060653974 -0.0045846888642853204
leaf_weight=17455 2155 2218 1534 8567 1796 1532 2759 1733 5747 58403 67968 330147 1540 33898 11794 694590 2222 2621 41085 2637 1726 1511 247981 3260 4812 2221 1631 3208 1575 2135
leaf_count=17455 2155 2218 1534 8567 1796 1532 2759 1733 5747 58403 67968 330147 1540 33898 11794 694590 2222 2621 41085 2637 1726 1511 247981 3260 4812 2221 1631 3208 1575 2135
internal_value=-3.25706e-05 -0.000385038 5.31361e-05 0.00121188 0.00506058 0.000563998 0.00253092 3.12797e-05 0.000240353 0.000286711 0.000925205 0.000165536 -9.83434e-05 -0.000113284 0.000719397 -0.000166736 0.00289559 -0.00034568 -0.000319547 0.00198121 -0.00193232 -0.000360849 -0.000398483 0.00191148 -0.000770548 0.00449761 -0.000393789 -0.000872503 -0.00421003 -0.00309482
internal_weight=1.56246e+06 305603 1.25686e+06 23248 3330 19918 6512 1.23361e+06 472111 462265 73715 388550 761499 757737 45692 712045 3762 301250 299095 5258 9846 293837 289066 4771 6538 3753 13406 11775 3308 4353
internal_count=1562461 305603 1256858 23248 3330 19918 6512 1233610 472111 462265 73715 388550 761499 757737 45692 712045 3762 301250 299095 5258 9846 293837 289066 4771 6538 3753 13406 11775 3308 4353
is_linear=0
shrinkage=0.01


Tree=100
num_leaves=31
num_cat=0
split_feature=57 82 15 6 10 55 83 61 61 15 32 83 80 8 83 64 72 33 8 33 18 41 17 36 64 63 32 75 83 13
split_gain=794.256 431.002 678.212 552.826 630.108 452.147 436.333 465.967 487.69 414.098 400.865 765.738 537.082 500.432 416.341 369.664 386.751 356.313 332.363 502.122 517.91 363.101 328.572 420.023 324.207 524.684 324.161 310.286 459.901 379.314
threshold=0.022407531738281253 0.14938563108444217 0.17187500000000003 0.085968017578125014 0.54687500000000011 -0.060806274414062493 -2.103920459747314 -0.0061817169189453116 -0.0060253143310546866 0.35937500000000006 -0.019050598144531247 -2.022138118743896 0.0031692432239651684 -0.64819335937499989 -1.7097492218017576 0.039169311523437507 -0.042403146624565118 -0.85449218749999989 -0.61425781249999989 -0.98168945312499989 1.4316406250000002 0.069793701171875014 0.024276733398437503 0.052902221679687507 0.038864135742187507 0.073394775390625014 0.025947570800781253 -0.0070771761238574973 -1.6327409744262693 -0.44665527343749994
decision_type=2 2 2 2 2 2 2 2 2 2 2 2 2 2 2 2 2 2 2 2 2 2 2 2 2 2 2 2 2 2
left_child=10 2 -2 6 -5 -6 -3 9 -9 -8 27 12 13 -12 15 16 -13 -14 19 21 -21 -4 -16 -24 25 -20 -26 29 -29 -1
right_child=1 3 18 4 5 -7 7 8 -10 -11 11 14 17 -15 22 -17 -18 -19 24 20 -22 -23 23 -25 26 -27 -28 28 -30 -31
leaf_value=6.3609904890563678e-05 0.0055920391473622223 0.0044273319166958291 -0.0044563257282439137 0.0015277605900123452 0.0021624777132996601 0.0096565460046955948 0.0052363426326135897 -0.0043548479380007988 0.00015415975640418623 0.00036478843051755862 0.009641022763750123 0.00051838263112731031 -0.0036287103733445847 0.0028557623392152262 -0.00024032986525614997 -0.0014523188698135864 0.0034615632482553815 0.0029078836908334842 -0.00085327066571571437 0.0011112037350940009 0.0058043472250874388 4.3712385283459011e-05 0.0058298630473543169 0.00051160944759702303 2.8452062647637134e-06 0.0032343962311251286 0.0030738458069181594 0.0057521216060731793 -0.0014010323017934817 -0.0020909794979864617
leaf_weight=12146 2301 2582 2484 29207 1528 1717 3322 2485 56525 3658 1522 87470 1618 3782 807850 9002 4686 1679 5169 39536 2482 6314 1534 33641 399431 7953 3447 1553 2083 24939
leaf_count=12146 2301 2582 2484 29207 1528 1717 3322 2485 56525 3658 1522 87470 1618 3782 807850 9002 4686 1679 5169 39536 2482 6314 1534 33641 399431 7953 3447 1553 2083 24939
internal_value=2.98942e-05 0.0003274 0.000199789 0.00091982 0.00199473 0.00616261 0.000410683 0.000252229 -3.71325e-05 0.00269165 -0.000140838 -9.92996e-05 0.0028675 0.00483172 -0.000126386 0.000479754 0.000668758 -0.000302482 0.000172971 0.000936256 0.00139106 -0.00123404 -0.000199129 0.000746722 7.96927e-05 0.00162534 2.92718e-05 -0.00111223 0.00166896 -0.00138566
internal_weight=1.56365e+06 570141 469117 101024 32452 3245 68572 65990 59010 6980 993505 952784 8601 5304 944183 101158 92156 3297 466816 50816 42018 8798 843025 35175 416000 13122 402878 40721 3636 37085
internal_count=1563646 570141 469117 101024 32452 3245 68572 65990 59010 6980 993505 952784 8601 5304 944183 101158 92156 3297 466816 50816 42018 8798 843025 35175 416000 13122 402878 40721 3636 37085
is_linear=0
shrinkage=0.01


Tree=101
num_leaves=31
num_cat=0
split_feature=51 54 62 61 61 40 61 62 16 72 80 61 62 73 13 78 58 43 50 51 0 46 69 65 25 64 61 1 33 59
split_gain=828.144 491.993 545.3 620.141 727.831 780.405 562.833 559.697 380.019 355.012 619.604 487.51 463.957 380.568 467.287 379.506 367.476 357.129 341.095 324.721 320.22 300.373 306.42 635.832 280.934 303.521 300.705 255.969 206.06 265.281
threshold=0.016822814941406253 -0.13153076171874997 -0.0087089538574218733 -0.0049800872802734366 -0.0056781768798828116 0.42187500000000006 -0.0059185028076171866 -0.0076885223388671866 0.10351562500000001 -0.06929896771907805 0.0031544314697384839 -0.0045833587646484366 -0.0088462829589843733 -0.032536551356315606 -0.38708496093749994 0.011603385210037233 0.061416625976562507 -0.62475585937499989 0.042160034179687507 0.014308929443359377 0.26562500000000006 0.36975097656250006 0.37698912620544439 0.11886596679687501 0.35937500000000006 0.046096801757812507 -0.0068378448486328116 0.097747802734375014 1.2846679687500002 -0.015968322753906247
decision_type=2 2 2 2 2 2 2 2 2 2 2 2 2 2 2 2 2 2 2 2 2 2 2 2 2 2 2 2 2 2
left_child=18 2 3 4 6 -6 -2 8 20 10 13 17 -13 15 -15 -3 -11 -12 19 28 -4 22 23 -21 25 -18 -26 -24 29 -1
right_child=1 9 7 -5 5 -7 -8 -9 -10 16 11 12 -14 14 -16 -17 24 -19 -20 21 -22 -23 27 -25 26 -27 -28 -29 -30 -31
leaf_value=-0.00046983487562567031 0.0028640839765387135 -0.0026870285192502593 -0.0052531864849166103 -0.0025316497743157469 0.0033842616998320473 0.011738946639771248 -0.0027805023476508983 0.0043452560978311724 0.0029080501949792755 -0.00380569192882189 -0.0001096860769116031 0.003139663717213395 -0.0010996259315237814 -0.0012488754703189827 0.00068219872700982589 -0.00015785192533429693 0.00076661279985812316 -0.003110578964035788 -0.0033419580843683551 -0.00066758435382835131 -0.00082997250423767972 -0.0021550988152101774 -0.00022187296863229538 0.0074369200780803777 -0.0012354106576616373 0.0034149308814674967 0.00027786328026926195 0.00045891689151151112 -0.0022451177136163102 -0.0033132740718756376
leaf_weight=45381 9660 8657 2051 2129 3101 1751 2144 2390 2103 2156 5268 3592 9030 14841 79936 18768 46411 16041 3512 2398 7857 7582 749481 1600 13531 4756 424387 59603 10082 3518
leaf_count=45381 9660 8657 2051 2129 3101 1751 2144 2390 2103 2156 5268 3592 9030 14841 79936 18768 46411 16041 3512 2398 7857 7582 749481 1600 13531 4756 424387 59603 10082 3518
internal_value=-3.85019e-05 0.00022365 0.00141082 0.00253224 0.00318178 0.00643513 0.00183587 -5.34765e-05 -0.000934523 0.000162751 -0.000252604 -0.00144768 0.00010986 7.94069e-05 0.000379615 -0.00095759 0.00029477 -0.0023695 -0.000240517 -0.000228058 -0.00175434 -0.000176537 -0.000158035 0.00259671 0.000313001 0.00101401 0.000231051 -0.000171711 -0.00094462 -0.000675675
internal_weight=1.56372e+06 680560 33186 18785 16656 4852 11804 14401 12011 647374 156133 33931 12622 122202 94777 27425 491241 21309 883157 879645 9908 820664 813082 3998 489085 51167 437918 809084 58981 48899
internal_count=1563717 680560 33186 18785 16656 4852 11804 14401 12011 647374 156133 33931 12622 122202 94777 27425 491241 21309 883157 879645 9908 820664 813082 3998 489085 51167 437918 809084 58981 48899
is_linear=0
shrinkage=0.01


Tree=102
num_leaves=26
num_cat=0
split_feature=74 26 72 38 68 57 43 1 55 69 3 3 5 57 60 81 80 5 56 50 80 12 62 83 50
split_gain=540.962 484.365 627.121 502.731 433.026 471.073 576.135 368.064 414.632 359.043 351.877 299.122 279.732 284.418 256.577 537.278 628.148 286.679 251.676 464.451 268.016 231.008 254.158 205.346 189.291
threshold=-0.11199522018432616 0.041427612304687507 -0.10896664857864378 -0.92211914062499989 0.020725250244140628 0.022102355957031253 1.3862304687500002 0.086517333984375014 -0.097259521484374986 0.39490593969821935 -1.0415039062499998 -1.3242187499999998 0.14062500000000003 0.016899108886718753 -0.0048961639404296866 0.0016779433935880663 0.0032569598406553273 0.26562500000000006 0.039016723632812507 0.035476684570312507 0.0022613396868109707 -0.0061073303222656241 -0.0069599151611328116 -0.46068847179412836 0.035842895507812507
decision_type=2 2 2 2 2 2 2 2 2 2 2 2 2 2 2 2 2 2 2 2 2 2 2 2 2
left_child=12 -2 3 -3 5 6 -4 8 -5 -6 -11 -7 24 21 15 16 -15 -17 19 -16 -20 22 -14 -9 -1
right_child=1 2 4 7 9 11 -8 23 -10 10 -12 -13 13 14 18 17 -18 -19 20 -21 -22 -23 -24 -25 -26
leaf_value=0.0045144443942457223 -0.0050462415817692794 0.0059824340261338581 -0.00062567934392832763 0.001261888452852436 -0.003516199627610826 -0.0024829517083066622 0.0051608530961233991 0.0016918127168240233 -0.0039269975929370413 0.0014183730225070499 0.00026681223067795667 0.00015176445155674421 -0.0037978637402198601 -0.0015442656906925526 -0.0002279001731020982 0.0021517921143798468 0.0060543676775826659 -0.0030483304125302146 -0.002782649752050944 0.00089691655596547807 -0.00042036138597173543 -0.0057708756147905162 0.00121544934129922 0.0068004321562352924 0.00026851703218453159
leaf_weight=2007 1790 2665 156089 10057 2405 4353 1720 1565 1798 28384 403617 294799 1959 1587 232996 1668 3392 2837 4850 43554 351930 1552 2053 1599 2184
leaf_count=2007 1790 2665 156089 10057 2405 4353 1720 1565 1798 28384 403617 294799 1959 1587 232996 1668 3392 2837 4850 43554 351930 1552 2053 1599 2184
internal_value=-3.57562e-05 0.000121692 0.000131978 0.00199565 9.49607e-05 -0.000119938 -0.000561964 0.00128121 0.000469623 0.000321012 0.000342536 0.000113263 -0.000255515 -0.000272192 -0.000252664 0.00137826 0.0036359 -0.00112196 -0.000277129 -5.07002e-05 -0.000452628 -0.00251937 -0.00123917 0.00430007 0.0023136
internal_weight=1.56341e+06 910841 909051 17684 891367 456961 157809 15019 11855 434406 432001 299152 652569 648378 642814 9484 4979 4505 633330 276550 356780 5564 4012 3164 4191
internal_count=1563410 910841 909051 17684 891367 456961 157809 15019 11855 434406 432001 299152 652569 648378 642814 9484 4979 4505 633330 276550 356780 5564 4012 3164 4191
is_linear=0
shrinkage=0.01


Tree=103
num_leaves=31
num_cat=0
split_feature=57 72 65 26 74 7 20 79 55 77 61 10 64 60 50 36 64 0 7 76 43 58 83 43 8 59 83 2 79 22
split_gain=694.86 419.247 554.54 455.576 384.422 377.415 449.759 560.201 588.72 482.022 466.65 446.875 415.027 413.783 488.84 455.63 410.437 409.657 400.602 383.416 376.525 363.011 362.248 360.199 455.487 372.799 312.779 438.176 424.033 227.824
threshold=0.022377014160156253 -0.054022073745727532 0.11734008789062501 0.077972412109375014 -0.12749111652374265 -0.0089111328124999983 0.57812500000000011 0.006702650338411332 -0.12173461914062499 0.013034719973802568 -0.0057125091552734366 0.73437500000000011 0.040298461914062507 -0.0029878616333007808 0.037124633789062507 0.055862426757812507 0.038864135742187507 0.45312500000000006 -0.023048400878906247 0.026272892951965336 -1.2524414062499998 0.060531616210937507 -0.82156550884246815 -0.59863281249999989 1.1088867187500002 0.15875244140625003 -1.7418527603149412 0.0068092346191406259 0.008104104548692705 0.025459289550781253
decision_type=2 2 2 2 2 2 2 2 2 2 2 2 2 2 2 2 2 2 2 2 2 2 2 2 2 2 2 2 2 2
left_child=1 29 3 -3 -4 11 7 16 12 23 -11 13 -9 14 18 -15 22 -10 -2 -18 -16 -17 -7 24 -8 -25 27 -6 -28 -1
right_child=5 2 4 -5 26 6 9 8 17 10 -12 -13 -14 15 20 21 19 -19 -20 -21 -22 -23 -24 25 -26 -27 28 -29 -30 -31
leaf_value=-0.00029898401296977019 -0.00079648838663994872 0.00063936904708521191 -0.003275008878970722 0.0079036847439764857 0.0016912235814713233 0.0029665517116180323 -0.0010851992383331935 0.0022498829898624445 0.0053532845924328387 0.00013578867803126465 0.0066749696335724716 0.0049331066611247145 0.0072184687909149304 0.0033491213137255755 -0.0017180320104152888 0.0023810031347145755 -0.00073779618527242488 0.00020429237501557229 0.0032497941104379724 0.00022393061865410427 0.00086557025364735157 -0.0017186546032077958 -0.0010718329252320238 -0.00027779517416638098 -0.0055352054458294641 0.0045747334380612818 0.00050035078030629754 -0.0027589207382774667 -0.0014017592893739792 0.00059318565926196911
leaf_weight=858041 2968 1691 2919 1752 24714 8910 31750 14709 1613 2710 1808 2518 1886 2559 6265 2493 49436 28769 13731 256191 55119 15429 2945 75804 2462 1597 44719 2412 15860 29592
leaf_count=858041 2968 1691 2919 1752 24714 8910 31750 14709 1613 2710 1808 2518 1886 2559 6265 2493 49436 28769 13731 256191 55119 15429 2945 75804 2462 1597 44719 2412 15860 29592
internal_value=-3.96731e-05 -0.000201952 0.000432794 0.00436018 0.000282656 0.000234207 0.000117371 0.000290054 0.00130902 -0.000424523 0.0027705 0.000789563 0.00282257 0.00068273 0.00101452 -0.000581955 0.000139207 0.000480998 0.00253053 6.83306e-05 0.000601408 -0.00114636 0.00196323 -0.000554329 -0.00140848 -0.000176518 0.000401782 0.00129378 2.06697e-06 -0.000269228
internal_weight=1.56337e+06 981700 94067 3443 90624 581672 480590 364459 46977 116131 4518 101082 16595 98564 78083 20481 317482 30382 16699 305627 61384 17922 11855 111613 34212 77401 87705 27126 60579 887633
internal_count=1563372 981700 94067 3443 90624 581672 480590 364459 46977 116131 4518 101082 16595 98564 78083 20481 317482 30382 16699 305627 61384 17922 11855 111613 34212 77401 87705 27126 60579 887633
is_linear=0
shrinkage=0.01


Tree=104
num_leaves=31
num_cat=0
split_feature=51 15 64 41 40 11 18 71 1 83 33 18 23 43 41 13 37 46 33 83 6 61 83 69 50 58 15 82 8 5
split_gain=621.838 399.063 459.965 401.713 367.337 582.307 366.803 438.897 403.758 364.636 499.73 504.88 791.706 521.958 599.114 497.922 805.993 676.81 416.428 353.312 392.7 365.42 353.109 341.086 743.28 335.922 406.783 326.986 313.457 306.046
threshold=0.017341613769531253 0.57812500000000011 0.039199829101562507 0.075042724609375014 0.57812500000000011 0.086334228515625014 1.2104492187500002 0.30943134427070623 0.063385009765625014 -1.7097492218017576 -0.94702148437499989 -0.60888671874999989 0.88793945312500011 0.62573242187500011 0.081878662109375014 -0.48254394531249994 -0.0073127746582031241 0.30017089843750006 -0.47033691406249994 -0.39127284288406367 0.052062988281250007 -0.0044460296630859366 -2.022138118743896 0.51903170347213756 0.034805297851562507 0.066192626953125014 0.60937500000000011 0.09987580776214601 -0.89965820312499989 0.42187500000000006
decision_type=2 2 2 2 2 2 2 2 2 2 2 2 2 2 2 2 2 2 2 2 2 2 2 2 2 2 2 2 2 2
left_child=9 6 -3 4 27 -6 8 -8 19 10 15 12 22 14 -13 16 -1 29 -15 20 -2 -21 -12 24 -10 26 -5 -4 -9 -17
right_child=1 2 3 25 5 -7 7 28 23 -11 11 13 -14 18 -16 17 -18 -19 -20 21 -22 -23 -24 -25 -26 -27 -28 -29 -30 -31
leaf_value=0.0078278802341000871 0.0050579294774977428 0.0050861468436611693 -0.00071300371078244953 -0.0031251929405731603 0.00033569265587487829 0.0072714821475047403 -0.0034315613749146151 0.0053729449064624677 0.0057243109190367103 -0.00022757950614489823 0.0027855932698557756 0.00094048625012477314 0.0048998378637279388 0.00077560593606346574 0.0032012649766453515 -0.0019594769910866697 0.00024394971568722157 -0.0017629488992790192 -0.0021448522362303227 0.0021977794094537985 0.0011477736843730905 -0.0035488402340971854 -0.0010907723187946262 -0.0021083614193033919 0.00019974929047652715 -0.0032168252745832168 7.6549746573717481e-05 0.00086086667090635191 0.0016415136113896972 0.0027121560572953424
leaf_weight=1538 2685 1550 38117 5270 3874 1742 1504 2589 2440 971403 2535 38968 2637 14595 16762 1841 13951 31240 7312 1709 51804 3064 29388 6242 243192 7247 15877 20169 16757 5707
leaf_count=1538 2685 1550 38117 5270 3874 1742 1504 2589 2440 971403 2535 38968 2637 14595 16762 1841 13951 31240 7312 1709 51804 3064 29388 6242 243192 7247 15877 20169 16757 5707
internal_value=-3.14808e-05 0.000294489 -0.000281242 -0.000372463 6.73908e-05 0.00250524 0.000457245 0.00174068 0.000371132 -0.000153473 0.000278926 0.000659966 -0.000345326 0.00110744 0.00162137 -0.00050868 0.00100613 -0.00111379 -0.000200236 0.00111365 0.00134224 -0.00149065 -0.000781399 0.000196355 0.000255089 -0.00136172 -0.000723549 -0.000168281 0.00214591 0.00157055
internal_weight=1.56371e+06 425832 93846 92296 63902 5616 331986 20850 311136 1.13788e+06 166474 112197 34560 77637 55730 54277 15489 38788 21907 59262 54489 4773 31923 251874 245632 28394 21147 58286 19346 7548
internal_count=1563709 425832 93846 92296 63902 5616 331986 20850 311136 1137877 166474 112197 34560 77637 55730 54277 15489 38788 21907 59262 54489 4773 31923 251874 245632 28394 21147 58286 19346 7548
is_linear=0
shrinkage=0.01


Tree=105
num_leaves=31
num_cat=0
split_feature=72 12 58 64 61 2 46 8 62 59 8 68 32 18 8 17 7 43 1 59 2 28 30 38 65 78 83 72 54 18
split_gain=912.938 470.55 529.78 429.325 568.744 498.845 381.53 351.667 340.532 435.45 618.625 346.147 326.975 325.051 603.932 499.719 492.262 419.511 365.376 344.399 475.358 329.351 303.865 260.12 319.454 252.443 277.128 218.434 168.363 146.548
threshold=-0.070045918226242052 0.032287597656250007 0.063262939453125014 0.039291381835937507 -0.0046749114990234366 -0.0040264129638671866 0.29113769531250006 -0.13238525390624997 -0.010051727294921873 0.095184326171875014 1.5688476562500002 0.020267486572265628 0.026588439941406253 -1.3867187499999998 0.75415039062500011 -0.022552490234374997 -0.011066436767578123 0.43432617187500006 0.10183715820312501 0.15875244140625003 0.031494140625000007 2.1103515625000004 0.14062500000000003 0.29980468750000006 0.12142944335937501 0.00080372672528028499 -0.53567838668823231 -0.022267334163188931 -0.090789794921874986 0.11999511718750001
decision_type=2 2 2 2 2 2 2 2 2 2 2 2 2 2 2 2 2 2 2 2 2 2 2 2 2 2 2 2 2 2
left_child=1 8 3 4 -3 29 -6 -7 9 10 11 -1 13 14 16 18 -2 -18 27 20 -17 -21 -10 24 -11 -24 -27 -15 -4 -5
right_child=12 2 28 5 6 7 -8 -9 22 23 -12 -13 -14 15 -16 19 17 -19 -20 21 -22 -23 25 -25 -26 26 -28 -29 -30 -31
leaf_value=0.0017751022846873746 -0.00086625399752744345 -0.0024405229781618528 2.6492457035467553e-05 -0.00091488885505152458 0.0070668642656316269 0.0035517082339669814 0.00056400891026374867 0.0099097079423949973 0.0041425624376853157 0.00094612865535191463 -0.0032806019513112196 0.0054587272865299396 -0.0034157236488152193 -0.0027691012782664229 -0.0024220399213832084 0.00025362879332652258 0.0050840234029184486 -0.00047890593106261997 0.0030963110530727502 0.0011097808772024486 -0.0031044085062540512 -0.0030771467591489644 -0.0019010857018557461 -0.003603601492254175 -0.0039281631083364684 -0.00031541235532918827 0.00032923106313672212 1.630327125380187e-05 -0.004669982594201285 0.0032219986404691428
leaf_weight=10880 2741 3375 1514 1604 1503 1835 2223 1697 1537 7937 1994 3328 2358 10225 2712 536289 6897 1682 1542 64806 4229 1916 9473 2311 1598 796290 72766 3882 1519 1800
leaf_count=10880 2741 3375 1514 1604 1503 1835 2223 1697 1537 7937 1994 3328 2358 10225 2712 536289 6897 1682 1542 64806 4229 1916 9473 2311 1598 796290 72766 3882 1519 1800
internal_value=-5.02645e-06 -0.000205827 0.00143812 0.00225681 0.000525534 0.00402266 0.00321087 0.0066451 -0.00023676 0.00084758 0.00191205 0.00264439 0.000285576 0.000299386 0.00180347 0.000265446 0.00281829 0.00399478 -0.00149782 0.000310934 0.000227242 0.000988662 -0.000271337 -0.000609086 0.000122719 -0.000279153 -0.00026143 -0.00200367 -0.0023408 0.0012787
internal_weight=1.56446e+06 925184 17070 14037 7101 6936 3726 3532 908114 28048 16202 14208 639279 636921 14032 622889 11320 8579 15649 607240 540518 66722 880066 11846 9535 878529 869056 14107 3033 3404
internal_count=1564463 925184 17070 14037 7101 6936 3726 3532 908114 28048 16202 14208 639279 636921 14032 622889 11320 8579 15649 607240 540518 66722 880066 11846 9535 878529 869056 14107 3033 3404
is_linear=0
shrinkage=0.01


Tree=106
num_leaves=31
num_cat=0
split_feature=74 83 2 18 7 20 18 57 3 79 32 61 21 26 38 41 58 3 35 68 40 68 70 38 61 69 13 16 48 54
split_gain=707.577 390.963 485.962 608.332 535.748 613.052 505.706 478.835 455.885 638.019 449.429 454.592 722.715 444.754 442.122 532.838 514.375 463.522 457.503 488.685 425.59 395.745 395.188 365.619 345.114 330.448 322.472 310.762 278.049 365.538
threshold=-0.11199522018432616 -0.86704635620117176 0.014694213867187502 0.49755859375000006 0.0071296691894531259 0.39062500000000006 0.56176757812500011 0.024360656738281253 0.057815551757812507 0.0063628349453210839 -0.0073127746582031241 -0.0040760040283203116 0.082916259765625014 0.060791015625000007 -1.1440429687499998 0.077301025390625014 0.064727783203125014 -0.71850585937499989 0.35937500000000006 0.018009185791015628 0.26562500000000006 0.022083282470703128 0.67096593976020824 0.15582275390625003 -0.0043888092041015616 0.48960219323635107 0.90112304687500011 0.11715698242187501 14.855468750000002 -0.13043212890624997
decision_type=2 2 2 2 2 2 2 2 2 2 2 2 2 2 2 2 2 2 2 2 2 2 2 2 2 2 2 2 2 2
left_child=28 10 3 8 13 25 -5 -7 24 -10 11 22 -13 -4 15 17 -17 -12 19 -16 -20 -8 26 -15 -3 -6 -2 -24 -1 -30
right_child=1 2 4 6 5 7 21 -9 9 -11 14 12 -14 23 18 16 -18 -19 20 -21 -22 -23 27 -25 -26 -27 -28 -29 29 -31
leaf_value=-0.00026469934571602197 -0.0023887877491743097 0.0011580266138146143 -0.0040104483030046576 0.0049279158561772989 0.00034304570444919472 0.0106935294971095 0.00072141947366238118 0.0036886375503608999 -0.0018912560746482628 0.0047268630291294276 0.0070774534320982921 0.00032903232321541102 0.0070833562231884407 0.00080136613028979845 0.0034501812340225787 0.0014945766857300683 -0.0018567527999072252 0.0017620820558098111 0.0028760530837827446 -0.0017156523362673432 -0.00012007443090591166 0.0056260411912618684 0.00045797524777958662 0.0053540791707972343 -0.00098786600103801907 0.0053899209126246073 0.00031097132596297433 -0.0040061961897477809 0.00050744411752756463 0.005324346839879159
leaf_weight=641740 9274 21649 1708 3425 4753 1702 38167 2331 20861 1547 1867 4024 2595 16150 1943 9550 8763 12797 4778 27582 399235 1700 289340 1962 11439 1766 8436 1548 9302 1878
leaf_count=641740 9274 21649 1708 3425 4753 1702 38167 2331 20861 1547 1867 4024 2595 16150 1943 9550 8763 12797 4778 27582 399235 1700 289340 1962 11439 1766 8436 1548 9302 1878
internal_value=1.3796e-05 0.000193885 0.000703523 0.000363243 0.00180935 0.00362751 0.00125144 0.00668301 -0.000329833 -0.00143055 0.000109665 0.000401348 0.00299045 0.000838701 -8.74291e-05 0.00102843 -0.000109353 0.00244755 -0.00017235 -0.00137359 -8.45006e-05 0.000933277 0.000345625 0.0012999 0.000416012 0.00172255 -0.00110388 0.000433945 -0.000237445 0.00132464
internal_weight=1.56381e+06 910892 129160 98788 30372 10552 43292 4033 55496 22408 781732 315217 6619 19820 466515 32977 18313 14664 433538 29525 404013 39867 308598 18112 33088 6519 17710 290888 652920 11180
internal_count=1563812 910892 129160 98788 30372 10552 43292 4033 55496 22408 781732 315217 6619 19820 466515 32977 18313 14664 433538 29525 404013 39867 308598 18112 33088 6519 17710 290888 652920 11180
is_linear=0
shrinkage=0.01


Tree=107
num_leaves=31
num_cat=0
split_feature=57 26 60 15 31 64 36 36 78 60 12 70 22 23 43 62 83 74 43 33 76 48 83 41 83 8 65 61 70 23
split_gain=694.466 433.515 354.61 611.809 562.216 443.498 364.754 567.212 405.841 384.913 352.649 326.025 565.23 441.262 484.345 412.291 430.332 401.518 402.779 373.767 377.71 344.123 336.36 325.279 425.547 444.901 415.164 497.526 310.339 308.366
threshold=0.022377014160156253 0.041427612304687507 -0.0030107498168945308 0.17187500000000003 0.041748046875000007 0.044357299804687507 0.090484619140625014 0.086151123046875014 0.0066813193261623391 -0.0027914047241210933 0.0098648071289062517 0.70359113812446605 0.0078506469726562517 -1.4423828124999998 1.4901161193847659e-07 -0.0076313018798828116 -1.6754736900329588 -0.093723654747009263 0.69726562500000011 -0.12393188476562499 0.036218866705894477 12.277343750000002 -1.6587474346160886 0.091064453125000014 -1.7838535308837888 1.1337890625000002 0.11361694335937501 -0.0056781768798828116 0.69750487804412853 -0.65624999999999989
decision_type=2 2 2 2 2 2 2 2 2 2 2 2 2 2 2 2 2 2 2 2 2 2 2 2 2 2 2 2 2 2
left_child=1 -1 4 -4 5 -2 7 9 29 -5 -9 13 17 14 -3 16 -14 -13 -19 20 -15 -16 -21 26 -25 -26 27 -6 -28 -8
right_child=2 11 3 6 23 -7 8 10 -10 -11 -12 12 15 19 21 -17 -18 18 -20 22 -22 -23 -24 24 25 -27 28 -29 -30 -31
leaf_value=-0.0019288580204326741 0.0084851603694570763 -0.00011949050675329583 0.0060984605992559218 -0.00080175831764770693 0.00089466570260545244 0.00091924070742842052 0.0039256751276672466 0.003626263931725836 -0.0032928901245257609 0.00029637719344018202 -3.2142278973085401e-05 -0.00064906029881508424 0.0043463193922703702 0.00030170678508106895 0.0062937196116480566 -0.0017132471852155783 0.00086133840351411222 0.0018268498644715509 -0.00318122985725873 0.0014955401595010132 0.0031646800877733012 0.00097953271990144377 -0.00018516248039762904 0.0040766003227402483 -0.0016469829876494414 0.0031575382192229875 0.00034929699664043102 0.0045926394502976255 0.0012859651972523217 -0.00096293447357638658
leaf_weight=12873 1539 5010 1572 53920 11729 1551 1535 6753 7315 78168 4312 217588 4468 188393 3148 4561 16907 11555 1846 12180 4704 1994 496983 1677 18112 2138 338905 5263 39480 7561
leaf_count=12873 1539 5010 1572 53920 11729 1551 1535 6753 7315 78168 4312 217588 4468 188393 3148 4561 16907 11555 1846 12180 4704 1994 496983 1677 18112 2138 338905 5263 39480 7561
internal_value=5.49107e-05 -0.000107243 0.000328784 -7.00715e-05 0.00048166 0.00471784 -0.0001316 3.0367e-05 -0.00154275 -0.000151949 0.00220311 -8.30121e-05 -0.000388384 2.71253e-05 0.00209499 0.00101086 0.00159318 -0.000545568 0.00113327 -2.82692e-06 0.000371772 0.00424473 -0.0001449 0.000450068 -0.000735004 -0.00113711 0.000515824 0.00204411 0.00044709 -0.000131152
internal_weight=1.56374e+06 982210 581530 161136 420394 3090 159564 143153 16411 132088 11065 969337 256925 712412 10152 25936 21375 230989 13401 702260 193097 5142 509163 417304 21927 20250 395377 16992 378385 9096
internal_count=1563740 982210 581530 161136 420394 3090 159564 143153 16411 132088 11065 969337 256925 712412 10152 25936 21375 230989 13401 702260 193097 5142 509163 417304 21927 20250 395377 16992 378385 9096
is_linear=0
shrinkage=0.01


Tree=108
num_leaves=31
num_cat=0
split_feature=57 23 61 15 78 15 2 58 52 7 22 18 70 60 11 31 13 47 28 74 23 82 31 11 7 12 61 13 68 18
split_gain=573.562 377.89 736.628 480.101 402.688 366.153 378.104 346.67 849.948 508.744 625.505 436.45 340.261 330.225 310.768 338.244 483.601 294.325 274.309 388.69 304.577 270.716 260.859 305.009 303.498 260.295 483.952 287.783 257.509 238.048
threshold=0.022071838378906253 1.5224609375000002 -0.0056896209716796866 0.26562500000000006 0.0025349687784910206 0.35937500000000006 -0.0040264129638671866 0.066558837890625014 0.056533813476562507 0.010478973388671877 -0.0059776306152343741 0.39147949218750006 0.72115957736969005 -0.0037794113159179683 0.050430297851562507 0.10232543945312501 0.84619140625000011 0.22369384765625003 -0.72021484374999989 -0.17507016658782956 0.21673583984375003 -0.23157238960266111 0.085479736328125014 0.039001464843750007 -0.0021057128906249996 0.013820648193359377 -0.0050487518310546866 0.69506835937500011 0.019275665283203128 0.65332031250000011
decision_type=2 2 2 2 2 2 2 2 2 2 2 2 2 2 2 2 2 2 2 2 2 2 2 2 2 2 2 2 2 2
left_child=7 14 3 -3 -4 -6 -7 8 21 10 12 -12 -10 -11 22 18 17 -17 20 -20 -16 -1 23 -2 -25 27 -27 -23 29 -5
right_child=1 2 4 28 5 6 -8 -9 9 13 11 -13 -14 -15 15 16 -18 -19 19 -21 -22 25 -24 24 -26 26 -28 -29 -30 -31
leaf_value=-0.0017491016563782145 -0.001114685432814016 0.0040450723537145752 -0.00069760082153097881 0.0013634060959908834 0.0073987889793310536 0.0051283455018450519 -3.4873687440298225e-05 -0.0016230351442066144 -0.00085298320245484258 0.0084278635970957867 0.0018037150559149207 0.0070880974899834494 0.0040667610515638724 0.0023290457179767298 0.00017877836857879245 0.0023487423547131105 0.006640571837072019 -0.0027244866409068878 0.0045249269505101318 0.00017843263135796896 -0.00099303752880574312 -0.00023042064313801225 -0.0016132461068039303 0.0053681130843255135 0.0017309402168395041 0.0014652197284852778 -0.00014661356986689301 -0.0020274443497382568 -0.0031797127485025355 -0.0031222485225287323
leaf_weight=11254 2588 2153 1918 4345 2703 3312 2469 16132 14919 1520 13535 1752 1532 2149 44611 3570 1870 1659 2045 564128 44085 699796 2304 3070 9051 26064 65155 9007 3796 1603
leaf_count=11254 2588 2153 1918 4345 2703 3312 2469 16132 14919 1520 13535 1752 1532 2149 44611 3570 1870 1659 2045 564128 44085 699796 2304 3070 9051 26064 65155 9007 3796 1603
internal_value=8.61786e-07 0.000213267 0.00149361 -0.000206426 0.00343464 0.00436827 0.00293068 -0.000171778 -0.000144089 0.00137209 0.000962855 0.00241781 -0.00039045 0.00488767 0.000171175 0.000136854 0.00230485 0.000734916 0.000113283 0.000194291 -0.000403747 -0.000210293 0.00150488 0.00199482 0.00265949 -0.000188603 0.000314156 -0.000253313 -0.00115218 0.0001481
internal_weight=1.5641e+06 701280 22299 11897 10402 8484 5781 862815 846683 35407 31738 15287 16451 3669 678981 661968 7099 5229 654869 566173 88696 811276 17013 14709 12121 800022 91219 708803 9744 5948
internal_count=1564095 701280 22299 11897 10402 8484 5781 862815 846683 35407 31738 15287 16451 3669 678981 661968 7099 5229 654869 566173 88696 811276 17013 14709 12121 800022 91219 708803 9744 5948
is_linear=0
shrinkage=0.01


Tree=109
num_leaves=31
num_cat=0
split_feature=65 36 1 12 6 43 57 47 25 48 18 33 18 80 1 31 35 62 74 15 57 32 15 1 59 59 82 16 60 10
split_gain=832.216 587.797 611.486 489.492 486.22 409.91 518.013 387.984 622.13 372.529 366.974 363.159 361.85 359.419 358.612 454.301 358.082 354.072 346.241 679.824 436.387 339.954 338.942 360.815 333.254 573.677 650.818 410.456 325.22 297.41
threshold=0.11898803710937501 0.090118408203125014 0.062957763671875014 0.032287597656250007 0.052062988281250007 -1.6411132812499998 0.024391174316406253 0.21942138671875003 0.35937500000000006 13.230468750000002 1.1938476562500002 0.35375976562500006 -0.16510009765624997 0.0024854838848114018 0.076324462890625014 0.049697875976562507 0.35937500000000006 -0.010051727294921873 -0.063547894358634935 0.54687500000000011 0.024116516113281253 0.0037574768066406254 0.20312500000000003 0.093811035156250014 0.085113525390625014 0.048171997070312507 -0.069491580128669725 0.090545654296875014 -0.0033750534057617183 0.17187500000000003
decision_type=2 2 2 2 2 2 2 2 2 2 2 2 2 2 2 2 2 2 2 2 2 2 2 2 2 2 2 2 2 2
left_child=3 2 4 5 -2 9 10 8 -3 16 17 -12 -10 14 -4 -16 -1 -7 19 -6 -20 -9 23 -15 25 27 -27 28 -5 -24
right_child=1 7 13 24 18 6 -8 21 12 -11 11 -13 -14 22 15 -17 -18 -19 20 -21 -22 -23 29 -25 -26 26 -28 -29 -30 -31
leaf_value=0.0048194021446425379 0.0054895556420252222 0.0060605746017289601 -0.0017215050638816412 0.0019935037981643074 0.0014066680837742059 0.0013506456672608316 -0.0023450521186727438 -0.0017717942482815122 0.0018445400502506289 0.0063998783069013033 5.8648511026509701e-05 0.0017901534874176419 -0.0016716320303988088 -0.0029195113674120162 0.0069406877942620807 0.0016991881805282505 -0.00073560315704747359 -0.00022776386330226845 -0.00010382712435188105 0.006190113700834653 0.0029544823496792812 0.0026746023673675247 0.0029666276894175221 0.0011638120591622003 -0.0025031059947516203 0.0099585600133094108 0.0024102163250476734 0.0051981506343091758 -0.0021201349733759871 0.0002725278635681469
leaf_weight=1652 2699 1779 2213 3277 27618 14410 10933 25744 4913 1627 35982 18241 7177 6577 2019 8877 3779 941747 26310 3313 5651 1825 4122 3207 1793 1581 4056 1547 4589 384315
leaf_count=1652 2699 1779 2213 3277 27618 14410 10933 25744 4913 1627 35982 18241 7177 6577 2019 8877 3779 941747 26310 3313 5651 1825 4122 3207 1793 1581 4056 1547 4589 384315
internal_value=2.47828e-05 0.000352377 0.000451644 -0.000137686 0.00134819 -0.000165395 -0.000182012 -0.000789775 0.000573933 0.00223285 -0.00015856 0.000641584 -0.000242083 0.00030862 0.0019366 0.00268136 0.0009656 -0.000203948 0.00116878 0.00192269 0.00043842 -0.00147573 0.000254935 -0.00158144 0.00155227 0.00203809 0.00455501 0.00052437 -0.000405671 0.000301268
internal_weight=1.56357e+06 518359 476921 1.04521e+06 65591 1.02837e+06 1.02131e+06 41438 13869 7058 1.01038e+06 54223 12090 411330 13109 10896 5431 956157 62892 30931 31961 27569 398221 9784 16843 15050 5637 9413 7866 388437
internal_count=1563573 518359 476921 1045214 65591 1028371 1021313 41438 13869 7058 1010380 54223 12090 411330 13109 10896 5431 956157 62892 30931 31961 27569 398221 9784 16843 15050 5637 9413 7866 388437
is_linear=0
shrinkage=0.01


Tree=110
num_leaves=22
num_cat=0
split_feature=64 59 66 81 69 64 56 23 63 66 41 18 62 41 8 41 75 69 64 79 41
split_gain=439.715 332.667 321.868 352.106 318.909 270.966 448.657 879.374 513.497 344.114 432.995 378.595 270.158 550.747 361.571 291.719 378.194 321.965 252.035 149.996 104.694
threshold=0.039443969726562507 -0.12738037109374997 -0.16473388671874997 0.00071855401620268833 0.52537715435028087 0.039169311523437507 0.040847778320312507 0.81982421875000011 0.077606201171875014 -0.085968017578124986 0.056259155273437507 -0.19512939453124997 -0.010707855224609373 0.046463012695312507 0.54980468750000011 0.055282592773437507 -0.032594934105873101 0.41778184473514562 0.039901733398437507 0.00062183942645788204 0.099151611328125014
decision_type=2 2 2 2 2 2 2 2 2 2 2 2 2 2 2 2 2 2 2 2 2
left_child=1 19 18 -4 5 6 8 -8 -3 10 -7 -11 13 -5 -15 16 -14 -17 -2 -1 -21
right_child=2 4 3 12 -6 9 7 -9 -10 11 -12 -13 15 14 -16 17 -18 -19 -20 20 -22
leaf_value=-0.004768207300276983 0.00019168405425994947 -0.00012433420732468648 -0.0041420105281280871 0.0068751254896489847 0.0037422056000353554 0.0031753862803530976 0.00013607706600145391 0.0026027115824835477 -0.001190673852642792 -0.00049900617092673996 -0.00057824406255966947 -0.0036725570499678436 -0.002193732180778256 0.0034302051148333984 -0.00066261044938929054 0.0018604984363830707 -9.2182403236135488e-05 0.00025964709488140298 0.0054453304412797636 -0.0025105484202119182 0.00068239840682367508
leaf_weight=1849 1609 567545 1818 1765 2150 3287 296509 15174 49044 7695 43461 7343 9811 3351 5987 12897 66417 459866 2096 2883 1578
leaf_count=1849 1609 567545 1818 1765 2150 3287 296509 15174 49044 7695 43461 7343 9811 3351 5987 12897 66417 459866 2096 2883 1578
internal_value=2.4431e-05 -0.000101761 0.000247201 0.00022777 -8.718e-05 -9.55713e-05 -5.28827e-05 0.000256322 -0.000209188 -0.0007367 -0.000313069 -0.00205146 0.000242101 0.00178504 0.000810314 0.000210832 -0.000363169 0.000303395 0.00317707 -0.00238696 -0.0013831
internal_weight=1.56414e+06 998518 565617 561912 992208 990058 928272 311683 616589 61786 46748 15038 560094 11103 9338 548991 76228 472763 3705 6310 4461
internal_count=1564135 998518 565617 561912 992208 990058 928272 311683 616589 61786 46748 15038 560094 11103 9338 548991 76228 472763 3705 6310 4461
is_linear=0
shrinkage=0.01


Tree=111
num_leaves=31
num_cat=0
split_feature=52 79 36 60 32 68 61 60 20 23 63 71 21 17 1 1 72 54 52 52 6 70 83 6 74 28 58 59 68 59
split_gain=701.327 438.684 550.93 380.961 340.566 676.961 377.239 338.495 426.617 406.156 451.058 404.137 494.993 379.506 372.914 412.565 335.68 327.259 600.996 352.725 289.041 343.107 282.436 277.371 275.221 254.177 249.675 271.412 287.614 241.879
threshold=0.055007934570312507 0.0091219358146190661 0.070220947265625014 -0.0021848678588867183 0.017219543457031253 0.019214630126953128 -0.0051746368408203116 -0.0030031204223632808 0.64062500000000011 0.67797851562500011 0.077484130859375014 0.29853652417659765 0.096099853515625014 -0.011432647705078123 0.071075439453125014 0.072113037109375014 -0.060368537902832024 -0.20941162109374997 0.048049926757812507 0.053726196289062507 0.086517333984375014 0.68121391534805309 -1.4051418304443357 0.073577880859375014 -0.04700182378292083 1.6259765625000002 0.057296752929687507 -0.0037965774536132808 0.021633148193359378 -0.027488708496093747
decision_type=2 2 2 2 2 2 2 2 2 2 2 2 2 2 2 2 2 2 2 2 2 2 2 2 2 2 2 2 2 2
left_child=1 3 -3 17 7 -6 -7 9 14 10 -2 12 -11 -12 22 -16 -13 20 23 -20 -1 -22 -9 -19 -10 -8 29 -28 -29 -5
right_child=4 2 -4 26 5 6 25 8 24 11 13 16 -14 -15 15 -17 -18 18 19 -21 21 -23 -24 -25 -26 -27 27 28 -30 -31
leaf_value=-0.0012153990841321603 0.005450559473748378 0.0068458706784495366 -0.00020193284394821271 -0.00071591999393569512 0.0049964148038249964 0.0028683141611165401 -0.0029215066705993724 -0.00083645875330402907 -0.0054061706392270212 0.0073466866599247518 -0.00033444426372981824 0.0024629403665099294 0.00071305764304640639 0.00046983851940368113 0.0052575517073953039 0.00017748166379842007 0.0006353823847974517 0.0071555045543987752 3.1879477516663436e-05 -0.00040680673666243852 -0.00322692036712516 0.0011441541061334925 -0.0045479667890350279 0.0013876811579548287 -3.6307163632809346e-05 0.0014090144284535501 -0.0050277879106897499 -0.0019920047079313255 0.0025949978797243966 0.0035099224186004581
leaf_weight=45716 1691 2007 2447 10092 1598 1508 11122 15978 2524 2240 73920 12139 2249 284090 1625 56816 58115 1586 687928 249833 2114 11319 2335 1759 1528 1531 2578 13074 1509 1544
leaf_count=45716 1691 2007 2447 10092 1598 1508 11122 15978 2524 2240 73920 12139 2249 284090 1625 56816 58115 1586 687928 249833 2114 11319 2335 1759 1528 1531 2578 13074 1509 1544
internal_value=1.74653e-05 -0.000134297 0.00299026 -0.000147879 0.000312835 -0.00113436 -0.00183226 0.00035714 -0.000237122 0.000467678 0.000328263 0.00113835 0.00404113 0.000303765 -6.97646e-05 0.000320488 0.000951772 -0.000115219 -6.98632e-05 -8.4999e-05 -0.00083659 0.000452488 -0.00131414 0.00414871 -0.00339133 -0.00239612 -0.00128145 -0.00204748 -0.00151445 -0.000150126
internal_weight=1.56452e+06 1.03351e+06 4454 1.02905e+06 531009 15759 14161 515250 80806 434444 359701 74743 4489 358010 76754 58441 70254 1.00026e+06 941106 937761 59149 13433 18313 3345 4052 12653 28797 17161 14583 11636
internal_count=1564515 1033506 4454 1029052 531009 15759 14161 515250 80806 434444 359701 74743 4489 358010 76754 58441 70254 1000255 941106 937761 59149 13433 18313 3345 4052 12653 28797 17161 14583 11636
is_linear=0
shrinkage=0.01


Tree=112
num_leaves=31
num_cat=0
split_feature=74 16 83 7 80 18 83 31 73 5 23 78 43 2 46 18 69 43 20 28 16 41 59 0 69 10 22 40 18 36
split_gain=855.903 367.616 380.286 689.511 377.533 578.278 322.448 486.579 539.742 476.804 757.77 353.768 337.831 319.864 553.378 381.544 265.211 262.978 414.198 362.887 331.524 326.31 316.853 274.439 302.591 274.778 255.384 242.422 240.066 224.105
threshold=-0.11146119236946105 0.045059204101562507 -0.87517046928405751 -0.025588989257812497 0.0040012821555137643 -1.7509765624999998 -1.2741744518280027 0.091644287109375014 -0.06040143966674804 0.23437500000000003 0.38818359375000006 0.011603385210037233 1.3139648437500002 0.014694213867187502 0.29748535156250006 1.1430664062500002 0.36235406994819647 0.91870117187500011 0.51562500000000011 0.91870117187500011 0.10913085937500001 0.10928344726562501 -0.12738037109374997 0.17187500000000003 0.47403414547443395 0.60937500000000011 0.023864746093750003 0.35937500000000006 0.91430664062500011 0.066375732421875014
decision_type=2 2 2 2 2 2 2 2 2 2 2 2 2 2 2 2 2 2 2 2 2 2 2 2 2 2 2 2 2 2
left_child=16 4 6 26 5 -2 9 8 -8 10 -3 -9 -11 15 -15 -5 27 22 19 20 -19 -21 -18 24 -24 -25 28 -1 -4 -20
right_child=1 2 3 13 -6 -7 7 11 -10 12 -12 -13 -14 14 -16 -17 17 18 29 21 -22 -23 23 25 -26 -27 -28 -29 -30 -31
leaf_value=-0.0051569608942460023 0.00010234391897072718 -4.7976922826504831e-05 -0.0049231240958825017 0.0002653759454745476 -0.0007721552538068107 0.0076203700187109681 -0.0022837429405930081 -0.0021821473168032201 -0.00027678553881145806 0.00013746087357281101 0.0065322734940823895 0.0014109051499523351 0.002283346907139658 0.0026790964666296257 -0.00038774212814112591 0.0019686731454968175 -0.0031674421943606429 -0.00019494832027035138 -0.0050184470605954788 -0.0039557186543107224 -0.0041252166143973595 0.00082744806179171546 0.002718657835983213 -0.00022894909126680154 -0.0020842329312882354 0.0013593172970807776 0.001059222302568535 -0.000957441346719861 -0.00019362176268114645 -0.0016651686788437387
leaf_weight=2047 1816 4091 3628 78971 2205 2325 14459 3074 179984 532854 3038 24067 7419 19699 8379 15761 3524 91247 2260 5124 2178 1965 6122 511505 1652 11110 1573 4140 1523 16312
leaf_count=2047 1816 4091 3628 78971 2205 2325 14459 3074 179984 532854 3038 24067 7419 19699 8379 15761 3524 91247 2260 5124 2178 1965 6122 511505 1652 11110 1573 4140 1523 16312
internal_value=-2.75645e-05 0.000172098 0.000155128 0.00065634 0.0025667 0.00433974 7.06857e-05 -0.00025115 -0.000426245 0.000200967 0.00276661 0.00100265 0.000167011 0.000827179 0.00176427 0.000549117 -0.000301638 -0.000282073 -0.000706958 -0.000453233 -0.000287437 -0.00263127 -0.000187282 -0.000167363 0.0016953 -0.000195134 -0.00245714 -0.00235901 -0.00353091 -0.00207818
internal_weight=1.56405e+06 904866 898520 129534 6346 4141 768986 221584 194443 547402 7129 27141 540273 122810 28078 94732 659186 652999 119086 100514 93425 7089 533913 530389 7774 522615 6724 6187 5151 18572
internal_count=1564052 904866 898520 129534 6346 4141 768986 221584 194443 547402 7129 27141 540273 122810 28078 94732 659186 652999 119086 100514 93425 7089 533913 530389 7774 522615 6724 6187 5151 18572
is_linear=0
shrinkage=0.01


Tree=113
num_leaves=31
num_cat=0
split_feature=74 70 78 41 11 61 13 16 60 13 3 25 16 8 43 11 81 57 33 5 79 31 72 68 65 42 38 63 65 46
split_gain=732.45 446.335 478.086 496.44 409.683 848.848 408.419 401.677 373.983 321.403 928.47 421.918 312.228 330.423 349.431 321.12 287.211 266.924 342.014 263.471 417.436 408.809 258.999 365.243 345.065 255.242 225.741 203.677 508.983 315.716
threshold=-0.11199522018432616 0.71707451343536388 0.0082629043608903902 0.099151611328125014 0.10913085937500001 -0.0048694610595703116 1.4257812500000002 0.087615966796875014 -0.0037260055541992183 -1.2768554687499998 0.63134765625000011 0.42187500000000006 0.10351562500000001 0.076477050781250014 0.90698242187500011 0.069244384765625014 0.0019800234586000447 0.016899108886718753 1.3139648437500002 0.51562500000000011 0.0039848014712333688 0.057189941406250007 -0.11161452531814574 0.017597198486328128 0.11227416992187501 0.014694213867187502 0.90844726562500011 0.076507568359375014 0.11239624023437501 0.27746582031250006
decision_type=2 2 2 2 2 2 2 2 2 2 2 2 2 2 2 2 2 2 2 2 2 2 2 2 2 2 2 2 2 2
left_child=12 2 9 4 6 -6 -4 8 -5 10 11 -2 16 14 25 -16 17 18 26 20 -19 -21 24 -24 -11 -14 -1 28 29 -15
right_child=1 -3 3 7 5 -7 -8 -9 -10 22 -12 -13 13 27 15 -17 -18 19 -20 21 -22 -23 23 -25 -26 -27 -28 -29 -30 -31
leaf_value=0.0020129121265019079 0.0030329115121832438 -0.0041347805587101565 0.00010037063680420169 -0.00078914845557084444 0.0056266028651102322 -0.0030967527196451199 -0.001881366487290332 -0.001461838902323229 0.004702147880328412 0.0005872036964850438 0.00943205854167109 -0.0032046319194288064 0.001929057634432437 -0.0048019204201211517 -0.0043713397201870056 0.0019419367168098688 -0.0042490583922755853 -0.0002686844914998213 -0.0060329124043610963 -0.0043224137361220589 0.00040541333566163513 -0.00054524178272478388 -0.0010955928972279914 0.00061276814624196285 0.0038664271408778306 0.0062752170182735394 -0.0026777869251185709 -0.003771843444322371 0.0050917069699527705 0.00052457318779483488
leaf_weight=1706 2737 2302 656263 1577 3536 1610 10547 2075 5699 7760 1590 1768 11780 1802 1606 1580 1760 388580 1740 2923 120284 109515 13355 194978 5462 1514 2513 1734 1512 2850
leaf_count=1706 2737 2302 656263 1577 3536 1610 10547 2075 5699 7760 1590 1768 11780 1802 1606 1580 1760 388580 1740 2923 120284 109515 13355 194978 5462 1514 2513 1734 1512 2850
internal_value=6.07754e-05 0.000243982 0.000255163 0.000122585 9.07051e-05 0.00289595 6.89698e-05 0.00240836 0.00351306 0.000651894 0.00291373 0.000581625 -0.000194733 0.000915217 0.00172051 -0.00124788 -0.000237777 -0.000226387 -0.00232923 -0.000206144 -0.000109333 -0.000644186 0.000589413 0.000503161 0.00194564 0.00243271 -0.000780502 -0.000765205 9.00584e-05 -0.00155042
internal_weight=1.56466e+06 911259 908957 681307 671956 5146 666810 9351 7276 227650 6095 4505 653399 24378 16480 3186 629021 627261 5959 621302 508864 112438 221555 208333 13222 13294 4219 7898 6164 4652
internal_count=1564658 911259 908957 681307 671956 5146 666810 9351 7276 227650 6095 4505 653399 24378 16480 3186 629021 627261 5959 621302 508864 112438 221555 208333 13222 13294 4219 7898 6164 4652
is_linear=0
shrinkage=0.01


Tree=114
num_leaves=31
num_cat=0
split_feature=74 16 59 69 70 62 32 46 3 71 32 17 36 74 1 52 60 50 30 13 80 56 3 10 72 60 43 1 30 55
split_gain=488.851 365.204 342.258 300.062 316.197 485.317 471.483 873.146 405.049 373.857 459.245 573.502 366.324 317.986 315.127 291.946 288.156 757.54 502.067 616.769 308.426 398.739 335.469 288.182 286.501 284.304 451.29 497.091 360.396 273.789
threshold=-0.11254352331161498 0.064849853515625014 -0.062484741210937493 0.39490593969821935 0.7049645483493806 -0.0082664489746093733 -0.0066318511962890616 0.33557128906250006 -0.12292480468749999 0.29654330015182501 -0.0027770996093749996 -0.011661529541015623 0.081878662109375014 -0.093723654747009263 0.061553955078125007 0.065277099609375014 -0.0044803619384765616 0.037216186523437507 0.39062500000000006 0.036422729492187507 0.0036035794764757161 0.043655395507812507 -0.94750976562499989 0.64062500000000011 -0.10896664857864378 -0.0035085678100585933 -0.55639648437499989 0.097747802734375014 0.42187500000000006 -0.16900634765624997
decision_type=2 2 2 2 2 2 2 2 2 2 2 2 2 2 2 2 2 2 2 2 2 2 2 2 2 2 2 2 2 2
left_child=1 2 -1 -2 9 8 7 -7 13 10 -5 -12 -10 -6 -8 24 17 18 -3 -20 21 23 -22 -18 -11 26 27 -4 -28 -27
right_child=3 16 25 4 5 6 14 -9 12 15 11 -13 -14 -15 -16 -17 20 -19 19 -21 22 -23 -24 -25 -26 29 28 -29 -30 -31
leaf_value=-0.0020062735061554234 -0.0033530996521827956 0.0075846099368870289 0.00099305649411952392 -0.0029213451775453861 -0.004027028964247531 0.0093787977222275637 0.0043676107314963601 0.0017282192380160325 0.0019607056280788022 0.0013040821370301321 -0.0034065253374383864 0.0031370226888859693 -0.00076026545330223547 0.00021647150204038139 -0.00090900811819288982 0.0032739848352594508 -0.00012387625732149514 -0.0013041115252952265 0.0035450531006514562 -0.0016101331055317651 -0.0048191929599504758 0.0045593418002451667 -0.00086654943803338711 0.0027535865989505737 8.2396460563003806e-05 -0.00056467888272617611 0.000600116535353552 0.0069880350880352406 -0.0010120665415335784 -0.0019044253396747375
leaf_weight=15966 2454 1751 9462 8830 3327 2333 1546 4108 13579 19626 2108 3596 7764 3734 4065 2907 415119 7975 6894 3479 2442 1825 16922 3490 837990 84283 23927 1602 32923 18614
leaf_count=15966 2454 1751 9462 8830 3327 2333 1546 4108 13579 19626 2108 3596 7764 3734 4065 2907 415119 7975 6894 3479 2442 1825 16922 3490 837990 84283 23927 1602 32923 18614
internal_value=-2.35123e-05 -0.000234105 -0.000606981 0.000124844 0.00013424 0.000998337 0.002678 0.0045198 0.000284263 9.42688e-05 -0.00149509 0.000715302 0.000971106 -0.00178871 0.000555209 0.000121147 -8.26499e-05 0.00108766 0.00266049 0.00181628 -0.000136181 -7.93161e-05 -0.00136948 -9.97561e-05 0.000110384 -0.000475967 2.62201e-05 0.00187214 -0.000333559 -0.000807361
internal_weight=1.56464e+06 646674 186777 917967 915513 40456 12052 6441 28404 875057 14534 5704 21343 7061 5611 860523 459897 20099 12124 10373 439798 420434 19364 418609 857616 170811 67914 11064 56850 102897
internal_count=1564641 646674 186777 917967 915513 40456 12052 6441 28404 875057 14534 5704 21343 7061 5611 860523 459897 20099 12124 10373 439798 420434 19364 418609 857616 170811 67914 11064 56850 102897
is_linear=0
shrinkage=0.01


Tree=115
num_leaves=31
num_cat=0
split_feature=72 22 51 43 83 54 6 13 16 41 1 1 21 58 58 61 60 83 46 64 75 31 22 78 21 42 16 16 72 60
split_gain=571.714 582.077 1161.96 388.338 361.291 430.093 395.225 395.542 404.04 389.44 547.192 518.489 358.714 340.846 412.157 327.869 503.904 320.074 295.896 404.45 393.817 628.124 356.229 351.802 344.13 274.974 248.713 241.47 233.041 218.094
threshold=-0.070045918226242052 0.033447265625000007 0.018089294433593753 1.3139648437500002 -0.51827335357666005 -0.091949462890624986 0.084014892578125014 -0.98022460937499989 0.084442138671875014 0.052734375000000007 0.058944702148437507 0.073394775390625014 0.10488891601562501 0.066131591796875014 0.065765380859375014 -0.0057010650634765616 -0.0039882659912109366 -1.4171061515808103 0.28210449218750006 0.039016723632812507 -0.077367216348648057 0.089569091796875014 0.023864746093750003 0.002384581603109837 0.082305908203125014 0.044372558593750007 0.075042724609375014 0.10140991210937501 -0.054421514272689812 -0.0037717819213867183
decision_type=2 2 2 2 2 2 2 2 2 2 2 2 2 2 2 2 2 2 2 2 2 2 2 2 2 2 2 2 2 2
left_child=4 3 -3 18 13 6 7 8 -6 11 -11 -8 -9 14 25 26 -17 28 19 24 21 -20 -22 -21 -2 27 -4 -1 -5 -7
right_child=1 2 15 17 5 29 9 12 -10 10 -12 -13 -14 -15 -16 16 -18 -19 20 23 22 -23 -24 -25 -26 -27 -28 -29 -30 -31
leaf_value=-0.00020172797417563116 -0.0045303205947910073 0.0098533037949686281 0.0016255805604645831 0.0058796738680857701 0.00090677985200449509 -0.0027682112410560354 -0.0015846852046758511 0.0012646388464252944 0.0069964626637888166 0.0026463169794749409 -0.0011868863626039406 0.0047198545097847742 -0.0017022767368210286 -0.0046288301432744049 0.0044460291469442673 -0.00047136831757469647 0.0072637893413547263 -0.0012397212188229815 0.00081541299361789429 -0.0029314546669828951 0.00024959308620174555 0.0051051109397637481 -0.0012347660482047555 0.00010110467497562886 0.00055418373155739547 -0.0022827613013241825 -0.0035591611750366626 0.00058375599539044708 0.0012735003569977349 0.001165986177955591
leaf_weight=781587 4175 1838 1743 2763 2075 5700 2107 41690 2290 4371 24520 3371 4499 1696 1912 1766 1586 1507 45774 4200 506755 3670 16681 40902 1944 6142 1931 41181 1837 1857
leaf_count=781587 4175 1838 1743 2763 2075 5700 2107 41690 2290 4371 24520 3371 4499 1696 1912 1766 1586 1507 45774 4200 506755 3670 16681 40902 1944 6142 1931 41181 1837 1857
internal_value=4.81701e-05 0.000278181 0.00282004 0.000242341 -0.000110745 0.000482158 0.000685698 0.00124801 0.00411894 -0.000141668 -0.000605521 0.002298 0.000975037 -0.000176617 -0.000167417 0.000957388 0.0032099 0.00274767 0.000217738 -0.000510326 0.00028285 0.00113575 0.000202244 -0.000182468 -0.00291844 -0.000178166 -0.00110396 -0.0001624 0.00405368 -0.00180093
internal_weight=1.56407e+06 639072 8864 630208 924998 92480 84923 50554 4365 34369 28891 5478 46189 832518 830822 7026 3352 6107 624101 51221 572880 49444 523436 45102 6119 828910 3674 822768 4600 7557
internal_count=1564070 639072 8864 630208 924998 92480 84923 50554 4365 34369 28891 5478 46189 832518 830822 7026 3352 6107 624101 51221 572880 49444 523436 45102 6119 828910 3674 822768 4600 7557
is_linear=0
shrinkage=0.01


Tree=116
num_leaves=31
num_cat=0
split_feature=59 16 50 11 16 57 76 65 16 35 16 60 40 35 35 46 77 22 62 3 32 83 74 32 22 73 82 80 23 22
split_gain=659.938 359.632 466.945 357.087 350.937 422.997 399.623 347.985 452.477 480.306 382.853 372.575 343.933 441.356 521.698 402.995 531.795 480.278 331.619 477.994 515.011 425.407 355.489 350.55 313.115 399.472 351.605 323.391 310.837 395.703
threshold=0.037673950195312507 0.10140991210937501 0.036758422851562507 0.050430297851562507 0.099151611328125014 0.021629333496093753 0.025842517614364627 0.11367797851562501 0.089202880859375014 0.42187500000000006 0.096954345703125014 -0.0028390884399414058 0.23437500000000003 0.35937500000000006 0.51562500000000011 0.32800292968750006 0.015749171376228336 -0.0015630722045898435 -0.0082740783691406233 0.12493896484375001 0.013648986816406252 -1.7912259101867674 -0.1057913303375244 0.033401489257812507 0.021865844726562503 -0.021195113658905026 -0.086828380823135362 0.0025234017521142964 0.33532714843750006 0.015213012695312502
decision_type=2 2 2 2 2 2 2 2 2 2 2 2 2 2 2 2 2 2 2 2 2 2 2 2 2 2 2 2 2 2
left_child=1 4 -3 12 24 6 -6 8 28 11 -11 -10 -2 15 -15 17 -17 -14 22 20 -20 -21 -9 -24 -1 26 -26 -27 -5 -30
right_child=3 2 -4 7 5 -7 -8 18 9 10 -12 -13 13 14 -16 16 -18 -19 19 21 -22 -23 23 -25 25 27 -28 -29 29 -31
leaf_value=-0.00031406162256304791 -0.0015750897804774424 0.0011224472263620506 -0.0042080529692799847 0.0016237964730462236 0.0025973300441335069 -0.0056111235566465578 -0.002603676672049885 -0.00039226041703275871 0.0030199855276920725 0.0029988571366206741 0.0092419076924954886 -0.0020720022019856035 0.0075108090793877319 -0.00078477967988297402 0.0036389717889027022 -0.0012598601593424364 0.0050011798618093154 0.0025338936416281171 0.00053063306956109178 0.00018599140135708362 -0.0026492918527005723 0.0039179526725967992 0.00015961897429097018 -0.0046331330829975656 0.00029806754462979699 0.00041116077841026109 0.0028700368710886386 -0.0027343375594390774 -0.0029336656817638275 0.00089064299795100794
leaf_weight=538414 3901 29148 1722 9972 2202 2610 4393 153120 3856 2443 1658 2266 2830 10713 3527 4139 1994 6181 111133 5092 5318 7621 599678 1510 11154 10058 10143 4819 4865 6049
leaf_count=538414 3901 29148 1722 9972 2202 2610 4393 153120 3856 2443 1658 2266 2830 10713 3527 4139 1994 6181 111133 5092 5318 7621 599678 1510 11154 10058 10143 4819 4865 6049
internal_value=2.62108e-05 -0.000228992 0.000822568 0.000191703 -0.000284623 -0.00221962 -0.000864514 0.000154661 0.00119382 0.00291545 0.00555547 0.00113463 0.00120881 0.00157922 0.000314474 0.00276649 0.000785408 0.00411012 0.000118044 0.000586198 0.000384985 0.00242581 3.78665e-05 0.000147427 -0.000253548 0.00064682 0.00152455 -0.000610041 0.00034915 -0.00081632
internal_weight=1.56253e+06 614663 30870 947866 583793 9205 6595 914581 31109 10223 4101 6122 33285 29384 14240 15144 6133 9011 883472 129164 116451 12713 754308 601188 574588 36174 21297 14877 20886 10914
internal_count=1562529 614663 30870 947866 583793 9205 6595 914581 31109 10223 4101 6122 33285 29384 14240 15144 6133 9011 883472 129164 116451 12713 754308 601188 574588 36174 21297 14877 20886 10914
is_linear=0
shrinkage=0.01


Tree=117
num_leaves=31
num_cat=0
split_feature=58 20 18 76 57 78 73 36 15 42 77 83 51 7 31 18 80 36 43 48 68 48 0 30 15 28 17 75 17 36
split_gain=523.359 540.13 428.279 395.942 359.425 353.228 658.449 809.314 426.159 457.216 418.574 687.692 343.897 338.933 934.732 407.664 329.922 397.109 385.278 329.736 346.912 342.378 477.849 334.663 371.334 301.949 587.73 309.204 296.385 294.163
threshold=0.068450927734375014 0.26562500000000006 -0.64916992187499989 0.04217971861362458 0.023994445800781253 0.0081184711307287234 -0.0037377364933490749 0.063629150390625014 0.35937500000000006 -0.013134002685546873 0.012191988527774813 -1.4753537178039549 0.014980316162109377 0.0012779235839843752 0.072692871093750014 -0.19512939453124997 0.0045325336977839479 0.11871337890625001 -0.72363281249999989 13.691406250000002 0.022907257080078128 13.480468750000002 0.48437500000000006 0.67187500000000011 0.45312500000000006 1.6259765625000002 -0.0086975097656249983 -0.07796518504619597 0.0068092346191406259 0.084777832031250014
decision_type=2 2 2 2 2 2 2 2 2 2 2 2 2 2 2 2 2 2 2 2 2 2 2 2 2 2 2 2 2 2
left_child=12 2 -2 4 -4 6 7 -3 9 -7 11 -10 19 15 -15 -8 17 25 -19 21 -21 23 -23 24 -1 27 -27 -14 -12 -25
right_child=1 5 3 -5 -6 8 13 -9 10 -11 28 -13 16 14 -16 -17 -18 18 -20 20 -22 22 -24 29 -26 26 -28 -29 -30 -31
leaf_value=-0.00032684395779516837 -0.0045508566559889383 0.00016503553890964356 0.00099334546828171253 0.0034462958176767157 -0.0028276588277693039 -0.0010724058440331531 0.0020610749167276595 0.0096801299440506111 0.00023614383458129954 0.0058037721775612743 -0.0020878826523973567 0.0072109874732652762 0.00040176902056592804 0.0013173656228170796 0.0078294499944881382 -0.0010067746606949358 -0.0020008017554278006 -0.0002858799210500933 0.0065062109959909877 -0.0024454580745842023 0.0022547955749809036 0.0067603626436524003 -0.00088215169307059469 -0.0010095467176540758 -0.0019074563805466919 -0.0028096699741771269 0.0045597700635808692 -8.0227207467231318e-05 0.00060554673257893577 0.0040808191666082171
leaf_weight=104960 2710 1514 4569 2409 5298 1514 7852 2165 7173 2630 10628 1741 150173 13483 2618 9612 8333 1527 1819 13726 1757 1569 1678 1825 17298 1519 3650 1169022 6617 2955
leaf_count=104960 2710 1514 4569 2409 5298 1514 7852 2165 7173 2630 10628 1741 150173 13483 2618 9612 8333 1527 1819 13726 1757 1569 1678 1825 17298 1519 3650 1169022 6617 2955
internal_value=-2.67814e-05 0.000748146 -0.0009684 -0.000171436 -0.00105988 0.00112915 0.00178119 0.0057865 0.000327121 0.00329849 -0.000145752 0.0016115 -6.99524e-05 0.00133899 0.00238462 0.000373343 -1.96292e-05 -7.16497e-06 0.00342325 -0.000531126 -0.00190986 -0.00036701 0.00282961 -0.000449146 -0.000550757 -1.58835e-05 0.00239165 -2.5353e-05 -0.00105489 0.00214121
internal_weight=1.56434e+06 82533 14986 12276 9867 67547 37244 3679 30303 4144 26159 8914 1.48181e+06 33565 16101 17464 1.33604e+06 1.32771e+06 3346 145768 15483 130285 3247 127038 122258 1.32436e+06 5169 1.3192e+06 17245 4780
internal_count=1564344 82533 14986 12276 9867 67547 37244 3679 30303 4144 26159 8914 1481811 33565 16101 17464 1336043 1327710 3346 145768 15483 130285 3247 127038 122258 1324364 5169 1319195 17245 4780
is_linear=0
shrinkage=0.01


Tree=118
num_leaves=31
num_cat=0
split_feature=74 79 78 61 60 73 75 11 28 5 72 83 59 63 47 69 28 72 31 73 33 6 6 64 7 16 17 74 74 41
split_gain=645.94 316.325 517.762 434.003 419.937 304.177 452.253 415.189 414.142 348.53 310.177 562.141 649.574 362.318 310.836 286.552 260.527 250.087 233.994 408.868 351.234 262.521 351.552 491.043 314.478 253.477 621.289 247.119 213.488 367.237
threshold=-0.11254352331161498 0.00049112015403807174 0.00080372672528028499 -0.0060558319091796866 -0.0036497116088867183 0.0013360893353819849 -0.0043205814436078063 0.062622070312500014 1.0170898437500002 0.23437500000000003 -0.10896664857864378 -0.63021898269653309 0.066009521484375014 0.070037841796875014 0.17193603515625003 0.39490593969821935 0.69409179687500011 -0.065283507108688341 0.043731689453125007 -0.0078552290797233564 -1.1440429687499998 0.054733276367187507 0.063873291015625014 0.039382934570312507 -0.012649536132812498 0.053375244140625007 -0.019096374511718747 -0.19719940423965451 -0.14217802882194516 0.076141357421875014
decision_type=2 2 2 2 2 2 2 2 2 2 2 2 2 2 2 2 2 2 2 2 2 2 2 2 2 2 2 2 2 2
left_child=18 2 -2 -4 -5 10 7 -7 -9 -8 11 13 -13 -3 17 -16 -11 -12 19 -1 27 25 23 -23 -24 -22 -27 -20 -29 -30
right_child=1 5 3 4 -6 6 9 8 -10 16 14 12 -14 -15 15 -17 -18 -19 20 -21 21 22 24 -25 -26 26 -28 28 29 -31
leaf_value=-0.00052897531305497192 -0.0013196624954223632 -0.003039817248797191 -0.00013244585052204594 0.0030197036730210338 0.0095069690739145937 -0.00058747500061920668 0.0041403604066500097 0.0010625123421932269 0.0073494745852984555 0.0018711566667976346 -0.0030393642411528487 0.0019998600089453857 0.009157661646213431 0.0011007412849324601 -0.0040771644498461658 0.00015087088988656206 -0.0009939775885974716 0.0015615936307346121 0.0019319190053775595 0.0044882624516788044 -0.0017289571857145129 -0.00098525878286774625 0.0026581171548048454 0.0040316998884081844 -0.00018047402920483388 0.005416309325561303 0.0003942782473187291 -0.0037198448510954519 0.0029464724556078894 -0.0022906364224611745
leaf_weight=3710 3105 3150 2050 2704 1590 1729 2212 1621 2983 4594 5239 7666 1504 6321 1586 856737 10147 1510 1606 2864 4946 80469 3915 1980 478877 2565 52490 5438 1702 6018
leaf_count=3710 3105 3150 2050 2704 1590 1729 2212 1621 2983 4594 5239 7666 1504 6321 1586 856737 10147 1510 1606 2864 4946 80469 3915 1980 478877 2565 52490 5438 1702 6018
internal_value=3.16308e-05 0.000202383 0.00202068 0.00365458 0.00545477 0.000183396 0.00131106 0.00358674 0.0051501 0.000457729 0.000153652 0.00142923 0.00319121 -0.000279888 0.000126133 0.000142964 -9.97394e-05 -0.00200839 -0.000210388 0.0016638 -0.00022969 -0.000193661 -0.000260425 -0.000863829 -0.000157347 0.00043516 0.000630135 -0.00175316 -0.00220519 -0.0011314
internal_weight=1.56303e+06 916448 9449 6344 4294 906999 23286 6333 4604 16953 883713 18641 9170 9471 865072 858323 14741 6749 646580 6574 640006 625242 565241 82449 482792 60001 55055 14764 13158 7720
internal_count=1563028 916448 9449 6344 4294 906999 23286 6333 4604 16953 883713 18641 9170 9471 865072 858323 14741 6749 646580 6574 640006 625242 565241 82449 482792 60001 55055 14764 13158 7720
is_linear=0
shrinkage=0.01


Tree=119
num_leaves=31
num_cat=0
split_feature=74 8 78 75 48 8 61 48 83 70 23 46 0 11 12 50 28 46 15 68 23 43 82 8 31 53 16 41 18 38
split_gain=630.525 448.548 537.71 395.711 423.932 521.442 552.77 480.664 466.39 410.442 443.652 376.149 373.645 354.441 363.913 470.468 529.101 399.142 504.437 444.567 306.594 622.205 333.913 297.201 352.376 294.639 291.66 270.768 508.128 343.258
threshold=-0.18698471784591672 0.92993164062500011 0.0071410853415727624 -0.014202758669853209 14.433593750000002 0.77612304687500011 -0.0038976669311523433 14.527343750000002 -1.5393981933593748 0.67552414536476146 0.39624023437500006 0.32580566406250006 0.60937500000000011 0.046401977539062507 0.0033464431762695317 0.043655395507812507 0.78588867187500011 0.34216308593750006 0.39062500000000006 0.018177032470703128 -1.4423828124999998 0.18585205078125003 0.21600317955017093 -1.3583984374999998 0.10147094726562501 0.014682769775390627 0.084991455078125014 0.058715820312500007 0.81762695312500011 -0.25708007812499994
decision_type=2 2 2 2 2 2 2 2 2 2 2 2 2 2 2 2 2 2 2 2 2 2 2 2 2 2 2 2 2 2
left_child=1 23 26 4 9 6 7 -6 -7 10 12 -12 -2 27 15 -15 -17 19 -19 -16 21 -11 -22 24 25 -1 -3 -5 29 -29
right_child=3 2 -4 13 5 8 -8 -9 -10 20 11 -13 -14 14 17 16 -18 18 -20 -21 22 -23 -24 -25 -26 -27 -28 28 -30 -31
leaf_value=0.0018415955696542616 0.0010248813159506075 -0.00018100776905421713 0.006220702779510051 -0.00078801908734021714 0.0026525159975584406 -0.0031087675506447179 -0.0026660950188946548 0.00060879985735912416 0.0020636682924135142 -0.00056761563384701062 -0.00024921358163208269 0.0027557656197295722 0.0041798211078684583 -0.00026822914183977515 -0.00020702592463272063 0.0069122483712832994 0.00087695159629798695 3.03238574104162e-05 -0.0045576908073567089 0.0012054910527075113 -0.00018691855145977899 0.0031011948043146082 0.0016860856315770204 -0.00089998369916002353 0.0050459525422182454 -0.0024575855106603903 0.004390449261619989 -0.00084007017821219126 0.0074801133078259384 0.0046512319708061798
leaf_weight=3671 35016 12123 1738 2028 12910 6759 4675 104897 2331 9977 53246 4499 4189 101371 28898 1821 6922 13982 2872 97223 892277 8585 9601 129536 1728 2786 1557 2641 2061 1974
leaf_count=3671 35016 12123 1738 2028 12910 6759 4675 104897 2331 9977 53246 4499 4189 101371 28898 1821 6922 13982 2872 97223 892277 8585 9601 129536 1728 2786 1557 2641 2061 1974
internal_value=7.31013e-06 -0.000602086 0.00101449 7.34683e-05 -6.47868e-06 0.00052762 0.000699198 0.000833175 -0.00178075 -7.55589e-05 0.000543254 -1.42181e-05 0.00136394 0.000424315 0.000355972 -7.61143e-05 0.0021469 0.000688713 -0.000755971 0.000881861 -0.000140749 0.00113074 -0.000166942 -0.000783185 0.00106297 -1.52317e-05 0.000344946 0.00240616 0.00337593 0.00151869
internal_weight=1.56389e+06 153139 15418 1.41076e+06 1.14896e+06 131572 122482 117807 9090 1.01739e+06 96950 57745 39205 261793 253089 110114 8743 142975 16854 126121 920440 18562 901878 137721 8185 6457 13680 8704 6676 4615
internal_count=1563894 153139 15418 1410755 1148962 131572 122482 117807 9090 1017390 96950 57745 39205 261793 253089 110114 8743 142975 16854 126121 920440 18562 901878 137721 8185 6457 13680 8704 6676 4615
is_linear=0
shrinkage=0.01


Tree=120
num_leaves=31
num_cat=0
split_feature=55 58 66 41 1 1 71 56 63 48 48 8 28 61 35 36 23 15 30 43 51 18 61 73 21 21 73 30 6 1
split_gain=471.681 284.877 271.944 358.182 377.615 451.388 352.629 388.172 325.336 287.356 576.085 568.588 425.682 285.654 478.991 283.54 276.185 251.496 557.218 447.753 355.812 354.615 600.238 640.39 319.029 274.877 282.154 219.18 390.64 219.129
threshold=-0.23614501953124997 0.061660766601562507 0.013328552246093752 0.039382934570312507 0.059341430664062507 0.050430297851562507 0.31099972128868109 0.047103881835937507 0.087615966796875014 14.433593750000002 14.527343750000002 -0.87231445312499989 -0.48083496093749994 -0.0055980682373046866 0.57812500000000011 0.11871337890625001 1.0483398437500002 0.45312500000000006 0.67187500000000011 0.77612304687500011 0.014728546142578127 -0.25134277343749994 -0.0035734176635742183 -0.05185373127460479 0.066772460937500014 0.047698974609375007 -0.065256297588348375 0.73437500000000011 0.064788818359375014 0.078765869140625014
decision_type=2 2 2 2 2 2 2 2 2 2 2 2 2 2 2 2 2 2 2 2 2 2 2 2 2 2 2 2 2 2
left_child=1 17 9 -4 5 -5 7 -6 -8 15 11 -11 -13 14 -12 27 -15 21 -19 20 -20 25 23 -23 -24 -1 -27 -2 -29 -3
right_child=2 29 3 4 6 -7 8 -9 -10 10 13 12 -14 16 -16 -17 -18 18 19 -21 -22 22 24 -25 -26 26 -28 28 -30 -31
leaf_value=-0.0028778608382110903 2.4560312774129505e-05 3.3579792481722292e-05 0.0056273953382927682 -0.00031270222301408164 0.0054667830451798497 0.0069103676018982957 0.0022805247949123646 0.00053846707936577756 -0.0025801964722906197 -0.0029143964874545846 0.00048937082786824687 0.0060767763008140775 0.0020013841943864836 0.00047872241762333896 -0.0024360080777650647 0.0028648121081094086 0.0041072291748468267 -0.0019158593468108396 -0.0028603366645359903 0.0052097140870584072 0.002595312153060979 0.0060814763733658119 0.0017026266213836753 -0.00011408944118335479 0.0078173210171814164 -0.0023200078708842764 -0.00020652026006997778 0.0047730795545544037 0.00054291632714898298 -0.0046666368163835953
leaf_weight=4910 1245953 1532 1657 1506 1912 2008 1797 9283 5695 1721 14035 3613 8825 87051 9284 3545 2130 24169 2590 2044 2186 1737 1841 33047 1594 7046 59616 2507 16094 2792
leaf_count=4910 1245953 1532 1657 1506 1912 2008 1797 9283 5695 1721 14035 3613 8825 87051 9284 3545 2130 24169 2590 2044 2186 1737 1841 33047 1594 7046 59616 2507 16094 2792
internal_value=5.65316e-05 -0.000486476 0.000112079 0.00117025 0.000832821 0.00383052 0.000265626 0.00138842 -0.00141136 9.39624e-05 0.000548095 0.00244765 0.00319306 0.000308628 -0.000676401 4.85953e-05 0.000566287 -0.000408586 -0.00120385 0.00131764 -0.000362848 -0.000183941 0.00059359 0.000198614 0.00456896 -0.000599188 -0.000430539 4.06553e-05 0.00111756 -0.00300886
internal_weight=1.56372e+06 145104 1.41862e+06 23858 22201 3514 18687 11195 7492 1.39476e+06 126659 14159 12438 112500 23319 1.2681e+06 89181 140780 30989 6820 4776 109791 38219 34784 3435 71572 66662 1.26455e+06 18601 4324
internal_count=1563720 145104 1418616 23858 22201 3514 18687 11195 7492 1394758 126659 14159 12438 112500 23319 1268099 89181 140780 30989 6820 4776 109791 38219 34784 3435 71572 66662 1264554 18601 4324
is_linear=0
shrinkage=0.01


Tree=121
num_leaves=31
num_cat=0
split_feature=55 64 21 75 51 82 23 8 18 36 36 6 72 56 13 56 41 11 1 79 65 79 48 8 48 33 6 13 46 1
split_gain=680.906 326.831 299.979 439.419 433.296 447.632 377.972 309.882 422.99 290.401 566.888 274.421 258.063 290.03 609.464 395.409 519.418 320.365 306.576 278.579 475.451 334.92 276.163 271.507 245.472 233.544 231.592 404.099 442.421 367.89
threshold=-0.21051025390624997 0.034530639648437507 0.085235595703125014 -0.10584753751754759 0.015346527099609377 -0.14306259155273435 0.43041992187500006 -0.74584960937499989 -1.3076171874999998 0.074951171875000014 0.078887939453125014 0.086517333984375014 1.0000000180025095e-35 0.044815063476562507 0.042297363281250007 0.044692993164062507 0.070892333984375014 0.047714233398437507 0.076568603515625014 0.00068683235440403234 0.13470458984375003 0.00085858628153800975 8.8710937500000018 1.2465820312500002 11.832031250000002 0.81567382812500011 0.096954345703125014 -0.053161621093749993 0.28063964843750006 0.072784423828125014
decision_type=2 2 2 2 2 2 2 2 2 2 2 2 2 2 2 2 2 2 2 2 2 2 2 2 2 2 2 2 2 2
left_child=2 -2 7 -4 6 -6 -5 8 -1 25 -11 -8 13 15 22 17 -17 -3 -16 20 -14 -21 -15 -23 -7 -10 -9 28 -28 -29
right_child=1 12 3 4 5 24 11 26 9 10 -12 -13 19 14 18 16 -18 -19 -20 21 -22 23 -24 -25 -26 -27 27 29 -30 -31
leaf_value=-0.004111025254568192 0.0044969634108600167 0.0014183092519746605 0.0048781905687726116 0.0031932268747448052 0.0068995059286569753 0.0025823867610747088 -0.0011289304910292253 -0.00091587117829321023 -0.0036121450873312128 0.0051711974252233017 0.00037904091389894586 0.001121301049527968 0.0072461633819158001 -0.0035835930480232719 -0.00096707710159199328 -0.0004379107193691418 0.0052638331607274937 6.003439445419543e-05 -0.0035519431862167626 -0.0035283217096458309 0.00022651584851421727 0.0011046746076086396 0.00025024549567884087 -0.0029725778827749687 -0.0017906767859396395 0.00046443384830082687 0.0029607348354056579 0.0054807323597070388 -0.0014690467384595235 -0.00014084809157909108
leaf_weight=2165 1660 17605 1965 2720 1625 3395 26566 162197 2956 2667 30416 6790 1765 1955 10296 3023 3362 1176547 8288 1820 2103 28088 38586 1715 2039 2655 2797 2429 11282 2217
leaf_count=2165 1660 17605 1965 2720 1625 3395 26566 162197 2956 2667 30416 6790 1765 1955 10296 3023 3362 1176547 8288 1820 2103 28088 38586 1715 2039 2655 2797 2429 11282 2217
internal_value=-5.54907e-06 8.91173e-05 -0.000465519 0.000277848 6.61173e-05 0.00232823 -0.000377556 -0.000616696 0.000169807 0.000411327 0.000768254 -0.000670472 8.33984e-05 5.96971e-05 -0.000623933 9.33749e-05 0.00257139 8.00824e-05 -0.00212244 0.000924107 0.00345044 0.000613111 6.36913e-05 0.000868215 0.000940933 -0.0016884 -0.000794318 0.00025844 -0.000586054 0.00280909
internal_weight=1.56369e+06 1.29681e+06 266881 45100 43135 7059 36076 221781 40859 38694 33083 33356 1.29515e+06 1.25966e+06 59125 1.20054e+06 6385 1.19415e+06 18584 35491 3868 31623 40541 29803 5434 5611 180922 18725 14079 4646
internal_count=1563694 1296813 266881 45100 43135 7059 36076 221781 40859 38694 33083 33356 1295153 1259662 59125 1200537 6385 1194152 18584 35491 3868 31623 40541 29803 5434 5611 180922 18725 14079 4646
is_linear=0
shrinkage=0.01


Tree=122
num_leaves=31
num_cat=0
split_feature=74 63 11 70 21 79 8 17 83 23 83 6 60 76 74 8 10 74 43 41 76 18 2 31 38 62 31 18 43 47
split_gain=672.579 492.617 374.879 373.078 481.302 587.177 335.681 319.382 334.796 416.804 328.502 305.641 418.929 501.178 314.528 450.766 379.379 378.463 450.067 328.748 315.27 307.614 303.314 298.764 461.969 396.572 295.385 401.69 374.239 283.948
threshold=-0.15578961372375486 0.066680908203125014 0.046401977539062507 0.68844845890998851 0.069488525390625014 0.0013945684768259527 -0.17822265624999997 -0.020683288574218747 -1.2151021957397459 1.4418945312500002 -1.265261650085449 0.057388305664062507 -0.0044193267822265616 0.034077093005180366 -0.16928231716156003 0.94970703125000011 0.39062500000000006 -0.18698471784591672 -0.21490478515624997 0.062622070312500014 0.031558930873870857 -1.3447265624999998 0.028030395507812503 0.074157714843750014 -1.1440429687499998 -0.0082817077636718733 0.071990966796875014 -0.60888671874999989 -0.52172851562499989 0.22430419921875003
decision_type=2 2 2 2 2 2 2 2 2 2 2 2 2 2 2 2 2 2 2 2 2 2 2 2 2 2 2 2 2 2
left_child=11 6 3 -3 -5 -6 -2 8 10 -10 -4 12 13 -1 15 17 20 -13 -19 29 -17 -21 26 25 -25 -9 27 -14 -28 -16
right_child=1 2 7 4 5 -7 -8 23 9 -11 -12 14 22 -15 19 16 -18 18 -20 21 -22 -23 -24 24 -26 -27 28 -29 -30 -31
leaf_value=0.00054001534884830693 0.007262912538672439 -0.0018230595759916725 -0.00029751937286285349 -0.0013818635850872116 0.0073618468366029475 0.0019022972433231527 0.0011053390204047607 0.00011675766127810115 -0.0018888004777912032 0.0026812521456360929 0.0032179507580593993 -0.00088906269511248345 -0.0021976662867231921 0.0077869458341900313 -0.0021563121731183969 -0.00079536768887278537 0.0044935922968685959 -0.0015701477035932976 0.00064938622942297579 0.0016713919045968843 0.0017715110697386306 -0.0016556271009870963 -0.0027132046293434119 0.00086187445803384587 -0.00013054191469296638 0.00075416962834988629 0.0031862943060374203 0.0030364154083088808 -0.00061589271414893491 0.0024654070036710749
leaf_weight=2418 1543 2716 42581 2931 2548 8564 2062 414199 23651 2162 2815 112468 1856 1560 1940 9667 2657 11814 40053 2926 9438 50265 3687 50926 591437 127684 2873 6749 24597 4120
leaf_count=2418 1543 2716 42581 2931 2548 8564 2062 414199 23651 2162 2815 112468 1856 1560 1940 9667 2657 11814 40053 2926 9438 50265 3687 50926 591437 127684 2873 6749 24597 4120
internal_value=-1.34213e-05 8.52645e-05 7.47744e-05 0.00155961 0.00221551 0.00316516 0.00376641 5.49289e-05 -0.000595418 -0.00150425 -7.82044e-05 -0.000448923 0.000321053 0.00340669 -0.000586207 -0.0003841 0.000967752 -0.000563215 0.000143422 -0.00122065 0.000473214 -0.00147205 1.07924e-05 9.40438e-05 -5.18396e-05 0.000266973 0.000290544 0.00190501 -0.000216205 0.000983621
internal_weight=1.56491e+06 1.27582e+06 1.27221e+06 16759 14043 11112 3605 1.25546e+06 71209 25813 45396 289088 43740 3978 245348 186097 21762 164335 51867 59251 19105 53191 39762 1.18425e+06 642363 541883 36075 8605 27470 6060
internal_count=1564907 1275819 1272214 16759 14043 11112 3605 1255455 71209 25813 45396 289088 43740 3978 245348 186097 21762 164335 51867 59251 19105 53191 39762 1184246 642363 541883 36075 8605 27470 6060
is_linear=0
shrinkage=0.01


Tree=123
num_leaves=31
num_cat=0
split_feature=55 74 59 64 22 42 21 74 60 48 48 51 13 2 60 41 38 62 1 58 78 83 41 17 42 0 62 16 18 78
split_gain=361.636 375.508 328.091 628.75 318.475 579.03 411.27 542.7 326.675 319.235 258.534 394.374 363.968 262.546 400.84 456.838 351.372 330.802 487.807 442.971 246.022 354.478 469.017 599.378 344.775 300.548 252.212 281.308 241.455 184.997
threshold=-0.18707275390624997 -0.094609498977661119 0.0068264007568359384 0.039077758789062507 -0.0059776306152343741 0.0057373046875000009 0.096405029296875014 -0.094609498977661119 -0.0032777786254882808 12.464843750000002 16.101562500000004 0.017326354980468753 -0.23303222656249997 0.015213012695312502 -0.0035963058471679683 0.041992187500000007 -1.3691406249999998 -0.0098686218261718733 0.087036132812500014 0.074432373046875014 0.00087873078882694255 -0.30029129981994623 0.085845947265625014 0.0011081695556640627 -0.011432647705078123 0.14062500000000003 -0.0085639953613281233 0.062896728515625014 -0.26745605468749994 0.018888019025325779
decision_type=2 2 2 2 2 2 2 2 2 2 2 2 2 2 2 2 2 2 2 2 2 2 2 2 2 2 2 2 2 2
left_child=1 20 3 4 5 9 7 -6 -8 -2 13 12 -12 17 16 -16 -15 18 -4 -19 26 25 24 -24 -23 -22 -1 -28 -27 -3
right_child=2 29 10 -5 6 -7 8 -9 -10 -11 11 -13 -14 14 15 -17 -18 19 -20 -21 21 22 23 -25 -26 28 27 -29 -30 -31
leaf_value=-0.0043679129547978699 0.002370080682914338 -0.0049831011926426607 -0.0020599458284071069 0.0059824933906396233 -0.00079221343234548412 0.0059766340870753415 0.0037482890439234614 0.0031546674678450508 4.5881450534307585e-05 -0.0023450978108060859 0.0012685351999253628 -0.0012592254543915774 0.0079421249645710602 0.0038654043753285055 0.0046053405790969929 1.7655005768395343e-05 0.00093340298144522311 4.7135741878960738e-05 0.0005479481961989845 0.0040574580290763653 0.0040592100379413963 0.0029425123950324386 0.0007664707391030419 0.0091135082174966364 -0.0013595031119925222 -0.00044646453427722667 0.0029572333361941516 -0.0020964413348329132 3.8724319988531695e-05 -0.0012096458068650991
leaf_weight=2716 3793 2275 17812 2320 26534 2965 5315 3990 4308 2284 1743 1930 1534 4457 2197 103662 47375 878414 11987 2743 1643 2968 1843 1600 4928 202417 1535 3760 207904 3035
leaf_count=2716 3793 2275 17812 2320 26534 2965 5315 3990 4308 2284 1743 1930 1534 4457 2197 103662 47375 878414 11987 2743 1643 2968 1843 1600 4928 202417 1535 3760 207904 3035
internal_value=4.33565e-05 -0.000200919 0.000138133 0.000917595 0.000676375 0.0023697 0.000294009 -0.000274562 0.00209434 0.000596033 0.000100729 0.0023193 0.00442174 8.98758e-05 0.000466579 0.00011372 0.00118692 2.46578e-05 -0.00101123 5.97115e-05 -0.000168311 -0.000135409 0.00160729 0.00467566 0.000260915 -0.000183451 -0.00190221 -0.000625786 -0.000200636 -0.00283897
internal_weight=1.56199e+06 436624 1.12536e+06 51509 49189 9042 40147 30524 9623 6077 1.07385e+06 5207 3277 1.06865e+06 157691 105859 51832 910956 29799 881157 431314 423303 11339 3443 7896 411964 8011 5295 410321 5310
internal_count=1561987 436624 1125363 51509 49189 9042 40147 30524 9623 6077 1073854 5207 3277 1068647 157691 105859 51832 910956 29799 881157 431314 423303 11339 3443 7896 411964 8011 5295 410321 5310
is_linear=0
shrinkage=0.01


Tree=124
num_leaves=31
num_cat=0
split_feature=64 43 42 3 38 11 1 36 31 61 54 6 72 3 13 83 18 75 83 59 64 11 8 3 37 23 78 23 45 60
split_gain=725.528 375.828 489.408 489.769 906.736 457.427 433.434 458.699 422.797 728.298 452.629 392.6 398.656 505.4 397.015 429.562 418.132 395.954 380.875 375.876 360.644 414.162 347.824 335.008 319.15 339.767 291.207 303.615 431.597 513.973
threshold=0.039657592773437507 -0.61352539062499989 -0.0051403045654296866 -0.91528320312499989 -0.78515624999999989 0.046401977539062507 0.078033447265625014 0.070404052734375014 0.096099853515625014 -0.0059185028076171866 -0.093658447265624986 0.087432861328125014 -0.11161452531814574 0.99633789062500011 0.036422729492187507 -1.6183052062988279 0.64916992187500011 -0.055169358849525445 -1.7838535308837888 0.047042846679687507 0.040084838867187507 0.055313110351562507 1.0522460937500002 0.99633789062500011 0.020072937011718753 0.79711914062500011 0.019483745098114017 1.4008789062500002 1.2031250000000002 -0.0041103363037109366
decision_type=2 2 2 2 2 2 2 2 2 2 2 2 2 2 2 2 2 2 2 2 2 2 2 2 2 2 2 2 2 2
left_child=26 6 3 4 -3 -5 7 18 20 -10 -11 12 13 -4 15 -13 -16 -14 -2 -7 23 -22 -20 -8 25 -9 27 -1 -29 -30
right_child=1 2 11 5 -6 19 8 24 9 10 -12 14 17 -15 16 -17 -18 -19 22 -21 21 -23 -24 -25 -26 -27 -28 28 29 -31
leaf_value=-0.00021199872961643381 -0.0050716038818642926 0.0095538415459802371 0.0011791886547675857 0.006323935000383878 0.0014093416712263696 0.0042802088663975394 -0.0032573114910365037 0.00088152683022348088 0.0080705546563546796 0.0031833576899667026 -0.0041869376621772418 0.0025259502136544439 0.002056848152696294 0.007943048531016593 -0.00055796923503673656 -0.0002219223613131114 -0.0032068214147803766 0.00026217144503866055 -0.00057591430373752132 0.00068338969548662756 0.0025632202010821693 -0.00058155193333626681 0.0022895135579819089 0.0015584829142290643 -0.0020975471756302902 0.0030189454827658896 0.0008795558607642823 -0.0017018343888521462 0.0068244186658812014 0.0011590299474354014
leaf_weight=999678 1628 1865 3686 1501 5007 2980 8309 33499 1522 1770 1539 7592 13447 1563 31789 22508 7318 141189 28218 93119 4384 85464 4964 1735 2834 9551 26206 4451 1797 13620
leaf_count=999678 1628 1865 3686 1501 5007 2980 8309 33499 1522 1770 1539 7592 13447 1563 31789 22508 7318 141189 28218 93119 4384 85464 4964 1735 2834 9551 26206 4451 1797 13620
internal_value=-9.209e-06 0.000296449 0.000497073 0.00106423 0.003641 0.000882089 -6.44872e-05 0.000486236 -0.000488858 0.00239447 -0.000249091 0.000238366 0.000510706 0.00321578 -0.000390773 0.000472379 -0.00105503 0.000418481 -0.000379263 0.000795793 -0.000628753 -0.000427571 -0.000146128 -0.00242399 0.00114273 0.00135691 -0.000160902 -0.000187663 0.00103581 0.00182737
internal_weight=1.56473e+06 518981 333564 104472 6872 97600 185417 80694 104723 4831 3309 229092 159885 5249 69207 30100 39107 154636 34810 96099 99892 89848 33182 10044 45884 43050 1.04575e+06 1.01955e+06 19868 15417
internal_count=1564733 518981 333564 104472 6872 97600 185417 80694 104723 4831 3309 229092 159885 5249 69207 30100 39107 154636 34810 96099 99892 89848 33182 10044 45884 43050 1045752 1019546 19868 15417
is_linear=0
shrinkage=0.01


Tree=125
num_leaves=31
num_cat=0
split_feature=55 51 73 59 59 70 69 18 31 33 51 63 48 79 33 68 48 78 28 27 42 50 6 1 45 42 63 17 38 62
split_gain=447.23 359.734 309.277 438.799 415.498 349.122 469.561 309.433 488.823 769.069 850.299 564.881 465.189 579.061 422.294 274.082 470.824 412.453 362.979 479.137 422.271 291.245 236.943 478.374 405.692 328.901 220.585 277.277 405.846 329.245
threshold=-0.18853759765624997 0.015892028808593753 0.0039418246597051629 0.19293212890625003 0.21148681640625003 0.70216554403305065 0.43885286152362829 1.1938476562500002 0.086151123046875014 0.60205078125000011 0.017158508300781253 0.077789306640625014 13.496093750000002 0.003145053051412106 -0.64916992187499989 0.020290374755859378 8.0898437500000018 0.00095422379672527324 0.45227050781250006 0.021743774414062503 -0.011856079101562498 0.037490844726562507 0.057388305664062507 0.10482788085937501 1.0468750000000002 0.0052108764648437509 0.066009521484375014 -0.00047135353088378901 -0.59863281249999989 -0.010150909423828123
decision_type=2 2 2 2 2 2 2 2 2 2 2 2 2 2 2 2 2 2 2 2 2 2 2 2 2 2 2 2 2 2
left_child=1 22 7 -4 -5 6 -6 15 12 10 -10 -11 13 -9 -14 18 21 -18 20 -20 -2 -17 23 24 -1 -26 -24 29 -29 -28
right_child=2 -3 3 4 5 -7 -8 8 9 11 -12 -13 14 -15 -16 16 17 -19 19 -21 -22 -23 26 -25 25 -27 27 28 -30 -31
leaf_value=0.0053910473774233204 0.00050652889073385398 -0.0023615295722361116 0.006620980037123623 -0.0026732944745040442 0.0079753519800842797 -0.0019793811162500483 0.001596792102748931 0.0011617751239612123 0.0014860838147502642 0.0020970879443046753 0.011607781577972385 -0.0043375288553990973 0.0067984539164665445 -0.00090981834757808465 0.0010794873989283661 0.0015893968356609951 0.0031675512387101569 0.00020359586868998585 -0.0014254866746461869 0.0011347814406741372 -0.00023173725558693734 -0.0032399024102272118 -0.0016924946119876974 -0.0030977302661939861 0.001655165813138819 -0.00015118855160207943 0.0035503615540050525 0.0025610124107498418 -1.909620294685863e-05 -0.00050597388511772429
leaf_weight=1764 106464 7974 1565 2391 1505 1674 4808 25247 1647 8618 1667 1601 1953 28937 3764 1554 4712 601512 39296 8963 284380 6128 11112 3526 16075 26964 1999 6399 121367 228115
leaf_count=1764 106464 7974 1565 2391 1505 1674 4808 25247 1647 8618 1667 1601 1953 28937 3764 1554 4712 601512 39296 8963 284380 6128 11112 3526 16075 26964 1999 6399 121367 228115
internal_value=1.64818e-05 -0.000260199 0.000119851 0.00171927 0.000968777 0.00206303 0.00313781 0.000102863 0.000730392 0.00244545 0.00661657 0.00108248 0.000342235 5.55118e-05 0.00305005 5.90881e-05 0.00019553 0.000226738 -0.000131671 -0.000949703 -3.06215e-05 -0.00226139 -0.000219937 0.00043834 0.000717887 0.000523937 -0.000306174 -0.000263037 0.000110506 -0.000470431
internal_weight=1.56368e+06 425295 1.13839e+06 11943 10378 7987 6313 1.12644e+06 73434 13533 3314 10219 59901 54184 5717 1.05301e+06 613906 606224 439103 48259 390844 7682 417321 48329 44803 43039 368992 357880 127766 230114
internal_count=1563681 425295 1138386 11943 10378 7987 6313 1126443 73434 13533 3314 10219 59901 54184 5717 1053009 613906 606224 439103 48259 390844 7682 417321 48329 44803 43039 368992 357880 127766 230114
is_linear=0
shrinkage=0.01


Tree=126
num_leaves=31
num_cat=0
split_feature=57 48 8 70 65 79 77 60 38 57 23 7 21 47 18 47 73 59 31 59 7 75 11 11 12 33 59 25 70 30
split_gain=501.544 384.155 402.72 450.005 318.729 456.109 620.55 535.155 455.416 431.049 386.591 356.015 416.966 428.632 459.115 421.92 384.539 382.884 414.102 336.102 512.219 314.785 495.363 405.325 402.063 302.952 283.688 275.11 270.122 302.588
threshold=0.022071838378906253 15.035156250000002 -0.054092407226562493 0.69430184364318859 0.12689208984375003 0.0086430702358484286 0.012603536248207094 -0.0041904449462890616 0.65063476562500011 0.023475646972656253 -1.2749023437499998 0.025459289550781253 0.065826416015625014 0.17755126953125003 -0.31579589843749994 0.24859619140625003 -0.0041774427518248549 0.14300537109375003 0.072296142578125014 0.15594482421875003 0.012790679931640627 -0.063629329204559312 0.081756591796875014 0.080596923828125014 0.0084648132324218767 0.50415039062500011 0.11697387695312501 0.64062500000000011 0.71883976459503185 0.17187500000000003
decision_type=2 2 2 2 2 2 2 2 2 2 2 2 2 2 2 2 2 2 2 2 2 2 2 2 2 2 2 2 2 2
left_child=1 28 21 -4 11 6 7 -6 10 -9 -8 16 15 -14 -15 26 19 18 -18 25 -21 22 27 -23 -24 -2 -13 -3 29 -1
right_child=4 2 3 -5 5 -7 8 9 -10 -11 -12 12 13 14 -16 -17 17 -19 -20 20 -22 23 24 -25 -26 -27 -28 -29 -30 -31
leaf_value=0.0037196908411693186 -3.9161742371849669e-05 0.00092782217502435484 -0.0037559265702962873 0.00054523367392060801 0.0083686781761258145 -0.0033166718872928479 -0.002398000515176264 0.0049020128519666629 -0.0032648868492879709 0.00076203900670731379 0.00081571133874419794 -0.0027935274233345147 -0.001906790394516647 0.00030014363658679543 0.0029109993830405234 0.0035778109814892422 0.00051370821512558616 -0.0035876742920905448 -0.0021025065383908381 0.0050959328847599242 -0.001599652890295932 0.0057755692779439503 0.0082754019693852092 -0.00012803521528756631 0.0010616445467015467 0.0007059969705033054 0.0010648541797631669 -0.0023192177963357011 -0.0009930387277526263 -0.00021044466917747237
leaf_weight=1944 469217 12013 3380 8534 1528 2716 3936 3695 3087 7815 69831 6292 3238 10841 17786 1860 14464 5084 10373 3129 1781 3381 1502 1766 1583 61719 2717 3312 45501 779161
leaf_count=1944 469217 12013 3380 8534 1528 2716 3936 3695 3087 7815 69831 6292 3238 10841 17786 1860 14464 5084 10373 3129 1781 3381 1502 1766 1583 61719 2717 3312 45501 779161
internal_value=-3.89442e-05 -0.000200478 0.000818282 -0.000679254 0.000159676 0.000706154 0.00082841 0.00284395 0.000485831 0.00209727 0.000643633 7.64872e-05 0.000956375 0.00153303 0.00192317 -0.000733948 9.99534e-06 -0.00109289 -0.000579748 7.16178e-05 0.00267061 0.0015756 0.000962226 0.00375731 0.0046045 4.7483e-05 -0.00163011 0.000223972 -0.000244213 -0.000200568
internal_weight=1.56319e+06 862077 35471 11914 701109 92608 89892 13038 76854 11510 73767 608501 42734 31865 28627 10869 565767 29921 24837 535846 4910 23557 18410 5147 3085 530936 9009 15325 826606 781105
internal_count=1563186 862077 35471 11914 701109 92608 89892 13038 76854 11510 73767 608501 42734 31865 28627 10869 565767 29921 24837 535846 4910 23557 18410 5147 3085 530936 9009 15325 826606 781105
is_linear=0
shrinkage=0.01


Tree=127
num_leaves=31
num_cat=0
split_feature=65 48 78 75 77 81 33 33 15 72 76 52 37 36 62 32 78 1 11 22 55 40 6 83 54 12 68 63 35 31
split_gain=528.827 446.974 474.533 732.918 497.545 453.536 416.089 731.8 428.892 413.317 409.169 396.716 376.373 533.991 473.1 353.411 345.076 336.674 366.679 330.055 436.174 305.656 303.182 286.599 353.116 339.878 264.726 277.591 258.706 793.026
threshold=0.11892700195312501 8.0898437500000018 0.0026110606268048291 -0.0081862751394510252 0.018376268446445469 0.0015494260005652907 -0.94702148437499989 -0.72363281249999989 0.23437500000000003 -0.086231902241706834 0.035469248890876777 0.054641723632812507 0.00036072731018066412 0.079925537109375014 -0.0089073181152343733 -0.033218383789062493 0.003883491270244122 0.060653686523437507 0.066375732421875014 -0.0010018348693847654 -0.15777587890624997 0.35937500000000006 0.10803222656250001 -0.51827335357666005 -0.094818115234374986 0.032287597656250007 0.017230987548828128 0.072540283203125014 0.26562500000000006 0.063629150390625014
decision_type=2 2 2 2 2 2 2 2 2 2 2 2 2 2 2 2 2 2 2 2 2 2 2 2 2 2 2 2 2 2
left_child=6 5 3 9 10 -2 15 8 -8 -3 11 -4 14 -14 -10 19 -12 18 -5 -1 -21 -7 -19 28 25 -25 -17 -28 29 -9
right_child=1 2 4 17 -6 21 7 23 12 -11 16 -13 13 -15 -16 26 -18 22 -20 20 -22 -23 -24 24 -26 -27 27 -29 -30 -31
leaf_value=-0.0016912926110938553 0.0019393268901388057 0.0096468411875580903 0.0041934413478828302 -0.00072342884008417944 0.0047051374134682257 -0.0035872201691245476 -0.0036609465171177826 0.0051353967142105106 -0.0031546823753971437 0.0023406215073663757 -0.0015655963092125241 0.00025137361247611414 0.0058234425982146574 0.0015138706403139373 0.0011651594870413773 0.0025130064749136205 8.0381631296257974e-05 0.00072296800858532336 0.0038506374600542292 0.0071319781114184671 3.0941233930157465e-06 0.0011201962181369722 -0.0029533929386131013 0.00037553089872566616 -0.0032388165086808364 0.0034225118380374186 -0.0039161123417112611 -0.0012196067522805647 -0.00017851662572766828 -0.0015958480706489435
leaf_weight=2206 2678 1511 2549 2377 2413 7504 1743 1855 3565 1601 23409 409530 3215 26178 8638 1702 27906 31921 6592 1555 1886 1679 2393 76677 2558 3825 4227 38354 835287 26416
leaf_count=2206 2678 1511 2549 2377 2413 7504 1743 1855 3565 1601 23409 409530 3215 26178 8638 1702 27906 31921 6592 1555 1886 1679 2393 76677 2558 3825 4227 38354 835287 26416
internal_value=-1.26188e-05 0.000246403 0.000290871 0.0012551 0.000194783 -0.00167113 -0.000143158 -9.82243e-05 0.00117215 0.00592703 0.000171094 0.00027596 0.00137634 0.00198889 -9.99415e-05 -0.00103367 -0.000670802 0.000916614 0.00263949 0.00131885 0.00324726 -0.00272596 0.000465014 -0.000156409 0.000404574 0.00052112 -0.00133412 -0.001489 -0.000210375 -0.00115086
internal_weight=1.56395e+06 524063 512202 46395 465807 11861 1.03989e+06 989957 43339 3112 463394 412079 41596 29393 12203 49930 51315 43283 8969 5647 3441 9183 34314 946618 83060 80502 44283 42581 863558 28271
internal_count=1563950 524063 512202 46395 465807 11861 1039887 989957 43339 3112 463394 412079 41596 29393 12203 49930 51315 43283 8969 5647 3441 9183 34314 946618 83060 80502 44283 42581 863558 28271
is_linear=0
shrinkage=0.01


Tree=128
num_leaves=31
num_cat=0
split_feature=72 16 52 61 31 33 38 41 59 60 41 41 72 30 64 26 20 47 3 12 26 47 59 7 52 41 32 23 16 38
split_gain=413.658 384.324 381.572 357.84 332.117 507.503 373.701 422.278 371.673 360.705 327.193 319.904 311.215 412.206 327.802 344.68 316.376 304.602 309.65 282.688 477.24 271.062 343.724 269.673 372.531 384.223 260.776 246.511 243.782 189.454
threshold=-0.099359080195426927 0.10140991210937501 0.055130004882812507 -0.0047969818115234366 0.10366821289062501 1.4218750000000002 -1.4086914062499998 0.063629150390625014 0.023460388183593753 -0.0044193267822265616 0.051330566406250007 0.055831909179687507 -0.11161452531814574 0.29687500000000006 0.036392211914062507 0.096405029296875014 0.35937500000000006 0.23150634765625003 -0.055511474609374993 -0.030517578124999997 0.072845458984375014 0.22161865234375003 0.061813354492187507 -0.025588989257812497 0.048721313476562507 0.093536376953125014 -0.011432647705078123 1.3662109375000002 0.097747802734375014 -0.36511230468749994
decision_type=2 2 2 2 2 2 2 2 2 2 2 2 2 2 2 2 2 2 2 2 2 2 2 2 2 2 2 2 2 2
left_child=1 2 12 10 5 6 7 11 -6 -9 -3 -2 14 29 28 -16 -15 26 -19 20 -8 22 -10 -5 -25 -26 -12 -21 -1 -14
right_child=4 3 -4 23 8 -7 19 9 21 -11 17 -13 13 16 15 -17 -18 18 -20 27 -22 -23 -24 24 25 -27 -28 -29 -30 -31
leaf_value=-0.00037761238213339523 0.0014233546530870922 -0.0043171111608575462 0.004627254410181793 -0.0005728588804127054 0.0025258330725380597 0.0050676506640019905 0.0063257165481561952 -0.0014834880779625444 -0.0041452845368379109 0.0019174909854571263 0.0035803113406004485 -0.0035486552336672457 -0.0051089864551427822 0.00048189913541005756 0.00012918079739976471 0.0039250857543651572 -0.00087061455786338257 -0.0043358588245255058 0.00048949519614817686 3.3927222847807755e-05 0.00079378448050602274 -0.0043048886326438529 0.0021244327564770107 0.0065878891656475681 0.0030446897233964531 -0.0021105714112235182 0.00038402762489139585 0.00096952758943931417 -0.0026709140194440483 -0.0019161771644686616
leaf_weight=209338 2187 1610 1538 2988 1668 2056 1735 3491 1516 28207 3167 3119 2291 22082 136038 2415 79577 2448 2876 966200 14084 4372 2011 2088 6265 1862 12854 28987 4721 9807
leaf_count=209338 2187 1610 1538 2988 1668 2056 1735 3491 1516 28207 3167 3119 2291 22082 136038 2415 79577 2448 2876 966200 14084 4372 2011 2088 6265 1862 12854 28987 4721 9807
internal_value=-8.65872e-07 -0.00023671 -0.000313493 0.000756319 0.000111305 0.000128219 0.000118432 0.00110519 -0.00174151 0.00154223 1.48906e-06 -0.00150167 -0.000329988 -0.000784733 -0.000183204 0.000195949 -0.000576789 0.000330967 -0.00173715 8.2294e-05 0.00140774 -0.00264674 -0.000578639 0.00206669 0.0028384 0.00186127 0.00101954 6.11976e-05 -0.000428435 -0.00252823
internal_weight=1.5636e+06 503965 467807 36158 1.05963e+06 1.05007e+06 1.04801e+06 37004 9567 31698 22955 5306 466269 113757 352512 138453 101659 21345 5324 1.01101e+06 15819 7899 3527 13203 10215 8127 16021 995187 214059 12098
internal_count=1563598 503965 467807 36158 1059633 1050066 1048010 37004 9567 31698 22955 5306 466269 113757 352512 138453 101659 21345 5324 1011006 15819 7899 3527 13203 10215 8127 16021 995187 214059 12098
is_linear=0
shrinkage=0.01


Tree=129
num_leaves=31
num_cat=0
split_feature=51 74 43 1 0 56 18 43 41 55 30 8 13 65 74 32 8 21 40 74 22 21 15 69 31 18 3 6 26 23
split_gain=566.819 503.943 333.573 688.645 475.59 408.691 272.848 623.519 342.688 290.702 252.54 388.434 518.199 492.243 345.532 326.592 419.72 406.229 356.781 318.4 433.208 634.155 364.481 357.53 313.798 294.107 264.449 342.291 260.602 252.137
threshold=0.015506744384765627 0.010185934603214266 -1.2802734374999998 0.063385009765625014 0.32812500000000006 0.044570922851562507 1.0673828125000002 -1.6411132812499998 0.053375244140625007 -0.19964599609374997 0.67187500000000011 0.21954345703125003 -0.55639648437499989 0.10873413085937501 -0.17067888379096982 0.011810302734375002 -0.24554443359374997 0.086151123046875014 0.67187500000000011 -0.18887194991111753 -0.013313293457031248 0.056259155273437507 0.48437500000000006 0.40241967141628271 0.12762451171875003 0.65332031250000011 0.31225585937500006 0.068908691406250014 0.075836181640625014 -0.21038818359374997
decision_type=2 2 2 2 2 2 2 2 2 2 2 2 2 2 2 2 2 2 2 2 2 2 2 2 2 2 2 2 2 2
left_child=10 6 4 -4 -3 -5 -2 -8 29 -10 14 26 -13 -14 19 16 18 -17 -16 22 21 -21 24 -22 -1 -18 27 -12 -29 -9
right_child=1 2 3 5 -6 -7 7 8 9 -11 11 12 13 -15 15 17 25 -19 -20 20 23 -23 -24 -25 -26 -27 -28 28 -30 -31
leaf_value=-0.00044119547020096689 2.0882453764993612e-05 0.00096976773822030364 0.0062163475931632049 0.0037917729690670966 0.0083945925182360923 -0.0020634178452625263 0.0059660426981443413 -0.0039365412830729375 0.0038363694129542746 0.00050824501597223997 0.0010656047282619626 -0.00046314050584155567 0.0019594681411038012 0.0094673338057226792 0.0010246195375308285 -0.0029043932769576061 -0.0011335617755383425 0.0016205635871220795 -0.0018186251489439519 -0.00025675563978715035 -0.0029853565559912754 0.0046754356359993967 -0.0034817459095193414 0.00035873369497453319 0.0040044791474428401 -0.0046798344026635578 0.0017851035182396896 -0.0038729700865861335 0.00081600476395000108 -0.00015113646079608432
leaf_weight=133393 1170669 1700 1943 1580 1744 4659 2065 2872 2681 93488 4157 2906 2033 1529 17928 14534 35674 2284 5833 5036 3700 5380 3900 22726 1587 2486 4378 4510 1597 4498
leaf_count=133393 1170669 1700 1943 1580 1744 4659 2065 2872 2681 93488 4157 2906 2033 1529 17928 14534 35674 2284 5833 5036 3700 5380 3900 22726 1587 2486 4378 4510 1597 4498
internal_value=-4.37826e-06 8.36983e-05 0.00215446 0.00105033 0.00475637 -0.000573238 6.48015e-05 0.000551569 0.00044245 0.000601805 -0.000415986 0.000634613 0.00267148 0.00521711 -0.000503186 -0.0010536 -0.000717514 -0.00228868 0.000325699 -0.000256461 0.000569785 0.00229486 -0.000475698 -0.000111388 -0.000388341 -0.00136692 -0.000267573 -0.00114489 -0.00264813 -0.00163292
internal_weight=1.56347e+06 1.2879e+06 11626 8182 3444 6239 1.27627e+06 105604 103539 96169 275571 21110 6468 3562 254461 78739 61921 16818 23761 175722 36842 10416 138880 26426 134980 38160 14642 10264 6107 7370
internal_count=1563470 1287899 11626 8182 3444 6239 1276273 105604 103539 96169 275571 21110 6468 3562 254461 78739 61921 16818 23761 175722 36842 10416 138880 26426 134980 38160 14642 10264 6107 7370
is_linear=0
shrinkage=0.01


Tree=130
num_leaves=31
num_cat=0
split_feature=74 45 55 37 46 6 42 62 22 60 6 65 38 37 30 62 18 68 78 13 3 54 32 56 27 80 62 57 62 8
split_gain=654.66 457.455 336.915 390.681 575.242 472.934 335.146 321.058 505.933 514.499 304.744 379.721 345.388 365.084 322.546 322.544 329.39 303.747 441.228 407.487 395.857 470.416 619.842 492.309 361.585 442.074 337.661 320.582 277.179 413.84
threshold=-0.11254352331161498 1.6718750000000002 -0.28674316406249994 0.039871215820312507 0.31677246093750006 0.061553955078125007 0.024444580078125003 -0.0099296569824218733 -0.00063490867614746083 -0.0032777786254882808 0.081024169921875014 0.10684204101562501 0.17346191406250003 0.011810302734375002 0.48437500000000006 -0.0082130432128906233 -1.0546874999999998 0.022083282470703128 0.0011042808182537558 -1.3124999999999998 0.88793945312500011 -0.11666870117187499 0.0028095245361328129 0.039352416992187507 0.0095214843750000017 0.0033901622518897061 -0.0096321105957031233 0.025032043457031253 -0.0097770690917968733 0.60668945312500011
decision_type=2 2 2 2 2 2 2 2 2 2 2 2 2 2 2 2 2 2 2 2 2 2 2 2 2 2 2 2 2 2
left_child=2 17 10 -4 5 -5 7 8 9 -3 14 12 -12 -14 15 -1 -17 20 -19 26 24 22 -22 -23 27 -26 -20 -2 29 -9
right_child=1 6 3 4 -6 -7 -8 28 -10 -11 11 -13 13 -15 -16 16 -18 18 19 -21 21 23 -24 -25 25 -27 -28 -29 -30 -31
leaf_value=-0.0040232400059285961 0.0007003954353536066 0.0032198120676354388 -0.00023329513339747884 0.0079331383352642566 -0.0035976802368170267 0.0017187620167160901 0.0025899210852101751 0.0031929637090466769 -0.0027089358277995875 -0.0031685391191018865 -0.0025620735711099508 -0.0033821949557588404 0.0060754379915672497 0.00082090593276867494 -0.003666308817713885 -0.0034309351434605863 0.00022294343088582257 0.0049484067368408251 0.0074667141963266808 0.00073122506101655027 3.9243316194813723e-05 -0.0036684900011899001 0.0084102136021039827 0.0014057289482302421 -0.002344478285529967 -8.2239409344039767e-05 0.0013117856364195885 -0.0009985033723362458 6.3822424929993668e-06 -0.00049000733694718455
leaf_weight=3147 89235 3652 601075 1583 1517 5263 5017 6702 10336 1901 2114 2458 1681 5977 6802 3072 12199 2866 1667 55521 1550 2094 2041 20068 10622 45882 1912 12668 637663 5578
leaf_count=3147 89235 3652 601075 1583 1517 5263 5017 6702 10336 1901 2114 2458 1681 5977 6802 3072 12199 2866 1667 55521 1550 2094 2041 20068 10622 45882 1912 12668 637663 5578
internal_value=-1.64034e-05 0.000155443 -0.000259997 -0.000203402 0.00194052 0.00317463 2.01499e-05 7.0967e-07 -0.00140281 0.00102932 -0.00118038 0.000115 0.000999778 0.00198714 -0.00180814 -0.00111866 -0.000515617 0.000524172 0.00112969 0.000942891 0.000320328 0.00146968 0.00481724 0.000923411 0.00013331 -0.000508189 0.00420414 0.000489044 3.50634e-05 0.00152195
internal_weight=1.56386e+06 916975 646888 609438 8363 6846 670849 665832 15889 5553 37450 12230 9772 7658 25220 18418 15271 246126 61966 59100 184160 25753 3591 22162 158407 56504 3579 101903 649943 12280
internal_count=1563863 916975 646888 609438 8363 6846 670849 665832 15889 5553 37450 12230 9772 7658 25220 18418 15271 246126 61966 59100 184160 25753 3591 22162 158407 56504 3579 101903 649943 12280
is_linear=0
shrinkage=0.01


Tree=131
num_leaves=31
num_cat=0
split_feature=38 23 1 1 27 60 58 28 72 16 16 36 23 61 36 20 62 57 1 78 38 62 76 1 2 5 22 38 8 48
split_gain=523.973 508.988 436.608 435.693 399.817 384.865 437.436 368.49 360.956 481.538 573.897 455.55 348.981 291.24 283.878 497.42 449.197 367.755 264.687 513.497 485.887 336.218 323.13 316.992 292.766 259.844 360.414 419.555 349.562 704.98
threshold=0.15582275390625003 0.78393554687500011 0.061264038085937507 0.057434082031250007 -0.035476684570312493 -0.0029954910278320308 0.061294555664062507 -0.43322753906249994 -0.15451550483703611 0.087738037109375014 0.085296630859375014 0.099395751953125014 0.48364257812500006 -0.0029535293579101558 0.080230712890625014 0.51562500000000011 -0.0083503723144531233 0.021369934082031253 0.082916259765625014 0.019483745098114017 1.7021484375000002 -0.0088920593261718733 0.030420958995819095 0.084625244140625014 -0.0097122192382812483 0.70312500000000011 0.010478973388671877 -1.0937499999999998 0.32263183593750006 14.058593750000002
decision_type=2 2 2 2 2 2 2 2 2 2 2 2 2 2 2 2 2 2 2 2 2 2 2 2 2 2 2 2 2 2
left_child=4 14 3 5 12 6 -3 -5 11 10 -10 -4 -1 25 15 17 -17 -2 19 24 23 -21 -22 -20 -16 28 27 -27 -6 -30
right_child=1 2 8 7 13 -7 -8 -9 9 -11 -12 -13 -14 -15 18 16 -18 -19 20 21 22 -23 -24 -25 -26 26 -28 -29 29 -31
leaf_value=-0.0033470788096515332 -0.0020977042485914783 -0.0018377465414526428 -0.00018684729729383129 0.0004403941830643106 6.5386026738860245e-05 0.0041231006782681866 0.0029179896684394637 0.0063996242323698781 0.00057881680565451837 -0.0016789626809820977 0.0056600341167714861 -0.0053161706927219408 0.00067312806747347022 -0.0025501653405041627 -0.00056461352268927885 -0.004408705012686873 0.00043339850846153431 0.0030752886811839068 -0.0018884895198746302 0.0064086910033316902 0.0050327757791695871 0.0013113335891449683 -0.00013181790932641053 -0.00055783456966613761 1.2095313436432393e-05 0.0033963033700148211 -0.0031344513891249023 -0.00063242080421484919 0.00034420123531160704 0.0021661234010195026
leaf_weight=6035 2523 5457 5303 1523 587818 2775 2970 3257 44571 9099 2320 2552 3347 3933 144551 6912 2643 2972 20409 1554 2441 7374 2384 145134 225053 2831 5057 27691 259486 23113
leaf_count=6035 2523 5457 5303 1523 587818 2775 2970 3257 44571 9099 2320 2552 3347 3933 144551 6912 2643 2972 20409 1554 2441 7374 2384 145134 225053 2831 5057 27691 259486 23113
internal_value=-1.61234e-05 -0.000234909 0.000512366 0.00198941 0.00013709 0.00090746 -0.000158701 0.00451065 0.000142116 0.000423925 0.000832523 -0.00186258 -0.0019145 0.000158285 -0.0003407 -0.00169477 -0.00307123 0.000701143 -0.000303513 -0.000156177 -0.000630814 0.00221092 0.00249097 -0.000722093 -0.000213472 0.000170098 -0.000667315 -0.000256766 0.000204343 0.000493354
internal_weight=1.56309e+06 643777 79827 15982 919311 11202 8427 4780 63845 55990 46891 7855 9382 909929 563950 15050 9555 5495 548900 378532 170368 8928 4825 165543 369604 905996 35579 30522 870417 282599
internal_count=1563088 643777 79827 15982 919311 11202 8427 4780 63845 55990 46891 7855 9382 909929 563950 15050 9555 5495 548900 378532 170368 8928 4825 165543 369604 905996 35579 30522 870417 282599
is_linear=0
shrinkage=0.01


Tree=132
num_leaves=22
num_cat=0
split_feature=74 16 13 26 33 72 22 5 15 18 70 66 26 33 41 43 17 41 0 37 30
split_gain=436.617 341.352 338.413 305.812 281.662 276.452 546.295 249.272 372.492 285.145 242.089 225.958 348.096 244.576 237.243 464.678 375.313 206.492 350.393 185.793 162.575
threshold=-0.11199522018432616 0.045059204101562507 0.81762695312500011 0.041427612304687507 -0.47033691406249994 -0.12887358665466306 0.019096374511718753 0.70312500000000011 0.64062500000000011 0.74169921875000011 0.65567651391029369 -0.24432373046874997 0.057723999023437507 2.1201171875000004 0.071533203125000014 -0.37255859374999994 -0.010612487792968748 0.078643798828125014 0.29687500000000006 -0.0059776306152343741 0.45312500000000006
decision_type=2 2 2 2 2 2 2 2 2 2 2 2 2 2 2 2 2 2 2 2 2
left_child=10 2 4 -3 -2 6 -5 9 -9 -7 -1 12 17 14 15 -13 -16 18 -12 -15 -19
right_child=1 3 -4 5 -6 7 -8 8 -10 -11 11 13 -14 19 16 -17 -18 20 -20 -21 -22
leaf_value=0.0029171726450602977 0.0038720705013499607 -0.0039431608068487035 0.0054444905563544345 0.0073058929029416976 -0.0014695169292573257 0.00026618497965693032 -0.0010873263027890319 -0.0012030040932655666 0.00059326467745697206 -0.00020598657812395351 -0.002436390060371317 -0.00024040533541646141 -0.0046608089836929515 0.00013598748704796911 -0.00047653143670718027 -0.0016212614106533192 0.00012404862740233438 -0.00063227512959514881 0.0034107869743985114 0.0050432001128839941 -0.0032138642395945554
leaf_weight=2491 1637 1810 2361 1538 2424 692475 1535 31669 18145 156856 1656 118837 2602 1511 152699 30640 326504 8001 2623 1559 3498
leaf_count=2491 1637 1810 2361 1538 2424 692475 1535 31669 18145 156856 1656 118837 2602 1511 152699 30640 326504 8001 2623 1559 3498
internal_value=1.54903e-05 0.000156991 0.00245077 0.000140643 0.000692115 0.000148923 0.00313346 0.000138653 -0.000548729 0.000178981 -0.000181912 -0.000193875 -0.00128626 -0.000162054 -0.000175843 -0.000523634 -6.73393e-05 -0.000724556 0.00114709 0.00264447 -0.00142181
internal_weight=1.56307e+06 910450 6422 904028 4061 902218 3073 899145 49814 849331 652621 650130 18380 631750 628680 149477 479203 15778 4279 3070 11499
internal_count=1563071 910450 6422 904028 4061 902218 3073 899145 49814 849331 652621 650130 18380 631750 628680 149477 479203 15778 4279 3070 11499
is_linear=0
shrinkage=0.01


Tree=133
num_leaves=27
num_cat=0
split_feature=54 32 62 36 65 73 32 64 45 60 23 7 0 62 7 62 70 23 75 11 65 20 71 0 40 62
split_gain=706.87 381.836 376.302 548.772 481.76 556.197 531.399 372.755 360.994 446.719 413.941 367.045 323.535 323.471 319.113 299.218 297.32 368.014 694.841 290.272 262.126 259.254 326.002 272.783 236.382 161.168
threshold=-0.10934448242187499 0.026588439941406253 -0.010051727294921873 0.056686401367187507 0.11190795898437501 -0.040608182549476617 -0.0038766860961914058 0.034988403320312507 1.0468750000000002 -0.0041904449462890616 0.67797851562500011 0.048812866210937507 0.14062500000000003 -0.010341644287109373 0.0052108764648437509 -0.0069599151611328116 0.70359113812446605 -1.3896484374999998 -0.07619892060756682 0.075042724609375014 0.11825561523437501 0.60937500000000011 0.29305593669414526 0.73437500000000011 0.32812500000000006 -0.0088844299316406233
decision_type=2 2 2 2 2 2 2 2 2 2 2 2 2 2 2 2 2 2 2 2 2 2 2 2 2 2
left_child=2 7 3 -1 13 -6 -7 -2 9 19 -11 14 15 -5 -10 -4 17 18 -14 -9 -19 23 -23 -18 25 -3
right_child=1 24 12 4 5 6 -8 8 11 10 -12 -13 16 -15 -16 -17 21 20 -20 -21 -22 22 -24 -25 -26 -27
leaf_value=-0.004088725393956846 0.0051114769824205774 0.0006036182974961822 0.0059850208417865257 -0.004592992420947393 -0.0030169657675713458 -3.0435892788837097e-06 0.0046862655607766883 -0.00064167405055731502 0.000117780695687281 -0.0013479948037529194 0.0029483714500125021 0.0051086829913551679 0.0079668210147649451 0.0012003860187009385 0.00058034003514095063 0.0001465036559398659 -0.0006028497920956133 -0.00014194694270061294 0.00065000810910964828 -0.0050364694179672945 -0.0038269038249022702 0.0038064579517938101 -0.00067523579476814598 -0.0045460147725136504 -0.0054316972166543248 -0.0034969448837609335
leaf_weight=1756 1568 2461 1593 1701 1524 3361 8580 2497 410421 6609 3369 1562 1519 2176 234275 1928 182054 670110 8314 3780 1916 2986 3517 1752 1694 1545
leaf_count=1756 1568 2461 1593 1701 1524 3361 8580 2497 410421 6609 3369 1562 1519 2176 234275 1928 182054 670110 8314 3780 1916 2986 3517 1752 1694 1545
internal_value=4.44408e-06 0.000250118 -0.000179453 0.00120846 0.00174893 0.00264245 0.00336858 0.000272269 0.000260662 -0.00121029 0.000105638 0.000297697 -0.000209749 -0.00135194 0.000285882 0.0028069 -0.000221992 -0.000124441 0.00179419 -0.0032958 -0.000152567 -0.000571457 0.001388 -0.000640926 -0.00232256 -0.000987368
internal_weight=1.56457e+06 669781 894787 19098 17342 13465 11941 664081 662513 16255 9978 646258 875689 3877 644696 3521 872168 681859 9833 6277 672026 190309 6503 183806 5700 4006
internal_count=1564568 669781 894787 19098 17342 13465 11941 664081 662513 16255 9978 646258 875689 3877 644696 3521 872168 681859 9833 6277 672026 190309 6503 183806 5700 4006
is_linear=0
shrinkage=0.01


Tree=134
num_leaves=31
num_cat=0
split_feature=64 15 80 30 21 70 76 42 59 63 8 3 77 75 12 35 17 48 61 23 80 80 78 63 55 17 48 63 62 83
split_gain=780.529 387.987 562.698 332.033 525.428 295.452 977.133 332.017 364.547 497.954 340.451 328.169 421.571 349.404 318.994 388.479 327.7 290.9 557.926 550.069 469.146 668.843 482.306 451.721 411.338 614.471 376.066 359.263 350.453 266.392
threshold=0.039443969726562507 0.17187500000000003 0.0038102492690086369 0.17187500000000003 0.075225830078125014 0.70573213696479808 0.031323887407779701 -0.00040638446807861323 0.22552490234375003 0.090362548828125014 -0.21264648437499997 -1.1137695312499998 0.016199439764022831 -0.0073484424501657477 -0.011432647705078123 0.32812500000000006 0.0011081695556640627 12.746093750000002 -0.0062389373779296866 0.57666015625000011 0.0027007889002561574 0.002931156195700169 0.0026110606268048291 0.075836181640625014 -0.14251708984374997 0.025833129882812503 12.855468750000002 0.077728271484375014 -0.0093879699707031233 -1.7290244102478025
decision_type=2 2 2 2 2 2 2 2 2 2 2 2 2 2 2 2 2 2 2 2 2 2 2 2 2 2 2 2 2 2
left_child=3 2 -2 4 -1 7 -7 8 9 -3 -10 12 -9 -13 16 -16 -8 20 29 28 24 23 -23 -22 27 -26 -21 -5 -20 -19
right_child=1 5 -4 17 -6 6 14 11 10 -11 -12 13 -14 -15 15 -17 -18 18 19 26 21 22 -24 -25 25 -27 -28 -29 -30 -31
leaf_value=-0.00070002378106117247 0.0069874253015508991 0.00042648963653011486 -0.00096022195366165088 -4.6826123603639682e-05 0.0068029821786013515 0.0075233741481293319 -0.0026294652973381937 -0.0038776029266871389 -0.00057113316630929471 -0.0027021210182082743 0.0039041547369413261 0.00018018458161598249 0.0016837373251716295 -0.0010955390623700837 0.0052705574007991599 -0.00039271551507010318 0.0025271279402077195 -0.0052455354755600496 0.0042782650227366518 0.004477757849519491 -0.00030875712681674357 0.00085439047347203568 -0.00046414128308144446 -0.0018705582999126219 0.00073847098506963054 0.0062541470012285588 0.00089828790895839456 -0.002766035715176435 -5.3239368475922649e-05 -0.0012849220383902213
leaf_weight=1980 2054 362514 1554 278709 1740 2397 4101 4719 2440 5140 5549 141204 1900 25298 2351 2471 1740 2531 1859 3135 28222 31978 208620 53895 13925 2344 42522 4925 316086 5138
leaf_count=1980 2054 362514 1554 278709 1740 2397 4101 4719 2440 5140 5549 141204 1900 25298 2351 2471 1740 2531 1859 3135 28222 31978 208620 53895 13925 2344 42522 4925 316086 5138
internal_value=2.12854e-05 0.000318103 0.00357788 -0.00014695 0.00282706 0.000297043 0.00178241 0.000261629 0.000428606 0.000382605 0.0025393 -0.000100691 -0.00228094 -1.37548e-05 0.000480198 0.00237882 -0.00108996 -0.000158138 6.34082e-05 0.000119772 -0.000290245 -0.000554854 -0.000288838 -0.001334 -5.49162e-06 0.00153986 0.00114592 -9.4234e-05 -2.76459e-05 -0.00260229
internal_weight=1.56304e+06 565432 3608 997609 3720 561824 13060 548764 375643 367654 7989 173121 6619 166502 10663 4822 5841 993889 371271 363602 622618 322715 240598 82117 299903 16269 45657 283634 317945 7669
internal_count=1563041 565432 3608 997609 3720 561824 13060 548764 375643 367654 7989 173121 6619 166502 10663 4822 5841 993889 371271 363602 622618 322715 240598 82117 299903 16269 45657 283634 317945 7669
is_linear=0
shrinkage=0.01


Tree=135
num_leaves=31
num_cat=0
split_feature=52 48 32 31 16 38 47 80 57 16 1 6 1 1 43 71 83 6 54 76 1 18 17 22 81 22 0 62 1 74
split_gain=588.542 467.883 403.555 357.267 417.332 335.991 735.396 588.053 895.393 587.84 614.938 460.007 370.846 448.772 392.896 314.849 376.56 446.811 410.677 307.053 296.871 280.541 740.148 344.247 274.038 304.972 258.937 256.431 251.331 241.889
threshold=0.054885864257812507 8.0898437500000018 0.0057373046875000009 0.054367065429687507 0.11715698242187501 0.63500976562500011 0.21942138671875003 0.0035524349659681325 0.022712707519531253 0.045059204101562507 0.046371459960937507 0.034545898437500007 0.060348510742187507 0.048812866210937507 1.2045898437500002 0.29675269126892095 -1.6533908843994138 0.089019775390625014 -0.12356567382812499 0.032861627638340003 0.084991455078125014 0.037399291992187507 0.0011081695556640627 0.0078506469726562517 0.0010087862610816958 -0.0040264129638671866 0.35937500000000006 -0.0087852478027343733 0.068572998046875014 -0.15072363615036008
decision_type=2 2 2 2 2 2 2 2 2 2 2 2 2 2 2 2 2 2 2 2 2 2 2 2 2 2 2 2 2 2
left_child=3 2 26 19 15 11 7 8 -7 -8 -11 -3 13 -13 -14 21 17 -17 -18 -1 -6 23 -23 -5 -21 -26 28 -9 -2 -27
right_child=1 5 -4 4 20 6 9 27 -10 10 -12 12 14 -15 -16 16 18 -19 -20 24 -22 22 -24 -25 25 29 -28 -29 -30 -31
leaf_value=-0.0019365338358354864 0.0010578863129851782 0.0053780891545998155 -0.0063466667977704738 -0.00084627744333147764 0.0011301661954542708 0.010630246993034116 0.0048510271465824857 0.00094303764804256132 0.0013310581621112701 0.0043362949961399796 -0.0017797009219990445 -0.00040259628661081827 0.00025197793163140279 0.001641962690290585 0.0023989621651778416 0.00086552622701366398 7.9444245677358089e-05 -0.0014033370591248896 -0.00044154221485275853 -0.0018540912797539273 0.0057652801727783136 0.0068953215035297936 -1.9362297197489776e-06 0.00063185465994725022 -0.0014142518579026194 0.0063537441774887283 0.0012693095477067137 -0.0032074588309388514 -0.0037105667867365832 0.0010331157677171058
leaf_weight=19109 1556 1840 1635 129256 5571 1530 1518 6421 3140 1713 32428 14180 425868 44089 8678 77499 479341 9756 221066 3519 1824 1601 38706 17928 1959 1586 3249 1916 3734 1846
leaf_count=19109 1556 1840 1635 129256 5571 1530 1518 6421 3140 1713 32428 14180 425868 44089 8678 77499 479341 9756 221066 3519 1824 1601 38706 17928 1959 1586 3249 1916 3734 1846
internal_value=3.4274e-05 0.000296381 -0.00182623 -0.000109287 -7.75226e-05 0.000336193 -0.000456488 0.0015773 0.00441003 -0.0011988 -0.00147048 0.000414196 0.000395445 0.00114444 0.000294962 -9.54919e-05 -7.82121e-06 0.000611581 -8.5e-05 -0.00122231 0.0022859 -0.000463762 0.000275308 -0.00066617 0.000310355 0.00172484 -0.000947875 -1.62181e-05 -0.00230927 0.00351446
internal_weight=1.56406e+06 553495 10174 1.01057e+06 982548 543321 48666 13007 4670 35659 34141 494655 492815 58269 434546 975153 787662 87255 700407 28019 7395 187491 40307 147184 8910 5391 8539 8337 5290 3432
internal_count=1564062 553495 10174 1010567 982548 543321 48666 13007 4670 35659 34141 494655 492815 58269 434546 975153 787662 87255 700407 28019 7395 187491 40307 147184 8910 5391 8539 8337 5290 3432
is_linear=0
shrinkage=0.01


Tree=136
num_leaves=31
num_cat=0
split_feature=64 5 17 42 83 43 43 17 71 1 21 74 62 51 50 52 30 0 68 0 55 6 26 78 79 75 60 1 8 36
split_gain=733.305 311.352 298.125 504.958 537.29 466.832 566.802 558.472 464.343 416.453 411.561 347.097 336.336 488.743 469.827 283.224 315.747 308.093 307.286 297.199 288.438 282.987 271.609 245.714 240.567 210.768 365.25 175.733 170.635 108.765
threshold=0.039443969726562507 0.79687500000000011 0.0009334087371826173 0.017021179199218753 -1.6533908843994138 0.47766113281250006 0.28613281250000006 0.0057373046875000009 0.30581463873386389 0.069244384765625014 0.054824829101562507 -0.090956896543502794 -0.0087165832519531233 0.017494201660156253 0.034194946289062507 0.046310424804687507 0.17187500000000003 0.14062500000000003 0.022541046142578128 0.23437500000000003 -0.34729003906249994 0.074157714843750014 0.10876464843750001 0.002082413993775845 0.0019271378405392172 -0.034912705421447747 -0.0028200149536132808 0.083465576171875014 -0.067352294921874986 0.088653564453125014
decision_type=2 2 2 2 2 2 2 2 2 2 2 2 2 2 2 2 2 2 2 2 2 2 2 2 2 2 2 2 2 2
left_child=15 2 3 12 8 6 9 -8 -5 -4 -7 -12 14 -14 -2 19 18 23 -17 29 -19 -6 -22 -18 25 -21 -27 28 -26 -1
right_child=1 -3 5 4 21 10 7 -9 -10 -11 11 -13 13 -15 -16 16 17 20 -20 24 22 -23 -24 -25 27 26 -28 -29 -30 -31
leaf_value=-0.0020293151631305159 0.0046730787219370117 -0.0032235889347245941 0.0012514301702994982 0.0091168388677462641 0.0035334812262539633 0.0036646271406711368 0.0053065634713996028 0.0013723103440543977 0.001829996312473222 0.00032658313146453194 0.00076500085980184393 -0.0014420222738621533 -0.0020637776172896831 -7.3035815709576743e-05 0.00013469417454136992 0.0055820645879347749 0.0045578767335060803 -0.0038873804180862277 -0.00020009155918428143 0.0032838756965650785 -0.0001000362703364702 -0.00068922414783902889 -0.0016277968527809268 -0.00037848835008344234 -0.003094035524272416 0.0023107800901550606 -0.0021689636296290133 -0.005264056807118501 0.00080710704963414103 -0.0057053869792486802
leaf_weight=1502 2292 2444 64306 1697 2293 2183 4684 15592 1808 200383 10072 24255 17787 40119 170588 1903 2505 2015 1758 1806 957997 5041 11760 1674 2447 2890 4841 1503 2043 1801
leaf_count=1502 2292 2444 64306 1697 2293 2183 4684 15592 1808 200383 10072 24255 17787 40119 170588 1903 2505 2015 1758 1806 957997 5041 11760 1674 2447 2890 4841 1503 2043 1801
internal_value=3.58078e-05 0.000323511 0.00033902 7.36056e-05 0.00218101 0.000538493 0.000674893 0.0022855 0.00538974 0.000551352 -0.000525911 -0.000794384 -2.55505e-05 -0.000685034 0.000195397 -0.000127158 -0.000103791 -0.000114814 0.00281949 -0.00134121 -0.000126491 0.000637038 -0.000118596 0.00258811 -0.000759337 0.000227832 -0.000492706 -0.00232581 -0.00132326 -0.00405601
internal_weight=1.56399e+06 565544 563100 241625 10839 321475 284965 20276 3505 264689 36510 34327 230786 57906 172880 998445 979612 975951 3661 18833 971772 7334 969757 4179 15530 9537 7731 5993 4490 3303
internal_count=1563989 565544 563100 241625 10839 321475 284965 20276 3505 264689 36510 34327 230786 57906 172880 998445 979612 975951 3661 18833 971772 7334 969757 4179 15530 9537 7731 5993 4490 3303
is_linear=0
shrinkage=0.01


Tree=137
num_leaves=31
num_cat=0
split_feature=74 57 33 68 21 23 70 48 69 50 41 2 43 2 36 73 62 7 33 36 74 37 33 59 23 63 59 57 38 46
split_gain=450.428 348.9 339.045 316.812 428.363 389.113 425.73 691.59 366.008 482.496 506.171 532.309 466.691 363.666 350.691 331.492 514.23 579.732 284.354 423.781 282.322 277.294 275.17 242.38 484.42 311.713 227.043 343.905 328.899 219.318
threshold=-0.11199522018432616 0.016899108886718753 2.1201171875000004 0.020725250244140628 0.11044311523437501 1.4418945312500002 0.68396350741386425 10.863281250000002 0.4861771315336228 0.038833618164062507 0.10147094726562501 -0.0029144287109374996 1.0961914062500002 0.022590637207031253 0.069244384765625014 -0.0050296392291784278 -0.010707855224609373 -0.0041618347167968741 -1.0024414062499998 0.067657470703125014 -0.13324856758117673 -0.0062427520751953116 1.3139648437500002 0.094390869140625014 0.71582031250000011 0.084503173828125014 0.17633056640625003 0.025276184082031253 -1.0283203124999998 0.29162597656250006
decision_type=2 2 2 2 2 2 2 2 2 2 2 2 2 2 2 2 2 2 2 2 2 2 2 2 2 2 2 2 2 2
left_child=1 22 18 8 5 6 7 -5 9 10 12 -12 -2 -8 -6 16 -10 -18 19 -3 -21 -4 -1 25 -25 -20 27 -17 -28 -11
right_child=3 2 21 4 14 -7 13 -9 15 29 11 -13 -14 -15 -16 26 17 -19 23 20 -22 -23 -24 24 -26 -27 28 -29 -30 -31
leaf_value=-0.0012126400076153958 -0.0001227001228422726 0.0035614266365570886 -0.000242065975052154 -0.00053887238415973866 0.00082542761538435523 -0.0037502057869351307 0.00016282203403463044 0.0024721495339301265 0.0058688130892115319 0.0002509326916789346 -0.0002431778377257341 0.0069304255850641885 -0.0030124853932116526 0.0015073106864660168 0.0071481221763484452 -0.00042243427417760468 0.0017413330845390232 1.3178007861296105e-05 -0.00014893381871478221 -0.00064839819100509044 -0.0026380438057810734 0.0052401897511034634 -0.0059023883791452045 -0.0018158802827577189 0.0038378774905761226 0.0016065135580232959 0.0042106154062854714 -0.0039709032890758843 -0.0018923055446170567 -0.0032043599190031686
leaf_weight=4261 351081 1808 1650 11773 1873 2334 374153 21615 1891 2427 2063 2052 5659 21242 1640 11412 29974 55020 583031 18973 11425 2068 1760 16384 1651 10274 1990 3573 1559 7501
leaf_count=4261 351081 1808 1650 11773 1873 2334 374153 21615 1891 2427 2063 2052 5659 21242 1640 11412 29974 55020 583031 18973 11425 2068 1760 16384 1651 10274 1990 3573 1559 7501
internal_value=-6.00969e-06 -0.000206382 -0.000184051 0.000137707 0.000332917 0.000304483 0.000326728 0.00141074 -4.04682e-05 -0.000188296 -0.000128396 0.00335025 -0.000168707 0.000235125 0.00380085 0.000479413 0.000738394 0.000622896 -0.000201487 -0.00111702 -0.00139744 0.00281896 -0.0025985 -0.000153221 -0.00129463 -0.000118482 -0.000734146 -0.00127269 0.00153415 -0.00236087
internal_weight=1.56412e+06 653285 647264 910832 434630 431117 428783 33388 476202 370783 360855 4115 356740 395395 3513 105419 86885 84994 643546 32206 30398 3718 6021 611340 18035 593305 18534 14985 3549 9928
internal_count=1564117 653285 647264 910832 434630 431117 428783 33388 476202 370783 360855 4115 356740 395395 3513 105419 86885 84994 643546 32206 30398 3718 6021 611340 18035 593305 18534 14985 3549 9928
is_linear=0
shrinkage=0.01


Tree=138
num_leaves=31
num_cat=0
split_feature=54 10 74 74 81 65 80 72 12 30 1 81 82 18 54 23 21 1 61 0 41 5 6 43 16 18 72 21 28 46
split_gain=392.095 345.846 320.849 512.247 397.49 555.137 389.571 326.815 324.997 485.039 402.809 315.355 302.199 470.272 292.229 261.701 421.909 456.991 434.106 426.764 267.4 244.598 239.039 227.546 227.05 443.77 361.146 352.268 212.537 354.995
threshold=1.0000000180025095e-35 0.57812500000000011 -0.18887194991111753 -0.21341836452484128 0.0012416099198162558 0.11410522460937501 0.0033251428976655011 -0.12424319982528685 0.012012481689453127 0.32812500000000006 0.055648803710937507 0.0014575389213860037 0.25678008794784551 0.42834472656250006 -0.15899658203124997 -0.54150390624999989 0.069671630859375014 0.096343994140625014 -0.0054378509521484366 0.45312500000000006 0.064361572265625014 0.32812500000000006 0.063385009765625014 -1.1313476562499998 0.056259155273437507 -1.3867187499999998 -0.13413751125335691 0.11285400390625001 1.5151367187500002 0.30529785156250006
decision_type=2 2 2 2 2 2 2 2 2 2 2 2 2 2 2 2 2 2 2 2 2 2 2 2 2 2 2 2 2 2
left_child=2 15 3 4 5 14 -6 -8 10 -10 21 -12 24 28 -1 20 -17 18 -18 -19 23 -5 -11 -2 25 26 -4 -27 -14 -30
right_child=1 -3 12 8 6 -7 7 -9 9 22 11 -13 13 -15 -16 16 17 19 -20 -21 -22 -23 -24 -25 -26 27 -28 -29 29 -31
leaf_value=-0.00016178948571690495 0.00044195080191139285 0.0050897664754698778 0.0050909774084420449 -0.0013044341610946569 0.0057325088682633977 -0.0058725319315505514 -0.00061720599620583648 0.0047676062294694241 0.004150486723048046 0.0020991068692010608 -0.0019454180326889741 0.0016758649258377604 -0.0060749077957625679 0.0018043839278367052 0.003867939499544218 0.0048890424654828559 -0.0015053180570575185 0.0076880523359857946 0.0016046225206893579 0.0004937346541045005 0.001082987415003106 0.0027333386614271584 -0.0027194341020003658 -0.0040714027746393631 7.0004074615277189e-05 -0.0011399602020465876 0.0002441078126006466 0.0033781370854698489 -0.003449908929119865 0.0014939237389980267
leaf_weight=74703 1825 1969 1602 2636 2181 1662 4306 1505 2704 1507 44906 2526 1575 3019 1824 2926 8034 1716 10119 1576 4567 3434 3151 2845 1282897 53700 29498 1764 4984 2033
leaf_count=74703 1825 1969 1602 2636 2181 1662 4306 1505 2704 1507 44906 2526 1575 3019 1824 2926 8034 1716 10119 1576 4567 3434 3151 2845 1282897 53700 29498 1764 4984 2033
internal_value=-1.93265e-07 0.00103731 -2.43612e-05 -0.000468402 2.76482e-05 -0.000189678 0.002149 0.000788984 -0.00117057 0.000797607 -0.00144159 -0.00175194 2.29226e-05 -0.00158217 -6.47565e-05 0.000797 0.00133996 0.000851614 0.00022811 0.00426765 -0.000635358 0.000981342 -0.00115818 -0.00231326 3.65544e-05 -0.000459079 0.000496888 -0.000995099 -0.00277355 -0.00201738
internal_weight=1.56369e+06 35577 1.52812e+06 147045 86181 78189 7992 5811 60864 7362 53502 47432 1.38107e+06 11611 76527 33608 24371 21445 18153 3292 9237 6070 4658 4670 1.36946e+06 86564 31100 55464 8592 7017
internal_count=1563694 35577 1528117 147045 86181 78189 7992 5811 60864 7362 53502 47432 1381072 11611 76527 33608 24371 21445 18153 3292 9237 6070 4658 4670 1369461 86564 31100 55464 8592 7017
is_linear=0
shrinkage=0.01


Tree=139
num_leaves=31
num_cat=0
split_feature=65 54 26 75 80 1 16 78 23 26 0 3 58 10 58 46 20 69 12 10 22 76 30 22 77 45 65 38 8 11
split_gain=447.515 352.353 363.126 491.905 400.69 296.968 382.369 293.981 264.01 356.628 256.318 255.618 234.067 448.352 373.846 490.057 464.69 316.876 257.679 246.629 244.572 231.652 224.443 219.166 203.346 268.566 184.956 157.977 255.807 243.183
threshold=0.10037231445312501 0.013328552246093752 0.098236083984375014 -0.0051677506417036048 0.0040664598345756539 0.087432861328125014 0.087249755859375014 0.0048682540655136117 0.16497802734375003 0.10537719726562501 0.32812500000000006 -0.68286132812499989 0.069915771484375014 0.26562500000000006 0.068572998046875014 0.34509277343750006 0.54687500000000011 0.45503602921962744 0.0039443969726562509 0.14062500000000003 -0.041793823242187493 0.036063022911548621 0.26562500000000006 -0.0043201446533203116 0.012767713516950609 1.1718750000000002 0.13275146484375003 0.13232421875000003 -0.22546386718749997 0.064361572265625014
decision_type=2 2 2 2 2 2 2 2 2 2 2 2 2 2 2 2 2 2 2 2 2 2 2 2 2 2 2 2 2 2
left_child=11 12 4 -4 5 6 -3 -6 9 -5 -10 -1 14 22 19 16 -16 26 -19 21 -21 -2 -14 -17 27 -26 -15 -13 -29 -30
right_child=1 2 3 8 7 -7 -8 -9 10 -11 -12 24 13 17 15 23 -18 18 -20 20 -22 -23 -24 -25 25 -27 -28 28 29 -31
leaf_value=-0.0032709964135300522 -0.00030506496170117168 -0.0022819024633228958 0.0042032065597919803 -0.0054617785134587508 0.0087813134661352023 0.0040910324230760253 0.003838939262949741 0.0026592040030133258 -0.0010842673174289439 -0.00044315250410083268 0.0036340579245586315 -0.0040256170003811322 -0.00034243458242211886 -0.0037819904353740027 0.0020113329129538321 -0.0037772185782845758 -0.0014658134303796833 0.0028628677193154677 -0.0018135938657051973 0.0021154302654259401 -3.5152939851486047e-07 -0.0047625967766289044 0.0041324657088461494 0.00043032533074473288 -0.0018217167759922675 0.0036311585470149899 -0.000165120189570896 -0.0025469646452679464 -0.0017987880907666784 0.0035515486170389072
leaf_weight=5766 2637 2991 2458 2031 1506 2473 1524 1666 2452 4586 2139 1967 2545 7364 26326 2715 4485 1954 2903 5464 1456891 2074 1979 2255 1584 2053 1751 4028 1517 1884
leaf_count=5766 2637 2991 2458 2031 1506 2473 1524 1666 2452 4586 2139 1967 2545 7364 26326 2715 4485 1954 2903 5464 1456891 2074 1979 2255 1584 2053 1751 4028 1517 1884
internal_value=1.1317e-05 2.99846e-05 0.00123614 0.000170824 0.00266593 0.0013207 -0.000208045 0.00560266 -0.00071942 -0.00199537 0.00112028 -0.00152145 1.10787e-05 -0.0011064 2.48464e-05 0.00103448 0.00150456 -0.00199174 7.17995e-05 2.08193e-07 7.58278e-06 -0.00227931 0.00162466 -0.00187409 -0.000743603 0.00125933 -0.00308907 -0.00151992 -0.000847456 0.00116849
internal_weight=1.56397e+06 1.54517e+06 23826 13666 10160 6988 4515 3172 11208 6617 4591 18799 1.52134e+06 18496 1.50285e+06 35781 30811 13972 4857 1.46707e+06 1.46236e+06 4711 4524 4970 13033 3637 9115 9396 7429 3401
internal_count=1563968 1545169 23826 13666 10160 6988 4515 3172 11208 6617 4591 18799 1521343 18496 1502847 35781 30811 13972 4857 1467066 1462355 4711 4524 4970 13033 3637 9115 9396 7429 3401
is_linear=0
shrinkage=0.01


Tree=140
num_leaves=31
num_cat=0
split_feature=74 28 72 22 72 55 43 17 71 73 17 71 1 31 76 28 83 68 83 3 8 36 63 26 11 71 25 83 1 2
split_gain=610.341 351.019 447.475 709.681 617.118 486.281 384.17 448.829 318.272 300.239 335.247 280.624 278.186 275.324 359.411 373.468 341.098 331.642 504.41 323.745 460.17 316.671 301.566 411.245 299.821 298.024 273.869 266.761 243.298 242.536
threshold=-0.11146119236946105 -1.6640624999999998 -0.10896664857864378 0.015415191650390627 -0.12335109710693358 -0.12945556640624997 1.3862304687500002 0.010829925537109377 0.30217562615871435 0.0013360893353819849 -0.0021057128906249996 0.28310981392860418 0.084625244140625014 0.053863525390625007 0.035211265087127692 0.65063476562500011 -1.7355637550354002 0.024219512939453128 -1.6327409744262693 -0.58325195312499989 -0.15661621093749997 0.081268310546875014 0.078033447265625014 0.068145751953125014 0.065093994140625014 0.3444411456584931 0.64062500000000011 -1.4672138690948484 0.074676513671875014 0.0034561157226562504
decision_type=2 2 2 2 2 2 2 2 2 2 2 2 2 2 2 2 2 2 2 2 2 2 2 2 2 2 2 2 2 2
left_child=13 -2 3 4 -3 -6 9 8 -8 11 -11 -4 28 14 -1 17 19 18 -16 20 21 -15 23 -21 -24 26 27 -18 -5 -28
right_child=1 2 6 12 5 -7 7 -9 -10 10 -12 -13 -14 16 15 -17 25 -19 -20 22 -22 -23 24 -25 -26 -27 29 -29 -30 -31
leaf_value=-0.001968379527276673 -0.0032855666762152996 0.0081509433661433057 -0.004113563510739931 -0.00021213344593523726 0.0059733347003464174 0.00030794570307778556 0.00055668823043102263 -0.0018704485622469409 0.0056975325220419036 0.0025429897446751525 0.0001541707127730475 9.2796028054773806e-05 0.0033351728839577004 0.0051520072578577891 0.0064622130222631727 -0.0030827155058884489 -0.00075828477154167378 -0.0021688992225890637 -7.1347767992165434e-05 0.0012112670787649273 -0.0023182120796254851 0.0001000358906246367 0.0020035397843042885 0.0048806693273759109 -0.0011629188982711762 0.0032950577456575653 0.0038074252479748045 -0.00019849439075845355 -0.0046973032216914455 -0.00095187704437054127
leaf_weight=19395 2937 2277 1569 4712 2228 4654 1853 1785 3445 10626 13115 852330 1552 1607 2248 2152 103504 1616 2466 10682 7202 5230 5087 4269 7195 2323 3015 479218 1608 1644
leaf_count=19395 2937 2277 1569 4712 2228 4654 1853 1785 3445 10626 13115 852330 1552 1607 2248 2152 103504 1616 2466 10682 7202 5230 5087 4269 7195 2323 3015 479218 1608 1644
internal_value=-1.43786e-05 0.000154227 0.000165503 0.0017701 0.00365945 0.00215407 0.000134575 0.00245086 0.00390835 0.000115826 0.0012246 8.49709e-05 -0.000431847 -0.000245894 -0.00121809 0.000498112 -0.000202904 0.00172136 0.0030585 0.000675752 -0.000557267 0.00129904 0.00131133 0.00226412 0.000149701 -0.00026442 -0.000278609 -0.000297948 -0.00136452 0.00213114
internal_weight=1.56354e+06 904691 901754 17031 9159 6882 884723 7083 5298 877640 23741 853899 7872 658853 27877 8482 630976 6330 4714 41272 14039 6837 27233 14951 12282 589704 587381 582722 6320 4659
internal_count=1563544 904691 901754 17031 9159 6882 884723 7083 5298 877640 23741 853899 7872 658853 27877 8482 630976 6330 4714 41272 14039 6837 27233 14951 12282 589704 587381 582722 6320 4659
is_linear=0
shrinkage=0.01


Tree=141
num_leaves=31
num_cat=0
split_feature=64 32 73 23 10 18 13 36 32 33 83 60 72 72 33 43 59 52 36 26 56 1 1 42 35 17 8 6 1 47
split_gain=486.429 355.557 594.227 309.191 306.861 303.966 323.395 521.841 361.945 307.444 386.131 286.896 416.323 509.142 496.677 480.129 419.415 514.09 380.39 338.021 441.741 389.771 534.184 366.789 542.154 706.687 515.44 496.911 406.057 350.043
threshold=0.040023803710937507 -0.033218383789062493 -0.0058784801512956611 -0.036132812499999993 0.14062500000000003 1.1938476562500002 -0.25598144531249994 0.080596923828125014 0.020690917968750003 -1.2304687499999998 -2.022138118743896 -0.0030698776245117183 -0.087125658988952623 -0.09263360500335692 -0.089813232421874986 -1.4960937499999998 0.063629150390625014 0.052108764648437507 0.056686401367187507 0.087615966796875014 0.042160034179687507 0.059722900390625007 0.050430297851562507 -0.021636962890624997 0.42187500000000006 -0.0027770996093749996 -0.63378906249999989 0.051330566406250007 0.055130004882812507 0.21173095703125003
decision_type=2 2 2 2 2 2 2 2 2 2 2 2 2 2 2 2 2 2 2 2 2 2 2 2 2 2 2 2 2 2
left_child=1 2 3 -1 -3 9 8 -8 -7 -6 -11 19 13 16 15 -14 17 -13 -17 23 -21 22 -22 24 25 -2 27 -25 -28 -23
right_child=11 4 -4 -5 5 6 7 -9 -10 10 -12 12 14 -15 -16 18 -18 -19 -20 20 21 29 -24 26 -26 -27 28 -29 -30 -31
leaf_value=-0.0023158638357635253 0.003588947437533119 -0.002675879845018163 0.0072291705125886912 0.0029514264147753773 -0.0015154732497719686 -0.00061028114403020438 0.0030330149422537656 -8.0936822841584148e-05 0.003344087377788916 0.0015311009690341865 -0.00016988066814538745 0.00026482022035239305 0.0037063955534203745 0.003903619564684086 -0.0045202002497237237 0.0010601187522831029 -0.0010550507179236386 0.0050708485075538498 -0.00074501406936334895 -0.0014544484987824599 -0.00085651180620867991 0.0010764846837258504 0.0032317554645990842 -0.001035934677225145 -0.0020235897797952957 -0.00049919158518272981 0.0037293901612375324 0.003220591042216231 0.0005833150634565235 -0.00025386772603721962
leaf_weight=2211 5967 4756 1712 2207 16682 20136 11301 10256 2595 13500 1035081 7292 2827 4772 2908 13796 11088 3185 75323 17159 4872 25769 9232 3328 11354 14382 4222 15355 125620 84839
leaf_count=2211 5967 4756 1712 2207 16682 20136 11301 10256 2595 13500 1035081 7292 2827 4772 2908 13796 11088 3185 75323 17159 4872 25769 9232 3328 11354 14382 4222 15355 125620 84839
internal_value=-2.23638e-05 -0.000133301 0.00226456 0.00031684 -0.000146533 -0.000135643 0.000675928 0.00155281 -0.000156303 -0.000169396 -0.000147953 0.00025803 -0.000156693 0.000955157 -0.000465544 -0.000336351 0.000299696 0.00173273 -0.000465397 0.000414071 4.89297e-05 0.000255978 0.00182032 0.000701464 -0.000274837 0.000701933 0.000909866 0.00246208 0.000686173 5.62109e-05
internal_weight=1.56373e+06 1.12044e+06 6130 4418 1.11431e+06 1.10955e+06 44288 21557 22731 1.06526e+06 1.04858e+06 443290 121191 26337 94854 91946 21565 10477 89119 322099 141871 124712 14104 180228 31703 20349 148525 18683 129842 110608
internal_count=1563727 1120437 6130 4418 1114307 1109551 44288 21557 22731 1065263 1048581 443290 121191 26337 94854 91946 21565 10477 89119 322099 141871 124712 14104 180228 31703 20349 148525 18683 129842 110608
is_linear=0
shrinkage=0.01


Tree=142
num_leaves=31
num_cat=0
split_feature=74 77 13 60 7 18 16 20 79 79 26 36 48 23 52 70 16 38 54 57 46 72 50 11 64 11 79 48 72 3
split_gain=610.882 470.802 370.492 370.03 328.11 399.129 488.35 383.313 396.03 500.938 370.287 424.869 345.955 583.653 313.697 341.34 370.94 299.225 859.966 292.31 279.458 261.761 314.469 252.085 246.4 240.488 237.091 233.779 217.081 377.916
threshold=-0.12045061588287352 0.014881875365972521 -1.2768554687499998 -0.0043506622314453116 -0.00071120262145996083 -1.4345703124999998 0.047836303710937507 0.54687500000000011 0.0027430811896920208 0.002910852432250977 0.060440063476562507 0.047317504882812507 10.527343750000002 1.4418945312500002 0.051803588867187507 0.65842026472091686 0.094940185546875014 0.92260742187500011 -0.070831298828124986 0.016899108886718753 0.26916503906250006 -0.062621518969535814 0.041244506835937507 0.11697387695312501 0.036392211914062507 0.085144042968750014 0.0032794084399938588 10.886718750000002 -0.054421514272689812 -0.11434936523437499
decision_type=2 2 2 2 2 2 2 2 2 2 2 2 2 2 2 2 2 2 2 2 2 2 2 2 2 2 2 2 2 2
left_child=19 4 3 -3 5 6 -2 8 -6 -10 25 -12 13 -7 15 16 -4 26 -19 -1 -14 22 23 24 -21 -9 -16 -5 29 -23
right_child=1 2 14 27 7 12 -8 10 9 -11 11 -13 20 -15 17 -17 -18 18 -20 21 -22 28 -24 -25 -26 -27 -28 -29 -30 -31
leaf_value=-0.0024256199818259391 0.00036946016700995443 -0.00069116623745751134 -0.0025018349051803925 0.0072875480003926438 -0.0021733175488745609 0.0009562952706368568 0.0074662605455368585 -0.0027196239078617753 0.003674114876370922 0.00017617195394593663 0.0048087801968002561 -0.00034438416697347854 -0.0035463651804310352 0.0066255813966430476 0.00030902093774587582 0.0054858854717598285 0.0036418338461077855 0.0079001287948077831 -0.0010984231631134547 -0.00037567900207241696 0.00020515846664244497 -0.00012085401738255859 0.0036288657845058195 -0.0038107484286815227 5.2027408679989544e-05 -6.7139777233354373e-05 0.001784508295581152 0.0023740108649941941 -0.00046035305272787099 -0.0060496971695031525
leaf_weight=5969 2231 1726 1795 1956 6989 21956 1698 10905 4150 225191 1594 184724 1977 1961 155540 2622 2125 1968 2271 291405 350631 1897 2144 1897 250442 4976 11692 1955 5207 2464
leaf_count=5969 2231 1726 1795 1956 6989 21956 1698 10905 4150 225191 1594 184724 1977 1961 155540 2622 2125 1968 2271 291405 350631 1897 2144 1897 250442 4976 11692 1955 5207 2464
internal_value=3.59462e-05 0.000183831 0.000641406 0.00316106 8.12106e-05 0.000296095 0.00345877 -0.000105221 0.000168243 0.000239783 -0.000424831 -0.000299786 0.000262911 0.00142628 0.000561273 0.00270719 0.000830178 0.000479095 0.00309673 -0.000228154 0.000183925 -0.000204454 -0.000175677 -0.000190812 -0.000177998 -0.00188965 0.00041238 0.00485598 -0.00184245 -0.00348302
internal_weight=1.56406e+06 1.00263e+06 183650 5637 818983 380454 3929 438529 236330 229341 202199 186318 376525 23917 178013 6542 3920 171471 4239 561425 352608 555456 545888 543744 541847 15881 167232 3911 9568 4361
internal_count=1564058 1002633 183650 5637 818983 380454 3929 438529 236330 229341 202199 186318 376525 23917 178013 6542 3920 171471 4239 561425 352608 555456 545888 543744 541847 15881 167232 3911 9568 4361
is_linear=0
shrinkage=0.01


Tree=143
num_leaves=31
num_cat=0
split_feature=55 7 43 69 51 25 11 58 51 46 73 43 46 15 38 77 30 72 45 23 64 77 35 8 31 60 38 37 23 3
split_gain=392.769 272.665 525.265 569.61 317.599 344.183 589.484 483.507 296.543 274.654 269.102 270.772 290.427 268.688 346.408 296.335 265.073 380.214 405.176 479.055 290.455 268.737 275.402 321.674 768.319 612.571 315.8 274.903 264.156 260.409
threshold=-0.18853759765624997 0.020393371582031253 -0.94262695312499989 0.46359317004680639 0.015861511230468753 0.64062500000000011 0.058013916015625007 0.061080932617187507 0.015754699707031253 0.29699707031250006 -0.067858487367629991 -0.62475585937499989 0.30310058593750006 0.29687500000000006 -1.0283203124999998 0.013302942737936975 0.73437500000000011 -0.054820567369461053 2.3281250000000004 -0.16705322265624997 0.038223266601562507 0.0074700266122818002 0.73437500000000011 -0.21264648437499997 0.072479248046875014 -0.0030546188354492183 0.71679687500000011 0.015415191650390627 -0.26550292968749994 -1.3242187499999998
decision_type=2 2 2 2 2 2 2 2 2 2 2 2 2 2 2 2 2 2 2 2 2 2 2 2 2 2 2 2 2 2
left_child=1 4 -3 8 5 13 -7 -8 9 -4 -6 -12 -13 15 -15 -1 21 18 20 -20 -18 -2 26 24 -24 -25 29 -28 -10 -23
right_child=16 2 3 -5 10 6 7 -9 28 -11 11 12 -14 14 -16 -17 17 -19 19 -21 -22 22 23 25 -26 -27 27 -29 -30 -31
leaf_value=-0.0014563096001665831 -0.0036512363176613074 0.006333415721199504 0.001490504956241295 -0.0041821183258430204 -0.0042949238022232921 0.0068498250083708721 0.0038935400494360993 -0.0011514061715440079 0.00079519550038059292 -0.0006126940509663171 0.0027155705052867253 -0.0031495291587120317 -0.0002801603195827291 -0.0034293133399368805 -0.00014084938396336712 -0.00021181378475577589 0.001095982375430307 0.0047158361265092633 0.0023933807543209803 -0.0027222363920602296 0.0065349945721359694 -0.00073883666580003607 -0.00018156351757721162 -0.0015022714477684687 0.0086326894138448983 0.0057493643756835692 -0.0015697595444835377 -0.00021401045071459601 0.0062835834198031546 0.00015234909986776459
leaf_weight=38925 1907 1514 11533 2538 3063 1713 2772 5926 1816 13406 1676 6157 8234 3220 283507 37628 2637 2824 2984 4669 1554 33899 2110 4669 1840 1530 18636 75460 1688 983918
leaf_count=38925 1907 1514 11533 2538 3063 1713 2772 5926 1816 13406 1676 6157 8234 3220 283507 37628 2637 2824 2984 4669 1554 33899 2110 4669 1840 1530 18636 75460 1688 983918
internal_value=5.75098e-07 -0.000258712 0.000621366 0.00033832 -0.000331542 -0.00026716 0.00152385 0.000461631 0.000744339 0.000360342 -0.00158761 -0.00106679 -0.00151045 -0.000318568 -0.000178016 -0.000844819 9.74298e-05 0.00143213 0.000642554 -0.000726554 0.0031342 7.99866e-05 8.63929e-05 0.0017246 0.00394712 0.000300268 7.14095e-05 -0.000482797 0.0034598 0.000122654
internal_weight=1.56395e+06 425316 32495 30981 392821 373691 10411 8698 28443 24939 19130 16067 14391 363280 286727 76553 1.13864e+06 14668 11844 7653 4191 1.12397e+06 1.12206e+06 10149 3950 6199 1.11191e+06 94096 3504 1.01782e+06
internal_count=1563953 425316 32495 30981 392821 373691 10411 8698 28443 24939 19130 16067 14391 363280 286727 76553 1138637 14668 11844 7653 4191 1123969 1122062 10149 3950 6199 1111913 94096 3504 1017817
is_linear=0
shrinkage=0.01


Tree=144
num_leaves=31
num_cat=0
split_feature=74 26 15 5 73 76 68 16 18 81 74 81 43 7 74 56 0 40 31 33 23 6 47 23 41 31 33 6 57 46
split_gain=631.374 361.225 376.099 541.206 404.154 349.999 286.438 586.225 318.101 280.549 261.663 399.716 331.951 349.552 330.137 658.781 460.719 582.523 398.314 292.988 308.157 305.301 248.123 232.879 232.197 218.44 321.92 506.015 304.2 325.981
threshold=-0.11254352331161498 0.041427612304687507 0.57812500000000011 0.70312500000000011 -0.083403170108795152 0.027294747531414035 0.022602081298828128 0.075439453125000014 1.5747070312500002 0.00079168484080582868 -0.18887194991111753 0.0014432584866881373 0.98388671875000011 -0.0086975097656249983 -0.18336403369903562 0.041427612304687507 0.32812500000000006 0.32812500000000006 0.085479736328125014 2.1201171875000004 0.81982421875000011 0.099395751953125014 0.23651123046875003 1.2255859375000002 0.059616088867187507 0.053863525390625007 -0.82324218749999989 0.098419189453125014 0.020957946777343753 0.32531738281250006
decision_type=2 2 2 2 2 2 2 2 2 2 2 2 2 2 2 2 2 2 2 2 2 2 2 2 2 2 2 2 2 2
left_child=10 -2 3 4 -3 6 8 -8 -4 -6 11 19 13 -13 15 16 17 -12 -18 20 21 -1 -7 -22 -5 28 27 -27 -16 -30
right_child=1 2 5 24 9 22 7 -9 -10 -11 14 12 -14 -15 25 -17 18 -19 -20 -21 23 -23 -24 -25 -26 26 -28 -29 29 -31
leaf_value=-0.00072958869847255983 -0.0041982230829155963 0.0055743588089395028 -0.00011853674056009928 -0.0049591445079389604 0.0042140484972059142 -0.0034805793347203284 0.0063219785829318935 0.00047994294772696778 0.0020188869433551797 0.00040386189230789981 0.00027193639822804821 0.0073657366199363196 -0.0017263611469845899 0.0012586267486226822 -0.0043824534826396571 -0.0031068317838265475 -0.0011027081376995724 0.0070911730521311814 0.0029491898502548115 0.0029421045334749323 -0.0034493314740742138 0.00095362707216797903 0.00022944165600670711 -0.00037980466714083934 -0.00096021408009712656 0.0016435662577924798 -0.00013155567685629223 -0.0037604621814183543 -0.0017116315854917993 0.00099794095882004973
leaf_weight=117149 1820 1503 270167 1570 1919 4981 2081 9436 7127 597284 2034 1518 1616 2426 2488 2874 5131 3248 4569 2212 6822 11850 2815 3878 16997 18753 439460 1890 11556 7186
leaf_count=117149 1820 1503 270167 1570 1919 4981 2081 9436 7127 597284 2034 1518 1616 2426 2488 2874 5131 3248 4569 2212 6822 11850 2815 3878 16997 18753 439460 1890 11556 7186
internal_value=5.95422e-05 0.000228181 0.000237068 0.000377308 0.000429296 -5.57373e-05 7.71095e-07 0.00154467 -6.34591e-05 0.000416205 -0.000179779 -0.000549843 0.00207577 0.00363449 -7.04367e-05 0.00126399 0.00210547 0.00447614 0.000808002 -0.000652991 -0.000710329 -0.000574843 -0.0021438 -0.00233963 -0.00130333 -0.00011999 -7.4206e-05 0.00114563 -0.00111124 -0.000672779
internal_weight=1.56436e+06 917700 915880 619273 600706 296607 288811 11517 277294 599203 646660 147471 5560 3944 499189 17856 14982 5282 9700 141911 139699 128999 7796 10700 18567 481333 460103 20643 21230 18742
internal_count=1564360 917700 915880 619273 600706 296607 288811 11517 277294 599203 646660 147471 5560 3944 499189 17856 14982 5282 9700 141911 139699 128999 7796 10700 18567 481333 460103 20643 21230 18742
is_linear=0
shrinkage=0.01


Tree=145
num_leaves=31
num_cat=0
split_feature=74 33 5 20 57 75 47 41 81 59 57 74 38 38 38 65 7 23 23 72 83 61 57 38 15 61 26 1 6 1
split_gain=394.208 267.253 488.878 505.426 573.11 692.326 436.855 446.801 503.397 438.575 399.264 436.647 422.883 525.06 470.009 380.825 378.325 441.433 752.549 336.842 318.612 316.604 406.801 327.736 311.355 290.888 227.669 263.228 566.389 234.985
threshold=-0.12045061588287352 -0.43127441406249994 0.23437500000000003 0.42187500000000006 0.023994445800781253 -0.0028299121186137195 0.27404785156250006 0.065093994140625014 0.001359219662845135 0.064788818359375014 0.021385192871093753 -0.096420168876647935 0.62695312500000011 1.4750976562500002 0.57543945312500011 0.12640380859375003 0.024803161621093753 -0.69091796874999989 -0.18170166015624997 -0.05101314187049865 -1.8425774574279783 -0.0037450790405273433 0.020088195800781253 0.39147949218750006 0.39062500000000006 -0.0054378509521484366 0.041427612304687507 0.11734008789062501 0.071289062500000014 0.12286376953125001
decision_type=2 2 2 2 2 2 2 2 2 2 2 2 2 2 2 2 2 2 2 2 2 2 2 2 2 2 2 2 2 2
left_child=26 2 3 4 5 -2 16 9 24 -8 11 20 14 -14 -12 -10 21 -18 -19 -13 -4 22 -3 -23 -9 -11 -1 -28 29 -29
right_child=1 6 10 -5 -6 -7 7 8 15 25 12 19 13 -15 -16 -17 17 18 -20 -21 -22 23 -24 -25 -26 -27 27 28 -30 -31
leaf_value=-0.0013561908835901294 0.0010632927276385136 0.0019485228074971168 0.0040291216973629782 0.0069703913409754912 -0.0019802603742714369 0.0084411462741210384 0.0037310881604739649 -0.0022029226411172179 0.0098265889250694904 0.002643014541607779 0.00030767066243254107 -0.0019416328395320231 -0.0010209042760744051 0.0044437717730219746 0.0032853135644993078 0.0028884867211831874 -0.0015698865602347676 0.0050436913524324048 0.00064229443060183486 0.0032460420623540067 0.00061877627687357075 -0.0020259884189448734 -4.6151685388497854e-05 0.0016726640558539687 0.0034111772325996674 -0.0020966250734190382 -0.00016664020315342449 0.0018971979649258718 0.0051220103317074148 -0.0034870456897274213
leaf_weight=15907 4348 10381 7899 1994 3201 1782 2617 1639 1622 1657 259261 4303 36346 1828 5392 1572 4486 5445 13459 1742 4201 14062 602122 2871 2427 5681 539394 1509 2883 1708
leaf_count=15907 4348 10381 7899 1994 3201 1782 2617 1639 1622 1657 259261 4303 36346 1828 5392 1572 4486 5445 13459 1742 4201 14062 602122 2871 2427 5681 539394 1509 2883 1708
internal_value=3.44871e-05 0.000153312 0.000385171 0.00242533 0.00144124 0.00322852 3.83164e-05 0.00160978 0.00349261 0.000232417 0.00031304 0.00175306 0.000226646 -0.000757033 0.00036858 0.00645107 -3.17108e-06 0.00124508 0.00191404 -0.000440916 0.00284806 -4.95945e-05 -1.22824e-05 -0.00139765 0.00114843 -0.00102209 -0.000177663 -0.000143248 0.00191902 -0.000965338
internal_weight=1.56374e+06 1.00234e+06 332297 11325 9331 6130 670041 17215 7260 9955 320972 18145 302827 38174 264653 3194 652826 23390 18904 6045 12100 629436 612503 16933 4066 7338 561401 545494 6100 3217
internal_count=1563739 1002338 332297 11325 9331 6130 670041 17215 7260 9955 320972 18145 302827 38174 264653 3194 652826 23390 18904 6045 12100 629436 612503 16933 4066 7338 561401 545494 6100 3217
is_linear=0
shrinkage=0.01


Tree=146
num_leaves=31
num_cat=0
split_feature=57 59 72 62 66 51 79 40 2 46 18 35 7 69 8 73 62 61 16 61 64 31 33 62 50 21 43 64 64 43
split_gain=429.789 420.748 652.757 667.364 513.532 622.537 393.366 345.146 306.019 378.715 433.057 463.872 409.627 372.864 331.435 341.868 308.71 300.985 462.329 414.607 299.35 344.266 303.192 292.06 377.402 326.533 287.476 282.1 306.399 271.07
threshold=0.022102355957031253 0.10787963867187501 -0.054820567369461053 -0.0081214904785156233 -0.10830688476562499 0.016563415527343753 0.0083759706467390078 0.39062500000000006 -0.010379791259765623 0.34265136718750006 1.3198242187500002 0.57812500000000011 -0.012905120849609373 0.46933047473430639 1.9086914062500002 -0.0096399206668138487 -0.0078239440917968733 -0.0044002532958984366 0.072967529296875014 -0.0042934417724609366 0.037796020507812507 0.089385986328125014 -0.28930664062499994 -0.0082130432128906233 0.041702270507812507 0.047698974609375007 0.19274902343750003 0.043411254882812507 0.042129516601562507 -1.7407226562499998
decision_type=2 2 2 2 2 2 2 2 2 2 2 2 2 2 2 2 2 2 2 2 2 2 2 2 2 2 2 2 2 2
left_child=1 2 6 4 5 -4 29 -6 9 10 11 12 -2 -12 16 -16 23 18 -5 -19 21 -8 -22 25 -25 -10 27 28 -11 -1
right_child=8 -3 3 17 7 -7 20 -9 14 26 13 -13 -14 -15 15 -17 -18 19 -20 -21 22 -23 -24 24 -26 -27 -28 -29 -30 -31
leaf_value=0.0037462098941356443 0.0045026881873565672 -0.0019699450833608519 -0.00053437273804243508 0.0032373734320109053 -0.00322961186949354 0.0083490061913061575 -0.0012504473013331744 0.00016258364786462 -0.0017289125960608779 -0.0011463455150881156 -0.0052883687969901439 -0.0013446336201438302 0.0012935207882957941 -4.7087326058564227e-05 -0.0044395547895509421 0.00060879826826989937 -0.0030671066899269025 0.0081027573533123658 -0.0022271818644398751 0.0026506253530519958 0.0012388231212229241 0.0040596285834418964 -0.0036446447051285947 0.0010096554616147114 0.0061972204835387826 0.00016585205561686628 0.0031998641016555461 0.0018826025116143667 -0.0054793992068920203 -0.00014539254532822219
leaf_weight=1774 4241 12107 1520 3242 3268 1615 6153 34162 9224 7116 1737 6251 60757 5968 3163 2311 2941 1582 2928 11226 1504 1502 7905 12240 1566 565706 1533 2126 2104 784104
leaf_count=1774 4241 12107 1520 3242 3268 1615 6153 34162 9224 7116 1737 6251 60757 5968 3163 2311 2941 1582 2928 11226 1504 1502 7905 12240 1566 565706 1533 2126 2104 784104
internal_value=2.69156e-05 -0.000120237 -9.42266e-05 0.000915842 0.000191355 0.00406583 -0.00016915 -0.000135154 0.000213708 0.000751062 0.00101041 0.00125398 0.00150423 -0.0012393 0.000131048 -0.0023138 0.000153745 0.00246258 0.000645328 0.00333564 -0.00167034 -0.000200685 -0.00286307 0.000169938 0.00160619 0.000135394 -0.000837981 -0.00138822 -0.00214487 -0.000136513
internal_weight=1.56358e+06 874592 862485 59543 40565 3135 802942 37430 688984 91833 78954 71249 64998 7705 597151 5474 591677 18978 6170 12808 17064 7655 9409 588736 13806 574930 12879 11346 9220 785878
internal_count=1563576 874592 862485 59543 40565 3135 802942 37430 688984 91833 78954 71249 64998 7705 597151 5474 591677 18978 6170 12808 17064 7655 9409 588736 13806 574930 12879 11346 9220 785878
is_linear=0
shrinkage=0.01


Tree=147
num_leaves=31
num_cat=0
split_feature=38 79 56 28 82 73 77 31 11 45 60 38 79 82 5 21 68 6 16 45 76 31 68 40 74 38 72 33 70 58
split_gain=287.5 431.14 373.256 393.583 423.002 429.919 349.87 412.587 404.869 334.629 409.64 392.414 316.207 303.218 277.359 374.648 401.68 362.7 507.659 381.9 311.651 381.891 308.883 270.358 238.981 447.498 542.56 582.202 377.68 356.019
threshold=-1.0937499999999998 0.0077561959624290475 0.043197631835937507 -0.53710937499999989 0.016930159181356434 -0.038050003349781029 0.010080676525831224 0.10366821289062501 0.089202880859375014 2.1093750000000004 -0.0035829544067382808 -1.1166992187499998 0.0071757454425096521 0.14632189273834231 0.70312500000000011 0.083160400390625014 0.022205352783203128 0.087432861328125014 0.075042724609375014 2.3906250000000004 0.018316097557544712 0.074005126953125014 0.022846221923828128 0.32812500000000006 -0.1210978329181671 -0.63256835937499989 -0.022267334163188931 -1.1689453124999998 0.69841638207435619 0.066070556640625014
decision_type=2 2 2 2 2 2 2 2 2 2 2 2 2 2 2 2 2 2 2 2 2 2 2 2 2 2 2 2 2 2
left_child=1 6 3 -3 -5 -6 12 9 23 11 -11 -8 -1 -4 24 16 17 18 -16 -19 21 -17 -18 -9 29 26 27 -26 -28 -2
right_child=14 2 13 4 5 -7 7 8 -10 10 -12 -13 -14 -15 15 20 22 19 -20 -21 -22 -23 -24 -25 25 -27 28 -29 -30 -31
leaf_value=0.00060695045724619391 -0.00011306573761037769 -0.0012170460244665638 -0.0030418550502833057 0.0082689103343095427 -0.00099929147661514473 0.0048908864643557801 0.00018639632843195169 -0.00069928394396993432 0.0022587083409287339 0.004384769141297643 0.00058098020996325721 0.0034650524949879076 -0.0052421412217729503 0.0028659129364817749 -0.0013504178202418237 -0.0040433201368312204 -0.0050808939435288171 0.0008181464898951975 0.0051807409491387525 -0.0014598620958215481 -0.003646444347359455 0.0018384269463280296 5.8322595789709318e-05 -0.0053320993686934368 0.0031431116365338943 0.00022703618411137199 0.00038928088949701341 -0.00072845043350115355 0.0035351180709646641 -0.0020803763791672021
leaf_weight=1632 530950 1549 1991 1966 1885 3564 68566 2221 1710 4889 6706 3836 2100 1510 1952 1722 2821 14877 3002 14526 6959 2994 1987 2911 3986 710744 17910 128270 4832 9341
leaf_count=1632 530950 1549 1991 1966 1885 3564 68566 2221 1710 4889 6706 3836 2100 1510 1952 1722 2821 14877 3002 14526 6959 2994 1987 2911 3986 710744 17910 128270 4832 9341
internal_value=2.83855e-05 0.000528554 0.00227517 0.00335461 0.00431034 0.00285706 0.000297907 0.000421422 -0.00193645 0.000613899 0.00218963 0.000361015 -0.00269474 -0.000491998 -8.36847e-06 -0.000733834 -0.000264688 0.000114785 0.00261222 -0.000307488 -0.00230449 -0.000317239 -0.00296557 -0.00333763 1.78733e-05 0.000120864 -0.000365954 -0.00061131 0.0010602 -0.000147154
internal_weight=1.56391e+06 107036 12465 8964 7415 5449 94571 90839 6842 83997 11595 72402 3732 3501 1.45687e+06 50840 39165 34357 4954 29403 11675 4716 4808 5132 1.40603e+06 865742 154998 132256 22742 540291
internal_count=1563909 107036 12465 8964 7415 5449 94571 90839 6842 83997 11595 72402 3732 3501 1456873 50840 39165 34357 4954 29403 11675 4716 4808 5132 1406033 865742 154998 132256 22742 540291
is_linear=0
shrinkage=0.01


Tree=148
num_leaves=31
num_cat=0
split_feature=65 72 74 57 41 74 33 5 0 7 8 25 17 21 81 31 23 72 18 2 33 62 46 43 8 38 52 73 62 61
split_gain=306.462 508.46 617.89 411.988 405.784 464.759 453.278 424.398 301.978 283.845 507.373 418.036 405.312 444.956 543.174 401.637 393.211 389.772 338.973 320.409 366.018 275.59 260.699 257.718 311.906 445.866 341.232 242.057 654.883 392.56
threshold=0.12774658203125003 -0.019091099500656124 -0.047942385077476495 0.022117614746093753 0.062622070312500014 -0.047942385077476495 0.15313720703125003 0.23437500000000003 0.32812500000000006 0.025459289550781253 1.5688476562500002 0.39062500000000006 -0.0015945434570312498 0.066253662109375014 0.0010335210245102646 0.058013916015625007 -0.90478515624999989 -0.10457971692085265 -1.7509765624999998 0.011810302734375002 0.17651367187500003 -0.0081214904785156233 0.26818847656250006 -0.90722656249999989 0.16162109375000003 -0.18017578124999997 0.059860229492187507 -0.0044066011905670157 -0.0086097717285156233 -0.0070285797119140616
decision_type=2 2 2 2 2 2 2 2 2 2 2 2 2 2 2 2 2 2 2 2 2 2 2 2 2 2 2 2 2 2
left_child=9 2 23 -3 5 -5 7 -6 -7 18 12 15 19 16 -15 -12 -14 -17 21 22 -21 -1 -11 -2 26 -26 -25 -20 29 -29
right_child=1 3 -4 4 6 8 -8 -9 -10 10 11 -13 13 14 -16 17 -18 -19 27 20 -22 -23 -24 24 25 -27 -28 28 -30 -31
leaf_value=-0.00057681730353856383 -0.0020646310432341324 -0.0030257476553403211 0.0081250108245022254 -0.0034861263205033222 0.0045257389765451048 -0.0014316183050198539 0.0062458255922937965 0.00056427536370047603 0.00087122145767180869 -0.0039428769986105993 -0.0031398245982279722 -0.0020680829301981257 0.0026999382499386282 0.00022018830509294371 0.0047951768809552263 -9.0362582412284294e-05 -0.0022490593046411845 0.0034824174064794033 -3.2744052791862316e-05 0.00057067929960318519 0.0064442932292413857 -0.003915997212408792 0.00013087978953030277 -0.0017759446003873048 0.0067214897140379874 -4.9461334428292371e-05 0.0038706190116064888 0.0014784384335117821 0.00050482802315919562 -0.0020155291846807402
leaf_weight=6401 1625 3600 1656 4251 2933 8650 1640 32242 16572 1738 2477 10194 3176 3669 8863 8215 3206 4839 1346919 2968 1635 4015 14750 2736 2615 1541 1730 3601 25652 29056
leaf_count=6401 1625 3600 1656 4251 2933 8650 1640 32242 16572 1738 2477 10194 3176 3669 8863 8215 3206 4839 1346919 2968 1635 4015 14750 2736 2615 1541 1730 3601 25652 29056
internal_value=-1.06579e-05 0.000585155 0.00249385 0.000259455 0.000438728 -0.000435563 0.00113852 0.000896979 8.09435e-05 -4.3562e-05 0.000598734 -0.000496664 0.00130302 0.00236513 0.00345824 0.000536093 0.000214548 0.00123734 -7.33925e-05 0.000349202 0.00267586 -0.00186899 -0.000302792 0.00156976 0.00225793 0.00422268 0.000418876 -6.00566e-05 -0.00069074 -0.00162959
internal_weight=1.56316e+06 81791 11903 69888 66288 29473 36815 35175 25222 1.48137e+06 65730 25725 40005 18914 12532 15531 6382 13054 1.41564e+06 21091 4603 10416 16488 10247 8622 4156 4466 1.40523e+06 58309 32657
internal_count=1563165 81791 11903 69888 66288 29473 36815 35175 25222 1481374 65730 25725 40005 18914 12532 15531 6382 13054 1415644 21091 4603 10416 16488 10247 8622 4156 4466 1405228 58309 32657
is_linear=0
shrinkage=0.01


Tree=149
num_leaves=31
num_cat=0
split_feature=77 52 65 16 21 58 56 38 61 18 79 1 5 5 20 79 71 48 21 20 18 56 56 18 47 71 81 45 36 41
split_gain=492.833 390.069 373.793 788.479 726.556 549.58 491.982 453.798 407.39 581.96 380.821 365.465 468.413 366.132 583.269 545.572 373.099 341.663 326.814 330.193 367.168 326.714 321.674 349.282 296.789 297.898 284.241 281.533 313.552 312.069
threshold=0.014541922137141229 0.047378540039062507 0.11453247070312501 0.046554565429687507 0.079193115234375014 0.060806274414062507 0.039382934570312507 -0.22100830078124997 -0.0056438446044921866 0.43627929687500006 0.0027096308767795567 0.10610961914062501 0.29687500000000006 0.67187500000000011 0.57812500000000011 0.006536436267197133 0.30458484590053564 11.777343750000002 0.035140991210937507 0.42187500000000006 -1.1499023437499998 0.045974731445312507 0.042678833007812507 -1.0756835937499998 0.21124267578125003 0.31178541481494909 0.0010410780087113383 1.0781250000000002 0.060668945312500007 0.075225830078125014
decision_type=2 2 2 2 2 2 2 2 2 2 2 2 2 2 2 2 2 2 2 2 2 2 2 2 2 2 2 2 2 2
left_child=11 -2 3 -3 5 -5 27 -6 10 -10 -8 13 -13 18 15 16 -15 -17 -1 20 -20 -21 23 -14 25 -16 -26 29 -29 -4
right_child=1 2 6 4 7 -7 8 -9 9 -11 -12 12 22 14 24 17 -18 -19 19 21 -22 -23 -24 -25 26 -27 -28 28 -30 -31
leaf_value=0.0031202521538077851 -0.003999262270205666 0.0076595408446051083 0.0039659181723822731 0.0012650091998993801 -0.0014072506514803888 0.0045362675639031213 0.00055842531145096374 0.00090338455011116845 -0.00041678245671146724 0.00098934200571499449 0.0021945274279113582 -0.0035452519974902147 0.0040315805361905224 -0.0043587343947884211 -0.0048708771754562294 0.0051380885774842903 -0.00011199443395192169 0.00062059109806261465 -0.0013386888767153841 0.00010536997319100227 -0.00015016719031683248 0.0024725218182157058 -0.0035818112348193149 -0.0004557767010754739 -0.0027964203169031469 -0.0015618571328852263 -0.00055863815809580086 0.00012245920976589934 -0.0031655278139569331 -0.0021432235906201024
leaf_weight=3357 1995 1764 1799 17483 13950 7267 69900 21686 94822 42659 17850 6532 1942 3695 4058 1751 4671 30851 28119 756133 340895 5856 2804 14945 6684 8271 37139 4313 8826 1530
leaf_count=3357 1995 1764 1799 17483 13950 7267 69900 21686 94822 42659 17850 6532 1942 3695 4058 1751 4671 30851 28119 756133 340895 5856 2804 14945 6684 8271 37139 4313 8826 1530
internal_value=2.62062e-05 0.000386218 0.000415274 0.00110683 0.000912936 0.00222839 0.000237372 -1.41425e-06 0.000359408 1.96046e-05 0.000891663 -6.13451e-05 -0.00122906 -3.64603e-05 -0.000625681 0.00028154 -0.00199357 0.00086622 1.39969e-05 4.72205e-06 -0.000240801 0.000123626 -0.000457905 6.44267e-05 -0.00128745 -0.00265712 -0.000901071 -0.00143011 -0.00208767 0.00116214
internal_weight=1.56355e+06 305844 303849 62150 60386 24750 241699 35636 225231 137481 87750 1.2577e+06 26223 1.23148e+06 97120 40968 8366 32602 1.13436e+06 1.131e+06 369014 761989 19691 16887 56152 12329 43823 16468 13139 3329
internal_count=1563547 305844 303849 62150 60386 24750 241699 35636 225231 137481 87750 1257703 26223 1231480 97120 40968 8366 32602 1134360 1131003 369014 761989 19691 16887 56152 12329 43823 16468 13139 3329
is_linear=0
shrinkage=0.01


Tree=150
num_leaves=28
num_cat=0
split_feature=62 2 70 16 77 62 59 38 33 78 76 26 13 74 78 70 50 57 71 62 37 70 10 2 13 62 15
split_gain=410.187 583.882 392.783 367.997 495.604 361.401 355.621 416.609 390.525 315.199 242.527 297.965 237.247 236.815 414.09 365.866 480.78 405.472 281.888 395.725 296.094 281.66 265.484 335.956 248.297 207.136 170.23
threshold=-0.010051727294921873 0.010303497314453127 0.68068218231201183 0.10140991210937501 0.015201475471258165 -0.010150909423828123 0.028617858886718753 0.94018554687500011 0.75659179687500011 0.0034336075186729435 0.016530230641365055 0.061325073242187507 -0.32775878906249994 -0.11199522018432616 0.0011042808182537558 0.67870864272117626 0.036697387695312507 0.023033142089843753 0.30360181629657751 -0.0082664489746093733 0.022590637207031253 0.65567651391029369 0.60937500000000011 0.0095214843750000017 0.87475585937500011 -0.0085182189941406233 0.32812500000000006
decision_type=2 2 2 2 2 2 2 2 2 2 2 2 2 2 2 2 2 2 2 2 2 2 2 2 2 2 2
left_child=1 2 5 6 -5 9 -3 8 -8 -1 11 -2 -6 21 15 16 -15 -17 19 -16 -20 -12 24 -24 -23 -13 -4
right_child=10 3 26 4 12 -7 7 -9 -10 -11 13 25 -14 14 18 17 -18 -19 20 -21 -22 22 23 -25 -26 -27 -28
leaf_value=-0.0047325184275327893 -0.0047729577591981891 -0.0030900814537537227 -0.0064806947441991645 -0.0058517509458584326 0.0035962099054514772 0.0040007135179276612 0.001097623572857613 0.0064392636699990916 0.0040539951369603601 0.0010719288854071727 0.0032660764751794584 0.0018773581919163129 -0.001623757515319441 0.0033731251139115202 0.00012881964743836886 0.00058496920307854862 -0.002928154943435173 0.0069892006895980055 -6.5970495051761554e-05 0.0012251449288894962 0.0021114438890389681 -0.00017780486404799959 0.0004950262592891407 0.0047829191422178634 -0.0010244524816532276 -0.0029743802909629148 -0.0021575012852337737
leaf_weight=1685 2391 1642 1597 1642 1596 1683 39483 1709 5024 2060 2336 2021 1870 2493 130773 1664 2317 2430 669760 43985 6284 583438 11224 2164 36807 1527 2158
leaf_count=1685 2391 1642 1597 1642 1596 1683 39483 1709 5024 2060 2336 2021 1870 2493 130773 1664 2317 2430 669760 43985 6284 583438 11224 2164 36807 1527 2158
internal_value=-1.39363e-05 0.000782031 -0.00154346 0.00118564 -0.00136175 0.00017876 0.00145799 0.00162084 0.00143301 -0.00155095 -4.68898e-05 -0.00206029 0.000786739 -3.88676e-05 6.93572e-05 0.00221226 0.000338212 0.00440171 4.68794e-05 0.000404863 -4.5669e-05 -0.000185164 -0.00019799 0.00119421 -0.000228079 -0.000215717 -0.00402075
internal_weight=1.56376e+06 62149 9183 52966 5108 5428 47858 46216 44507 3745 1.50161e+06 5939 3466 1.49568e+06 859706 8904 4810 4094 850802 174758 676044 635969 633633 13388 620245 3548 3755
internal_count=1563763 62149 9183 52966 5108 5428 47858 46216 44507 3745 1501614 5939 3466 1495675 859706 8904 4810 4094 850802 174758 676044 635969 633633 13388 620245 3548 3755
is_linear=0
shrinkage=0.01


Tree=151
num_leaves=31
num_cat=0
split_feature=58 48 20 60 3 76 62 6 33 11 79 38 15 21 47 47 3 1 57 47 1 83 46 6 62 38 18 37 36 50
split_gain=452.805 431.542 493.837 472.13 438.03 667.034 468.698 379.466 376.849 408.671 443.514 322.487 528.628 482.869 894.416 578.449 530.705 439.24 333.715 332.876 325.374 329.744 305.59 300.02 283.985 322.763 546.618 491.021 313.115 473.355
threshold=0.067779541015625014 14.410156250000002 0.26562500000000006 -0.0045948028564453116 -0.60888671874999989 0.031323887407779701 -0.010204315185546873 0.082916259765625014 -1.5107421874999998 0.076446533203125014 0.00058844452723860752 -1.0742187499999998 0.20312500000000003 0.079925537109375014 0.21124267578125003 0.21484375000000003 -0.45092773437499994 0.063140869140625014 0.024421691894531253 0.27331542968750006 0.067657470703125014 -0.88309383392333973 0.24847412109375003 0.077606201171875014 -0.010051727294921873 0.27099609375000006 -0.87963867187499989 0.011440277099609377 0.066192626953125014 0.031570434570312507
decision_type=2 2 2 2 2 2 2 2 2 2 2 2 2 2 2 2 2 2 2 2 2 2 2 2 2 2 2 2 2 2
left_child=11 2 8 23 5 -5 -6 -3 -2 -10 -11 12 -1 16 -15 -16 17 -14 24 -18 -20 -22 -23 -4 25 26 -13 -27 29 -26
right_child=1 7 3 4 6 -7 -8 -9 9 10 -12 18 13 14 15 -17 19 -19 20 -21 21 22 -24 -25 28 27 -28 -29 -30 -31
leaf_value=0.0059373182672542877 0.0038175284757023366 -0.003040943830206165 -0.0022506864014397747 0.0084803730726940897 0.0030015979611192059 0.0019718122761790634 0.00074504367161360959 0.0019784935661233388 0.00061974570850972419 0.0024104942157377606 -0.0034858464763448155 0.007093738563254434 0.00010322660029226605 -0.0019022845647362397 0.0079875904388246027 0.0016696037632783075 -0.00052845723219796905 0.0046128776098890694 0.0026690490830551454 -0.0039325185961936789 -0.0018651154598325265 -0.0037118489225660208 0.00079632108592968839 0.0016013472677873001 0.0047549513956478663 -0.0039460765159773552 0.0012160795688459941 0.0012628844230955314 1.7698572528401833e-05 -0.00047029087838163343
leaf_weight=1785 1675 5468 6247 2027 10964 6911 56981 2060 7411 1510 7789 1765 5489 7304 1502 31115 30563 3542 2298 3152 24426 1736 10443 2968 1730 2796 14070 5046 1115249 187656
leaf_count=1785 1675 5468 6247 2027 10964 6911 56981 2060 7411 1510 7789 1765 5489 7304 1502 31115 30563 3542 2298 3152 24426 1736 10443 2968 1730 2796 14070 5046 1115249 187656
internal_value=3.11365e-05 0.00064369 0.000810375 0.00112803 0.00138439 0.00346349 0.00110995 -0.0016658 -0.00067682 -0.00113136 -0.00252526 -1.61365e-05 0.000583492 0.000466481 0.00125705 0.00196526 -0.000272086 0.00187822 -5.31831e-05 -0.000848844 -0.000965852 -0.00119538 0.000148693 -0.00100923 -2.64392e-05 0.00105847 0.00187934 -0.000599641 -4.61444e-05 -0.000422062
internal_weight=1.56368e+06 112011 104483 86098 76883 8938 67945 7528 18385 16710 9299 1.45167e+06 84452 82667 39921 32617 42746 9031 1.36722e+06 33715 38903 36605 12179 9215 1.32831e+06 23677 15835 7842 1.30464e+06 189386
internal_count=1563678 112011 104483 86098 76883 8938 67945 7528 18385 16710 9299 1451667 84452 82667 39921 32617 42746 9031 1367215 33715 38903 36605 12179 9215 1328312 23677 15835 7842 1304635 189386
is_linear=0
shrinkage=0.01


Tree=152
num_leaves=31
num_cat=0
split_feature=65 79 6 59 26 46 3 21 58 21 75 12 36 73 68 41 68 36 41 72 68 8 43 12 13 21 23 47 59 36
split_gain=297.05 403.036 660.709 397.593 502.139 475.21 396.976 634.97 444.285 476.923 474.157 429.356 405.299 400.633 371.506 413.967 388.791 699.013 378.454 360.127 338.567 321.12 359.611 295.733 489.225 481.949 349.806 338.033 298.071 289.118
threshold=0.11898803710937501 0.0091219358146190661 0.073760986328125014 0.092803955078125014 0.071075439453125014 0.27185058593750006 -0.66113281249999989 0.10794067382812501 0.064239501953125014 0.091827392578125014 -0.042199365794658654 0.012233734130859377 0.097198486328125014 -0.017507869750261303 0.021251678466796878 0.039382934570312507 0.021183013916015628 0.071990966796875014 0.034927368164062507 -0.081579655408859239 0.022113800048828128 1.5209960937500002 -0.54150390624999989 0.032287597656250007 1.4257812500000002 0.061874389648437507 -0.21697998046874997 0.21124267578125003 0.085113525390625014 0.051696777343750007
decision_type=2 2 2 2 2 2 2 2 2 2 2 2 2 2 2 2 2 2 2 2 2 2 2 2 2 2 2 2 2 2
left_child=1 3 -3 23 -5 -6 7 12 9 10 11 -8 21 -11 16 18 29 -18 -16 -12 -17 22 -2 24 28 27 -27 -25 -1 -10
right_child=6 2 -4 4 5 -7 8 -9 14 13 19 -13 -14 -15 15 20 17 -19 -20 -21 -22 -23 -24 25 -26 26 -28 -29 -30 -31
leaf_value=-0.00013056845461527385 -0.00010550670292879249 0.0080218302682367876 8.6100905404394245e-05 -0.0030215112752818279 -0.0017276880426142743 0.0048286672786991627 0.0012312920141942659 0.0062591646444381732 0.0014282469479083781 0.0070122076917021525 0.0019615434734962865 0.0058857862063650028 -0.0024718026906213552 0.00042614666362462777 -0.00016254278232797909 -0.00083913710672206716 2.6900987931579913e-05 0.0071641394624755422 0.0066087360006685438 -0.0013947261812210698 -6.128953998966056e-05 -0.002443471390106844 0.0014426698633917968 0.0018194987727146522 -0.0025469919364251503 0.0049189165233705142 0.0011435466297899102 -0.0042447422747480118 0.0012507579615847161 7.8734655898602651e-05
leaf_weight=987038 21509 1581 3045 9998 2652 1867 16874 2073 18353 2314 4292 2229 3865 1533 1636 82845 3372 2294 1644 12351 172335 2841 49566 1510 8277 3443 8488 2294 15853 116799
leaf_count=987038 21509 1581 3045 9998 2652 1867 16874 2073 18353 2314 4292 2229 3865 1533 1636 82845 3372 2294 1644 12351 172335 2841 49566 1510 8277 3443 8488 2294 15853 116799
internal_value=-2.06549e-05 -0.000117679 0.0028211 -0.000130787 -0.00177301 0.000990375 0.000174998 0.00082344 5.69799e-05 0.0010671 0.000705771 0.00177998 0.000676997 0.00440349 -4.32332e-05 -0.00026838 0.000369985 0.0029316 0.00325084 -0.000527875 -0.000313866 0.000842269 0.000974257 -0.000107538 -0.000128718 0.00125198 0.00223944 -0.00184061 -0.000108709 0.000262176
internal_weight=1.56477e+06 1.04605e+06 4626 1.04142e+06 14517 4519 518725 79854 438871 39593 35746 19103 77781 3847 399278 258460 140818 5666 3280 16643 255180 73916 71075 1.0269e+06 1.01117e+06 15735 11931 3804 1.00289e+06 135152
internal_count=1564771 1046046 4626 1041420 14517 4519 518725 79854 438871 39593 35746 19103 77781 3847 399278 258460 140818 5666 3280 16643 255180 73916 71075 1026903 1011168 15735 11931 3804 1002891 135152
is_linear=0
shrinkage=0.01


Tree=153
num_leaves=31
num_cat=0
split_feature=65 30 6 57 46 64 83 61 83 32 82 11 50 71 50 13 57 77 61 8 79 61 13 80 16 13 28 16 59 17
split_gain=414.76 358.156 452.361 573.038 533.895 509.415 460.726 345.768 339.936 372.957 338.202 335.937 379.537 661.971 600.3 582.579 364.026 340.589 337.646 336.025 333.3 324.335 312.122 476.145 353.438 372.114 363.189 286.203 366.771 281.316
threshold=0.11898803710937501 0.73437500000000011 0.064788818359375014 0.021980285644531253 0.31237792968750006 0.035781860351562507 -1.0936784744262693 -0.0054264068603515616 -0.51827335357666005 0.032287597656250007 0.047476425766944892 0.11386108398437501 0.039108276367187507 0.29540875554084783 0.039443969726562507 1.5170898437500002 0.025428771972656253 0.015992917120456699 -0.0065822601318359366 -0.29748535156249994 0.0023704627528786664 -0.0042629241943359366 -0.98022460937499989 0.0029378766193985943 0.051330566406250007 -0.81665039062499989 -0.074951171874999986 0.098052978515625014 0.16473388671875003 0.022590637207031253
decision_type=2 2 2 2 2 2 2 2 2 2 2 2 2 2 2 2 2 2 2 2 2 2 2 2 2 2 2 2 2 2
left_child=1 8 4 5 -3 6 -4 -7 9 10 29 12 13 -2 17 16 -16 18 -14 -13 -21 -12 23 -10 26 -26 -24 28 -15 -1
right_child=11 2 3 -5 -6 7 -8 -9 22 -11 21 19 14 27 15 -17 -18 -19 -20 20 -22 -23 24 -25 25 -27 -28 -29 -30 -31
leaf_value=-0.0001885212508042325 0.0058796007396022792 0.0071565290251813666 0.0003352661362240001 0.0048266493367161009 -0.0004298121916026302 -0.0056095739366432504 0.0063354107640006332 -0.00062198900374350766 0.00057292519729722647 -0.0026428991439109146 -0.0013530994862253553 -0.0039909274079635093 0.0028090333338348095 0.00058890887017002617 6.326605818919378e-05 0.0054215961183101558 0.0015623117285358773 -0.0034706600877926382 -0.00094276611275400442 -0.0018863925310690474 0.0034454475822699561 0.00036153728825802752 0.0063950178954157869 0.0058139611368099968 -0.0031973062900362815 0.00025765470392862487 0.00032211900402821613 -0.00058026163387210345 0.004928525131710661 0.00059302255684766283
leaf_weight=822740 2302 2347 3825 2635 1522 1562 1905 11513 5048 6243 44348 3718 2532 191587 224923 2112 17437 5011 40126 3389 1767 14673 1835 2624 3247 68055 2104 21595 1948 48768
leaf_count=822740 2302 2347 3825 2635 1522 1562 1905 11513 5048 6243 44348 3718 2532 191587 224923 2112 17437 5011 40126 3389 1767 14673 1835 2624 3247 68055 2104 21595 1948 48768
internal_value=-1.25524e-05 -0.000127276 0.00104736 0.000477715 0.00418533 -0.000136148 0.00234518 -0.00122549 -0.00015645 -0.000210773 -0.000194399 0.000218682 0.000252302 0.000568624 1.68498e-05 0.000217035 0.000171237 -0.00100947 -0.000718863 -0.00170809 -5.28782e-05 -0.000926852 0.000457199 0.00237594 0.000260974 9.94678e-05 0.00316922 0.000511253 0.000633093 -0.000144775
internal_weight=1.56344e+06 1.04499e+06 25309 21440 3869 18805 5730 13075 1.01968e+06 936772 930529 518447 509573 217432 292141 244472 242360 47669 42658 8874 5156 59021 82913 7672 75241 71302 3939 215130 193535 871508
internal_count=1563441 1044994 25309 21440 3869 18805 5730 13075 1019685 936772 930529 518447 509573 217432 292141 244472 242360 47669 42658 8874 5156 59021 82913 7672 75241 71302 3939 215130 193535 871508
is_linear=0
shrinkage=0.01


Tree=154
num_leaves=31
num_cat=0
split_feature=74 10 74 46 83 75 3 5 5 70 55 38 60 21 59 3 62 12 76 13 50 2 59 21 38 0 28 50 8 8
split_gain=367.013 328.458 590.592 727.372 537.181 525.765 624.03 448.885 521.694 398.566 553.25 367.921 437.973 385.46 363.15 360.586 499.103 352.312 319.936 316.826 296.286 513.875 545.898 376.315 448.261 377.941 338.552 363.888 420.382 581.389
threshold=-0.11254352331161498 0.54687500000000011 -0.10883106291294097 0.31042480468750006 -1.5439701080322263 -0.0084562823176383955 -0.43322753906249994 0.70312500000000011 0.60937500000000011 0.70237386226654064 -0.16778564453124997 -1.1948242187499998 -0.0040798187255859366 0.054824829101562507 0.021507263183593753 -0.53637695312499989 -0.0086631774902343733 -0.015354156494140623 0.020404905080795292 -1.0405273437499998 0.037246704101562507 0.0068092346191406259 0.037673950195312507 0.096099853515625014 0.59985351562500011 0.48437500000000006 0.43627929687500006 0.037033081054687507 0.16699218750000003 0.98193359375000011
decision_type=2 2 2 2 2 2 2 2 2 2 2 2 2 2 2 2 2 2 2 2 2 2 2 2 2 2 2 2 2 2
left_child=20 7 3 14 -5 11 -7 8 15 19 -11 12 -4 -13 18 16 -2 -9 -3 -10 26 23 -23 25 -25 -22 27 -1 -29 -30
right_child=1 2 5 4 -6 6 -8 17 9 10 -12 13 -14 -15 -16 -17 -18 -19 -20 -21 21 22 -24 24 -26 -27 -28 28 29 -31
leaf_value=-0.00018307224048385811 0.001922541433658554 0.0005798856103847069 -0.0028541441168677345 0.0087729737172965068 0.0010896407553493473 0.007310817447602749 0.00055686037738890144 0.0007510887619443942 -0.0013227588675924465 0.0010613232304223811 0.0067019366493358754 0.0017724678256835528 0.0018873502489772183 -0.0003349876658951252 0.0030550887592630622 7.1746084245466682e-05 0.00033959410188582722 -0.0027765005910398008 -0.0052679593441311082 0.0012731191973059794 -0.00044386374748112833 -0.0031534504112171002 -0.0008061318658945482 0.00032918782461257206 0.0067984712170186465 0.0014094114059909919 0.0010461820815341649 0.0025371785103988753 -0.0021687411219893059 0.0046958463083614007
leaf_weight=415490 26522 2382 2237 2278 1517 1980 4341 4271 5386 4035 3048 8881 14289 348297 2681 359275 79868 8337 1517 36221 102456 12004 56442 2983 1653 12308 26231 10609 5431 1575
leaf_count=415490 26522 2382 2237 2278 1517 1980 4341 4271 5386 4035 3048 8881 14289 348297 2681 359275 79868 8337 1517 36221 102456 12004 56442 2983 1653 12308 26231 10609 5431 1575
internal_value=-1.10248e-05 0.000117618 -0.000102218 0.00224944 0.00572348 -0.000166535 0.00268887 0.000280481 0.0003262 0.00131089 0.00350066 -0.000214974 0.00124286 -0.000282491 0.000234519 0.000223189 0.000734495 -0.00158222 -0.00171063 0.00093661 -0.000193371 -0.000527933 -0.0012186 -0.000131869 0.00265515 -0.000244896 -5.65341e-05 -0.000123365 0.00128357 -0.000616557
internal_weight=1.56454e+06 917363 390400 10375 3795 380025 6321 526963 514355 48690 7083 373704 16526 357178 6580 465665 106390 12608 3899 41607 647182 187846 68446 119400 4636 114764 459336 433105 17615 7006
internal_count=1564545 917363 390400 10375 3795 380025 6321 526963 514355 48690 7083 373704 16526 357178 6580 465665 106390 12608 3899 41607 647182 187846 68446 119400 4636 114764 459336 433105 17615 7006
is_linear=0
shrinkage=0.01


Tree=155
num_leaves=31
num_cat=0
split_feature=59 3 41 41 43 11 81 74 45 3 57 30 5 57 64 38 82 41 0 8 65 74 65 5 7 31 11 60 17 62
split_gain=420.177 447.364 554.034 1064.62 502.89 387.352 427.576 600.752 643.461 370.627 406.617 348.577 377.222 528.655 516.177 476.445 466.982 408.691 344.179 359.443 657.689 406.367 328.426 312.868 293.853 407.245 345.915 290.16 245.665 227.365
threshold=0.13250732421875003 -0.66113281249999989 0.066253662109375014 0.072784423828125014 -0.81811523437499989 0.051971435546875007 0.0018492187373340132 -0.086146265268325792 1.5781250000000002 -1.0634765624999998 0.023475646972656253 0.73437500000000011 0.54687500000000011 0.021980285644531253 0.039443969726562507 -0.24426269531249997 -0.032769173383712762 0.068756103515625014 0.32812500000000006 0.037399291992187507 0.13409423828125003 -0.093723654747009263 0.12664794921875003 0.73437500000000011 0.024803161621093753 0.061874389648437507 0.041748046875000007 -0.0039539337158203116 0.0073585510253906259 -0.0089912414550781233
decision_type=2 2 2 2 2 2 2 2 2 2 2 2 2 2 2 2 2 2 2 2 2 2 2 2 2 2 2 2 2 2
left_child=11 2 4 -4 27 6 7 -3 -9 -5 -11 22 15 17 -15 -13 -17 -14 29 21 -21 -20 23 24 26 -26 -1 -2 -25 -7
right_child=1 5 3 9 -6 18 -8 8 -10 10 -12 12 13 14 -16 16 -18 -19 19 20 -22 -23 -24 28 25 -27 -28 -29 -30 -31
leaf_value=-0.0016920298813936636 -0.00024905395419818076 -0.00035372591973271169 0.0096298611131176264 -0.0023647656711505228 -0.0033007250103310242 -0.0019380168108160153 -0.0008416934875722686 0.010194330072104931 0.0016139434856041251 0.0068756373125126178 -0.00031665090111940997 -0.00053283729217871035 -0.0033121389107241463 0.0081309264682313861 -2.0006275636973489e-05 0.0025402637167305344 0.0092195949344588378 0.00046551770588250954 0.0046489575663285192 0.00060751442615759725 0.004830036435028294 -0.00047801972738897386 -0.0020787114798068037 -0.001751295197829481 -0.0013322379795766847 0.00098678292471208497 -9.309137457246222e-05 0.0045737472571876258 0.00084594070358170992 0.00022058469021219926
leaf_weight=13654 2554 2053 2334 1675 2609 11828 2771 1980 1568 1624 1503 2447 3690 1553 1535 2971 1616 12541 1583 55750 3931 43471 8409 18761 8966 48184 1288045 2415 4505 8290
leaf_count=13654 2554 2053 2334 1675 2609 11828 2771 1980 1568 1624 1503 2447 3690 1553 1535 2971 1616 12541 1583 55750 3931 43471 8409 18761 8966 48184 1288045 2415 4505 8290
internal_value=-3.62217e-05 0.00047086 0.00212435 0.00411986 0.000239327 0.00028795 0.00236763 0.00395274 0.00643262 0.0014129 0.0034386 -8.9173e-05 0.00104974 0.000326706 0.00410516 0.00302902 0.0049232 -0.000396324 0.00014814 0.000378285 0.000887164 -0.000295897 -0.000110772 -9.87692e-05 -7.90725e-05 0.000622624 -0.000109889 0.00210383 -0.0012481 -0.00104919
internal_weight=1.56482e+06 147939 14714 7136 7578 133225 8372 5601 3548 4802 3127 1.41688e+06 26353 19319 3088 7034 4587 16231 124853 104735 59681 45054 1.39052e+06 1.38212e+06 1.35885e+06 57150 1.3017e+06 4969 23266 20118
internal_count=1564816 147939 14714 7136 7578 133225 8372 5601 3548 4802 3127 1416877 26353 19319 3088 7034 4587 16231 124853 104735 59681 45054 1390524 1382115 1358849 57150 1301699 4969 23266 20118
is_linear=0
shrinkage=0.01


Tree=156
num_leaves=30
num_cat=0
split_feature=74 70 42 60 62 62 72 36 56 17 48 72 48 31 82 23 71 23 70 52 63 18 48 21 13 18 42 1 16
split_gain=347.302 374.124 319.624 552.282 465.632 385.978 328.407 539.209 467.505 323.901 316.849 402.619 337.659 322.014 306.406 302.124 276.432 381.432 350.495 281.636 297.22 267.737 257.704 256.079 230.658 224.08 218.2 141.595 125.663
threshold=-0.11146119236946105 0.65567651391029369 0.021865844726562503 -0.0039310455322265616 -0.0095558166503906233 -0.0089073181152343733 -0.10644547641277312 0.055313110351562507 0.037277221679687507 0.00064563751220703136 14.855468750000002 -0.076816618442535387 14.582031250000002 0.085754394531250014 -0.10902583599090575 -0.69091796874999989 0.30360181629657751 -1.7407226562499998 0.69663590192794811 0.050399780273437507 0.072296142578125014 0.63134765625000011 14.496093750000002 0.078979492187500014 0.55468750000000011 1.9184570312500002 0.0047492980957031259 0.074005126953125014 0.079193115234375014
decision_type=2 2 2 2 2 2 2 2 2 2 2 2 2 2 2 2 2 2 2 2 2 2 2 2 2 2 2 2 2
left_child=1 -1 6 23 -5 28 7 -2 14 -10 12 13 22 15 -9 -12 17 -8 -19 24 -21 -7 25 -4 -18 -3 27 -14 -6
right_child=2 10 3 4 5 21 16 8 9 -11 11 -13 26 -15 -16 -17 19 18 -20 20 -22 -23 -24 -25 -26 -27 -28 -29 -30
leaf_value=0.0036528038874769466 0.0052511959513789489 -0.00027897411063194575 -0.0053538211104157685 0.0071375780525621182 0.00065129017272391992 0.003516000582516032 0.0046128226314727854 0.00068704666171871354 -0.0011449169921817037 0.0029989219413257503 -0.0013120187711213986 0.0058650577644923912 -0.0064714559851046603 -0.0023722090179597618 -0.0031482917034319421 0.0030907923538163319 -0.0028660194438758931 0.0026467810595370679 0.00022935154730917349 0.0016121618013200736 -8.1375343986461114e-05 -0.00031506807528445348 0.0030129940584147051 0.00039897033363390881 0.00098788713444175049 0.0025922417121055797 -0.00059209890444876664 -0.002229152224723648 -0.0031150921432120554
leaf_weight=2449 2904 634681 1520 1663 1712 7360 2073 4375 2448 8070 2261 1696 1624 2626 3946 4931 6222 6205 164383 10505 673630 2419 2385 1550 2056 2710 2807 1570 1803
leaf_count=2449 2904 634681 1520 1663 1712 7360 2073 4375 2448 8070 2261 1696 1624 2626 3946 4931 6222 6205 164383 10505 673630 2419 2385 1550 2056 2710 2807 1570 1803
internal_value=-5.81548e-05 -0.000232635 6.90646e-05 0.00138654 0.00217944 0.00154941 4.22526e-05 0.00125551 0.000634661 0.00203413 -0.000247222 0.00139565 -0.000276557 0.000613228 -0.00113494 0.00170685 1.173e-05 0.000369681 0.000317584 -7.75372e-05 -5.53244e-05 0.00256961 -0.000254366 -0.00246553 -0.00190875 -0.000266686 -0.00263366 -0.00441301 -0.00128735
internal_weight=1.56458e+06 659740 904844 18027 14957 13294 886817 21743 18839 10518 657291 11514 645777 9818 8321 7192 865074 172661 170588 692413 684135 9779 639776 3070 8278 637391 6001 3194 3515
internal_count=1564584 659740 904844 18027 14957 13294 886817 21743 18839 10518 657291 11514 645777 9818 8321 7192 865074 172661 170588 692413 684135 9779 639776 3070 8278 637391 6001 3194 3515
is_linear=0
shrinkage=0.01


Tree=157
num_leaves=31
num_cat=0
split_feature=57 1 46 12 80 18 10 5 26 5 82 74 83 36 30 80 65 83 60 62 25 11 25 79 41 76 38 13 21 42
split_gain=356.593 500.493 359.84 701.642 524.252 448.031 326.428 317.574 291.691 277.269 444.675 687.543 415.518 347.297 300.915 356.254 704.57 340.541 563.101 442.938 344.497 517.275 495.943 295.312 556.516 379.487 294.918 298.795 326.248 288.998
threshold=0.023094177246093753 0.059722900390625007 0.32751464843750006 0.013225555419921877 0.0037047006189823155 0.42834472656250006 0.39062500000000006 0.79687500000000011 0.077789306640625014 0.70312500000000011 0.014288991689682009 -0.071678340435028062 -1.4376854896545408 0.091064453125000014 0.70312500000000011 0.0029922975227236752 0.11416625976562501 -1.7222769260406492 -0.0039768218994140616 -0.0088768005371093733 0.39062500000000006 0.094757080078125014 0.26562500000000006 0.008104104548692705 0.062377929687500007 0.017073146998882297 0.57543945312500011 0.42199707031250006 0.076629638671875014 -0.0038766860961914058
decision_type=2 2 2 2 2 2 2 2 2 2 2 2 2 2 2 2 2 2 2 2 2 2 2 2 2 2 2 2 2 2
left_child=9 2 4 5 8 -4 -6 -3 -2 14 11 13 -13 29 17 23 -17 18 -1 -20 22 -22 -19 24 -16 -25 27 28 -12 -11
right_child=1 7 3 -5 6 -7 -8 -9 -10 10 26 12 -14 -15 15 16 -18 20 19 -21 21 -23 -24 25 -26 -27 -28 -29 -30 -31
leaf_value=0.0050167588910718609 0.001441126519925574 0.00023180584305960395 -0.0018457177181941137 0.0085513414332828892 0.001000587454043239 0.0048910645135252021 0.0074474944111547967 -0.0039813952014603965 -0.0029639465546085347 -0.003435771537673122 -0.0010031155497989646 0.00078673674380791273 0.0076037529707678308 0.0026716763851333601 0.0058130058997249642 0.0070072992281033928 0.0010297029921184911 -0.00050976361684336154 0.0024591514450808651 0.00014394928087501553 -0.00021893966739469043 -0.0013849197927706999 0.00030934452402288419 0.0010725404482710833 0.00032985486317622779 -0.0029072865975952283 -0.0064236105771425644 0.0020412657499736084 -0.0047387434114863616 -0.00057060622961254911
leaf_weight=2520 2788 324710 2018 2126 1640 1898 1500 1779 3219 4658 5791 1966 1628 2503 2009 2408 10549 101249 8723 150750 560119 40803 273667 4082 21142 5752 1592 1672 3917 14272
leaf_count=2520 2788 324710 2018 2126 1640 1898 1500 1779 3219 4658 5791 1966 1628 2503 2009 2408 10549 101249 8723 150750 560119 40803 273667 4082 21142 5752 1592 1672 3917 14272
internal_value=5.64995e-06 0.000291222 0.00206445 0.00395425 0.000810257 0.00142772 0.00410796 0.000208606 -0.000921443 -7.4216e-05 -0.000914809 -0.000135488 0.00389968 -0.000815131 -4.72181e-05 0.000746058 0.0021497 -7.92606e-05 0.000345319 0.000270881 -0.000149748 -0.000298154 8.81226e-05 0.000193719 0.000810279 -0.00125647 -0.00241584 -0.00184489 -0.00251702 -0.0012785
internal_weight=1.56345e+06 341678 15189 6042 9147 3916 3140 326489 6007 1.22177e+06 37999 25027 3594 21433 1.18377e+06 45942 12957 1.13783e+06 161993 159473 975838 600922 374916 32985 23151 9834 12972 11380 9708 18930
internal_count=1563450 341678 15189 6042 9147 3916 3140 326489 6007 1221772 37999 25027 3594 21433 1183773 45942 12957 1137831 161993 159473 975838 600922 374916 32985 23151 9834 12972 11380 9708 18930
is_linear=0
shrinkage=0.01


Tree=158
num_leaves=29
num_cat=0
split_feature=51 32 59 58 25 74 33 65 55 73 46 83 41 77 38 73 2 51 8 83 8 27 56 32 8 59 83 12
split_gain=340.455 355.265 317.169 288.751 468.511 261.561 245.478 235.528 343.282 273.772 271.268 233.946 377.78 363.391 258.456 377.433 257.603 254.344 229.46 322.026 273.465 196.147 249.63 160.32 139.434 131.141 121.114 115.017
threshold=0.015506744384765627 0.036224365234375007 -0.013568878173828123 0.061416625976562507 0.64062500000000011 -0.19719940423965451 2.1201171875000004 0.11477661132812501 -0.21270751953124997 -0.027255900204181668 0.30139160156250006 -0.53567838668823231 0.081878662109375014 0.012027978897094728 -1.4086914062499998 -0.011726148426532744 -0.021789550781249997 0.020347595214843753 -0.74584960937499989 -0.39127284288406367 0.92993164062500011 0.0068092346191406259 0.042251586914062507 0.040283203125000007 -0.067352294921874986 0.017402648925781253 -1.4171061515808103 -0.014007568359374998
decision_type=2 2 2 2 2 2 2 2 2 2 2 2 2 2 2 2 2 2 2 2 2 2 2 2 2 2 2 2
left_child=3 5 -3 4 6 -2 18 10 21 -10 27 14 13 -13 15 -7 -14 -16 19 -1 -20 26 -23 24 -4 -25 -9 -5
right_child=1 2 23 7 -6 11 -8 8 9 -11 -12 12 16 -15 17 -17 -18 -19 20 -21 -22 22 -24 25 -26 -27 -28 -29
leaf_value=0.00019395560720531947 0.0040474463731175183 0.0012653016514750041 -0.0066551275645584376 0.00049974371333074688 0.0042530824168815484 0.0019666251402992029 0.0027515868226172962 -0.0041618749446973944 0.004876608092051286 -0.00074283262003705514 -0.0061491931103883112 0.0056692979517772154 0.0027877058833023238 0.00078824261712183679 2.1857434579318357e-05 -0.0001785155988821377 -0.0011835997887919701 0.0033011724466009986 -0.00055660625526205701 0.0048408380086974309 0.00064950288795083454 0.0019958318095246535 -0.0015053450433103266 -0.0035426868058403027 -0.0024191221226338468 0.00028046107950996184 -0.00098230776168867283 -0.0031962513269529098
leaf_weight=46334 1653 2356 1624 1584 2318 16924 2685 3339 1696 1743 1944 1539 1810 71934 1152292 15892 15245 2350 176392 1521 21024 2648 8596 1677 1541 1898 1886 1766
leaf_count=46334 1653 2356 1624 1584 2318 16924 2685 3339 1696 1743 1944 1539 1810 71934 1152292 15892 15245 2350 176392 1521 21024 2648 8596 1677 1541 1898 1886 1766
internal_value=1.37825e-05 8.19925e-05 -0.00188514 -0.000305301 -0.000202509 9.60046e-05 -0.000244501 -0.00132513 -0.000824897 0.00204066 -0.00319607 9.08304e-05 0.000580791 0.000891998 5.34682e-05 0.000928309 -0.000759365 2.85888e-05 -0.000277522 0.00034361 -0.000428108 -0.00142502 -0.000678726 -0.00298688 -0.00462081 -0.00152267 -0.00302231 -0.00145606
internal_weight=1.56421e+06 1.28874e+06 9096 275476 250274 1.27964e+06 247956 25202 19908 3439 5294 1.27799e+06 90528 73473 1.18746e+06 32816 17055 1.15464e+06 245271 47855 197416 16469 11244 6740 3165 3575 5225 3350
internal_count=1564211 1288735 9096 275476 250274 1279639 247956 25202 19908 3439 5294 1277986 90528 73473 1187458 32816 17055 1154642 245271 47855 197416 16469 11244 6740 3165 3575 5225 3350
is_linear=0
shrinkage=0.01


Tree=159
num_leaves=31
num_cat=0
split_feature=50 3 1 69 16 50 13 73 46 50 61 77 7 40 74 73 33 28 60 33 3 26 82 59 33 71 48 45 18 51
split_gain=348.662 519.432 450.543 651.924 540.313 528.154 622.997 499.484 446.656 418.565 398.509 502.188 379.181 375.107 339.004 336.001 325.896 319.536 317.533 556.803 300.836 296.236 331.171 295.941 380.569 281.005 278.728 444.277 274.611 265.068
threshold=0.038009643554687507 -0.91528320312499989 0.047698974609375007 0.45675109326839453 0.062377929687500007 0.040206909179687507 0.65893554687500011 -0.0067528104409575454 0.34924316406250006 0.037582397460937507 -0.0064868927001953116 0.014969220384955408 -0.0069446563720703116 0.29687500000000006 -0.08792898058891295 -0.0069764535874128333 1.0419921875000002 0.75415039062500011 -0.0030393600463867183 -0.55712890624999989 -1.4526367187499998 0.098541259765625014 0.076802253723144545 0.032302856445312507 -0.94702148437499989 0.26599393784999853 8.0898437500000018 1.1718750000000002 -0.80541992187499989 0.017478942871093753
decision_type=2 2 2 2 2 2 2 2 2 2 2 2 2 2 2 2 2 2 2 2 2 2 2 2 2 2 2 2 2 2
left_child=9 2 7 4 8 6 -5 12 -4 21 11 14 -2 -6 -11 18 25 20 19 -12 -9 22 23 29 -25 -3 -27 -28 -20 -1
right_child=1 16 3 5 13 -7 -8 17 -10 10 15 -13 -14 -15 -16 -17 -18 -19 28 -21 -22 -23 -24 24 -26 26 27 -29 -30 -31
leaf_value=-0.00016980620355486867 0.0013772055674135014 -0.0033721818893129212 0.0020313530723680973 0.0052784851195501001 -0.0032496182874464327 0.0089900252161496282 -0.00065670534151806388 0.006616167630577199 0.0081963215480770988 -0.0031697329848292743 0.0019303531227426631 0.0049586976010411246 -0.0038389691667757887 0.00074878503179376615 0.0019334401768413398 -0.0030211313424848853 -0.0020631942876376385 -0.00040267666294047517 -0.0047124825786678867 -0.00073250527394715873 0.00055488536736535642 0.0016313241228654788 -0.0014853161189043982 -0.0010288068481162159 0.00027128124012735833 -0.0018511643653405035 0.0014620596765813716 0.00010153579934446003 -0.0013576922112687538 -0.0030264239713809439
leaf_weight=514536 1938 2262 4539 4293 2603 1724 2991 1697 1576 2324 8765 2701 4864 22233 2908 6644 6860 4371 2983 74004 1573 10452 15999 24102 338225 6873 25338 448839 13195 3249
leaf_count=514536 1938 2262 4539 4293 2603 1724 2991 1697 1576 2324 8765 2701 4864 22233 2908 6644 6860 4371 2983 74004 1573 10452 15999 24102 338225 6873 25338 448839 13195 3249
internal_value=-3.47129e-06 0.000200831 0.00112769 0.00167459 0.000984186 0.00403936 0.00284622 -0.00038562 0.00364177 -0.00011254 -0.000684908 0.00147414 -0.00235312 0.000327445 -0.000336775 -0.000847366 9.79208e-05 0.00136741 -0.000700823 -0.000450118 0.00372155 -4.08518e-05 -6.03916e-05 -3.44557e-05 0.000184747 0.000128679 0.000145281 0.000174295 -0.00198132 -0.000187847
internal_weight=1.56466e+06 544574 54402 39959 30951 9008 7284 14443 6115 1.02009e+06 113524 7933 6802 24836 5232 105591 490172 7641 98947 82769 3270 906563 896111 880112 362327 483312 481050 474177 16178 517785
internal_count=1564661 544574 54402 39959 30951 9008 7284 14443 6115 1020087 113524 7933 6802 24836 5232 105591 490172 7641 98947 82769 3270 906563 896111 880112 362327 483312 481050 474177 16178 517785
is_linear=0
shrinkage=0.01


Tree=160
num_leaves=31
num_cat=0
split_feature=58 20 25 42 13 77 70 33 33 18 1 32 6 71 58 8 67 23 68 81 81 72 41 43 61 31 36 65 71 33
split_gain=501.785 418.242 481.703 466.99 501.391 1107.2 407.775 403.923 419.289 380.074 625.47 734 400.824 364.478 405.546 291.128 274.883 258.392 391.137 520.978 644.727 378.347 595.917 356.26 312.682 214.726 484.456 419.623 537.966 321.048
threshold=0.067779541015625014 0.26562500000000006 0.35937500000000006 -0.015914916992187497 0.88793945312500011 0.015992917120456699 0.70599311590194713 -1.5795898437499998 -0.91528320312499989 0.84619140625000011 0.086517333984375014 -0.018653869628906247 0.084014892578125014 0.29610852897167211 0.067962646484375014 -0.69091796874999989 -0.043075561523437493 -1.4423828124999998 0.020442962646484378 0.001154371537268162 0.00089641590602695953 -0.11297833919525145 0.089996337890625014 0.93579101562500011 -0.0040187835693359366 0.053863525390625007 0.066192626953125014 0.12435913085937501 0.31299549341201788 -0.47033691406249994
decision_type=2 2 2 2 2 2 2 2 2 2 2 2 2 2 2 2 2 2 2 2 2 2 2 2 2 2 2 2 2 2
left_child=17 7 9 13 6 -6 -5 -2 -9 10 12 -12 -3 -4 -15 -10 -17 18 19 20 -1 -20 24 -24 -23 26 27 28 -19 -27
right_child=1 2 3 4 5 -7 -8 8 15 -11 11 -13 -14 14 -16 16 -18 25 21 -21 -22 22 23 -25 -26 29 -28 -29 -30 -31
leaf_value=0.0010703484617108491 0.0041646365632418718 -0.0036170703926305665 -0.0041152094609795079 0.00040147115153778452 0.0066046187303684381 -0.002613138032672371 0.0029163845581472326 -0.0038089062345339 0.0033685700966129251 0.0071415380571248398 0.00097748535488040517 0.0081213450320941887 0.0022236207413936959 0.0046835753206608526 -0.00043711447354362109 0.00029216298208457062 -0.0030755382338576069 0.0076142400574399187 -0.0014940203218531578 -0.0019020180188266023 0.0082209019832498349 0.00063144762625326413 0.0078243155812029799 0.0018007811099054114 -0.0039822330609630644 0.00023749649984775194 -0.00099812929652923687 -0.0022111610776658686 0.0010390083155904055 -0.00014815057748518169
leaf_weight=2609 1510 2329 2460 40558 4300 1853 7648 4502 1865 1676 3182 2614 2332 1638 23004 6861 3725 1737 8517 1657 2433 13111 1747 2246 1634 269446 55678 2111 4292 1085306
leaf_count=2609 1510 2329 2460 40558 4300 1853 7648 4502 1865 1676 3182 2614 2332 1638 23004 6861 3725 1737 8517 1657 2433 13111 1747 2246 1634 269446 55678 2111 4292 1085306
internal_value=-2.77713e-05 0.000616934 0.000888263 0.000611023 0.0011455 0.00382918 0.000801512 -0.00075798 -0.00120083 0.00274558 0.00202873 0.00421622 -0.00069783 -0.000461045 -9.32104e-05 -0.000253208 -0.000896428 -7.75158e-05 0.000784328 0.0029454 0.00453967 0.000251388 0.00104548 0.00446203 0.000115471 -9.81551e-05 -0.000664923 0.00161108 0.00295229 -7.1447e-05
internal_weight=1.56458e+06 112057 93594 81461 54359 6153 48206 18463 16953 12133 10457 5796 4661 27102 24642 12451 10586 1.45252e+06 33954 6699 5042 27255 18738 3993 14745 1.41857e+06 63818 8140 6029 1.35475e+06
internal_count=1564581 112057 93594 81461 54359 6153 48206 18463 16953 12133 10457 5796 4661 27102 24642 12451 10586 1452524 33954 6699 5042 27255 18738 3993 14745 1418570 63818 8140 6029 1354752
is_linear=0
shrinkage=0.01


Tree=161
num_leaves=31
num_cat=0
split_feature=51 30 45 23 2 32 8 65 52 7 18 79 40 13 57 0 62 70 45 41 0 73 38 59 57 52 38 83 62 30
split_gain=447.341 276.372 466.357 320.489 300.456 297.21 279.325 262.192 726.062 253.173 483.455 435.05 508.922 408.138 309.097 259.78 252.953 554.718 472.953 686.933 441.563 306.919 255.002 202.903 235.259 205.932 531.605 258.406 216.474 313.689
threshold=0.014308929443359377 0.73437500000000011 2.3281250000000004 -0.79760742187499989 -0.012344360351562498 0.012561798095703127 0.46545410156250006 0.11276245117187501 0.050399780273437507 0.024803161621093753 -0.31579589843749994 0.00517178699374199 0.48437500000000006 1.2338867187500002 0.020164489746093753 0.51562500000000011 -0.0082969665527343733 0.70863994956016552 1.3281250000000002 0.099395751953125014 0.67187500000000011 -0.089193314313888536 -1.0937499999999998 -0.025840759277343747 0.019767761230468753 0.049636840820312507 0.55102539062500011 -1.4089512825012205 -0.0079002380371093733 0.48437500000000006
decision_type=2 2 2 2 2 2 2 2 2 2 2 2 2 2 2 2 2 2 2 2 2 2 2 2 2 2 2 2 2 2
left_child=23 9 6 -4 -5 -6 7 8 -3 16 14 13 -13 -12 -11 -16 17 21 19 -18 -20 -2 -19 24 25 28 -27 -28 -1 -30
right_child=1 2 3 4 5 -7 -8 -9 -10 10 11 12 -14 -15 15 -17 18 22 20 -21 -22 -23 -24 -25 -26 26 27 -29 29 -31
leaf_value=-0.0021005240668614871 -0.0036494967640442995 0.0013572951705630768 0.0035961704977883696 -0.0036740836282388879 -0.0037757344760941071 0.00077673717244889089 -0.00039347580474093791 0.0011140657568355643 0.009652760147646636 0.0037405020617865942 0.0018271139199134403 -0.0043811972775698888 0.0012679099426750923 -0.0032189875539210188 -0.0010715149147876566 0.0017958379912468153 0.0015860137070008141 -0.0049192429251933211 -9.3010083087324475e-09 -0.0011398079014252943 0.0045043909204060626 -6.2871839445271421e-05 -0.00095612455270103439 -0.0025587888012052248 0.0016252627278353113 0.0039985278062331367 0.00086152068247081245 -0.0033707358875488141 9.4651983446141809e-05 -0.0024379799751810326
leaf_weight=15449 2372 2160 2258 2378 1628 11029 1878 2126 2057 1645 36813 2806 3645 1658 24080 3618 44324 1652 347828 11665 2170 936852 57806 6424 4072 2905 2899 2839 18045 6688
leaf_count=15449 2372 2160 2258 2378 1628 11029 1878 2126 2057 1645 36813 2806 3645 1658 24080 3618 44324 1652 347828 11665 2170 936852 57806 6424 4072 2905 2899 2839 18045 6688
internal_value=-3.14507e-05 2.14002e-06 0.00103364 0.000100582 -0.000428475 0.000186145 0.00299134 0.00399159 0.00543018 -1.56688e-05 0.000553274 0.00120516 -0.00119524 0.00160808 -0.000444856 -0.000695947 -4.57563e-05 -0.000131317 0.000164709 0.0010179 2.81739e-05 -7.20073e-05 -0.00106785 -0.000883062 -0.000678666 -0.0008714 0.000527939 -0.00123691 -0.00117251 -0.000591608
internal_weight=1.56377e+06 1.50445e+06 25514 17293 15035 12657 8221 6343 4217 1.47893e+06 74265 44922 6451 38471 29343 27698 1.40467e+06 998682 405987 55989 349998 939224 59458 59321 52897 48825 8643 5738 40182 24733
internal_count=1563769 1504448 25514 17293 15035 12657 8221 6343 4217 1478934 74265 44922 6451 38471 29343 27698 1404669 998682 405987 55989 349998 939224 59458 59321 52897 48825 8643 5738 40182 24733
is_linear=0
shrinkage=0.01


Tree=162
num_leaves=27
num_cat=0
split_feature=57 33 62 43 75 33 54 73 62 83 6 2 6 5 7 68 16 73 5 77 45 18 33 10 77 77
split_gain=293.971 272.822 758.599 608.589 433.872 414.21 426.826 438.961 414.277 312.074 305.514 302.31 556.278 455.508 293.268 422.645 371.127 333.128 400.179 381.323 249.377 225.745 221.756 274.773 157.915 327.769
threshold=0.016899108886718753 -0.47033691406249994 -0.010707855224609373 -0.99951171874999989 -0.054402463138103478 -1.2304687499999998 -0.099212646484374986 -0.048027068376541131 -0.0073108673095703116 -0.5691385269165038 0.085968017578125014 0.028030395507812503 0.074951171875000014 0.23437500000000003 0.024803161621093753 0.018497467041015628 0.084991455078125014 -0.0052381865680217734 0.48437500000000006 0.016199439764022831 1.0781250000000002 0.99633789062500011 1.3139648437500002 0.26562500000000006 0.0085139013826847094 0.0093463957309722918
decision_type=2 2 2 2 2 2 2 2 2 2 2 2 2 2 2 2 2 2 2 2 2 2 2 2 2 2
left_child=22 4 3 -3 5 24 8 -8 -7 11 -5 13 -13 -6 17 21 -17 19 -19 -4 -12 -16 23 -1 -2 -26
right_child=1 2 14 10 9 6 7 -9 -10 -11 20 12 -14 -15 15 16 -18 18 -20 -21 -22 -23 -24 -25 25 -27
leaf_value=0.0014019521602617478 -0.0040482552445790963 0.0075046927412651338 -5.4665595721086582e-05 0.0047881468230756207 0.0017337340958112487 0.00053568964641105652 0.0073021052078613173 0.001955581171813177 0.0049866646618720251 0.0034018814292536524 -0.0030206219689352209 -0.0030203634726496034 0.00059964251898255512 6.0182261826973521e-05 -0.00042082082069464747 0.00074536549218252575 0.0032917038922103733 -0.00087069433327924977 0.0040912773432422514 0.0017251451357649945 0.0022597973866494816 -0.0045548030829695059 -0.0051564680826969638 -0.0037057569751225341 0.002505314143336549 -0.0023633513969552487
leaf_weight=2303 1637 2229 1009749 1656 17211 55185 1668 17510 2154 2837 1776 8499 8450 289730 9830 30447 7035 67367 1646 12163 1762 1507 1735 1909 2185 3690
leaf_count=2303 1637 2229 1009749 1656 17211 55185 1668 17510 2154 2837 1776 8499 8450 289730 9830 30447 7035 67367 1646 12163 1762 1507 1735 1909 2185 3690
internal_value=4.65535e-05 5.50378e-05 -2.41486e-05 0.00315799 0.000276181 0.000916956 0.00113698 0.00242772 0.000704576 0.000111338 0.00127097 8.23077e-05 -0.00121701 0.00015413 -4.49285e-05 0.000713195 0.00122479 -7.8867e-05 -0.000751197 -3.34486e-05 -0.000392939 -0.000977395 -0.00216881 -0.000919582 -0.00132127 -0.000550266
internal_weight=1.56387e+06 1.55792e+06 1.14717e+06 7423 410756 84029 76517 19178 57339 326727 5194 323890 16949 306941 1.13974e+06 48819 37482 1.09092e+06 69013 1.02191e+06 3538 11337 5947 4212 7512 5875
internal_count=1563870 1557923 1147167 7423 410756 84029 76517 19178 57339 326727 5194 323890 16949 306941 1139744 48819 37482 1090925 69013 1021912 3538 11337 5947 4212 7512 5875
is_linear=0
shrinkage=0.01


Tree=163
num_leaves=27
num_cat=0
split_feature=55 64 21 18 50 16 6 48 26 47 8 33 31 46 15 36 48 48 8 83 48 30 77 32 64 61
split_gain=440.24 424.322 328.22 292.498 449.403 413.893 346.045 343.387 309.631 255.964 242.922 328.275 292.776 309.653 348.843 331.478 330.774 262.599 231.116 419.972 382.473 272.024 371.504 238.862 210.359 185.932
threshold=-0.21051025390624997 0.034530639648437507 0.035140991210937507 -1.3867187499999998 0.035751342773437507 0.053375244140625007 0.094512939453125014 10.105468750000002 0.041427612304687507 0.24188232421875003 0.92993164062500011 2.1201171875000004 0.096405029296875014 0.28161621093750006 0.26562500000000006 0.089752197265625014 10.777343750000002 8.9960937500000018 -0.71679687499999989 -0.39127284288406367 12.746093750000002 0.73437500000000011 0.0080777257680892962 -0.0047817230224609366 0.035415649414062507 -0.0051403045654296866
decision_type=2 2 2 2 2 2 2 2 2 2 2 2 2 2 2 2 2 2 2 2 2 2 2 2 2 2
left_child=10 -2 9 4 -4 7 -6 -5 -7 -3 11 18 13 17 16 -16 -15 -12 19 20 -1 23 -23 -20 25 -14
right_child=1 2 3 5 6 8 -8 -9 -10 -11 12 -13 24 14 15 -17 -18 -19 21 -21 -22 22 -24 -25 -26 -27
leaf_value=-0.00065495653591888766 0.0051075661534483513 -6.2780326341038101e-05 0.0058967149119883632 0.00046424551135869829 0.0012790861367029411 -0.0020399108770661504 -0.0018207212466805644 -0.0019181570487040414 8.1171120485893953e-05 0.0052773970232577131 0.0014434375625267132 0.0031272905564544225 -0.0052587535428466024 0.00071005010284005249 -0.0018040752531830865 0.0018248633310682303 0.0066250395330087267 0.0067337345078126113 -9.0336816193175983e-06 0.0050145151101395682 0.0012006380901892547 -0.0002859721811678315 0.0053905281599219701 -0.00090840565728571754 0.0015646793279920129 -0.00065851114878672434
leaf_weight=35589 1656 1539 1797 8854 20921 6901 4331 19038 1229125 2132 2214 2505 1674 2395 6584 4048 1548 1627 37027 1653 16124 3479 1703 145842 1521 1839
leaf_count=35589 1656 1539 1797 8854 20921 6901 4331 19038 1229125 2132 2214 2505 1674 2395 6584 4048 1548 1627 37027 1653 16124 3479 1703 145842 1521 1839
internal_value=2.9524e-06 7.91578e-05 7.26471e-05 6.41324e-05 0.00109268 4.21036e-05 0.000746414 -0.0011621 6.92958e-05 0.00305042 -0.000366491 -0.000459957 0.000605285 0.00118938 0.000521567 -0.00042157 0.00305396 0.00370761 -0.000497435 8.33559e-05 -7.61457e-05 -0.000662246 0.00159309 -0.000726323 -0.00152777 -0.00286796
internal_weight=1.56367e+06 1.29629e+06 1.29464e+06 1.29097e+06 27049 1.26392e+06 25252 27892 1.23603e+06 3671 267372 243922 23450 18416 14575 10632 3943 3841 241417 53366 51713 188051 5182 182869 5034 3513
internal_count=1563666 1296294 1294638 1290967 27049 1263918 25252 27892 1236026 3671 267372 243922 23450 18416 14575 10632 3943 3841 241417 53366 51713 188051 5182 182869 5034 3513
is_linear=0
shrinkage=0.01


Tree=164
num_leaves=31
num_cat=0
split_feature=52 62 48 66 60 64 27 0 8 40 52 64 15 32 52 41 81 38 61 20 74 36 33 21 33 32 33 56 81 56
split_gain=462.277 471.083 435.243 396.147 359.518 353.672 339.743 471.091 462.169 685.552 465.063 383.178 332.322 330.228 327.164 342.589 307.628 449.434 376.579 319.327 343.48 305.061 426.847 413.882 294.271 487.823 432.859 286.869 321.872 279.842
threshold=0.054885864257812507 -0.010051727294921873 8.4570312500000018 -0.11380004882812499 -0.0044498443603515616 0.034896850585937507 -0.0040264129638671866 0.32812500000000006 -0.73046874999999989 0.42187500000000006 0.054763793945312507 0.033462524414062507 0.32812500000000006 0.014461517333984377 0.054946899414062507 0.085845947265625014 0.0012074613478034737 0.27099609375000006 -0.0063266754150390616 0.39062500000000006 -0.15473368763923642 0.051696777343750007 1.1850585937500002 0.10720825195312501 -0.055511474609374993 0.0028095245361328129 -0.062606811523437486 0.039382934570312507 0.0015085088089108469 0.040176391601562507
decision_type=2 2 2 2 2 2 2 2 2 2 2 2 2 2 2 2 2 2 2 2 2 2 2 2 2 2 2 2 2 2
left_child=1 3 4 16 -2 -4 12 8 9 -8 -10 -9 -3 -13 15 -7 19 18 -18 20 -1 22 -16 -23 26 -26 -14 -5 29 -29
right_child=2 6 5 27 -6 14 7 11 10 -11 -12 13 24 -15 21 -17 17 -19 -20 -21 -22 23 -24 -25 25 -27 -28 28 -30 -31
leaf_value=-0.00018749433635461212 -0.0035438008366259171 -0.00050291714366686678 0.0038290096070869892 -0.003868547811374798 -0.00037930408945018246 0.0010779786302444877 0.0031171178414157092 -0.0025501066882720985 9.5242775860206316e-05 -0.0014966318902954433 -0.0045231333130695784 -0.00063278453615857419 0.00038259814494374911 0.00014438630227920477 0.0011569182248257115 0.0055121749291930488 0.0089212230705319161 0.00059356725310585033 0.0030481343613894315 -0.0013147085958402339 0.004671835133118106 0.0001027031051579228 -0.004089564704078009 0.0021568116730361769 -0.00095293247596016253 0.00012344310165826093 0.0050649890899061257 -0.00099749075664076845 -0.0027578075587581263 0.0040506029729573236
leaf_weight=2752 5173 106261 2769 1982 11650 8525 11529 9158 64216 4452 2237 277598 174927 68074 46460 2175 1923 3002 2568 3892 3062 464143 1585 10001 52619 210386 1977 1864 2106 2630
leaf_count=2752 5173 106261 2769 1982 11650 8525 11529 9158 64216 4452 2237 277598 174927 68074 46460 2175 1923 3002 2568 3892 3062 464143 1585 10001 52619 210386 1977 1864 2106 2630
internal_value=-5.10064e-06 -0.000132397 0.000227428 0.00120146 -0.00135543 0.000277189 -0.000167389 -0.00037511 0.000305819 0.00183155 -6.15392e-05 -0.000533311 -1.07948e-06 -0.000479735 0.00025859 0.00198792 0.00207631 0.00359594 0.00559133 0.000898182 0.00237896 0.00022308 0.000982208 0.000146119 0.000120158 -9.19618e-05 0.000435493 -0.000552558 0.000451922 0.00196164
internal_weight=1.5617e+06 1.00922e+06 552481 25781 16823 535658 983434 437264 82434 15981 66453 354830 546170 345672 532889 10700 17199 7493 4491 9706 5814 522189 48045 474144 439909 263005 176904 8582 6600 4494
internal_count=1561696 1009215 552481 25781 16823 535658 983434 437264 82434 15981 66453 354830 546170 345672 532889 10700 17199 7493 4491 9706 5814 522189 48045 474144 439909 263005 176904 8582 6600 4494
is_linear=0
shrinkage=0.01


Tree=165
num_leaves=31
num_cat=0
split_feature=58 2 54 8 55 57 57 62 23 1 41 57 68 8 11 38 30 12 8 57 58 52 13 31 56 79 81 81 56 81
split_gain=484.453 412.664 440.446 581.442 622.598 548.729 400.311 460.258 394.447 536.733 363.373 327.095 326.088 616.745 436.415 396.46 427.003 374.368 376.453 315.318 312.973 306.547 299.406 381.84 313.563 296.431 334.45 276.13 769.25 275.762
threshold=0.064056396484375014 -0.013053894042968748 -0.059738159179687493 -0.92968749999999989 -0.14556884765624997 0.021583557128906253 0.022285461425781253 -0.0082435607910156233 -1.0371093749999998 0.060043334960937507 0.064849853515625014 0.016899108886718753 0.019214630126953128 0.37292480468750006 0.077972412109375014 -0.23510742187499997 0.35937500000000006 -0.00057315826416015614 -0.56127929687499989 0.025276184082031253 0.064971923828125014 0.057510375976562507 0.11605834960937501 0.065093994140625014 0.041213989257812507 0.0091219358146190661 0.0013063005171716215 0.0014726091176271441 0.040115356445312507 0.0017469665035605433
decision_type=2 2 2 2 2 2 2 2 2 2 2 2 2 2 2 2 2 2 2 2 2 2 2 2 2 2 2 2 2 2
left_child=11 2 3 -2 20 -6 7 -4 -8 -10 -9 -1 13 15 17 16 -3 18 -14 25 -5 -19 23 -16 -24 29 -27 28 -15 -13
right_child=1 12 6 4 5 -7 8 10 9 -11 -12 19 14 27 22 -17 -18 21 -20 -21 -22 -23 24 -25 -26 26 -28 -29 -30 -31
leaf_value=-0.0024323500721595802 0.0079324978124899956 0.0012976092561980746 -0.0039264858673751912 -0.0037506002449367928 0.005051825163566729 0.0014091469311871743 0.0054090396595990933 -0.0035153288351904327 0.0017302455115755632 -0.0012818467017023055 0.0012690468609997774 -0.00010815222073822279 -0.00064733749438158244 -0.0024032538091435154 0.00040046561430198756 -0.00072163485695610067 0.0053881495890336596 0.0027368151517068186 0.00047461380098836367 -0.0039801068040996122 0.0015161765273963128 -5.2495462317434042e-05 -0.0013894097352301761 -0.0030348464842659892 -7.3531542069545598e-06 2.41692175464224e-05 0.005246446942561254 -0.0032125310469808218 0.003912917948309491 0.0022605708663933862
leaf_weight=5992 1505 4510 4058 2896 5389 17683 1859 2058 16662 9149 6705 1047649 36576 4230 5297 2622 5907 11605 163616 2063 1826 5959 18349 8277 154424 2751 2193 2754 3510 4918
leaf_count=5992 1505 4510 4058 2896 5389 17683 1859 2058 16662 9149 6705 1047649 36576 4230 5297 2622 5907 11605 163616 2063 1826 5959 18349 8277 154424 2751 2193 2754 3510 4918
internal_value=1.38848e-05 0.000271554 0.000984418 0.00191789 0.00158674 0.00226362 0.00030835 -0.00115121 0.000984987 0.00066241 0.000139985 -0.000106403 0.000155175 0.00129896 8.85052e-05 0.00274961 0.00362305 0.000392493 0.000269584 -9.32038e-05 -0.00171613 0.00179149 -0.000266724 -0.00169566 -0.000154275 -8.55461e-05 0.00235241 -0.000505306 0.000463759 -9.70419e-05
internal_weight=1.56299e+06 497426 69790 29299 27794 23072 40491 12821 27670 25811 8763 1.06557e+06 427636 23533 404103 13039 10417 217756 200192 1.05957e+06 4722 17564 186347 13574 172773 1.05751e+06 4944 10494 7740 1.05257e+06
internal_count=1562992 497426 69790 29299 27794 23072 40491 12821 27670 25811 8763 1065566 427636 23533 404103 13039 10417 217756 200192 1059574 4722 17564 186347 13574 172773 1057511 4944 10494 7740 1052567
is_linear=0
shrinkage=0.01


Tree=166
num_leaves=31
num_cat=0
split_feature=72 62 7 17 17 13 33 68 75 52 45 3 33 33 52 46 7 30 2 16 74 51 25 45 73 8 31 1 73 1
split_gain=434.351 380.542 437.233 386.849 493.422 420.086 304.137 266.856 519.386 299.843 396.194 360.996 321.275 754.469 296.325 246.208 250.155 228.507 441.594 222.357 348.544 700.478 488.556 384.181 369.212 336.762 255.619 324.202 322.822 363.604
threshold=-0.16906711459159848 -0.010204315185546873 0.032577514648437507 0.023811340332031253 0.029342651367187503 -1.1840820312499998 1.1157226562500002 0.018718719482421878 -0.092478290200233446 0.054885864257812507 0.98437500000000011 -0.66113281249999989 -0.94702148437499989 -0.82324218749999989 0.050827026367187507 0.23126220703125003 -0.012905120849609373 0.23437500000000003 0.020805358886718753 0.059616088867187507 -0.22817400097846982 0.014308929443359377 0.26562500000000006 1.1718750000000002 -0.0087515898048877699 0.66821289062500011 0.089019775390625014 0.067474365234375014 -0.012946454808115957 0.057434082031250007
decision_type=2 2 2 2 2 2 2 2 2 2 2 2 2 2 2 2 2 2 2 2 2 2 2 2 2 2 2 2 2 2
left_child=19 2 3 5 -5 -2 -7 8 -3 12 -11 -12 14 -14 -9 -10 -17 -4 -19 -1 21 24 23 -23 25 -21 28 -28 29 -22
right_child=1 7 17 4 -6 6 -8 9 15 10 11 -13 13 -15 -16 16 -18 18 -20 20 26 22 -24 -25 -26 -27 27 -29 -30 -31
leaf_value=-0.0016508438302983222 0.0058391417247901298 -0.0026198977686697372 -0.0046748808216303594 -0.0054329530604430489 0.0014501857899879489 0.0017203362678676294 -0.002630540352467208 -0.0052487108883631497 -0.003352960406924167 -0.0039347620077077013 0.00072224302713145704 3.3151986945225742e-05 0.0020086858094122912 -0.00017994514760215886 -0.00090039271785163758 0.0012323708431381667 0.00030011089360021609 -0.0023204474519621229 0.0040331018990049719 -0.00062159241097677282 0.0048956425477191187 -0.00091312081652744951 0.0068227103853449583 0.003688224214008687 0.0023108796784526956 -0.0044015405845695115 -0.0037763433890583916 -0.00094901495402598601 -0.0023025820059759971 -6.6488331621694858e-05
leaf_weight=18960 2359 5682 1580 1761 2493 27191 1690 1624 1673 2357 92710 421991 16108 673135 34126 35560 150793 3482 1571 18732 1773 3651 2110 3575 3711 2678 6405 11051 4943 8368
leaf_count=18960 2359 5682 1580 1761 2493 27191 1690 1624 1673 2357 92710 421991 16108 673135 34126 35560 150793 3482 1571 18732 1773 3651 2110 3575 3711 2678 6405 11051 4943 8368
internal_value=-4.34846e-06 3.58479e-05 0.000972407 0.00141278 -0.00141127 0.00179799 0.0014641 8.35487e-06 0.000353553 -4.54865e-05 0.000138492 0.000157297 -0.000176698 -0.000128739 -0.00110075 0.000443678 0.000478118 -0.00138123 -0.000336988 -0.000695304 -0.000424477 0.000276413 0.00261217 0.00136725 -0.000593038 -0.00109806 -0.00116637 -0.00198956 -0.000212363 0.000808994
internal_weight=1.56384e+06 1.47789e+06 42127 35494 4254 31240 28881 1.43576e+06 193708 1.24205e+06 517058 514701 724993 689243 35750 188026 186353 6633 5053 85957 66997 34457 9336 7226 25121 21410 32540 17456 15084 10141
internal_count=1563843 1477886 42127 35494 4254 31240 28881 1435759 193708 1242051 517058 514701 724993 689243 35750 188026 186353 6633 5053 85957 66997 34457 9336 7226 25121 21410 32540 17456 15084 10141
is_linear=0
shrinkage=0.01


Tree=167
num_leaves=25
num_cat=0
split_feature=62 7 41 56 58 72 38 81 3 70 76 76 31 43 6 2 62 68 5 36 33 50 2 21
split_gain=273.541 519.761 492.31 629.222 411.582 608.928 378.295 279.169 260.553 219.067 413.445 385.797 461.914 383.854 378.298 381.179 353.082 529.648 302.058 301.039 284.932 240.883 203.937 185.724
threshold=-0.010265350341796873 0.032577514648437507 0.051971435546875007 0.042404174804687507 0.061416625976562507 -0.11842742562294005 0.26354980468750006 0.0012947516515851023 2.1044921875000004 0.67552414536476146 0.034179508686065681 0.033775560557842262 0.072296142578125014 0.075103759765625014 0.12249755859375001 -0.0081977844238281233 -0.0090599060058593733 0.018405914306640628 0.14062500000000003 0.089385986328125014 2.1201171875000004 0.037094116210937507 0.020805358886718753 0.071533203125000014
decision_type=2 2 2 2 2 2 2 2 2 2 2 2 2 2 2 2 2 2 2 2 2 2 2 2
left_child=1 2 3 7 -4 -6 -7 -1 9 10 11 13 -13 -2 18 -16 21 -18 19 -11 -20 -12 23 -3
right_child=8 22 4 -5 5 6 -8 -9 -10 14 16 12 -14 -15 15 -17 17 -19 20 -21 -22 -23 -24 -25
leaf_value=0.0039507780709148697 0.00067918685207652059 -0.00031440827393130837 -0.0040541035113591389 0.0076067976762636347 0.0060777070006606728 0.0010707223051602338 -0.0030686911240536104 -0.0020598162575723579 -0.0036807968779376489 0.0043091452473943892 0.00015250441522913103 -0.0001940689597922983 0.0073624229757753134 -0.00048041198870482264 0.0066754740004350589 -0.00026309968329975834 -0.0042183723355174434 0.0017758446891901248 -9.4154260992185132e-05 -0.00077682401307964432 0.0028980620841621229 -0.0035753183652903081 0.0006389635489249104 -0.0047144545061018183
leaf_weight=1516 116181 1526 1633 2617 2213 18954 2479 1537 1934 3060 2373 1501 1732 37827 1646 1506 1922 6099 1339826 1862 3170 6395 2272 2577
leaf_count=1516 116181 1526 1633 2617 2213 18954 2479 1537 1934 3060 2373 1501 1732 37827 1646 1506 1922 6099 1339826 1862 3170 6395 2272 2577
internal_value=-1.08347e-05 0.000834744 0.00137033 0.00402819 0.000771466 0.00110787 0.000589532 0.000931097 -3.15131e-05 -2.68372e-05 0.000307081 0.000466383 0.00387451 0.000394344 -6.98528e-05 0.00337952 -0.00118368 0.000332585 -7.79689e-05 0.00238976 -8.70484e-05 -0.00256836 -0.00176153 -0.00308744
internal_weight=1.56436e+06 37324 30949 5670 25279 23646 21433 3053 1.52703e+06 1.5251e+06 174030 157241 3233 154008 1.35107e+06 3152 16789 8021 1.34792e+06 4922 1.343e+06 8768 6375 4103
internal_count=1564358 37324 30949 5670 25279 23646 21433 3053 1527034 1525100 174030 157241 3233 154008 1351070 3152 16789 8021 1347918 4922 1342996 8768 6375 4103
is_linear=0
shrinkage=0.01


Tree=168
num_leaves=30
num_cat=0
split_feature=5 83 32 7 10 32 76 74 22 23 36 15 80 58 35 61 21 17 56 56 60 76 23 12 43 21 64 76 17
split_gain=456.931 421.018 414.569 532.98 406.361 366.626 394.204 351.188 328.595 640.883 390.742 310.96 302.842 511.347 289.142 285.428 289.237 272.087 423.445 584.606 352.237 310.185 502.268 270.054 263.299 254.733 242.263 195.141 176.039
threshold=0.14062500000000003 -1.2954823970794676 -0.0093231201171874983 0.024803161621093753 0.17187500000000003 -0.024192810058593747 0.03303410857915879 -0.18887194991111753 -0.010791778564453123 -0.20257568359374997 0.079925537109375014 0.45312500000000006 0.0046297423541545877 0.069793701171875014 0.17187500000000003 -0.0076999664306640616 0.071289062500000014 -0.022094726562499997 0.043655395507812507 0.044448852539062507 -0.0030317306518554683 0.038625255227088935 0.31225585937500006 -0.0066318511962890616 -0.54150390624999989 0.057571411132812507 0.043777465820312507 0.028018273413181308 -0.0046081542968749991
decision_type=2 2 2 2 2 2 2 2 2 2 2 2 2 2 2 2 2 2 2 2 2 2 2 2 2 2 2 2 2
left_child=1 -1 5 7 -5 6 15 11 10 -10 -6 23 13 -9 -8 -2 -17 18 20 -20 -7 24 -23 -4 -19 -14 -16 -13 -3
right_child=2 28 3 4 8 17 14 12 9 -11 -12 27 25 -15 26 16 -18 21 19 -21 -22 22 -24 -25 -26 -27 -28 -29 -30
leaf_value=0.0070589845125900831 0.0031950779942095048 0.0038366493892608468 -6.8106383046596749e-05 0.0056560818758021785 -0.0016662856081546956 -0.0045768289459127516 -0.0037607009061363188 -6.997460801257432e-05 0.0038386158155383821 0.00054724449239471865 0.001512810847827816 -0.0036037151499313754 0.0011090477343553781 0.002869048346962362 4.9825978178982724e-05 -0.0026209701999803979 -0.00066203276612131256 -0.00014045051990909017 0.0067400265719373357 -0.00032853175138071157 -0.00078179691183500113 0.001009268395718687 0.0065619642062660936 -0.001075208717912401 0.00061221970756881485 -0.0025741777700620857 0.0017573456111652213 0.00023054764355499732 -0.00034499816348763831
leaf_weight=1639 1538 1538 59347 1727 9835 3247 1607 975221 7714 25205 6343 5417 2414 5936 29029 10167 29063 58166 1538 4692 9775 6725 2134 48276 231129 8282 11622 1753 2837
leaf_count=1639 1538 1538 59347 1727 9835 3247 1607 975221 7714 25205 6343 5417 2414 5936 29029 10167 29063 58166 1538 4692 9775 6725 2134 48276 231129 8282 11622 1753 2837
internal_value=2.15722e-05 0.0027681 1.09343e-05 -8.50146e-05 0.000916097 0.00028827 -0.000303302 -0.000131008 0.000747132 0.00132038 -0.00041951 -0.000654597 -7.03976e-05 -5.21354e-05 0.000373427 -0.0010046 -0.0011708 0.000443021 -0.000708659 0.00143247 -0.00173365 0.000517428 0.0023586 -0.000519974 0.000460888 -0.00174239 0.000538625 -0.00266824 0.0011358
internal_weight=1.56392e+06 6014 1.5579e+06 1.15747e+06 50824 400432 83026 1.10665e+06 49097 32919 16178 114793 991853 981157 42258 40768 39230 317406 19252 6230 13022 298154 8859 107623 289295 10696 40651 7170 4375
internal_count=1563916 6014 1557902 1157470 50824 400432 83026 1106646 49097 32919 16178 114793 991853 981157 42258 40768 39230 317406 19252 6230 13022 298154 8859 107623 289295 10696 40651 7170 4375
is_linear=0
shrinkage=0.01


Tree=169
num_leaves=31
num_cat=0
split_feature=33 59 62 32 3 32 33 23 50 35 62 6 17 35 43 55 74 17 37 25 77 21 41 7 75 62 11 51 23 43
split_gain=422.569 742.498 494.239 426.668 522.341 482.246 423.284 595.736 695.39 630.683 544.45 488.507 490.013 506.329 371.969 371.818 458.402 366.354 351.528 409.428 492.874 486.122 473.252 402.031 390.33 369.643 326.019 396.994 322.944 321.822
threshold=-0.47033691406249994 0.22552490234375003 -0.010707855224609373 -0.0041618347167968741 1.2929687500000002 0.010303497314453127 -0.79418945312499989 -0.70239257812499989 0.035812377929687507 0.51562500000000011 -0.0080680847167968733 0.056640625000000007 -0.015659332275390622 0.48437500000000006 0.83593750000000011 -0.25891113281249994 -0.22817400097846982 -0.0043201446533203116 0.0057373046875000009 0.35937500000000006 0.013933455571532251 0.056259155273437507 0.067718505859375014 0.028785705566406253 -0.017541673034429547 -0.0096778869628906233 0.099456787109375014 0.020347595214843753 -0.61352539062499989 -0.33825683593749994
decision_type=2 2 2 2 2 2 2 2 2 2 2 2 2 2 2 2 2 2 2 2 2 2 2 2 2 2 2 2 2 2
left_child=6 2 3 -2 -5 -6 18 8 -8 17 -11 12 -9 -14 15 -4 -17 -10 23 20 -20 -22 -21 26 -25 -26 27 -1 -13 -24
right_child=1 -3 14 4 5 -7 7 11 9 10 -12 28 13 -15 -16 16 -18 -19 19 22 21 -23 29 24 25 -27 -28 -29 -30 -31
leaf_value=0.00055284275237566188 0.0071409370184696806 0.0068837382544332474 -0.00090731271883041724 -0.0024888312436277876 0.00025984898715525833 0.0079026433760917905 0.0071923050913008536 0.0076291210750674141 0.0024704277468244446 0.0022565168692304845 0.0078830683559258635 -0.0023131163039578941 0.0029512110226218679 -0.0018715425708995697 -0.00056944209391602543 0.0027376125970669601 1.1241598105889427e-05 -0.00058100592425445281 -0.0011784697598547376 -0.0025840941734481581 0.0061301694293352128 0.00093942522250939754 0.0024111388567726226 0.0021822403215787677 -0.0058192965364238592 -0.00025472913256508438 -0.0011100626800442349 0.0054133149279240013 0.00035065447527491696 -0.00071429929349256917
leaf_weight=113710 1565 1521 44364 2221 1806 1503 2322 1517 5793 7382 2234 4678 7649 3024 136033 6187 957813 12159 10614 13749 2032 15046 3573 1599 2829 2058 11936 1686 145916 39702
leaf_count=113710 1565 1521 44364 2221 1806 1503 2322 1517 5793 7382 2234 4678 7649 3024 136033 6187 957813 12159 10614 13749 2032 15046 3573 1599 2829 2058 11936 1686 145916 39702
internal_value=4.51433e-05 -5.30129e-05 -6.2295e-05 0.00256516 0.00124914 0.00375795 0.000320359 0.000662024 0.00195921 0.00151355 0.00357733 0.000423625 0.00234741 0.00158383 -7.86292e-05 -1.24062e-05 2.8796e-05 0.000405326 1.9092e-05 -0.000484917 0.000512437 0.00156349 -0.000969262 0.000338189 -0.00208661 -0.00348655 0.000462011 0.000624783 0.000267612 -0.000455253
internal_weight=1.56422e+06 1.15301e+06 1.15149e+06 7095 5530 3309 411208 192674 29890 27568 9616 162784 12190 10673 1.1444e+06 1.00836e+06 964000 17952 218534 84716 27692 17078 57024 133818 6486 4887 127332 115396 150594 43275
internal_count=1564221 1153013 1151492 7095 5530 3309 411208 192674 29890 27568 9616 162784 12190 10673 1144397 1008364 964000 17952 218534 84716 27692 17078 57024 133818 6486 4887 127332 115396 150594 43275
is_linear=0
shrinkage=0.01


Tree=170
num_leaves=29
num_cat=0
split_feature=26 62 2 11 16 83 60 81 16 20 61 56 35 16 0 6 21 63 74 71 62 6 35 38 21 79 37 46
split_gain=309.337 336.806 474.007 501.56 402.651 384.67 352.299 332.56 301.794 606.548 491.578 388.169 380.599 367.827 443.687 292.783 324.893 425.665 317.425 259.157 249.831 240.079 347.868 345.127 175.229 127.892 88.1497 65.7121
threshold=0.038543701171875007 -0.010204315185546873 0.010303497314453127 0.054824829101562507 0.10171508789062501 -0.86704635620117176 -0.0038442611694335933 0.00050287088379263889 0.064849853515625014 0.57812500000000011 -0.0043048858642578116 0.041000366210937507 0.54687500000000011 0.062622070312500014 0.67187500000000011 0.10226440429687501 0.065826416015625014 0.074371337890625014 -0.06408867239952086 0.33180913329124456 -0.0071849822998046866 0.089996337890625014 0.73437500000000011 -1.4086914062499998 0.087615966796875014 0.0018603694625198843 0.0039072036743164071 0.32165527343750006
decision_type=2 2 2 2 2 2 2 2 2 2 2 2 2 2 2 2 2 2 2 2 2 2 2 2 2 2 2 2
left_child=7 2 25 6 5 -5 -4 19 9 13 12 -12 -11 20 -15 21 17 -17 -18 26 -3 23 -23 -10 27 -2 -1 -9
right_child=1 8 3 4 -6 -7 -8 24 15 10 11 -13 -14 14 -16 16 18 -19 -20 -21 -22 22 -24 -25 -26 -27 -28 -29
leaf_value=-0.0030766211849186922 -0.0035670600992213082 -0.00023885517646293059 0.0073844655218786538 -0.00036400766675913593 -0.0026989308617390308 0.002011625866504249 0.0019317571300367128 -0.0059779759463126463 0.001243903582860293 0.0015503058363104706 0.00046381684884399968 0.0071553076905968753 -0.00029065828844315636 -0.0015187506729482407 0.0037641899533046646 0.0031114140477426417 0.0020645298309736569 -0.0012606651454229671 -0.00054739248451306829 0.0035688151510394352 -0.0017246204939683344 -0.0004049517180276307 0.0043425877995980086 4.7797126266273604e-05 -0.0010908363955850536 -0.00033504387190430108 -0.0001313500174503333 -0.0032533115428178545
leaf_weight=1537 2567 196243 2054 10563 2942 19167 2811 1791 24705 18379 1521 2005 28808 43063 1632 2772 21661 10985 5915 1548 11991 145961 1540 991620 2348 2333 2931 1941
leaf_count=1537 2567 196243 2054 10563 2942 19167 2811 1791 24705 18379 1521 2005 28808 43063 1632 2772 21661 10985 5915 1548 11991 145961 1540 991620 2348 2333 2931 1941
internal_value=-7.14626e-06 5.28529e-06 0.00088368 0.00126567 0.000818259 0.00116789 0.0042547 -0.00159879 -1.94321e-05 -0.000301182 0.00069677 0.00428772 0.000426737 -0.000501313 -0.00132425 5.15591e-05 0.000878431 -0.000376465 0.00150429 6.92493e-05 -0.000324569 2.21784e-05 -0.000354803 7.68962e-05 -0.00324409 -0.00203584 -0.00115372 -0.00458578
internal_weight=1.56333e+06 1.55124e+06 42437 37537 32672 29730 4865 12096 1.5088e+06 303642 50713 3526 47187 252929 44695 1.20516e+06 41333 13757 27576 6016 208234 1.16383e+06 147501 1.01632e+06 6080 4900 4468 3732
internal_count=1563334 1551238 42437 37537 32672 29730 4865 12096 1508801 303642 50713 3526 47187 252929 44695 1205159 41333 13757 27576 6016 208234 1163826 147501 1016325 6080 4900 4468 3732
is_linear=0
shrinkage=0.01


Tree=171
num_leaves=31
num_cat=0
split_feature=62 1 13 3 18 64 3 38 51 16 74 57 45 23 62 77 75 68 68 74 82 13 6 74 77 50 38 65 72 41
split_gain=409.957 360.433 631.694 336.67 505.491 534.832 469.14 525.039 318.394 355.272 341.987 518.719 408.855 540.619 271.644 391.79 478.343 914.155 527.888 300.47 255.989 263.051 255.101 334.399 476.86 246.253 416.254 375.995 245.071 239.645
threshold=-0.010204315185546873 0.091400146484375014 -1.2768554687499998 1.0673828125000002 0.51855468750000011 0.045089721679687507 0.92993164062500011 -0.16510009765624997 0.015937805175781253 0.11386108398437501 -0.10195535421371459 0.021110534667968753 2.4218750000000004 0.54907226562500011 -0.0098991394042968733 0.017301771789789203 -0.010438259690999983 0.020832061767578128 0.021007537841796878 -0.17067888379096982 -0.07789787650108336 -0.21929931640624997 0.092742919921875014 -0.034090556204318993 0.015302542597055437 0.034866333007812507 -1.1665039062499998 0.11044311523437501 -0.068198770284652696 0.083953857421875014
decision_type=2 2 2 2 2 2 2 2 2 2 2 2 2 2 2 2 2 2 2 2 2 2 2 2 2 2 2 2 2 2
left_child=1 22 -3 6 5 -5 7 -4 9 10 12 29 28 -14 15 16 18 -18 -10 20 -16 -22 -1 24 -24 26 -21 -27 -2 -12
right_child=8 2 3 4 -6 -7 -8 -9 14 -11 11 -13 13 -15 19 -17 17 -19 -20 25 21 -23 23 -25 -26 27 -28 -29 -30 -31
leaf_value=-0.0042775762108440869 -0.00029993591084257441 0.0065560126304626464 -0.0010072932015560607 0.00061752983884325301 -0.0019960385250299573 0.0057111391683850746 0.0058894584952854838 0.0052877939292552082 -0.0021178591362254746 0.0037386385627280606 -0.001545088296014119 -0.0039053773181424931 0.00058889608177778376 0.0059591495973109962 -0.0051537981122065056 -0.0037733732597916682 0.0040218144500332028 -0.001796437662533763 0.00083310780849369726 0.0038426344659593372 -0.0032445574689794472 0.0020947752549352245 0.0021536862870926415 0.0033140360426019738 -0.0043464865361959298 -0.0033437921313009627 0.00049887934789087358 9.6729542388511588e-05 0.0028678197597370968 0.0013929935400590798
leaf_weight=1727 384842 2232 3994 14812 6215 2376 3056 1959 17773 2219 6745 6328 25029 2007 1901 3767 5906 4945 9181 3895 1870 1784 1992 2086 2556 3167 76208 955288 2438 4689
leaf_count=1727 384842 2232 3994 14812 6215 2376 3056 1959 17773 2219 6745 6328 25029 2007 1901 3767 5906 4945 9181 3895 1870 1784 1992 2086 2556 3167 76208 955288 2438 4689
internal_value=2.15288e-05 0.000984132 0.00143374 0.00107718 0.000443914 0.00132747 0.0027176 0.00107505 -5.71882e-06 -0.000234547 -0.000255124 -0.00161311 -0.000196832 0.000991664 8.582e-05 -0.000706709 -0.000399304 0.0013719 -0.00111284 0.000117388 -0.00219797 -0.000640511 -0.000877807 1.74372e-05 -0.00150248 0.000129814 0.000662388 8.52916e-05 -0.000279847 -0.000339874
internal_weight=1.56299e+06 43005 34644 32412 23403 17188 9009 5953 1.51998e+06 434297 432078 17762 414316 27036 1.08568e+06 41572 37805 10851 26954 1.04411e+06 5555 3654 8361 6634 4548 1.03856e+06 80103 958455 387280 11434
internal_count=1562987 43005 34644 32412 23403 17188 9009 5953 1519982 434297 432078 17762 414316 27036 1085685 41572 37805 10851 26954 1044113 5555 3654 8361 6634 4548 1038558 80103 958455 387280 11434
is_linear=0
shrinkage=0.01


Tree=172
num_leaves=31
num_cat=0
split_feature=30 45 57 83 70 48 61 18 33 3 5 21 69 20 26 26 75 52 6 23 78 40 62 47 8 38 8 10 3 61
split_gain=297.476 380.173 430.734 449.282 468.262 402.626 376.395 334.927 309.957 385.878 495.763 350.601 304.438 348.248 342.476 314.899 355.789 332.723 280.333 284.845 247.831 246.8 220.67 411.612 358.924 358.385 217.488 204.41 220.039 144.115
threshold=0.73437500000000011 2.3281250000000004 0.021781921386718753 -1.0878837108612058 0.68441817164421093 14.285156250000002 -0.0043888092041015616 -0.20196533203124997 1.5141601562500002 0.84619140625000011 0.32812500000000006 0.035140991210937507 0.42238306999206549 0.60937500000000011 0.089996337890625014 0.041427612304687507 -0.015109352767467497 0.049728393554687507 0.065093994140625014 -0.41662597656249994 0.019069902598857883 0.76562500000000011 -0.0094642639160156233 0.21087646484375003 0.10208129882812501 -0.44665527343749994 0.22668457031250003 0.29687500000000006 -0.12847900390624997 -0.0046176910400390616
decision_type=2 2 2 2 2 2 2 2 2 2 2 2 2 2 2 2 2 2 2 2 2 2 2 2 2 2 2 2 2 2
left_child=8 2 3 -2 -5 18 20 -6 11 22 -11 27 13 21 -15 17 -17 -14 -3 -20 -7 -13 26 25 -25 -24 -10 -1 -29 -21
right_child=1 5 -4 4 7 6 -8 -9 9 10 -12 12 15 14 -16 16 -18 -19 19 29 -22 -23 23 24 -26 -27 -28 28 -30 -31
leaf_value=0.0049340071909191926 0.0063641116466373205 0.0029842821045032914 0.0075537540387418502 -0.0038168306682244543 -0.00071465710265953652 0.0019692495875888402 -0.0015444287563690052 0.0052041127463342681 -0.0009519128295180858 -0.0018000864496965608 0.0060858938264846812 -0.00038251144135549505 -0.00081280190926200384 0.00069711984641736323 0.005855924318189233 -5.3670395528032065e-05 0.00036679665653382418 -0.0050727558419951862 0.001150412268818979 -0.0018218722637852909 0.0068710573057125272 -0.0035936902865119601 0.0049639579950126666 -0.0030639547315695656 0.00016734336614140176 -0.00033628249050551221 -0.0060005631887302506 0.0040298430720072977 -0.00071358693298483381 -0.0051327259917538764
leaf_weight=2013 1580 1526 1503 1803 1844 2905 1913 1956 1519 1551 1605 271735 13662 7649 1529 946564 255565 2100 2703 5256 1601 2395 1619 10652 5068 5746 1953 1539 2611 1754
leaf_count=2013 1580 1526 1503 1803 1844 2905 1913 1956 1519 1551 1605 271735 13662 7649 1529 946564 255565 2100 2703 5256 1601 2395 1619 10652 5068 5746 1953 1539 2611 1754
internal_value=-4.34793e-05 0.00100976 0.00271997 0.00169037 0.000354459 0.000166381 0.00216069 0.00234325 -6.15438e-05 -0.00107263 0.00222344 -4.15993e-05 -5.13862e-05 -0.000346634 0.00156741 1.72994e-05 3.57228e-05 -0.00138607 -0.000974454 -0.00160126 0.00373355 -0.000410827 -0.00146571 -0.00111016 -0.00202332 0.000839123 -0.00380988 0.00233478 0.00105637 -0.00266254
internal_weight=1.56342e+06 26344 8686 7183 5603 17658 6419 3800 1.53708e+06 29713 3156 1.50736e+06 1.5012e+06 283308 9178 1.21789e+06 1.20213e+06 15762 11239 9713 4506 274130 26557 23085 15720 7365 3472 6163 4150 7010
internal_count=1563419 26344 8686 7183 5603 17658 6419 3800 1537075 29713 3156 1507362 1501199 283308 9178 1217891 1202129 15762 11239 9713 4506 274130 26557 23085 15720 7365 3472 6163 4150 7010
is_linear=0
shrinkage=0.01


Tree=173
num_leaves=31
num_cat=0
split_feature=82 68 23 32 83 32 63 0 74 62 72 62 30 74 65 60 41 20 77 76 7 83 3 59 78 65 11 60 33 61
split_gain=298.72 369.72 419.4 447.819 682.83 472.159 423.596 731.845 488.748 373.773 350.879 539.311 494.914 440.441 364.812 457.174 350.163 325.607 641.986 542.262 354.578 464.442 317.907 700.781 278.542 278.096 274.729 269.563 260.427 251.741
threshold=-0.20693573355674741 0.018718719482421878 0.067993164062500014 -0.0011382102966308592 -1.4711704254150388 0.0015492439270019533 0.077301025390625014 0.32812500000000006 -0.0300527811050415 -0.0095252990722656233 -0.070045918226242052 -0.010051727294921873 0.17187500000000003 -0.094609498977661119 0.11837768554687501 -0.0033349990844726558 0.097442626953125014 0.35937500000000006 0.018064979463815693 0.039514966309070594 0.0057373046875000009 -0.70791006088256825 0.92993164062500011 0.072113037109375014 0.0069127269089221963 0.11508178710937501 0.11001586914062501 -0.0037794113159179683 -0.38110351562499994 -0.0042781829833984366
decision_type=2 2 2 2 2 2 2 2 2 2 2 2 2 2 2 2 2 2 2 2 2 2 2 2 2 2 2 2 2 2
left_child=29 2 3 4 24 -5 22 -8 -9 -6 11 14 -13 -14 25 -16 -7 20 26 -20 21 -12 28 -24 -2 -3 -19 -22 -4 -1
right_child=1 10 6 5 9 16 7 8 -10 -11 17 12 13 -15 15 -17 -18 18 19 -21 27 -23 23 -25 -26 -27 -28 -29 -30 -31
leaf_value=-0.00066930140422272893 -0.0034945493504478669 0.00074413498045878559 -0.0010891062069295358 -0.0025505273616810869 0.00042646864415318879 0.0010334314953105047 -0.0011975159617803504 0.0093385030258269549 0.0018660751056184023 0.0051594863027705027 -0.00046117610746073811 0.003092007186864872 -0.00019068062941034398 -0.0010291278991648991 -0.0018074487301470955 0.0029755374198779465 -0.0037087709629757804 0.00017654851162974449 0.0076724894346910369 -7.6203170062610941e-05 0.0013560621333553787 -0.0027005244136178524 0.0038406582227389647 -0.00161983561323685 0.0013011270777968898 0.0042343355785091439 0.0030487173809921283 -0.00024385984302218285 6.0398748752992381e-05 -0.0034638360148903737
leaf_weight=19967 1801 3816 23678 4346 2140 47996 2777 1765 1742 7615 55750 4368 606451 69853 5302 3180 1590 494099 2105 1570 15947 11090 6034 3827 3597 5700 3333 30917 117077 3828
leaf_count=19967 1801 3816 23678 4346 2140 47996 2777 1765 1742 7615 55750 4368 606451 69853 5302 3180 1590 494099 2105 1570 15947 11090 6034 3827 3597 5700 3333 30917 117077 3828
internal_value=-9.99409e-06 7.1989e-06 0.000380795 0.0010299 0.00254771 0.000602656 9.48924e-05 0.00263449 0.00565842 0.00412418 -5.70832e-05 -0.000210401 -0.000255597 -0.000277309 0.00149725 -1.14705e-05 0.000879936 0.000117149 0.000226771 0.00437967 -0.000365927 -0.000833422 -1.14003e-05 0.00172248 -0.000305906 0.00283923 0.000195915 0.000300912 -0.0001331 -0.0011214
internal_weight=1.56326e+06 1.53947e+06 225985 69085 15153 53932 156900 6284 3507 9755 1.31348e+06 698670 680672 676304 17998 8482 49586 614811 501107 3675 113704 66840 150616 9861 5398 9516 497432 46864 140755 23795
internal_count=1563261 1539466 225985 69085 15153 53932 156900 6284 3507 9755 1313481 698670 680672 676304 17998 8482 49586 614811 501107 3675 113704 66840 150616 9861 5398 9516 497432 46864 140755 23795
is_linear=0
shrinkage=0.01


Tree=174
num_leaves=31
num_cat=0
split_feature=33 62 55 31 22 75 32 56 11 64 36 75 68 64 45 41 38 2 73 22 60 50 6 15 22 73 68 46 33 36
split_gain=365.927 429.942 437.25 405.27 491.525 626.205 628.602 579.931 551.276 537.678 459.67 459.003 446.907 429.085 421.504 545.43 413.259 575.402 380.271 406.386 360.617 330.554 333.828 328.474 323.192 305.559 349.718 486.741 528.511 343.968
threshold=-0.47033691406249994 -0.010707855224609373 -0.050521850585937493 0.058013916015625007 -0.0040264129638671866 -0.060270994901657098 -0.0086975097656249983 0.043655395507812507 0.10372924804687501 0.039596557617187507 0.067657470703125014 -0.014517806470394133 0.021869659423828128 0.043594360351562507 1.3906250000000002 0.10232543945312501 -0.21545410156249997 -0.0049076080322265616 -0.011247921735048292 -1.0000000180025095e-35 -0.0028562545776367183 0.039749145507812507 0.089752197265625014 0.57812500000000011 0.0018405914306640627 0.0039418246597051629 0.021678924560546878 0.30285644531250006 -0.25598144531249994 0.077301025390625014
decision_type=2 2 2 2 2 2 2 2 2 2 2 2 2 2 2 2 2 2 2 2 2 2 2 2 2 2 2 2 2 2
left_child=3 2 -2 10 5 6 9 21 13 -5 14 -10 18 -7 -1 24 23 -18 20 -20 -12 22 -6 -9 -16 26 29 -28 -29 -3
right_child=1 25 -4 4 7 8 -8 16 11 -11 12 -13 -14 -15 15 -17 17 -19 19 -21 -22 -23 -24 -25 -26 -27 27 28 -30 -31
leaf_value=-0.00063531272509291764 0.0010505938758591602 0.00015380146926938912 0.0070435173561014496 0.0014849521901631197 0.00026939936646149822 0.00055871908016657883 0.0075549984589397667 0.0011785036709362788 0.0078830520306548031 0.00760228339060712 -0.0031605065402372963 0.0013025356931133923 0.00018230849098038721 -0.0033874413865721889 -0.00016899291471306281 0.0067364847023571118 0.00021975311231796861 0.005377649562093161 -0.0020086574130211013 0.0011023390519883088 -0.0010428814596184278 -0.002167145216612701 -0.0010207229495840949 -0.0032525921417834638 0.0022565825659514897 0.0035437467990210693 -0.0012322861871975745 -0.0012367471536733966 7.0454267608089632e-05 -0.00023886436764346375
leaf_weight=13076 5846 471671 1521 18100 110147 63804 2233 11733 1805 1543 10863 2552 55195 2860 10081 1881 3614 5373 6162 13070 30949 7163 24501 1931 12044 2256 60946 39099 147727 423253
leaf_count=13076 5846 471671 1521 18100 110147 63804 2233 11733 1805 1543 10863 2552 55195 2860 10081 1881 3614 5373 6162 13070 30949 7163 24501 1931 12044 2256 60946 39099 147727 423253
internal_value=-9.81818e-06 -0.000101163 0.00230362 0.000246477 0.00048893 0.00107033 0.00254892 0.000160434 0.000614301 0.00197273 -0.000160506 0.00405225 -0.000469766 0.000388457 0.000808647 0.00159504 0.00164551 0.00330857 -0.00105923 0.000104514 -0.0015943 -7.69707e-05 3.45277e-05 0.000548461 0.00115224 -0.000116676 -0.000123965 -0.000456425 -0.00020322 -3.19105e-05
internal_weight=1.563e+06 1.15232e+06 7367 410680 257359 92897 21876 164462 71021 19643 153321 4357 116239 66664 37082 24006 22651 8987 61044 19232 41812 141811 134648 13664 22125 1.14495e+06 1.1427e+06 247772 186826 894924
internal_count=1562999 1152319 7367 410680 257359 92897 21876 164462 71021 19643 153321 4357 116239 66664 37082 24006 22651 8987 61044 19232 41812 141811 134648 13664 22125 1144952 1142696 247772 186826 894924
is_linear=0
shrinkage=0.01


Tree=175
num_leaves=31
num_cat=0
split_feature=55 74 21 38 41 41 38 16 1 33 33 6 6 6 38 33 45 68 6 62 38 11 48 36 58 3 76 62 36 73
split_gain=337.297 412.893 592.048 294.563 380.379 353.264 414.028 360.239 315.609 294.165 506.209 538.191 720.965 660.411 429.493 561.685 354.162 503.855 483.227 457.632 351.513 364.662 368.962 346.644 467.306 386.488 288.862 375.287 281.388 280.799
threshold=-0.090972900390624986 -0.082161188125610338 0.079925537109375014 -1.0517578124999998 0.045059204101562507 0.061553955078125007 -1.4086914062499998 0.072479248046875014 0.11734008789062501 -1.0024414062499998 -0.82324218749999989 0.099151611328125014 0.070709228515625014 0.073120117187500014 -0.39172363281249994 -1.2934570312499998 2.3906250000000004 0.021656036376953128 0.091644287109375014 -0.0077991485595703116 -0.64697265624999989 0.10815429687500001 13.324218750000002 0.079193115234375014 0.056930541992187507 0.32067871093750006 0.040892764925956733 -0.0096092224121093733 0.081451416015625014 -0.016271777451038357
decision_type=2 2 2 2 2 2 2 2 2 2 2 2 2 2 2 2 2 2 2 2 2 2 2 2 2 2 2 2 2 2
left_child=9 2 -2 4 -3 6 -6 -7 26 14 11 12 28 -14 15 29 17 19 -19 -16 21 22 -12 24 -22 -25 -5 -28 -11 -1
right_child=1 3 -4 8 5 7 -8 -9 -10 10 20 -13 13 -15 16 -17 -18 18 -20 -21 23 -23 -24 25 -26 -27 27 -29 -30 -31
leaf_value=0.0017484143101161964 0.0082079827075735891 0.0054494771041022176 -0.00023754311341822352 5.1829001881597784e-05 -0.0033972143794535072 0.0025220402391921389 0.00062435148911915402 0.00058859362150612054 -0.0042758086866093205 0.0010175490954124201 -0.00084865606679885859 -0.0026831333626794475 0.0066825693876760685 0.0016556984669640787 -0.00095003028277429393 -0.00037815367572040481 -0.0026719462847165855 0.00085391745463665541 -0.0023635543988462081 -0.0040686676370626377 -0.0012919571061198391 0.0040453483890699636 0.00016006098522306964 5.5826382999062116e-06 0.00027616374110787727 -0.00056854864644008114 0.0065241925484925802 0.00081960470826308938 -0.0017027172443524886 0.0078063475439256857
leaf_weight=1507 1584 1757 1718 173880 4051 13274 6884 35097 1623 6710 116796 3747 2863 28348 26165 6005 9757 25764 5680 5723 19857 1736 52576 395937 432790 166560 1525 4577 8726 1566
leaf_count=1507 1584 1757 1718 173880 4051 13274 6884 35097 1623 6710 116796 3747 2863 28348 26165 6005 9757 25764 5680 5723 19857 1736 52576 395937 432790 166560 1525 4577 8726 1566
internal_value=-2.73647e-06 0.000337209 0.00383888 0.000289249 0.000889967 0.000753095 -0.000868967 0.00111999 8.71879e-05 -6.61434e-05 -2.76413e-05 0.000953772 0.00124694 0.0021208 -0.000645468 0.00140386 -0.000900318 -0.000626622 0.000271585 -0.00151194 -6.93488e-05 -0.000488607 -0.000535551 1.32772e-06 0.000207318 -0.000164437 0.000127002 0.00226194 -0.000520436 0.00486605
internal_weight=1.56478e+06 245970 3302 242668 61063 59306 10935 48371 181605 1.31881e+06 1.23665e+06 50394 46647 31211 82167 9078 73089 63332 31444 31888 1.18625e+06 171108 169372 1.01514e+06 452647 562497 179982 6102 15436 3073
internal_count=1564783 245970 3302 242668 61063 59306 10935 48371 181605 1318813 1236646 50394 46647 31211 82167 9078 73089 63332 31444 31888 1186252 171108 169372 1015144 452647 562497 179982 6102 15436 3073
is_linear=0
shrinkage=0.01


Tree=176
num_leaves=31
num_cat=0
split_feature=74 0 70 23 48 61 18 76 72 6 48 30 79 74 28 30 45 73 65 58 64 64 60 3 3 45 33 78 70 25
split_gain=285.11 295.131 461.34 354.642 280.755 260.632 400.548 540.639 384.919 304.019 392.783 302.094 291.853 270.618 259.16 245.874 698.49 361.154 372.264 497.93 303.537 554.879 346.315 265.329 263.336 262.792 261.184 242.45 238.099 208.558
threshold=-0.18887194991111753 0.17187500000000003 0.6855875849723817 -0.59863281249999989 14.207031250000002 -0.0036134719848632808 -0.33825683593749994 0.030493266880512241 -0.16446232795715329 0.099395751953125014 11.152343750000002 0.42187500000000006 0.00032264215406030422 -0.21341836452484128 0.78588867187500011 0.73437500000000011 2.3281250000000004 -0.072632670402526842 0.10519409179687501 0.056625366210937507 0.036483764648437507 0.038223266601562507 -0.0040454864501953116 -1.3666992187499998 -0.45092773437499994 2.5156250000000004 -0.62915039062499989 0.018549934029579166 0.67993029952049266 0.29687500000000006
decision_type=2 2 2 2 2 2 2 2 2 2 2 2 2 2 2 2 2 2 2 2 2 2 2 2 2 2 2 2 2 2
left_child=4 2 -2 -4 5 9 29 -8 -9 12 11 -11 -1 -14 -5 17 20 26 19 -19 22 -22 -17 -20 27 -26 -3 -18 -28 -7
right_child=1 15 3 14 -6 6 7 8 -10 10 -12 -13 13 -15 -16 16 24 18 23 -21 21 -23 -24 -25 25 -27 28 -29 -30 -31
leaf_value=-0.0036388757762790282 -0.0002627474628359682 -0.0041418720556600066 -0.00026151421400085048 0.0073197818309388612 -0.0045634384725979646 -0.0033899709735919965 -0.0010687568282681192 0.0076398326734606727 0.0014408615013127813 0.0010161327998659292 0.0047907272914252137 -0.0030894817944553611 -0.0001680214711997902 -0.0011379228297182134 0.0021531420814692621 0.0089131455959387904 -0.0037740728116185886 0.00096099062998893092 -0.00090047117705784442 0.0067737626606995636 -0.0010737551954983048 0.0059528377041048628 0.0028066982619208624 4.1497691862021076e-05 -0.00069772153695652156 0.0021937217366774574 0.0015549084113950843 0.00081838951714115085 -0.00083069102661837064 0.00052341018688703631
leaf_weight=3195 6359 2190 1649 2402 1603 2095 2365 2279 1795 8552 2184 2246 67007 50400 1658 1611 3150 12924 30601 1645 2928 1799 2223 1274953 6959 5702 4538 1794 51140 3812
leaf_count=3195 6359 2190 1649 2402 1603 2095 2365 2279 1795 8552 2184 2246 67007 50400 1658 1611 3150 12924 30601 1645 2928 1799 2223 1274953 6959 5702 4538 1794 51140 3812
internal_value=-8.69096e-06 3.48925e-05 0.00159075 0.00364898 -0.000427014 -0.000380957 0.00100809 0.00272955 0.00492895 -0.000509466 0.000943569 0.000158026 -0.000666006 -0.0005845 0.00523076 2.14983e-05 0.000981416 3.25692e-06 3.71569e-05 0.0016257 0.00332077 0.00161424 0.00540549 1.94053e-05 -0.000158648 0.000605873 -0.000769839 -0.00211105 -0.000635766 -0.000871281
internal_weight=1.56376e+06 1.41622e+06 12068 5709 147533 145930 12346 6439 4074 133584 12982 10798 120602 117407 4060 1.40416e+06 26166 1.37799e+06 1.32012e+06 14569 8561 4727 3834 1.30555e+06 17605 12661 57868 4944 55678 5907
internal_count=1563758 1416225 12068 5709 147533 145930 12346 6439 4074 133584 12982 10798 120602 117407 4060 1404157 26166 1377991 1320123 14569 8561 4727 3834 1305554 17605 12661 57868 4944 55678 5907
is_linear=0
shrinkage=0.01


Tree=177
num_leaves=31
num_cat=0
split_feature=55 55 45 15 61 55 23 60 8 18 33 43 60 54 47 3 46 13 43 21 46 74 82 26 28 3 33 47 43 26
split_gain=284.934 322.213 490.546 290.675 297.197 293.068 395.353 655.335 284.314 402.756 377.822 311.58 468.382 301.582 286.366 280.077 420.872 278.315 444.104 377.599 253.512 252.247 211.586 976.969 682.863 318.614 279.171 256.168 208.433 101.294
threshold=-0.23614501953124997 -0.22674560546874997 2.5468750000000004 0.14062500000000003 -0.0053081512451171866 -0.21051025390624997 0.67260742187500011 -0.0032434463500976558 0.98193359375000011 -1.6445312499999998 0.90844726562500011 -0.83374023437499989 -0.0030851364135742183 -0.14471435546874997 0.24993896484375003 -0.74682617187499989 0.28210449218750006 0.042297363281250007 -1.2524414062499998 0.059722900390625007 0.31042480468750006 -0.23786842823028562 -0.086828380823135362 0.063629150390625014 -0.56469726562499989 0.87475585937500011 -0.22546386718749997 0.23968505859375003 0.20916748046875003 0.071289062500000014
decision_type=2 2 2 2 2 2 2 2 2 2 2 2 2 2 2 2 2 2 2 2 2 2 2 2 2 2 2 2 2 2
left_child=8 2 22 4 -3 6 20 -8 9 28 15 12 -11 14 -13 -10 -17 19 -19 -7 -5 -18 23 26 -25 27 -2 -24 -1 -30
right_child=1 3 -4 5 -6 17 7 -9 10 11 -12 13 -14 -15 -16 16 21 18 -20 -21 -22 -23 25 24 -26 -27 -28 -29 29 -31
leaf_value=-0.0063971476779156123 0.002465113115606331 0.0061224551033169355 0.0063200629666017184 -0.00025658338113855573 0.00020264480658282804 -0.00064896828846883669 -0.001485692969444534 0.0038821487059250456 0.0058175334107559342 0.0057932231970011542 -0.001984150570726346 -0.00074243263567718158 -0.001618092840339894 -0.0033997083524427369 0.00034535181109338823 0.005842535344516603 -0.0031801717689693915 -0.0011592156251463298 -3.6447644895428358e-05 0.00026653960889311696 -0.0014219801372158765 0.0014805949185431695 -0.00060892718950113353 0.00936811645687456 0.0024050833607277677 -0.0036265353568466258 -0.001080327625251457 0.0020817384753238849 -0.0038579817401107174 -0.0003929066695665058
leaf_weight=1532 2883 1551 1607 39590 1846 48870 4221 4891 1675 1907 2919 88752 1517 3538 33258 1517 1752 37285 633205 573888 35316 3349 9188 1992 4768 2210 9434 5728 1518 1880
leaf_count=1532 2883 1551 1607 39590 1846 48870 4221 4891 1675 1907 2919 88752 1517 3538 33258 1517 1752 37285 633205 573888 35316 3349 9188 1992 4768 2210 9434 5728 1518 1880
internal_value=-5.72494e-06 3.74545e-05 0.000947962 1.25066e-05 0.00292552 5.2793e-06 -0.000566957 0.00139777 -0.000427747 -0.000555866 0.00110062 -0.000448355 0.00251932 -0.000529679 -0.000445912 0.00218857 0.00125532 4.24638e-05 -9.89159e-05 0.000194678 -0.000806267 -0.00012637 0.000706144 0.00142991 0.00447849 -0.000100802 -0.000247807 0.000425739 -0.00335525 -0.00195439
internal_weight=1.56359e+06 1.41847e+06 37810 1.38066e+06 3397 1.37727e+06 84018 9112 145114 133902 11212 128972 3424 125548 122010 8293 6618 1.29325e+06 670490 622758 74906 5101 36203 19077 6760 17126 12317 14916 4930 3398
internal_count=1563587 1418473 37810 1380663 3397 1377266 84018 9112 145114 133902 11212 128972 3424 125548 122010 8293 6618 1293248 670490 622758 74906 5101 36203 19077 6760 17126 12317 14916 4930 3398
is_linear=0
shrinkage=0.01


Tree=178
num_leaves=21
num_cat=0
split_feature=75 16 48 48 52 60 83 82 31 36 23 76 56 72 73 8 73 28 76 46
split_gain=340.197 440.907 318.654 372.454 362.841 308.469 358.966 272.303 264.2 438.332 393.87 261.151 352.999 299.711 243.103 417.205 387.741 154.526 149.836 125.822
threshold=-0.01540989428758621 0.11715698242187501 14.496093750000002 13.761718750000002 0.061233520507812507 -0.0022192001342773433 -2.2950253486633296 -0.23157238960266111 0.074615478515625014 0.063385009765625014 1.4008789062500002 0.031726077198982246 0.039474487304687507 -0.09077215194702147 -0.0044066011905670157 1.7880859375000002 -0.0012517366558313368 0.37463378906250006 0.028598353266716007 0.29748535156250006
decision_type=2 2 2 2 2 2 2 2 2 2 2 2 2 2 2 2 2 2 2 2
left_child=1 5 3 7 -5 6 17 19 9 -8 -10 12 13 -7 15 -9 -16 -1 -3 -2
right_child=2 18 -4 4 -6 11 8 14 10 -11 -12 -13 -14 -15 16 -17 -18 -19 -20 -21
leaf_value=-0.0053396750184589439 -0.0045490599875745268 0.001460392202917985 -0.0034296144746445325 0.00093640297627391677 0.007097776260238867 -0.00082855355002267475 -0.00078646798967908435 0.00046037913420523277 -0.00021020594537601858 0.00022614139050501373 0.0014558127537291495 -0.0040125391820851463 0.0036430352434745203 -0.0053895908061204712 -0.00048738415154652169 0.0038215760927797632 0.00065651248191615015 -0.0010145884217991621 0.0057950651929669994 -0.00059978955518800536
leaf_weight=1773 1628 1631 2274 2474 1545 16843 47466 186374 719650 428478 14456 2936 1605 1557 75975 3748 48552 1553 1575 1594
leaf_count=1773 1628 1631 2274 2474 1545 16843 47466 186374 719650 428478 14456 2936 1605 1557 75975 3748 48552 1553 1575 1594
internal_value=-4.0966e-06 -7.95275e-05 0.00028432 0.000310768 0.0033284 -8.91602e-05 -6.74303e-05 0.000272408 -5.83848e-05 0.000125125 -0.00017736 -0.00123742 -0.000826534 -0.00121994 0.000302098 0.000527036 -4.13549e-05 -0.00333831 0.0036126 -0.00261102
internal_weight=1.56369e+06 1.23952e+06 324164 321890 4019 1.23632e+06 1.21338e+06 317871 1.21005e+06 475944 734106 22941 20005 18400 314649 190122 124527 3326 3206 3222
internal_count=1563687 1239523 324164 321890 4019 1236317 1213376 317871 1210050 475944 734106 22941 20005 18400 314649 190122 124527 3326 3206 3222
is_linear=0
shrinkage=0.01


Tree=179
num_leaves=26
num_cat=0
split_feature=26 45 48 36 46 52 46 61 55 63 61 18 48 16 8 59 46 18 46 69 18 31 79 73 0
split_gain=262.929 384.055 313.875 305.006 530.064 309.757 490.797 247.891 239.532 425.11 376.799 294.56 450.52 313.78 217.986 284.23 335.393 247.937 360.141 320.901 215.053 208.615 146.33 86.1808 79.2267
threshold=0.041427612304687507 1.1718750000000002 9.7695312500000018 0.11871337890625001 0.29479980468750006 0.049240112304687507 0.27087402343750006 -0.0068378448486328116 -0.21051025390624997 0.067230224609375014 -0.0051746368408203116 -1.3867187499999998 9.3437500000000018 0.053375244140625007 0.92993164062500011 -0.052047729492187493 0.28845214843750006 -0.83374023437499989 0.33386230468750006 0.44756595790386206 1.4901161193847659e-07 0.063629150390625014 0.0014931536279618742 -0.011015988886356352 0.29687500000000006
decision_type=2 2 2 2 2 2 2 2 2 2 2 2 2 2 2 2 2 2 2 2 2 2 2 2 2
left_child=1 23 -3 8 5 -5 -7 -4 14 10 -10 12 -11 -13 17 -16 -17 19 -19 -2 22 -6 -9 -1 -22
right_child=3 2 7 4 21 6 -8 20 9 11 -12 13 -14 -15 15 16 -18 18 -20 -21 24 -23 -24 -25 -26
leaf_value=-0.002394102681989016 -0.0011059113644124074 0.0037774836523247384 0.001576338130798056 0.00047513998861469393 0.0020781945836382634 0.0017611760743832042 0.0093812946272759899 0.0017546079630241429 -0.00036192308963977634 0.0052864016670525838 0.00590870917329044 -0.0010225650762981 0.00068566055946805537 5.1593640225460272e-05 0.0038665145827336727 0.0021656139351555457 -0.00067072515779445854 -0.00038398301851244419 0.00086023513913253871 0.0034696191368338283 -0.0048036270949575639 -0.0025530319580208787 -0.0016860578587014486 -0.0056264176400594203 -0.0022140217648633684
leaf_weight=1541 51249 1525 2937 1686 1531 1642 1747 2152 1623 2310 2312 27791 24731 1227654 2467 6213 12572 147468 27601 1561 1780 2593 2849 1887 3667
leaf_count=1541 51249 1525 2937 1686 1531 1642 1747 2152 1623 2310 2312 27791 24731 1227654 2467 6213 12572 147468 27601 1561 1780 2593 2849 1887 3667
internal_value=1.93092e-06 -0.00118778 -0.000491525 1.60694e-05 0.00182955 0.00398713 0.00572127 -0.000982819 5.1817e-06 6.01459e-05 0.00333362 5.00502e-05 0.0010823 2.77998e-05 -0.000278615 0.000689569 0.000268679 -0.000368961 -0.000187746 -0.000969402 -0.00170385 -0.000831996 -0.0002044 -0.0041957 -0.00307474
internal_weight=1.56309e+06 18338 14910 1.54475e+06 9199 5075 3389 13385 1.53555e+06 1.28642e+06 3935 1.28249e+06 27041 1.25544e+06 249131 21252 18785 227879 175069 52810 10448 4124 5001 3428 5447
internal_count=1563089 18338 14910 1544751 9199 5075 3389 13385 1535552 1286421 3935 1282486 27041 1255445 249131 21252 18785 227879 175069 52810 10448 4124 5001 3428 5447
is_linear=0
shrinkage=0.01


Tree=180
num_leaves=31
num_cat=0
split_feature=18 79 71 50 41 57 50 72 6 20 48 13 6 83 58 50 5 75 58 51 60 72 58 45 54 45 13 60 6 6
split_gain=480.141 381.734 320.665 323.71 525.982 498.932 300.839 292.868 334.033 464.595 654.896 710.111 580.862 363.254 475.858 358.221 322.191 403.642 280.93 553.061 349.709 257.43 381.305 330.629 328.495 370.969 295.524 365.018 217.522 178.274
threshold=-0.58740234374999989 0.0089414082467556017 0.33676928281784063 0.040328979492187507 0.073577880859375014 0.019676208496093753 0.040634155273437507 -0.07115659117698668 0.082611083984375014 0.57812500000000011 14.238281250000002 -1.4487304687499998 0.087249755859375014 -2.0016283988952632 0.064971923828125014 0.035293579101562507 0.67187500000000011 -0.082573384046554552 0.064971923828125014 0.017524719238281253 -0.0039196014404296866 -0.073424756526947008 0.060317993164062507 2.6093750000000004 -0.14288330078124997 2.2031250000000004 -1.5786132812499998 -0.0048961639404296866 0.066070556640625014 0.081451416015625014
decision_type=2 2 2 2 2 2 2 2 2 2 2 2 2 2 2 2 2 2 2 2 2 2 2 2 2 2 2 2 2 2
left_child=1 2 3 18 6 -6 -5 21 15 10 11 -10 -12 -11 -15 -9 17 -17 19 -1 -20 23 -23 26 -24 -26 28 -28 -2 -18
right_child=7 -3 -4 4 5 -7 -8 8 9 13 12 -13 -14 14 -16 16 29 -19 20 -21 -22 22 24 -25 25 -27 27 -29 -30 -31
leaf_value=-0.00046050925064898871 0.0010440864789841781 -0.0039861133072065982 0.0040607803386380628 0.0021339592074147589 0.0069777285308128033 0.0010873058782005047 -0.001108561778142037 -0.0047070466262652206 0.0053465886126600713 0.00407447037857932 0.005704689350374781 0.00053990551388205001 0.0010731378411197368 0.00022841383494527135 -0.0019769722801043117 0.001543022266973671 -0.0050975378111519244 1.5487936544333455e-05 0.00021451708039597146 0.002577420312206946 -0.0019917447025293478 0.0035725569144202498 -0.0052486479457777438 -0.0023591739836601182 -0.0017414119990188262 0.00085571513967630411 0.0020145053870511622 -2.771591118109351e-05 -0.0021473918141696529 -0.00094910774017949845
leaf_weight=240642 2660 2900 1617 3317 1525 21007 20093 1562 3137 1830 5046 116755 5842 32043 14062 18240 1747 328615 10153 6126 24522 1704 1917 6131 18750 7765 8853 641870 10602 2532
leaf_count=240642 2660 2900 1617 3317 1525 21007 20093 1562 3137 1830 5046 116755 5842 32043 14062 18240 1747 328615 10153 6126 24522 1704 1917 6131 18750 7765 8853 641870 10602 2532
internal_value=-4.87032e-05 -0.000386264 -0.000354292 -0.000376346 0.000401808 0.00149181 -0.000647694 4.22656e-05 0.000219273 0.000571455 0.000880102 0.000666544 0.00322614 -0.000270635 -0.000444793 4.07961e-05 6.21835e-05 9.59004e-05 -0.000503389 -0.00038489 -0.00134599 -9.20652e-05 -0.000995891 -5.13904e-05 -0.00127201 -0.000980764 -3.00108e-05 1.29298e-07 -0.00150666 -0.00265864
internal_weight=1.56356e+06 331902 329002 327385 45942 22532 23410 1.23166e+06 531411 178715 130780 119892 10888 47935 46105 352696 351134 346855 281443 246768 34675 700252 30136 670116 28432 26515 663985 650723 13262 4279
internal_count=1563565 331902 329002 327385 45942 22532 23410 1231663 531411 178715 130780 119892 10888 47935 46105 352696 351134 346855 281443 246768 34675 700252 30136 670116 28432 26515 663985 650723 13262 4279
is_linear=0
shrinkage=0.01


Tree=181
num_leaves=31
num_cat=0
split_feature=38 38 79 17 74 41 58 78 1 23 17 3 60 8 47 23 68 22 59 2 62 60 68 43 48 41 62 27 70 27
split_gain=310.982 344.635 460.947 343.896 452.422 442.071 324.484 296.229 273.783 319.685 301.562 267.669 543.418 835.707 415.334 367.769 475.943 342.416 335.005 282.29 261.186 306.946 347.138 281.121 338.63 270.234 256.475 247.474 294.793 263.499
threshold=0.59985351562500011 0.56176757812500011 0.0028425045311450963 0.0060157775878906259 -0.13968476653099057 0.070892333984375014 0.069549560546875014 0.017299577593803409 0.082611083984375014 -1.4960937499999998 0.015983581542968753 0.88793945312500011 -0.0035886764526367183 0.94970703125000011 0.18957519531250003 -1.0771484374999998 0.020366668701171878 0.016433715820312503 0.22552490234375003 -0.025123596191406247 -0.0087699890136718733 -0.0048122406005859366 0.022815704345703128 -1.0844726562499998 13.457031250000002 0.057571411132812507 -0.0081977844238281233 -0.035476684570312493 0.67429372668266307 -0.042694091796874993
decision_type=2 2 2 2 2 2 2 2 2 2 2 2 2 2 2 2 2 2 2 2 2 2 2 2 2 2 2 2 2 2
left_child=1 11 -3 4 -4 -5 8 -6 20 -10 26 14 13 17 19 16 -14 -13 -17 -1 21 -2 -23 24 -22 -25 -11 29 -29 -16
right_child=6 2 3 5 7 -7 -8 -9 9 10 -12 12 15 -15 27 18 -18 -19 -20 -21 23 22 -24 25 -26 -27 -28 28 -30 -31
leaf_value=0.0030451380808430889 0.004401875216027965 -0.0014833048829570362 -0.0010209474075541778 0.0039460892597416542 0.0052028488028391931 -0.0028987021992103834 -0.0042944618264042526 0.00099823029480949595 -0.0036878715149060402 -0.00096462122576695182 0.0011341227104857865 0.00069039866350989302 0.0017931385068285387 0.0070677122865306806 0.00085333231229791013 0.00015333861731347647 -0.0031554165958081093 0.0034335816360459765 0.0044179767541337811 -0.0011626646171418514 -0.0027796275550965054 0.00015145259908681634 0.0033925518985306684 0.0022513456028634264 0.001240455217964934 -0.00019733680715987786 0.00079420470709338142 0.0005247312563679069 -1.8457242781420401e-05 -0.0026086087291130526
leaf_weight=1642 2050 4315 2105 1502 6559 2463 1988 2263 3437 76854 9135 35350 2662 2423 3191 88941 7074 5206 1861 39839 8323 35791 3621 4613 2785 165593 9278 112153 914039 6992
leaf_count=1642 2050 4315 2105 1502 6559 2463 1988 2263 3437 76854 9135 35350 2662 2423 3191 88941 7074 5206 1861 39839 8323 35791 3621 4613 2785 165593 9278 112153 914039 6992
internal_value=-1.08395e-05 6.11636e-05 0.00138957 0.00222287 0.00313684 -0.000299004 -0.000286976 0.00412899 -0.000261929 -0.000700294 -0.000591758 4.0251e-05 0.000445918 0.00138677 -1.3771e-05 4.35176e-05 -0.00180149 0.00104405 0.000241697 -0.000994714 -6.76591e-05 0.000648181 0.0004508 -0.000231407 -0.00177129 -0.000130715 -0.000775023 2.55097e-05 4.09172e-05 -0.00152421
internal_weight=1.56405e+06 1.24058e+06 19207 14892 10927 3965 323468 8822 321480 98704 95267 1.22137e+06 143517 42979 1.07786e+06 100538 9736 40556 90802 41481 222776 41462 39412 181314 11108 170206 86132 1.03638e+06 1.02619e+06 10183
internal_count=1564048 1240580 19207 14892 10927 3965 323468 8822 321480 98704 95267 1221373 143517 42979 1077856 100538 9736 40556 90802 41481 222776 41462 39412 181314 11108 170206 86132 1036375 1026192 10183
is_linear=0
shrinkage=0.01


Tree=182
num_leaves=27
num_cat=0
split_feature=70 73 60 33 46 22 18 3 75 82 48 48 38 43 33 57 66 57 21 81 27 80 6 48 75 63
split_gain=329.919 305.934 275.96 285.027 343.705 514.104 257.259 643.534 239.494 422.411 414.791 382.119 381.424 379.449 380.68 375.229 341.078 333.448 225.953 214.644 323.555 216.319 181.657 144.01 118.8 72.2184
threshold=0.71630635857582103 -0.0033266306854784484 -0.0022516250610351558 -0.47033691406249994 0.33874511718750006 -0.0085220336914062483 2.1337890625000004 -0.54150390624999989 -0.01540989428758621 -0.21755242347717282 14.433593750000002 13.761718750000002 -1.5947265624999998 -0.19085693359374997 -0.021736145019531247 0.024467468261718753 -0.073028564453124986 0.024177551269531253 0.064575195312500014 0.0015797237865626814 0.031631469726562507 0.0037736808881163601 0.079315185546875014 13.066406250000002 -0.0087373666465282423 0.091766357421875014
decision_type=2 2 2 2 2 2 2 2 2 2 2 2 2 2 2 2 2 2 2 2 2 2 2 2 2 2
left_child=6 2 3 4 5 -2 8 -8 12 24 11 -11 13 -1 -15 17 -17 -14 25 21 -21 -5 -4 -6 -10 -3
right_child=1 18 22 19 23 -7 7 -9 9 10 -12 -13 15 14 -16 16 -18 -19 -20 20 -22 -23 -24 -25 -26 -27
leaf_value=0.0065202516153853828 0.004164835988372792 -0.0032046257052621226 -0.005899321294144581 -0.00067563770504093425 -0.0036260358133864568 -0.0009629843302165639 -0.0026038856024002011 0.0051221275077095183 -0.0015499280431166401 0.00028205231661933522 -0.003803499697620033 0.0034999339271746506 -7.8615286596058807e-05 -0.0022500809313264524 0.0025857958230752626 -0.002864857523564955 -0.00026546435653164164 0.0014067516887847984 -0.00033057069341361616 0.0043202872328968892 -0.0017794929329277009 -0.0030950899070502787 -0.00098893114032110822 0.00049800791846091774 -0.0051211736911092234 -0.0062346873480892753
leaf_weight=1511 4954 1819 1500 38676 1736 3211 1668 2978 2291 296393 2437 3717 1142361 2368 5103 9101 11314 15296 1971 1972 1528 4069 1513 1627 1581 1501
leaf_count=1511 4954 1819 1500 38676 1736 3211 1668 2978 2291 296393 2437 3717 1142361 2368 5103 9101 11314 15296 1971 1972 1528 4069 1513 1627 1581 1501
internal_value=-2.58511e-05 -0.000717264 -0.000515978 -0.000361489 0.00104411 0.00215082 4.65399e-06 0.00234907 -2.67055e-06 0.000246565 0.000288657 0.000322138 -6.70098e-05 0.0019836 0.00105111 -8.26777e-05 -0.00142594 -5.89653e-05 -0.0030191 -0.000712179 0.00166232 -0.000907291 -0.00345631 -0.0016397 -0.00302695 -0.00460367
internal_weight=1.5642e+06 66077 60786 57773 11528 8165 1.49812e+06 4646 1.49347e+06 306419 302547 300110 1.18705e+06 8982 7471 1.17807e+06 20415 1.15766e+06 5291 46245 3500 42745 3013 3363 3872 3320
internal_count=1564196 66077 60786 57773 11528 8165 1498119 4646 1493473 306419 302547 300110 1187054 8982 7471 1178072 20415 1157657 5291 46245 3500 42745 3013 3363 3872 3320
is_linear=0
shrinkage=0.01


Tree=183
num_leaves=31
num_cat=0
split_feature=74 58 46 25 57 3 62 61 2 37 38 46 68 33 74 22 60 23 7 16 25 13 62 60 23 64 36 5 74 30
split_gain=287.839 329.998 361.583 290.323 370.614 355.586 377.513 665.717 359.325 305.743 445.564 291.371 516.318 438.095 410.085 406.515 481.264 478.266 397.816 366.918 291.043 277.777 259.37 331.665 506.447 337.969 319.069 293.009 279.335 253.647
threshold=-0.18887194991111753 0.063323974609375014 0.31286621093750006 0.35937500000000006 0.026756286621093753 -1.3242187499999998 -0.0082511901855468733 -0.0049457550048828116 0.015213012695312502 0.0076713562011718759 0.73120117187500011 0.32824707031250006 0.015674591064453128 -1.7670898437499998 -0.18509894609451291 0.0073585510253906259 -0.0043277740478515616 0.40478515625000006 -0.024887084960937497 0.078979492187500014 0.48437500000000006 0.051254272460937507 -0.0089759826660156233 -0.0043506622314453116 -0.40686035156249994 0.036941528320312507 0.11392211914062501 0.32812500000000006 -0.20464810729026792 0.45312500000000006
decision_type=2 2 2 2 2 2 2 2 2 2 2 2 2 2 2 2 2 2 2 2 2 2 2 2 2 2 2 2 2 2
left_child=1 22 -3 11 5 9 8 -8 -7 20 -11 14 -13 -14 19 16 -16 -17 -15 21 -5 -2 26 24 -24 29 27 -1 -29 -25
right_child=3 2 -4 4 -6 6 7 -9 -10 10 -12 12 13 18 15 17 -18 -19 -20 -21 -22 -23 23 25 -26 -27 -28 28 -30 -31
leaf_value=-0.0035247540070180868 0.0083778942118650709 0.0061303566521908864 -0.0003286878380578818 -0.0028525574195176441 -0.0041007432466353966 -0.00020201659216494673 0.0013573832882868239 4.6306002248423073e-05 0.00037376370123388952 0.0024145729767375153 -0.001437288221650202 0.0052385676535100121 0.0043259128318456361 0.0016508531076767866 -0.0024434647413299365 -0.0025643730623103557 0.00094800770151830076 0.00013328227508428099 -0.00062746989831124502 0.00025719534295936533 -0.00066775868567832571 0.0023469983873454516 -0.0013336168118857309 -0.00027523557168616664 0.0048444897541509305 0.0041645591123572363 0.0027964110875541553 0.00022091856268936165 -0.002866774359805807 -0.0014029325525107134
leaf_weight=7066 1570 1557 1920 11184 2249 729676 50377 167281 127275 5391 6729 1698 1984 8480 4332 7088 109250 87132 77961 2421 13413 1511 2389 90282 2945 1538 1543 7586 4751 25587
leaf_count=7066 1570 1557 1920 11184 2249 729676 50377 167281 127275 5391 6729 1698 1984 8480 4332 7088 109250 87132 77961 2421 13413 1511 2389 90282 2945 1538 1543 7586 4751 25587
internal_value=-3.23516e-05 -0.000453258 0.00258219 1.13679e-05 -6.33507e-05 -5.51065e-05 -2.20331e-05 0.000349852 -0.000116495 -0.00102254 0.000277183 0.000285571 -0.000191135 -0.000296561 0.000486982 0.000415467 0.00081825 -7.01586e-05 -0.000403633 0.00317673 -0.00166267 0.0054544 -0.000527061 -0.000351411 0.00208278 -0.000462337 -0.00155503 -0.00190359 -0.000970873 -0.000524461
internal_weight=1.56417e+06 147164 3477 1.417e+06 1.11358e+06 1.11133e+06 1.07461e+06 217658 856951 36717 12120 303427 90123 88425 213304 207802 113582 94220 86441 5502 24597 3081 143687 122741 5334 117407 20946 19403 12337 115869
internal_count=1564166 147164 3477 1417002 1113575 1111326 1074609 217658 856951 36717 12120 303427 90123 88425 213304 207802 113582 94220 86441 5502 24597 3081 143687 122741 5334 117407 20946 19403 12337 115869
is_linear=0
shrinkage=0.01


Tree=184
num_leaves=31
num_cat=0
split_feature=57 2 35 0 36 57 8 17 33 52 17 20 42 62 64 65 81 52 60 8 59 16 72 52 62 62 83 31 63 33
split_gain=541.572 376.518 642.05 399.394 464.81 360.235 358.112 438.379 392.935 349.994 571.148 478.48 515.602 336.968 665.371 334.904 422.743 408.479 779.176 451.833 349.914 288.242 247.786 462.093 480.2 444.105 555.12 408.215 492.482 332.539
threshold=0.022102355957031253 -0.010379791259765623 0.57812500000000011 0.35937500000000006 0.082305908203125014 0.022514343261718753 1.1337890625000002 -0.0012702941894531248 0.77929687500000011 0.061447143554687507 -0.0038766860961914058 0.26562500000000006 -0.0031375885009765621 -0.0096092224121093733 0.045761108398437507 0.11404418945312501 0.00088281731586903345 0.050827026367187507 -0.0035486221313476558 -0.74584960937499989 0.047622680664062507 0.089202880859375014 -0.054820567369461053 0.054183959960937507 -0.0081062316894531233 -0.0088920593261718733 -1.1103878021240232 0.063079833984375014 0.081634521484375014 0.71093750000000011
decision_type=2 2 2 2 2 2 2 2 2 2 2 2 2 2 2 2 2 2 2 2 2 2 2 2 2 2 2 2 2 2
left_child=22 2 3 6 5 -5 8 -8 -2 15 11 -11 -13 14 -12 17 -17 18 -3 -19 -18 -15 -1 -24 25 29 -27 -26 -29 -25
right_child=1 9 -4 4 -6 -7 7 -9 -10 10 13 12 -14 21 -16 16 20 19 -20 -21 -22 -23 23 24 27 26 -28 28 -30 -31
leaf_value=-0.00019992760369837186 0.00042888293301329662 0.0050505065506118085 -0.0021529481437033995 0.003438151005970488 0.0071009629059441484 0.00084317863841694516 -0.00032283444430415627 0.0037059490715512316 -0.0038605087436735632 -0.0011325071335768827 0.0058741409903568112 0.0028139421249355812 0.0088203461525831351 -0.0031578865807347289 -0.0015448594836706526 -0.0035095258501492157 -0.0025787199739360236 0.0045242546290789019 -0.0010197384856921565 0.00095085722064304663 4.6715881113559775e-05 0.0014549940471959891 0.0057254447907990735 0.00078416142261711244 -0.00077614759234357819 -0.00036976952819529565 -0.0047152071515731506 -0.00040478256965085883 0.0034730854337289537 0.0056123865144910344
leaf_weight=802982 45849 2339 6706 8153 1718 15541 4321 7170 2220 2031 2193 5786 1894 4226 2650 3397 5109 3813 20396 46430 495340 1975 1582 7346 5641 35841 3183 4602 11304 1753
leaf_count=802982 45849 2339 6706 8153 1718 15541 4321 7170 2220 2031 2193 5786 1894 4226 2650 3397 5109 3813 20396 46430 495340 1975 1582 7346 5641 35841 3183 4602 11304 1753
internal_value=1.54792e-05 0.000225082 0.000821727 0.00105694 0.00210609 0.00173824 0.000608749 0.00219306 0.00022926 0.000133523 0.00140872 0.00317512 0.00431427 -0.000147413 0.00182494 8.75918e-05 -4.12238e-06 0.000720622 -0.000391335 0.00122374 1.98113e-05 -0.00168874 -0.000149775 0.000415317 0.000293131 -0.000262473 -0.00072644 0.00153311 0.00235202 0.00172463
internal_weight=1.56349e+06 689257 91678 84972 25412 23694 59560 11491 48069 597579 20755 9711 7680 11044 4843 576824 503846 72978 22735 50243 500449 6201 874234 71252 69670 48123 39024 21547 15906 9099
internal_count=1563491 689257 91678 84972 25412 23694 59560 11491 48069 597579 20755 9711 7680 11044 4843 576824 503846 72978 22735 50243 500449 6201 874234 71252 69670 48123 39024 21547 15906 9099
is_linear=0
shrinkage=0.01


Tree=185
num_leaves=30
num_cat=0
split_feature=71 30 61 5 62 60 68 43 3 36 32 73 30 67 74 68 68 52 22 31 15 73 41 77 81 28 3 43 10
split_gain=449.45 518.457 443.059 419.209 414.23 616.479 598.331 348.681 328.497 322.908 295.863 295.275 301.023 381.322 402.53 329.712 299.611 274.949 271.548 270.763 267.003 247.732 368.65 471.75 336.333 287.936 274.856 148.054 136.122
threshold=0.32713913917541509 0.70312500000000011 -0.0036840438842773433 0.14062500000000003 -0.0080375671386718733 -0.0029497146606445308 0.018070220947265628 0.86230468750000011 -1.1440429687499998 0.089385986328125014 0.021316528320312503 -0.07361371815204619 0.73437500000000011 -0.15228271484374997 -0.084846109151840196 0.019306182861328128 0.017337799072265628 0.055038452148437507 0.014942169189453127 0.073577880859375014 0.51562500000000011 -0.078313589096069322 0.092437744140625014 0.0082342755049467104 0.0011450592428445818 -1.2304687499999998 -0.23974609374999997 1.0756835937500002 0.57812500000000011
decision_type=2 2 2 2 2 2 2 2 2 2 2 2 2 2 2 2 2 2 2 2 2 2 2 2 2 2 2 2 2
left_child=3 2 4 9 7 6 -6 20 -7 17 -4 21 16 14 -14 -15 19 -1 -18 -13 -2 22 23 -5 25 -23 -26 -9 -24
right_child=1 -3 10 11 5 8 -8 27 -10 -11 -12 12 13 15 -16 -17 18 -19 -20 -21 -22 24 28 -25 26 -27 -28 -29 -30
leaf_value=0.0018996666936378903 0.00077307773851067747 0.0052519357547410805 -0.000280114245321964 -0.00054717587680466978 0.002410708782741776 0.0035910002287410903 0.0086505329363846736 -0.0050809719204597372 -0.0011229903984005907 -0.00046853967388512058 -0.0058495890321800526 0.0018273538849163504 0.0013152751050485199 -0.0043086968439328271 0.0062467153623189664 0.0011014656262509775 -9.6569609002907948e-05 0.0077659051814638639 0.00033638634685722598 -0.002029740022721075 -0.00029136178411142902 0.0010305093194517639 -0.0034707467604523411 0.0020899259142659783 0.0029774004968057058 -0.0027364126522779262 -0.0012971468646133439 -0.00087290891287833189 -0.00073001920844748295
leaf_weight=1693 75010 2274 2036 24744 6313 1945 2023 1542 5948 1914 1778 2110 5140 1625 2432 3556 1165175 1523 165411 12624 34343 2326 4181 9323 2541 15403 3627 1821 3210
leaf_count=1693 75010 2274 2036 24744 6313 1945 2023 1542 5948 1914 1778 2110 5140 1625 2432 3556 1165175 1523 165411 12624 34343 2326 4181 9323 2541 15403 3627 1821 3210
internal_value=-1.31215e-05 0.000538287 0.000456769 -6.52497e-05 0.000556297 0.00204901 0.00394208 0.000341049 4.47755e-05 0.00278267 -0.00289345 -7.55525e-05 -4.39518e-05 0.00148397 0.00291145 -0.000605454 -5.84577e-05 0.00470857 -4.27427e-05 -0.00147565 0.000438792 -0.000731998 -0.0002643 0.000175314 -0.00154249 -0.0022416 0.000467749 -0.00282102 -0.0022856
internal_weight=1.56359e+06 135033 132759 1.42856e+06 128945 16229 8336 112716 7893 5130 3814 1.42343e+06 1.35807e+06 12753 7572 5181 1.34532e+06 3216 1.33059e+06 14734 109353 65355 41458 34067 23897 17729 6168 3363 7391
internal_count=1563591 135033 132759 1428558 128945 16229 8336 112716 7893 5130 3814 1423428 1358073 12753 7572 5181 1345320 3216 1330586 14734 109353 65355 41458 34067 23897 17729 6168 3363 7391
is_linear=0
shrinkage=0.01


Tree=186
num_leaves=30
num_cat=0
split_feature=57 3 22 3 16 48 77 62 83 2 82 30 7 30 7 33 7 62 75 58 81 65 48 76 77 48 51 83 38
split_gain=395.526 449.5 588.256 578.663 429.48 380.624 634.781 411.642 331.494 327.175 316.957 343.073 303.233 287.336 453.374 289.985 271.693 236.417 249.3 248.628 281.212 261.706 233.368 230.56 227.832 242.754 255.055 215.823 98.4458
threshold=0.022377014160156253 -1.0034179687499998 0.0049114227294921884 -1.1137695312499998 0.087615966796875014 10.738281250000002 0.014753211289644243 -0.0084419250488281233 -1.2741744518280027 0.028030395507812503 0.27194082736969 0.17187500000000003 0.0075073242187500009 0.73437500000000011 -0.011066436767578123 1.5141601562500002 0.014461517333984377 -0.0077762603759765616 -0.0084562823176383955 0.057418823242187507 0.00071855401620268833 0.11373901367187501 10.261718750000002 0.02968084812164307 0.014710508286952974 12.167968750000002 0.015483856201171877 -1.9345068931579588 -0.32202148437499994
decision_type=2 2 2 2 2 2 2 2 2 2 2 2 2 2 2 2 2 2 2 2 2 2 2 2 2 2 2 2 2
left_child=9 2 3 4 16 28 7 -7 -6 10 11 27 24 15 -15 -13 -2 19 -19 -3 23 -22 -12 -21 25 26 -11 -1 -4
right_child=1 17 5 -5 8 6 -8 -9 -10 12 22 13 -14 14 -16 -17 -18 18 -20 20 21 -23 -24 -25 -26 -27 -28 -29 -30
leaf_value=0.00057824162213630922 0.0016009692024171022 0.0040967136695702674 -0.0040640972877822945 0.0074524682733786889 -0.0039518887894451245 0.0033885627542373292 0.005883615293035065 -0.0029662784346377704 0.0025746902150995516 -0.0020993108092077794 -0.0058651081926938964 -9.9806911014084957e-05 0.001606649051748331 0.0037990273021429677 0.00031603717083650149 -0.0011435670153723645 0.0075148557489087831 0.00058188328016077061 -0.004670259178548619 -3.1841694400769926e-05 0.00092115697201691858 0.00011457003316008414 -0.0006106742919330865 -0.0042195118708815357 0.001184786105967151 0.00082180992467582815 -0.0054587336445073463 0.0059210137479261465 -0.00074892387740752269
leaf_weight=1510 1603 1586 1926 2684 1566 1569 2182 2825 1509 7481 1620 905973 2641 4565 20237 27404 1513 1597 2050 2606 43657 509321 1755 2634 1861 1814 3250 1504 1680
leaf_count=1510 1603 1586 1926 2684 1566 1569 2182 2825 1509 7481 1620 905973 2641 4565 20237 27404 1513 1597 2050 2606 43657 509321 1755 2634 1861 1814 3250 1504 1680
internal_value=-4.17344e-06 0.000202252 0.00171192 0.00359068 0.00189787 7.04941e-05 0.00150107 -0.000692034 -0.000753148 -0.000126672 -0.000102385 -9.161e-05 -0.00149915 -0.000102239 0.000959653 -0.000130476 0.00450212 0.000151133 -0.00237975 0.000167706 0.000156396 0.00017828 -0.0031525 -0.00214491 -0.00206996 -0.0025539 -0.00312501 0.00326577 -0.00253224
internal_weight=1.56412e+06 582508 19057 8875 6191 10182 6576 4394 3075 981615 964568 961193 17047 958179 24802 933377 3116 563451 3647 559804 558218 552978 3375 5240 14406 12545 10731 3014 3606
internal_count=1564123 582508 19057 8875 6191 10182 6576 4394 3075 981615 964568 961193 17047 958179 24802 933377 3116 563451 3647 559804 558218 552978 3375 5240 14406 12545 10731 3014 3606
is_linear=0
shrinkage=0.01


Tree=187
num_leaves=31
num_cat=0
split_feature=52 72 77 51 79 37 47 26 68 31 33 33 56 31 54 21 33 56 68 8 71 26 59 57 51 3 41 59 23 54
split_gain=311.13 447.266 460.303 680.543 410.494 382.382 483.509 534.52 455.498 365.707 382.879 334.008 332.58 322.942 321.712 313.679 298.03 297.023 292.705 344.919 282.036 281.59 273.646 451.085 272.607 260.381 237.684 205.728 164.597 133.069
threshold=0.054977416992187507 -0.091730773448944078 0.015110187232494356 0.015769958496093753 0.0090247467160224932 0.012985229492187502 0.21173095703125003 0.099517822265625014 0.021930694580078128 0.094512939453125014 0.77929687500000011 -1.2304687499999998 0.043655395507812507 0.092437744140625014 -0.089569091796874986 0.085540771484375014 0.25256347656250006 0.043167114257812507 0.019245147705078128 0.64916992187500011 0.3112588524818421 0.075439453125000014 0.048171997070312507 0.023200988769531253 0.015861511230468753 0.33532714843750006 0.070587158203125014 0.024116516113281253 0.057815551757812507 -0.10885620117187499
decision_type=2 2 2 2 2 2 2 2 2 2 2 2 2 2 2 2 2 2 2 2 2 2 2 2 2 2 2 2 2 2
left_child=4 2 3 -2 11 9 7 8 -7 10 24 15 14 -12 17 29 20 -13 -11 -20 -8 26 27 -24 -3 -16 -6 -17 -9 -1
right_child=1 5 -4 -5 21 6 16 28 -10 18 13 12 -14 -15 25 22 -18 -19 19 -21 -22 -23 23 -25 -26 -27 -28 -29 -30 -31
leaf_value=-0.0018998177127155006 0.0018141648236266275 0.002906283616314273 -0.00053131128676778218 0.010053480673162054 0.0033484304831938802 0.0014990007468683279 -0.0011782588005329656 -0.0032865654551613019 0.0081031206697614634 0.0026814920215158457 0.0059771288356115651 -7.3042402764388935e-05 -0.0047568324868574024 0.00084133813957800732 -0.0038074719096152097 -0.0001242607839480795 0.002650236406841794 0.003152562513494675 -0.0024628142378096446 0.0025285442645131867 -0.0043577455708704487 0.0047716653709917994 -0.0056943252948439054 0.0011146647644321821 0.00024685029435900729 0.0010305247821135479 -0.0015638687219563577 0.00499516633103733 0.00078863406320171044 -0.0045936038793041546
leaf_weight=9487 2916 3867 2754 1517 1760 3320 29812 2075 1512 1597 2130 991609 1501 2862 4014 1564 1830 2843 11045 1566 3063 2805 1550 2545 462794 1526 2187 1554 1869 2277
leaf_count=9487 2916 3867 2754 1517 1760 3320 29812 2075 1512 1597 2130 991609 1501 2862 4014 1564 1830 2843 11045 1566 3063 2805 1550 2545 462794 1526 2187 1554 1869 2277
internal_value=9.02622e-06 0.000204196 0.00267861 0.0046662 -9.29151e-05 0.0001705 -0.000727726 0.0013671 0.0035904 0.000250912 0.00029855 -0.000109198 -8.4279e-05 0.0030478 -7.71704e-05 -0.00142278 -0.00125794 -6.37576e-05 -0.0013287 -0.00183998 -0.00147696 0.002361 0.000219077 -0.00147776 0.000269011 -0.00247593 0.000632404 0.00244282 -0.00136116 -0.00242813
internal_weight=1.56375e+06 536529 7187 4433 1.02722e+06 529342 43481 8776 4832 485861 471653 1.02047e+06 1.00149e+06 4992 999992 18977 34705 994452 14208 12611 32875 6752 7213 4095 466661 5540 3947 3118 3944 11764
internal_count=1563751 536529 7187 4433 1027222 529342 43481 8776 4832 485861 471653 1020470 1001493 4992 999992 18977 34705 994452 14208 12611 32875 6752 7213 4095 466661 5540 3947 3118 3944 11764
is_linear=0
shrinkage=0.01


Tree=188
num_leaves=25
num_cat=0
split_feature=5 83 74 1 61 33 38 13 2 57 74 48 37 59 28 18 56 80 26 61 61 76 5 17
split_gain=286.45 478.783 307.289 382.265 449.809 1088.69 591.2 500.694 342.901 327.922 318.58 515.502 362.194 328.906 305.579 255.972 254.649 216.722 464.475 348.192 309.298 312.375 241.258 201.582
threshold=0.14062500000000003 -1.3214731216430662 -0.11199522018432616 0.095611572265625014 -0.0054759979248046866 0.77929687500000011 -0.76928710937499989 -1.2768554687499998 0.022590637207031253 0.022499084472656253 -0.10779985785484313 13.792968750000002 -0.0083656311035156233 0.010028839111328127 -1.6640624999999998 1.9184570312500002 0.036209106445312507 0.0036747492849826817 0.095855712890625014 -0.0047893524169921866 -0.0060558319091796866 0.02620106935501099 0.51562500000000011 -0.0050048828124999991
decision_type=2 2 2 2 2 2 2 2 2 2 2 2 2 2 2 2 2 2 2 2 2 2 2 2
left_child=1 -1 15 10 5 7 -7 -5 9 -6 11 12 -4 -13 -12 17 -16 18 22 -20 -19 -22 -2 -3
right_child=2 23 3 4 8 6 -8 -9 -10 -11 14 13 -14 -15 16 -17 -18 20 19 -21 21 -23 -24 -25
leaf_value=0.007051027147962732 -4.1433208545206225e-05 0.0034804769469194492 -0.001525853512219919 0.0055118922872614239 -0.0030100505467475485 0.011280798319526478 0.002504190912980759 0.00060805114795943872 -0.0048994557608614915 0.0032014918733490163 -0.0037514400387256993 0.0056513598780556012 0.00090720465658388166 0.001484568677022355 0.0031216850039840057 0.0028567947494345125 2.6437392967417627e-05 0.0028244087417938469 -0.00055585882076420042 0.0051510084234946693 0.0032356627998690801 -0.0011887196168247972 -0.00055929866879977344 -0.00095023287170078227
leaf_weight=1501 485847 1539 7712 2132 1663 1502 1578 64537 2255 1697 2115 3242 29310 4567 2647 2799 785404 2183 1685 2888 1641 41314 110383 2991
leaf_count=1501 485847 1539 7712 2132 1663 1502 1578 64537 2255 1697 2115 3242 29310 4567 2647 2799 785404 2183 1685 2888 1641 41314 110383 2991
internal_value=2.47031e-05 0.00219625 1.62749e-05 0.000134786 0.00081677 0.00103609 0.00682938 0.000766476 -0.00190155 0.000127529 7.32148e-05 0.000893065 0.000399828 0.00322448 2.66782e-05 -0.000150029 3.6913e-05 -0.000163146 -0.000112925 0.00305495 -0.000831258 -0.00101827 -0.000137324 0.000563717
internal_weight=1.56513e+06 6031 1.5591e+06 910361 75364 69749 3080 66669 5615 3360 834997 44831 37022 7809 790166 648740 788051 645941 600803 4573 45138 42955 596230 4530
internal_count=1565132 6031 1559101 910361 75364 69749 3080 66669 5615 3360 834997 44831 37022 7809 790166 648740 788051 645941 600803 4573 45138 42955 596230 4530
is_linear=0
shrinkage=0.01


Tree=189
num_leaves=31
num_cat=0
split_feature=59 58 57 71 5 75 70 68 6 46 32 32 20 20 59 21 48 10 59 18 23 41 1 30 79 38 20 45 70 6
split_gain=366.276 411.098 400.196 365.643 352.78 386.827 328.033 509.735 321.283 311.218 293.672 481.969 293.257 263.621 373.129 260.431 423.655 370.978 433.819 314.222 259.905 244.229 236.133 252.744 265.711 309.705 229.419 280.717 185.754 182.321
threshold=0.038864135742187507 0.061355590820312507 0.019630432128906253 0.27378153800964361 0.48437500000000006 -0.038896456360816949 0.67552414536476146 0.019062042236328128 0.034545898437500007 0.36975097656250006 -1.0000000180025095e-35 -0.0083656311035156233 0.42187500000000006 0.26562500000000006 0.15875244140625003 0.098541259765625014 7.6972656250000009 0.20312500000000003 -0.036727905273437493 0.79370117187500011 0.96337890625000011 0.10928344726562501 0.079681396484375014 0.45312500000000006 0.0007890583947300912 0.84204101562500011 0.60937500000000011 1.8906250000000002 0.68068218231201183 0.078094482421875014
decision_type=2 2 2 2 2 2 2 2 2 2 2 2 2 2 2 2 2 2 2 2 2 2 2 2 2 2 2 2 2 2
left_child=3 4 -3 22 5 -2 12 -8 -4 15 11 -6 -7 21 -15 17 29 18 -5 -18 -19 -10 23 24 -1 -26 27 -12 -13 -17
right_child=1 2 8 9 10 6 7 -9 13 -11 26 28 -14 14 -16 16 19 20 -20 -21 -22 -23 -24 -25 25 -27 -28 -29 -30 -31
leaf_value=-0.0024593542010238009 0.0071166296618434188 0.0042376943898892652 0.0038323119905708876 0.0045685755972064094 -0.0013033577919398483 0.0046336923301726011 -0.0031808529843811552 0.0034873491781855759 -0.00060198982685395416 -0.0021578923659361709 -0.0025985094920012337 0.0019835840203350154 0.0008634380076619761 8.0826408142568843e-05 0.00089711969780182461 -0.0053664678800606673 0.0012924610512669969 -0.00016121128087994934 0.0003309450009033016 -0.0015384957653959449 -0.001566436537845539 0.0031691487763189016 -0.0031918927642056172 -0.0040672709626310014 0.0050955313544133385 -0.00038158396083642454 -0.004282119115411257 0.0030026546306225845 0.0067880433566931894 -0.00045623011336441992
leaf_weight=2333 1545 2324 2281 3463 3020 4809 2624 2004 66807 7442 1952 1757 3621 775482 60336 1504 33221 540383 7896 4428 13471 1743 6264 1680 1649 2700 1989 1618 1503 1509
leaf_count=2333 1545 2324 2281 3463 3020 4809 2624 2004 66807 7442 1952 1757 3621 775482 60336 1504 33221 540383 7896 4428 13471 1743 6264 1680 1649 2700 1989 1618 1503 1509
internal_value=2.14047e-05 0.000146814 0.000111043 -0.00016541 0.00137547 0.00241439 0.001848 -0.000290831 0.000100372 -0.000128116 9.20922e-05 0.00157156 0.0030201 9.08743e-05 0.000139773 -0.000103114 0.000669667 -0.000158731 0.00162862 0.000958865 -0.000195445 -0.000505206 -0.00172692 -0.000624515 0.000250623 0.00170898 -0.0015789 -5.73572e-05 0.00422653 -0.0029265
internal_weight=1.56336e+06 935415 908973 627943 26442 14603 13058 4628 906649 613317 11839 6280 8430 904368 835818 605875 40662 565213 11359 37649 553854 68550 14626 8362 6682 4349 5559 3570 3260 3013
internal_count=1563358 935415 908973 627943 26442 14603 13058 4628 906649 613317 11839 6280 8430 904368 835818 605875 40662 565213 11359 37649 553854 68550 14626 8362 6682 4349 5559 3570 3260 3013
is_linear=0
shrinkage=0.01


Tree=190
num_leaves=31
num_cat=0
split_feature=33 7 17 36 1 17 17 21 75 46 68 41 5 3 61 15 55 1 25 71 20 62 47 15 80 75 58 41 33 79
split_gain=352.061 479.622 446.436 532.324 395.487 359.555 510.746 465.205 459.184 423.705 385.955 344.281 418.236 457.777 484.29 574.547 445.201 511.852 356.479 346.385 493.973 386.851 543.679 347.407 344.206 335.156 330.683 388.024 319.109 354.048
threshold=-0.47033691406249994 0.024803161621093753 0.040420532226562507 0.060668945312500007 0.066375732421875014 0.0080604553222656267 0.0098648071289062517 0.073883056640625014 -0.0054404456168413154 0.26818847656250006 0.018314361572265628 0.064117431640625014 0.23437500000000003 -1.2304687499999998 -0.0045490264892578116 0.32812500000000006 -0.11904907226562499 0.074493408203125014 0.35937500000000006 0.31722256541252142 0.29687500000000006 -0.0087852478027343733 0.24310302734375003 0.64062500000000011 0.0047587919980287561 -0.011599911376833914 0.071319580078125014 0.062622070312500014 -0.51025390624999989 0.00058844452723860752
decision_type=2 2 2 2 2 2 2 2 2 2 2 2 2 2 2 2 2 2 2 2 2 2 2 2 2 2 2 2 2 2
left_child=11 2 26 -4 -5 8 -7 -8 9 -3 -9 19 16 18 24 -16 -13 -18 -14 28 -21 23 -23 -22 -15 -11 -2 -28 29 -1
right_child=1 5 3 4 -6 6 7 10 -10 25 -12 12 13 14 15 -17 17 -19 -20 20 21 22 -24 -25 -26 -27 27 -29 -30 -31
leaf_value=0.0024130008633931476 -0.0001105098770199193 -0.0024702521088907055 0.0070243975537768481 -0.002624186039838976 0.0030447231055319253 0.007610321466005765 -0.00021285044835107729 0.0011942656591389944 0.0037954408307967463 0.001025225016068388 0.0069276226939529329 0.00061251930943504254 0.0010841283705979737 0.00030590980189268348 -0.0012170610720132664 0.0033904714037339238 0.0075572023508651415 0.0018126263454311237 -0.0025041342216966323 -0.0033886301924215419 0.00073321174852460482 -0.00093719120616720698 0.0050704380125640193 -0.0037474310245893829 0.0033244015158453155 -0.0017765807438304441 0.00023681268614224955 0.0062066956053597891 0.0025294732472414838 -0.001390310232779789
leaf_weight=2605 1090379 5474 1839 2040 3039 1605 6173 2452 3658 25071 2251 9469 3896 295414 3610 10689 2488 4112 9468 2823 14873 2263 4453 1938 3807 5126 2769 1776 2509 36589
leaf_count=2605 1090379 5474 1839 2040 3039 1605 6173 2452 3658 25071 2251 9469 3896 295414 3610 10689 2488 4112 9468 2823 14873 2263 4453 1938 3807 5126 2769 1776 2509 36589
internal_value=5.0509e-05 -3.90255e-05 -8.32462e-05 0.00244542 0.000766422 0.000901083 0.00237849 0.00159386 0.000431261 8.4337e-05 0.00395614 0.000301813 0.000430736 0.00035324 0.000430533 0.00222715 0.00200481 0.00399445 -0.00145799 -0.00034783 0.000549444 0.00102445 0.00304936 0.000212837 0.000344534 0.000548752 -9.92673e-05 0.00258657 -0.000914764 -0.00113642
internal_weight=1.56466e+06 1.15365e+06 1.10184e+06 6918 5079 51810 12481 10876 39329 35671 4703 411006 342953 326884 313520 14299 16069 6600 13364 68053 26350 23527 6716 16811 299221 30197 1.09492e+06 4545 41703 39194
internal_count=1564658 1153652 1101842 6918 5079 51810 12481 10876 39329 35671 4703 411006 342953 326884 313520 14299 16069 6600 13364 68053 26350 23527 6716 16811 299221 30197 1094924 4545 41703 39194
is_linear=0
shrinkage=0.01


Tree=191
num_leaves=31
num_cat=0
split_feature=23 43 72 83 41 46 73 23 62 18 72 58 48 54 10 16 17 80 37 82 65 2 50 8 68 80 68 62 23 72
split_gain=279.62 545.502 442.387 440.761 394.073 515.566 377.62 306.79 280.473 335.451 275.892 443.035 363.806 322.414 277.629 276.18 275.406 255.948 252.636 259.823 239.149 398.852 287.177 216.035 284.978 409.819 214.423 209.314 182.42 170.289
threshold=-1.4423828124999998 0.21673583984375003 -0.11842742562294005 -1.224525451660156 0.093536376953125014 0.31726074218750006 -0.054090954363346093 -1.2104492187499998 -0.0070476531982421866 1.1430664062500002 -0.051478132605552666 0.066680908203125014 9.2031250000000018 -0.10385131835937499 0.17187500000000003 0.079498291015625014 -0.0043201446533203116 0.0049386573955416688 -0.016647338867187497 1.0000000180025095e-35 0.10037231445312501 -0.0021381378173828121 0.031570434570312507 0.33740234375000006 0.020442962646484378 0.0030754283070564274 0.020244598388671878 -0.0089530944824218733 -0.076019287109374986 -0.13640508055686948
decision_type=2 2 2 2 2 2 2 2 2 2 2 2 2 2 2 2 2 2 2 2 2 2 2 2 2 2 2 2 2 2
left_child=1 6 29 4 5 -4 -1 8 9 18 11 20 16 15 -15 -12 -13 -16 27 -20 21 -9 -22 26 -25 -26 -8 -2 -14 -3
right_child=7 2 3 -5 -6 -7 23 10 -10 -11 13 12 28 14 17 -17 -18 -19 19 -21 22 -23 -24 24 25 -27 -28 -29 -30 -31
leaf_value=0.0044221331118935291 -0.0010022197828481072 0.0011577521597841086 1.5205164722473032e-05 0.006939782025247491 -0.00099845800557543554 0.0064442901538902123 -0.0049100620110156179 -0.0024251313985723319 0.0028197455597269005 0.0019232457398875103 0.0053226724270894876 0.0029341457186563631 -0.0061788561287596791 0.0032500271840026646 0.00023114468927590599 -0.00010672861523926258 -0.0024224828835534111 -0.0014446260277836468 -0.0019388419602074992 -0.00011316801479071673 0.0024052033606984167 0.0006953961562233971 -5.9816715117687578e-05 0.0040909079471868528 -0.0034944670333160099 0.0016451155007796347 -0.00098901866358533678 -0.0058978766009204521 -0.0022208875023175044 -0.002333815267273024
leaf_weight=1564 1500 4983 2113 2669 2534 3025 1632 10697 1914 3364 2279 1693 2341 2957 310653 1580 2163 9370 16653 14645 4726 6618 1130781 1769 2574 3841 9071 2103 2367 1918
leaf_count=1564 1500 4983 2113 2669 2534 3025 1632 10697 1914 3364 2279 1693 2341 2957 310653 1580 2163 9370 16653 14645 4726 6618 1130781 1769 2574 3841 9071 2103 2367 1918
internal_value=-1.42327e-05 0.000836408 0.0021455 0.00345201 0.00222377 0.00381064 -0.00026829 -3.52216e-05 -0.000897257 -0.00108456 -1.19367e-05 -8.41665e-05 -0.00234758 0.000244713 0.000210281 0.00311061 -6.76183e-05 0.000181992 -0.0013754 -0.00108519 -6.73117e-05 -0.001233 -4.95151e-05 -0.000660962 0.000561406 -0.000421578 -0.00159494 -0.0038765 -0.00420676 0.000183398
internal_weight=1.5661e+06 37693 17242 10341 7672 5138 20451 1.5284e+06 40179 38265 1.48822e+06 1.16139e+06 8564 326839 322980 3859 3856 320023 34901 31298 1.15282e+06 17315 1.13551e+06 18887 8184 6415 10703 3603 4708 6901
internal_count=1566097 37693 17242 10341 7672 5138 20451 1528404 40179 38265 1488225 1161386 8564 326839 322980 3859 3856 320023 34901 31298 1152822 17315 1135507 18887 8184 6415 10703 3603 4708 6901
is_linear=0
shrinkage=0.01


Tree=192
num_leaves=20
num_cat=0
split_feature=47 83 36 74 40 13 33 59 3 22 28 30 45 23 61 83 26 36 6
split_gain=273.047 376.289 257.275 291.755 439.168 523.045 690.795 360.206 309.877 360.731 298.096 262.791 507.504 274.487 270.189 259.609 242.057 228.482 166.804
threshold=0.30944824218750006 -1.6086120605468748 0.034210205078125007 -0.025176554918289181 0.29687500000000006 1.2866210937500002 -0.66455078124999989 0.18084716796875003 0.94580078125000011 0.0069694519042968759 1.5610351562500002 0.73437500000000011 2.3281250000000004 -0.79760742187499989 -0.0053462982177734366 -0.70791006088256825 0.12713623046875003 0.048431396484375007 0.080596923828125014
decision_type=2 2 2 2 2 2 2 2 2 2 2 2 2 2 2 2 2 2 2
left_child=2 -2 15 11 8 7 -7 -6 10 -10 -5 16 14 -14 -13 -1 17 -4 -17
right_child=1 -3 3 4 5 6 -8 -9 9 -11 -12 12 13 -15 -16 18 -18 -19 -20
leaf_value=0.00060554904468557982 -0.0046068288552653545 0.00074557913809406517 0.00082473692004045394 -0.0010372165571104219 -0.0002984415072422599 0.0013798946580228985 0.0097978402086772911 0.0025910570476485035 -0.00040674309315888782 0.0062714280911299611 0.0025150947846910533 -0.00081665274962572994 0.0031512865046974428 -0.00048585023947596973 0.0037918483594281448 -0.0062289569325417096 -0.0034567343613837792 -3.892405042554059e-05 -0.0017561832188249945
leaf_weight=2099 2973 2332 31274 17973 8897 2198 1743 8349 1705 1515 2700 1542 2382 15218 7084 1570 2033 1446527 1800
leaf_count=2099 2973 2332 31274 17973 8897 2198 1743 8349 1705 1515 2700 1542 2382 15218 7084 1570 2033 1446527 1800
internal_value=5.40398e-07 -0.00226003 8.27346e-06 1.59209e-05 0.000808448 0.00185588 0.0051336 0.00110178 -0.000121129 0.00275463 -0.000571284 -7.81177e-06 0.000984062 9.42135e-06 0.00296804 -0.00215288 -2.54031e-05 -2.06359e-05 -0.00386439
internal_weight=1.56191e+06 5305 1.55661e+06 1.55114e+06 45080 21187 3941 17246 23893 3220 20673 1.50606e+06 26226 17600 8626 5469 1.47983e+06 1.4778e+06 3370
internal_count=1561914 5305 1556609 1551140 45080 21187 3941 17246 23893 3220 20673 1506060 26226 17600 8626 5469 1479834 1477801 3370
is_linear=0
shrinkage=0.01


Tree=193
num_leaves=31
num_cat=0
split_feature=57 30 5 62 23 65 35 11 83 78 75 21 46 40 50 58 52 40 5 61 31 32 57 16 11 28 16 38 48 64
split_gain=307.701 304.209 281.58 347.181 273.622 388.467 331.594 268.91 259.113 486.747 841.932 485.128 284.273 282.949 369.649 275.752 429.363 747.339 425.101 274.567 267.618 363.505 288.929 245.735 364.646 288.997 240.175 250.994 239.856 214.358
threshold=0.022071838378906253 0.73437500000000011 0.67187500000000011 -0.0084800720214843733 -1.2749023437499998 0.12567138671875003 0.42187500000000006 0.076446533203125014 -1.6533908843994138 0.0066813193261623391 -0.0090198069810867292 0.098846435546875014 0.32824707031250006 0.51562500000000011 0.034957885742187507 0.066558837890625014 0.056411743164062507 0.35937500000000006 0.54687500000000011 -0.0043277740478515616 0.084136962890625014 0.0084152221679687517 0.022026062011718753 0.072967529296875014 0.064575195312500014 1.7939453125000002 0.096405029296875014 -0.48461914062499994 11.175781250000002 0.038192749023437507
decision_type=2 2 2 2 2 2 2 2 2 2 2 2 2 2 2 2 2 2 2 2 2 2 2 2 2 2 2 2 2 2
left_child=8 2 4 26 5 6 -2 -7 9 10 12 13 -1 14 -11 16 20 19 -19 -18 22 -22 -10 25 -25 -17 27 -4 -15 -6
right_child=1 -3 3 -5 29 7 -8 -9 15 11 -12 -13 -14 28 -16 23 17 18 -20 -21 21 -23 -24 24 -26 -27 -28 -29 -30 -31
leaf_value=-0.00017678947277425782 0.0013456798079243281 0.0033692577139242496 0.00043309264097647897 -0.0042535935147140725 0.0017690254596060854 -0.0001094668380115643 -0.0022556359158523048 -0.00469693272018234 -0.00039863348913949748 -0.0035005541824144949 0.0044627186435240284 0.0048537606851700669 -0.0030590827325307963 -0.0036584045695943709 0.0014388200366568971 -0.0038101092448558404 -0.0029265377095228505 0.0019335646128723529 0.0070476548371327654 0.00039824784247267426 0.0010404968984218527 -0.00014275075469939716 -0.0022604091389315547 -0.0025498930252392327 0.0035891030927058601 0.0009867194456878415 0.0032159307729504446 -0.0009974136183533227 0.00016787734476690451 0.00020612165915539113
leaf_weight=5060 7004 2899 18937 2385 8883 1916 4000 3822 306303 1577 2194 2432 10566 1646 29977 5958 4088 12065 1865 6272 28153 331001 8550 2067 1784 1581 1785 34747 98602 615149
leaf_count=5060 7004 2899 18937 2385 8883 1916 4000 3822 306303 1577 2194 2432 10566 1646 29977 5958 4088 12065 1865 6272 28153 331001 8550 2067 1784 1581 1785 34747 98602 615149
internal_value=-7.79107e-06 0.000147701 0.000134237 -0.000533782 0.000194565 -0.00106629 3.48692e-05 -0.00317081 -0.000134374 0.000240223 -0.00131172 0.000446414 -0.00212716 0.000364366 0.0011899 -0.000214638 -0.000189436 0.00111623 0.00262738 -0.000916806 -0.000236522 -4.99468e-05 -0.000449331 -0.0017567 0.000297886 -0.00280422 -0.000372365 -0.00049283 0.000104335 0.000228425
internal_weight=1.56327e+06 701527 698628 57854 640774 16742 11004 5738 861741 152054 17820 134234 15626 131802 31554 709687 698297 24290 13930 10360 674007 359154 314853 11390 3851 7539 55469 53684 100248 624032
internal_count=1563268 701527 698628 57854 640774 16742 11004 5738 861741 152054 17820 134234 15626 131802 31554 709687 698297 24290 13930 10360 674007 359154 314853 11390 3851 7539 55469 53684 100248 624032
is_linear=0
shrinkage=0.01


Tree=194
num_leaves=30
num_cat=0
split_feature=71 25 51 38 51 30 42 47 62 11 51 59 13 1 45 77 41 7 64 8 16 78 18 7 18 13 41 74 41
split_gain=336.97 345.603 375.981 418.018 328.753 315.714 303.131 400.679 520.412 428.189 378.884 850.592 378.39 296.833 291.884 270.597 249.978 248.449 291.955 261.445 233.173 842.609 482.37 229.388 230.173 227.509 205.369 360.508 265.943
threshold=0.29695495963096624 0.70312500000000011 0.016899108886718753 0.18212890625000003 0.013866424560546877 0.73437500000000011 -0.013134002685546873 0.22222900390625003 -0.0094642639160156233 0.050430297851562507 0.015010833740234377 -0.014774322509765623 0.73950195312500011 0.092437744140625014 2.1718750000000004 0.0095132589340209978 0.089752197265625014 -0.012126922607421873 0.035781860351562507 -0.99951171874999989 0.047836303710937507 0.0016180635429918768 -1.6445312499999998 -0.017654418945312497 -1.1499023437499998 -0.28674316406249994 0.085662841796875014 -0.09417958557605742 0.085144042968750014
decision_type=2 2 2 2 2 2 2 2 2 2 2 2 2 2 2 2 2 2 2 2 2 2 2 2 2 2 2 2 2
left_child=1 6 3 -3 16 20 10 12 9 -9 11 -1 14 -10 -8 17 -2 19 -19 -7 21 -6 -23 -12 -25 -5 28 -28 -22
right_child=4 2 -4 25 5 15 7 8 13 -11 23 -13 -14 -15 -16 -17 -18 18 -20 -21 26 22 -24 24 -26 -27 27 -29 -30
leaf_value=-0.002237605420387573 -0.0049209986341924505 -0.0025959543179080837 0.0050762318889952572 0.00066106883284136738 0.0064611598182183049 0.00053809304533471169 -0.0009585874070385281 0.0072743355311690287 1.688235062567825e-05 0.00090536248355134376 -0.0045823271074882065 0.0070850000817840658 0.0024991599201720275 -0.0011744103126430949 -0.0038799031498076794 0.0050414320892143913 0.00015018636203249273 0.0031054034438232868 -0.00012154182410644005 0.0062924163353180827 8.9210065887810691e-05 -0.0020115625997540274 0.0017723275162566542 -0.0039058594478296464 -0.00097973457136348095 0.0053899195205561728 3.4477059836785885e-05 -0.00076505525159108027 0.0015278838822762398
leaf_weight=2557 2300 2769 2294 2876 2580 1534 56726 1678 172120 2808 2953 1559 2989 23789 3623 1706 1671 3426 15035 1616 940179 5588 8419 3344 13505 1560 189291 80306 13007
leaf_count=2557 2300 2769 2294 2876 2580 1534 56726 1678 172120 2808 2953 1559 2989 23789 3623 1706 1671 3426 15035 1616 940179 5588 8419 3344 13505 1560 189291 80306 13007
internal_value=-2.52066e-06 -0.000305581 0.00156916 0.000441579 6.85791e-05 7.76351e-05 -0.000367595 -0.000269774 -5.06111e-05 0.00330941 -0.00144509 0.00131066 -0.000962949 -0.00012788 -0.00113519 0.00122996 -0.00279698 0.000924691 0.000480029 0.00351123 5.59363e-05 0.0012329 0.000262054 -0.00201864 -0.00156442 0.00234078 3.99508e-05 -0.000203722 0.000108874
internal_weight=1.56381e+06 297150 9499 7205 1.26666e+06 1.26269e+06 287651 263733 200395 4486 23918 4116 63338 195909 60349 23317 3971 21611 18461 3150 1.23937e+06 16587 14007 19802 16849 4436 1.22278e+06 269597 953186
internal_count=1563808 297150 9499 7205 1266658 1262687 287651 263733 200395 4486 23918 4116 63338 195909 60349 23317 3971 21611 18461 3150 1239370 16587 14007 19802 16849 4436 1222783 269597 953186
is_linear=0
shrinkage=0.01


Tree=195
num_leaves=27
num_cat=0
split_feature=54 62 15 52 6 79 70 70 15 78 47 16 37 74 51 31 26 68 13 80 56 50 50 52 55 52
split_gain=260.336 390.753 393.671 248.583 254.55 367.9 363.35 352.75 270.16 242.404 244.265 295.112 220.912 287.648 744.36 332.499 260.596 334.264 276.984 203.336 344.063 272.799 254.885 194.532 144.456 128.146
threshold=0.013328552246093752 -0.0083580017089843733 0.32812500000000006 0.061874389648437507 0.077606201171875014 0.0010590734891593458 0.68937569856643688 0.70053619146347057 0.29687500000000006 0.00080372672528028499 0.30944824218750006 0.069488525390625014 0.011810302734375002 -0.086146265268325792 0.017265319824218753 0.070404052734375014 0.041427612304687507 0.016864776611328128 -0.64916992187499989 0.0022512329742312436 0.040817260742187507 0.035781860351562507 0.034072875976562507 0.047378540039062507 0.031341552734375007 0.056411743164062507
decision_type=2 2 2 2 2 2 2 2 2 2 2 2 2 2 2 2 2 2 2 2 2 2 2 2 2 2
left_child=9 3 -3 -2 6 -6 24 -8 -7 19 12 -12 16 14 -14 -15 18 -18 -11 22 21 -21 23 -1 -5 -22
right_child=1 2 -4 4 5 8 7 -9 -10 10 11 -13 13 15 -16 -17 17 -19 -20 20 25 -23 -24 -25 -26 -27
leaf_value=-0.0034713549607311451 0.0034501927201796311 0.0011992018095507953 0.0076195337221894458 -0.0058596113041496948 -0.002308869834786956 0.0060195636982636217 0.0026192827916536178 -0.0025800137651013685 0.0012634489050109266 0.0021697531308380348 -0.0047477021457860546 0.00057665135202161462 -0.0002494443940978006 -0.0020385270112232819 0.0029301541691494556 0.00022859477651138109 0.0011431696914570534 2.7362150477338336e-05 -0.0020978207325512959 -0.00051627253386781662 -0.0043595131554312275 0.0050938618741319629 -0.0055963219953546047 0.001242982381905858 -0.0015841398867949142 -0.00046685363977186139
leaf_weight=1775 2393 2293 1628 1688 2226 1538 3030 2261 5188 1779 2369 1838 275409 18007 7545 10084 27457 1172737 9914 1997 1797 1507 2085 1693 1508 1592
leaf_count=1775 2393 2293 1628 1688 2226 1538 3030 2261 5188 1779 2369 1838 275409 18007 7545 10084 27457 1172737 9914 1997 1797 1507 2085 1693 1508 1592
internal_value=-2.45616e-05 0.00101392 0.00389006 0.000441927 2.56498e-05 0.00120071 -0.0012137 0.000396121 0.00236563 -4.05965e-05 -2.92593e-05 -0.00242982 -2.25961e-05 -0.00026032 -0.000164459 -0.0012251 3.84218e-05 5.29073e-05 -0.00144595 -0.0014294 -0.000280168 0.00191175 -0.00284983 -0.00117599 -0.00386467 -0.00254438
internal_weight=1.56334e+06 23753 3921 19832 17439 8952 8487 5291 6726 1.53958e+06 1.52714e+06 4207 1.52293e+06 311045 282954 28091 1.21189e+06 1.20019e+06 11693 12446 6893 3504 5553 3468 3196 3389
internal_count=1563338 23753 3921 19832 17439 8952 8487 5291 6726 1539585 1527139 4207 1522932 311045 282954 28091 1211887 1200194 11693 12446 6893 3504 5553 3468 3196 3389
is_linear=0
shrinkage=0.01


Tree=196
num_leaves=31
num_cat=0
split_feature=57 33 0 43 41 23 57 74 10 13 17 25 38 17 48 30 82 21 15 15 43 58 52 75 75 74 8 83 11 33
split_gain=270.645 361.703 566.779 522.495 502.416 646.891 433.958 472.956 495.347 425.252 310.263 759.619 518.946 422.616 287.695 284.1 391.302 332.339 307.192 492.795 419.16 276.206 552.138 527.589 378.156 299.891 313.385 271.011 289.951 269.498
threshold=0.022102355957031253 0.76977539062500011 0.57812500000000011 -0.22784423828124997 0.058410644531250007 0.24121093750000003 0.023841857910156253 -0.067219182848930345 0.26562500000000006 1.4901161193847659e-07 -0.030364990234374997 0.32812500000000006 -0.14343261718749997 -0.035018920898437493 10.457031250000002 0.17187500000000003 -0.047909900546073907 0.060928344726562507 0.57812500000000011 0.67187500000000011 -0.71411132812499989 0.066558837890625014 0.056533813476562507 -0.060677200555801385 -0.068035870790481554 -0.057471521198749535 0.60668945312500011 -0.51827335357666005 0.10015869140625001 -0.53808593749999989
decision_type=2 2 2 2 2 2 2 2 2 2 2 2 2 2 2 2 2 2 2 2 2 2 2 2 2 2 2 2 2 2
left_child=21 10 6 4 -4 -6 7 8 -3 -9 11 14 13 -13 -2 16 -12 -18 20 -20 -17 22 27 24 -24 26 -25 28 29 -1
right_child=1 2 3 -5 5 -7 -8 9 -10 -11 15 12 -14 -15 -16 18 17 -19 19 -21 -22 -23 23 25 -26 -27 -28 -29 -30 -31
leaf_value=0.00035751842901073647 0.0090390441988676823 -0.0035764650734456793 0.0006239600611572042 -0.00085102876007223593 0.0036694520559614413 0.012111240215125581 0.0046486649464319366 0.0019416108051267991 0.0015289600091131909 -0.0037891435544214098 -0.0057406139775834242 -0.0017008110529554941 -0.0036956137585727072 0.0052326591312159467 0.0029141676121116496 -0.00028106352297681237 0.0032088385302059259 -0.0014210326945369989 -0.00066840794365439268 0.00051871430237058222 0.00039704375136644289 -0.0013944517043791003 0.0013040895890803832 0.00018793473467610688 0.0080336749015768559 0.004852648711733713 0.0037072408244400272 0.00052688157045148887 -0.0013017804006475991 -0.00023720071025035234
leaf_weight=86158 1502 2142 1685 1947 2211 1552 2246 1765 15730 4736 1759 1524 2443 2033 1603 123324 1813 10056 108685 51534 349312 16812 1587 28614 1764 1647 2756 54511 23256 657929
leaf_count=86158 1502 2142 1685 1947 2211 1552 2246 1765 15730 4736 1759 1524 2443 2033 1603 123324 1813 10056 108685 51534 349312 16812 1587 28614 1764 1647 2756 54511 23256 657929
internal_value=-9.07309e-06 0.000139076 0.00114423 0.00358939 0.0051736 0.00719678 0.000462753 7.35216e-05 0.000913749 -0.00223208 8.68925e-05 0.00191796 -0.000163738 0.00226911 0.00591588 6.10454e-05 -0.00136643 -0.000709608 9.18271e-05 -0.000286556 0.000220102 -0.000125828 -0.000100945 0.00110448 0.00487326 0.000719254 0.000499287 -0.000154311 -0.000202715 -0.00016833
internal_weight=1.56464e+06 689602 34014 7395 5448 3763 26619 24373 17872 6501 655588 9105 6000 3557 3105 646483 13628 11869 632855 160219 472636 875034 858222 36368 3351 33017 31370 821854 767343 744087
internal_count=1564636 689602 34014 7395 5448 3763 26619 24373 17872 6501 655588 9105 6000 3557 3105 646483 13628 11869 632855 160219 472636 875034 858222 36368 3351 33017 31370 821854 767343 744087
is_linear=0
shrinkage=0.01


Tree=197
num_leaves=31
num_cat=0
split_feature=55 52 61 61 38 74 2 2 2 65 59 47 46 21 60 41 81 17 71 22 8 76 30 32 33 33 32 63 63 8
split_gain=252.856 296.948 419.04 330.008 343.367 461.365 324.577 289.764 360.062 285.782 335.8 352.581 339.867 474.957 325.903 473.689 294.468 283.25 253.445 301.771 234.573 226.057 225.584 261.101 305.398 352.869 664.184 332.738 304.914 340.51
threshold=-0.18853759765624997 0.051620483398437507 -0.0038728713989257808 -0.0053157806396484366 -0.92211914062499989 -0.11986219882965087 -0.028091430664062497 0.020439147949218753 0.024368286132812503 0.11239624023437501 0.0043888092041015634 0.23016357421875003 0.31970214843750006 0.088775634765625014 -0.0025053024291992183 0.095306396484375014 0.0011191777884960177 0.012004852294921877 0.33971439301967626 0.031250000000000007 0.44897460937500006 0.032439060509204871 0.17187500000000003 -0.020286560058593747 -0.53808593749999989 -0.26550292968749994 -0.0047817230224609366 0.074127197265625014 0.068634033203125014 1.1533203125000002
decision_type=2 2 2 2 2 2 2 2 2 2 2 2 2 2 2 2 2 2 2 2 2 2 2 2 2 2 2 2 2 2
left_child=22 2 3 7 5 -5 -6 21 -9 10 11 -3 -12 -14 18 17 -13 -16 19 -11 -20 -2 -1 -24 28 27 -27 -26 -25 -30
right_child=1 9 -4 4 6 -7 -8 8 -10 14 12 16 13 -15 15 -17 -18 -19 20 -21 -22 -23 23 24 25 26 -28 -29 29 -31
leaf_value=0.003285811326342591 -0.00021315295767122475 0.0052232940950621767 -0.0025164129289761256 0.00074658449877544803 0.0045604938488317771 0.0085156461518267629 0.00091245466090132286 0.0051936221937724306 0.00041974735100487246 0.00010415181914454511 -0.0024319033064132949 0.0023759372535837936 -0.0011745717228609156 0.0052092813434519636 -0.0017503689537546835 0.002269690090251002 -0.0027308501164318632 0.00040138413513665644 -0.00040197135085035164 0.0013597774771317908 -0.0035031316884631615 0.0030087735071465688 -0.001618134233837928 0.0047081812343277287 0.00011567106478212847 0.003433357534761438 -0.00019065366928799985 -0.0018390894346757888 0.00078519496312179013 -0.0036410316973440309
leaf_weight=1844 45131 1527 4088 1542 2585 1504 38726 2452 4389 939325 14293 2127 4903 1507 25520 4338 2362 8036 7800 19519 3533 2268 12589 1827 13444 5115 333835 24687 29785 1826
leaf_count=1844 45131 1527 4088 1542 2585 1504 38726 2452 4389 939325 14293 2127 4903 1507 25520 4338 2362 8036 7800 19519 3533 2268 12589 1827 13444 5115 333835 24687 29785 1826
internal_value=2.26966e-05 0.000100453 0.000613309 0.000743557 0.00138311 0.00461318 0.00114282 0.000220223 0.00214099 4.95498e-05 -0.000970829 0.00110614 -0.00157485 0.000337816 7.66137e-05 -0.000832926 -0.000311321 -0.00123513 0.000112156 0.00012974 -0.00137321 -5.77826e-05 -0.000185429 -0.000200712 -0.000157169 -0.000238401 -0.000135765 -0.00115019 0.000758485 0.000527375
internal_weight=1.56243e+06 1.13748e+06 102685 98597 44357 3046 41311 54240 6841 1.03479e+06 26719 6016 20703 6410 1.00807e+06 37894 4489 33556 970177 958844 11333 47399 424952 423108 410519 377081 338950 38131 33438 31611
internal_count=1562427 1137475 102685 98597 44357 3046 41311 54240 6841 1034790 26719 6016 20703 6410 1008071 37894 4489 33556 970177 958844 11333 47399 424952 423108 410519 377081 338950 38131 33438 31611
is_linear=0
shrinkage=0.01


Tree=198
num_leaves=24
num_cat=0
split_feature=26 69 36 6 11 21 83 31 78 83 65 83 48 65 61 33 43 76 83 57 61 10 5
split_gain=409.549 267.758 398.595 490.62 320.19 309.473 257.317 429.652 448.458 341.533 275.19 393.483 378.86 239.246 329.061 186.089 176.444 168.493 242.126 163.949 149.402 170.741 135.756
threshold=0.041427612304687507 0.36235406994819647 0.11871337890625001 0.088470458984375014 0.064361572265625014 0.082611083984375014 -1.6377048492431638 0.058410644531250007 0.0015437928959727289 -2.022138118743896 0.11904907226562501 -1.6277694702148435 8.4570312500000018 0.10903930664062501 -0.0072078704833984366 0.63134765625000011 0.31225585937500006 0.029537610709667209 -1.3336236476898191 0.020591735839843753 -0.0045719146728515616 0.23437500000000003 0.32812500000000006
decision_type=2 2 2 2 2 2 2 2 2 2 2 2 2 2 2 2 2 2 2 2 2 2 2
left_child=13 16 6 4 -4 -6 7 8 -3 -9 11 -8 -12 14 -1 17 -2 18 -16 22 -18 -22 -17
right_child=1 2 3 -5 5 -7 10 9 -10 -11 12 -13 -14 -15 15 19 20 -19 -20 -21 21 -23 -24
leaf_value=0.0032250776857212001 -0.0050114659397933739 0.004003806874789826 -0.0025303775489856602 0.0073371392775637414 0.00065471194043916262 0.0061315289079006529 -0.0024224125147818756 0.0023805591426848366 -0.00037434034597966264 0.00044391928400312151 -0.0012167507835750479 -0.00012265564702929001 0.00025764251978382599 -0.0047684841445272573 -0.0021415946572889374 0.0001777183169294562 -0.0035618269686719869 -0.0031451316841136375 0.0014517202548944639 -0.0057860755133179002 -0.0021343773225364561 0.002570114661779286 -0.0038676281323392903
leaf_weight=1584 1504 2378 1792 1516 3225 1501 7486 9515 96173 203190 18322 844781 349916 1954 3198 1647 1573 2258 4474 1570 1525 1521 1648
leaf_count=1584 1504 2378 1792 1516 3225 1501 7486 9515 96173 203190 18322 844781 349916 1954 3198 1647 1573 2258 4474 1570 1525 1521 1648
internal_value=6.96686e-06 2.45968e-05 3.29089e-05 0.00225173 0.0010501 0.00241268 2.12421e-05 0.000277887 -0.000267906 0.000530767 -4.42117e-05 -0.000142912 0.000184221 -0.00147807 -0.00108019 -0.00154486 -0.00205902 -0.000757008 -4.77926e-05 -0.00314326 -0.0010802 0.000216221 -0.0018567
internal_weight=1.56425e+06 1.54592e+06 1.5398e+06 8034 6518 4726 1.53176e+06 311256 98551 212705 1.2205e+06 852267 368238 18333 16379 14795 6123 9930 7672 4865 4619 3046 3295
internal_count=1564251 1545918 1539795 8034 6518 4726 1531761 311256 98551 212705 1220505 852267 368238 18333 16379 14795 6123 9930 7672 4865 4619 3046 3295
is_linear=0
shrinkage=0.01


Tree=199
num_leaves=31
num_cat=0
split_feature=62 41 38 28 40 3 78 76 41 47 75 69 83 74 72 10 8 82 23 74 3 63 8 43 18 62 3 1 62 58
split_gain=276.661 608.44 576.287 416.412 461.724 254.693 348.802 372.648 457.99 421.367 299.701 293.821 319.518 289.869 417.031 437.92 330.182 436.137 391.01 290.258 255.834 239.633 237.55 499.014 260.169 231.503 573.667 388.141 221.998 152.707
threshold=-0.010707855224609373 0.046463012695312507 -0.21545410156249997 0.69409179687500011 0.29687500000000006 -1.3242187499999998 0.0048682540655136117 0.031558930873870857 0.064117431640625014 0.24993896484375003 -0.062795221805572496 0.40342089533805853 -0.3341002464294433 -0.15473368763923642 -0.15636438131332395 0.32812500000000006 0.92993164062500011 -0.11813697218894957 0.38818359375000006 -0.17507016658782956 -1.4526367187499998 0.084381103515625014 0.76123046875000011 0.55468750000000011 -1.7509765624999998 -0.0082511901855468733 0.63134765625000011 0.051223754882812507 -0.0083961486816406233 0.065032958984375014
decision_type=2 2 2 2 2 2 2 2 2 2 2 2 2 2 2 2 2 2 2 2 2 2 2 2 2 2 2 2 2 2
left_child=1 -1 3 4 -3 6 11 8 9 -8 -10 -2 20 16 15 -15 22 19 -19 -18 -13 -9 24 -24 -7 27 -27 -16 -17 -4
right_child=5 2 29 -5 -6 13 7 21 10 -11 -12 12 -14 14 25 28 17 18 -20 -21 -22 -23 23 -25 -26 26 -28 -29 -30 -31
leaf_value=0.0067002208914434857 -0.0031151241154914527 0.0065549681608960556 -0.00073141559101641183 -0.0016924602968229666 0.00062023870494670708 -0.0026526813177028398 0.0053196957576147766 -0.0060122229232872793 0.00030792279814864773 -0.0013088832629860651 -0.0019182276640538917 0.0022782274127949829 -0.0030702053219763743 -0.0011629398572900757 0.0032261653634601283 0.0074184525682169065 0.00013058000955039635 0.0011813427136816545 0.0056408949616794449 -0.0036500707612195453 -0.00065298759993650103 -0.0013300446941183284 -0.0032562778963744453 0.00089583873605373558 -0.00027611352761579055 0.00028493970625410316 0.0043993008431478459 -1.498160887141864e-05 0.0022027160543851903 -0.0050848658188217604
leaf_weight=1876 2014 2611 1580 2065 2622 4679 2137 2457 8467 1715 21100 10090 1767 1706 3689 1797 8918 13935 2273 2609 4210 1982 7895 4552 234506 237805 3418 965817 1524 1641
leaf_count=1876 2014 2611 1580 2065 2622 4679 2137 2457 8467 1715 21100 10090 1767 1706 3689 1797 8918 13935 2273 2609 4210 1982 7895 4552 234506 237805 3418 965817 1524 1641
internal_value=-1.28358e-06 0.00148557 0.000544623 0.00209839 0.00359505 -1.31845e-05 -0.000675546 -0.00122105 -0.000858158 0.00237698 -0.00128096 0.000466721 0.000919021 1.1606e-05 7.8353e-05 0.00294692 -0.00027885 0.000756307 0.00181293 -0.000729966 0.00141555 -0.00393699 -0.000392997 -0.0017388 -0.000322822 6.63941e-05 0.000343598 -2.58265e-06 0.00505248 -0.00296706
internal_weight=1.56346e+06 12395 10519 7298 5233 1.55106e+06 55939 37858 33419 3852 29567 18081 16067 1.49512e+06 1.21576e+06 5027 279367 27735 16208 11527 14300 4439 251632 12447 239185 1.21073e+06 241223 969506 3321 3221
internal_count=1563457 12395 10519 7298 5233 1551062 55939 37858 33419 3852 29567 18081 16067 1495123 1215756 5027 279367 27735 16208 11527 14300 4439 251632 12447 239185 1210729 241223 969506 3321 3221
is_linear=0
shrinkage=0.01


Tree=200
num_leaves=27
num_cat=0
split_feature=65 69 40 20 15 41 40 52 30 15 78 71 40 61 60 48 83 7 59 21 77 78 50 78 72 60
split_gain=397.857 244.139 440.723 391.761 421.267 336.873 332.369 425.553 361.307 303.555 733.916 516.724 235.383 231.133 323.795 207.428 327.327 324.12 176.811 180.737 168.883 278.875 243.789 164.425 81.3132 66.6506
threshold=0.10037231445312501 0.42155277729034429 0.76562500000000011 0.60937500000000011 0.42187500000000006 0.084442138671875014 0.29687500000000006 0.056594848632812507 0.29687500000000006 0.17187500000000003 0.0026110606268048291 0.3069922029972077 0.79687500000000011 -0.0047321319580078116 -0.0028486251831054683 14.433593750000002 -2.2950253486633296 0.021026611328125003 -0.094573974609374986 0.077423095703125014 0.013272082433104517 0.0042622676119208345 0.032363891601562507 0.018151320517063144 -0.21861934661865232 -0.0028562545776367183
decision_type=2 2 2 2 2 2 2 2 2 2 2 2 2 2 2 2 2 2 2 2 2 2 2 2 2 2
left_child=13 2 3 6 -5 -6 8 -8 -2 10 11 -3 15 14 -1 16 -11 -17 19 -16 21 22 -15 -4 -20 -23
right_child=1 9 23 4 5 -7 7 -9 -10 12 -12 -13 -14 20 18 17 -18 -19 24 -21 -22 25 -24 -25 -26 -27
leaf_value=0.0034435121957491926 -0.0024141602306255129 0.00088353553937501922 -0.0060174325166429789 0.0062615060327126468 -0.0013089877907368594 0.0033286830319203447 -0.00037694347452561181 0.00075023424234328868 -0.00021952880275889246 0.0043329324125898454 -0.0031718966979394354 0.0079175648026512113 0.0030070332385118293 0.0014020778373297718 -0.0015995185972976548 0.00050774835596806137 -2.3901641061536778e-05 -0.0041282656777138806 -0.0014569555287610512 0.0024849259235837436 -0.0055347345588087965 -0.0056608706197576117 -0.0033008787423071911 -0.0015480364917449289 -0.0047172473954117814 -0.0027110419038114753
leaf_weight=1781 14779 2008 1730 1734 3565 2763 196179 40370 15222 1707 1721 2169 2627 2860 2758 106008 1149292 1510 1548 1756 1599 1623 1766 1589 1544 1566
leaf_count=1781 14779 2008 1730 1734 3565 2763 196179 40370 15222 1707 1721 2169 2627 2860 2758 106008 1149292 1510 1548 1756 1599 1623 1766 1589 1544 1566
internal_value=-3.77362e-05 -2.0131e-05 -0.000288521 -0.000244595 0.00192448 0.00072007 -0.000310339 -0.00018453 -0.00130153 3.87452e-05 0.00229826 0.00455644 2.81418e-05 -0.00148289 -0.00037108 2.18761e-05 -1.7365e-05 0.000441884 -0.00127098 -6.66833e-06 -0.00258837 -0.00197293 -0.000399782 -0.00389976 -0.00310485 -0.00423824
internal_weight=1.56377e+06 1.54497e+06 277931 274612 8062 6328 266550 236549 30001 1.26704e+06 5898 4177 1.26114e+06 18801 9387 1.25852e+06 1.151e+06 107518 7606 4514 9414 7815 4626 3319 3092 3189
internal_count=1563774 1544973 277931 274612 8062 6328 266550 236549 30001 1267042 5898 4177 1261144 18801 9387 1258517 1150999 107518 7606 4514 9414 7815 4626 3319 3092 3189
is_linear=0
shrinkage=0.01


Tree=201
num_leaves=26
num_cat=0
split_feature=21 82 41 64 73 64 22 8 83 60 46 45 16 61 23 61 59 22 26 33 78 8 70 41 36
split_gain=377.427 338.042 318.08 543.094 484.148 389.771 354.09 334.156 255.25 498.236 399.24 246.86 236.511 493.713 344.591 233.722 235.514 206.643 201.062 192.623 173.025 171.112 163.453 158.71 100.267
threshold=0.035140991210937507 -0.20693573355674741 0.041992187500000007 0.043228149414062507 -0.016770858317613598 0.041000366210937507 0.00047707557678222662 0.36340332031250006 -1.7222769260406492 -0.0040950775146484366 0.31237792968750006 1.4843750000000002 0.085968017578125014 -0.0045833587646484366 -1.2104492187499998 -0.0042781829833984366 -0.052047729492187493 0.014942169189453127 0.043258666992187507 0.49438476562500006 0.003811564296483994 -0.26953124999999994 0.71128982305526745 0.088104248046875014 0.081268310546875014
decision_type=2 2 2 2 2 2 2 2 2 2 2 2 2 2 2 2 2 2 2 2 2 2 2 2 2
left_child=11 15 3 4 6 -6 -3 20 9 -4 -11 21 14 -14 -10 16 17 18 -2 23 -5 -1 -17 -18 -23
right_child=1 2 8 7 5 -7 -8 -9 12 10 -12 -13 13 -15 -16 22 19 -19 -20 -21 -22 24 -24 -25 -26
leaf_value=0.0039538889037151088 -0.001804303565940702 0.0068484324401186913 0.0057780293415794926 0.0081702067121153781 0.00098813521545803879 -0.0031748326667860823 0.00038572042330769075 0.0011523392132662851 -0.0010643661501252512 0.00099581556703209374 1.8681831568399629e-05 0.0055333835833540589 -3.1106696648216473e-05 0.00088074271254640416 -0.00010092077147359173 -0.0052095147697622203 0.001096835030102339 0.0025122256548487242 0.0007451030597127881 -0.0055307410467516603 0.0035427740884635649 -0.0017643756549482401 -0.00093312054092347318 -0.003322590663559995 0.0017528716869041568
leaf_weight=1500 6877 1532 1634 1660 4466 4496 1874 2705 38699 56183 163334 1799 280057 75335 901150 2212 1505 2435 5594 1573 1661 1710 1508 1727 1505
leaf_count=1500 6877 1532 1634 1660 4466 4496 1874 2705 38699 56183 163334 1799 280057 75335 901150 2212 1505 2435 5594 1573 1661 1710 1508 1727 1505
internal_value=3.80695e-06 -6.25e-06 1.19563e-05 0.00131835 0.000117416 -0.00110274 0.00331562 0.00377464 -3.90754e-06 0.000310061 0.000268837 0.00240219 -5.75188e-05 0.000162223 -0.000140613 -0.0011978 -0.000762056 -0.000140276 -0.000661378 -0.00268236 0.00589086 0.00118916 -0.00349023 -0.00127057 -0.00011723
internal_weight=1.56473e+06 1.55822e+06 1.53479e+06 18394 12368 8962 3406 6026 1.51639e+06 221151 219517 6514 1.29524e+06 355392 939849 23431 19711 14906 12471 4805 3321 4715 3720 3232 3215
internal_count=1564731 1558217 1534786 18394 12368 8962 3406 6026 1516392 221151 219517 6514 1295241 355392 939849 23431 19711 14906 12471 4805 3321 4715 3720 3232 3215
is_linear=0
shrinkage=0.01


Tree=202
num_leaves=29
num_cat=0
split_feature=26 58 50 63 46 52 59 38 31 79 6 23 8 52 16 33 82 21 54 43 68 56 6 60 77 76 69 59
split_gain=431.353 343.706 383.725 697.881 576.336 489.494 332.663 499.528 396.469 298.906 435.065 298.227 289.634 394.419 270.635 255.711 247.794 416.615 413.985 339.908 301.747 343.328 170.7 136.514 208.251 416.754 101.188 59.7314
threshold=0.038543701171875007 0.063995361328125014 0.039138793945312507 0.081451416015625014 0.26281738281250006 0.056472778320312507 0.070281982421875014 -0.32202148437499994 0.074157714843750014 0.0091219358146190661 0.073760986328125014 -0.57592773437499989 -0.50036621093749989 0.054153442382812507 0.095855712890625014 -1.1440429687499998 0.041955068707466132 0.055862426757812507 -0.12945556640624997 1.2304687500000002 0.024723052978515628 0.041732788085937507 0.060440063476562507 -0.0023069381713867183 0.012902706861495973 0.029251039028167728 0.46933047473430639 -0.055130004882812493
decision_type=2 2 2 2 2 2 2 2 2 2 2 2 2 2 2 2 2 2 2 2 2 2 2 2 2 2 2 2
left_child=22 9 4 15 12 11 7 -6 -8 16 -11 -5 -3 -14 -7 -4 20 18 -18 -19 21 -2 -1 27 -25 -26 -12 -24
right_child=1 2 3 5 6 14 8 -9 -10 10 26 -13 13 -15 -16 -17 17 19 -20 -21 -22 -23 23 24 25 -27 -28 -29
leaf_value=0.001257433125061466 -7.4079079821532515e-05 0.002418715144674921 -0.0017111366488708904 -0.0024488577035400843 -0.0011313458941707227 0.00010433448898083923 0.0010098092087378243 0.0060218161304953005 0.00012847950090971846 0.0063741332129628346 -0.0017082766232846295 -0.00038174262744315127 0.002341764096306403 -0.0028503573823034467 0.0012978184040524005 -0.0063480214121292775 -0.0027552373894966522 -0.00062840411942666913 0.0030392336281773336 -0.0036874312746820164 -0.0033395026412559926 0.00084288197266771283 -0.0027479008356344863 -0.0034923015054524843 0.0033885102474850745 -0.0030594439241937348 0.0019322531142053569 -0.0053487139346119691
leaf_weight=1521 897004 1633 2718 11096 1517 228690 114203 2691 92291 1736 1508 18780 1709 9628 20702 2124 1568 85947 5532 3774 2747 42760 2249 2896 1902 2075 1506 1545
leaf_count=1521 897004 1633 2718 11096 1517 228690 114203 2691 92291 1736 1508 18780 1709 9628 20702 2124 1568 85947 5532 3774 2747 42760 2249 2896 1902 2075 1506 1545
internal_value=8.97369e-06 2.37027e-05 0.000237098 -6.82005e-06 0.000546897 5.85685e-05 0.000672876 0.00344992 0.000615956 -8.00831e-05 0.00241747 -0.0011506 -0.00149755 -0.00206492 0.000203502 -0.00376291 -9.15438e-05 -0.000573245 0.00175541 -0.000757871 -4.20491e-05 -3.23396e-05 -0.0018634 -0.00230992 -0.00146241 2.58148e-05 0.000111527 -0.0038295
internal_weight=1.56405e+06 1.55186e+06 507782 284110 223672 279268 210702 4208 206494 1.04408e+06 4750 29876 12970 11337 249392 4842 1.03933e+06 96821 7100 89721 942511 939764 12188 10667 6873 3977 3014 3794
internal_count=1564052 1551864 507782 284110 223672 279268 210702 4208 206494 1044082 4750 29876 12970 11337 249392 4842 1039332 96821 7100 89721 942511 939764 12188 10667 6873 3977 3014 3794
is_linear=0
shrinkage=0.01


Tree=203
num_leaves=22
num_cat=0
split_feature=66 10 43 56 12 23 33 60 13 77 79 5 83 36 30 72 45 16 7 18 52
split_gain=227.394 353.911 527.108 349.029 380.307 374.409 263.181 578.095 326.023 259.277 294.515 259.634 503.511 256.875 238.26 372.552 467.432 187.573 540.851 298.622 173.949
threshold=-0.0089073181152343733 0.57812500000000011 -0.71411132812499989 0.043838500976562507 0.0049114227294921884 0.79711914062500011 -0.17193603515624997 -0.0044193267822265616 -0.61499023437499989 0.018376268446445469 0.00062183942645788204 0.14062500000000003 -1.2610459327697752 0.055862426757812507 0.73437500000000011 -0.054820567369461053 2.2656250000000004 0.10452270507812501 0.0012779235839843752 0.74169921875000011 0.051925659179687507
decision_type=2 2 2 2 2 2 2 2 2 2 2 2 2 2 2 2 2 2 2 2 2
left_child=9 3 -3 -2 6 13 8 -8 -5 11 -11 12 -1 -6 17 16 -16 19 -19 -13 -14
right_child=1 2 -4 4 5 -7 7 -9 -10 10 -12 14 20 -15 15 -17 -18 18 -20 -21 -22
leaf_value=0.0070414980788689749 0.0048605615179719824 -0.00021913811574216749 0.0080707670093803797 -0.0010343317279268333 0.00019779182930165982 0.0033440299579685596 0.00053149844417510006 0.00812687016665181 0.0015308639639188555 -0.0053377934109080927 0.00042715270222852086 2.3182387785634068e-05 0.0024841675712804125 -0.0025388003731811252 0.002937628784273403 0.0043160043657845945 -0.00029481117315584016 0.0014068165233141275 -0.00065906021066719283 -0.00041611233956965186 -0.0017155831055940638
leaf_weight=1518 1731 1505 1542 7751 5703 1822 2748 1560 13659 1905 1637 1250450 1864 8576 5984 2902 17539 31500 21178 176576 2050
leaf_count=1518 1731 1505 1542 7751 5703 1822 2748 1560 13659 1905 1637 1250450 1864 8576 5984 2902 17539 31500 21178 176576 2050
internal_value=2.99712e-05 0.00071789 0.00400142 0.000486425 0.00030313 -0.000901424 0.00105737 0.00330676 0.000602095 8.80508e-06 -0.00268598 1.51552e-05 0.00219346 -0.00144706 7.26987e-06 0.000948092 0.000529284 -9.54421e-06 0.000576343 -3.11797e-05 0.000286964
internal_weight=1.5617e+06 46597 3047 43550 41819 16101 25718 4308 21410 1.5151e+06 3542 1.51156e+06 5432 14279 1.50613e+06 26425 23523 1.4797e+06 52678 1.42703e+06 3914
internal_count=1561700 46597 3047 43550 41819 16101 25718 4308 21410 1515103 3542 1511561 5432 14279 1506129 26425 23523 1479704 52678 1427026 3914
is_linear=0
shrinkage=0.01


Tree=204
num_leaves=28
num_cat=0
split_feature=62 43 26 37 54 8 5 81 78 6 7 43 73 64 6 48 21 60 81 78 76 30 33 64 41 64 31
split_gain=422.539 783.323 495.364 533.742 540.871 332.468 304.049 545.408 375.334 373.523 456.34 464.682 456.055 414.865 361.029 382.463 424.912 386.394 350.695 263.643 631.038 353.029 324.707 302.734 410.684 384.905 195.315
threshold=-0.010707855224609373 -0.99951171874999989 0.088836669921875014 -0.024581909179687497 -0.11569213867187499 0.98193359375000011 0.67187500000000011 0.0017143650911748411 0.011670205742120745 0.083160400390625014 -0.0032148361206054683 0.019760131835937503 -0.0044066011905670157 0.042312622070312507 0.081451416015625014 12.574218750000002 0.088775634765625014 -0.0037412643432617183 0.0016948711127042773 0.0099336504936218279 0.024888366460800174 0.60937500000000011 0.60205078125000011 0.036422729492187507 0.10317993164062501 0.036148071289062507 0.070220947265625014
decision_type=2 2 2 2 2 2 2 2 2 2 2 2 2 2 2 2 2 2 2 2 2 2 2 2 2 2 2
left_child=1 5 3 -3 -5 -1 8 14 19 10 11 -10 13 -11 -8 16 -16 -17 -12 20 22 -22 -2 25 -25 -21 -4
right_child=6 2 26 4 -6 -7 7 -9 9 12 18 -13 -14 -15 15 17 -18 -19 -20 23 21 -23 -24 24 -26 -27 -28
leaf_value=0.0087907203337426257 0.00035732910562085308 0.0069115607462067533 -0.0055074942096497315 0.0048034456971321636 -0.0025151295456127998 0.0024936567577536319 -0.0045723679012880459 0.0047197470882008128 0.00077520297974391448 0.00078439495018740001 -0.00038418451944884714 -7.603859785842266e-05 0.0053051476433592024 -0.0017522310007126876 -0.0011663160523361475 0.0017033909645761916 -0.0050525655949665727 -0.00052602517606918078 0.0015914627940977928 -0.0009735772937304294 -9.5014179710499244e-05 -0.0031892827114605995 0.0033305967523195156 -0.0002171717361235854 -0.0051244778589781348 -0.0042358418460735356 -0.00049227168598916929
leaf_weight=1808 6763 1567 1521 1562 2772 1589 2327 1875 125731 99826 194256 130858 2100 6874 18053 8854 3318 62716 9401 26577 727062 3686 8033 107271 1713 4171 1574
leaf_count=1808 6763 1567 1521 1562 2772 1589 2327 1875 125731 99826 194256 130858 2100 6874 18053 8854 3318 62716 9401 26577 727062 3686 8033 107271 1713 4171 1574
internal_value=-3.66875e-05 0.00180097 0.000252188 0.00194992 0.000132478 0.00587701 -5.13896e-05 -0.000592989 -1.52052e-05 0.000185166 6.05869e-05 0.000341106 0.000712054 0.000620679 -0.000698519 -0.000600565 -0.00177384 -0.000249823 -0.000292839 -0.000144003 -6.92865e-05 -0.000110709 0.00197388 -0.000542589 -0.00029523 -0.00141857 -0.00297648
internal_weight=1.56386e+06 12393 8996 5901 4334 3397 1.55146e+06 97143 1.45432e+06 569046 460246 256589 108800 106700 95268 92941 21371 71570 203657 885276 745544 730748 14796 139732 108984 30748 3095
internal_count=1563858 12393 8996 5901 4334 3397 1551465 97143 1454322 569046 460246 256589 108800 106700 95268 92941 21371 71570 203657 885276 745544 730748 14796 139732 108984 30748 3095
is_linear=0
shrinkage=0.01


Tree=205
num_leaves=31
num_cat=0
split_feature=2 60 7 7 68 13 68 68 12 73 73 82 61 31 33 8 10 23 76 37 52 18 59 7 5 20 68 13 60 1
split_gain=339.332 494.126 517.99 414.577 411.788 534.638 427.123 578.813 492.711 422.886 393.077 1080.65 429.065 386.139 471.168 549.054 483.575 637.456 402.99 408.745 397.783 389.052 400.794 347.493 430.196 487.689 522.501 346.949 410.058 359.221
threshold=0.020439147949218753 -0.0034837722778320308 -0.016754150390624997 -0.035156249999999993 0.021251678466796878 -1.2768554687499998 0.020084381103515628 0.018268585205078128 0.0042076110839843759 -0.00088591827079653729 -0.022940889000892636 0.055099099874496467 -0.0057811737060546866 0.065582275390625014 -1.0024414062499998 -0.96362304687499989 0.48437500000000006 -0.23205566406249997 0.02273201942443848 -0.010826110839843748 0.062393188476562507 0.92993164062500011 0.093597412109375014 0.024803161621093753 0.67187500000000011 0.23437500000000003 0.018497467041015628 -1.2485351562499998 -0.0029039382934570308 0.096343994140625014
decision_type=2 2 2 2 2 2 2 2 2 2 2 2 2 2 2 2 2 2 2 2 2 2 2 2 2 2 2 2 2 2
left_child=13 2 3 -2 6 -6 7 -4 -8 -7 11 -3 -12 14 18 21 -17 -18 -1 20 -20 22 -16 27 25 -25 -27 28 -15 -29
right_child=1 10 4 -5 5 9 8 -9 -10 -11 12 -13 -14 23 15 16 17 -19 19 -21 -22 -23 -24 24 -26 26 -28 29 -30 -31
leaf_value=-0.0014899497335378756 0.0039824380517955258 0.0004782373305739409 0.0057814948788426192 -0.0012982426175882234 0.0056707947445186003 -0.00068474420127695868 0.006525313122840719 0.00032520872508723863 0.00087640312409304323 0.0044504529569238263 -0.00020587795239344585 0.0090930859412432195 -0.0032061196272891892 -0.0013005425369077834 0.00040245632299410752 1.9935253175661108e-05 0.0025164410959715132 0.00040565974392969183 0.002020805833838563 -0.00027221146723580399 -0.0015059311115054558 0.0061284891542123287 0.0043572466147186722 -0.0015566121199433796 -0.0014635333255021393 -0.00040022676819339166 0.0022893044948346943 -0.0001049381795860897 0.0019360998328865862 -0.0019752272888536823
leaf_weight=20365 1738 34205 2581 9621 1921 11239 5208 7710 2201 1850 43415 1501 5335 42551 7630 103600 21730 41841 16167 78233 3970 2430 3842 5925 7766 10023 25790 1028992 4293 10353
leaf_count=20365 1738 34205 2581 9621 1921 11239 5208 7710 2201 1850 43415 1501 5335 42551 7630 103600 21730 41841 16167 78233 3970 2430 3842 5925 7766 10023 25790 1028992 4293 10353
internal_value=4.13339e-06 0.000496356 0.00135446 -0.000484685 0.00199304 0.000773109 0.00302553 0.00170221 0.00485406 4.67474e-05 4.83827e-05 0.000845274 -0.000535392 -3.99432e-05 0.000279257 0.000600249 0.000441289 0.00112774 -0.000210281 5.48913e-05 0.00132471 0.00250835 0.0017322 -0.000124211 0.000694983 0.00109712 0.00153678 -0.000161559 -0.00100322 -0.000123606
internal_weight=1.56403e+06 128525 44069 11359 32710 15010 17700 10291 7409 13089 84456 35706 48750 1.4355e+06 299808 181073 167171 63571 118735 98370 20137 13902 11472 1.13569e+06 49504 41738 35813 1.08619e+06 46844 1.03934e+06
internal_count=1564026 128525 44069 11359 32710 15010 17700 10291 7409 13089 84456 35706 48750 1435501 299808 181073 167171 63571 118735 98370 20137 13902 11472 1135693 49504 41738 35813 1086189 46844 1039345
is_linear=0
shrinkage=0.01


Tree=206
num_leaves=31
num_cat=0
split_feature=72 13 65 54 73 73 62 79 46 46 63 70 47 78 64 56 23 8 12 58 42 48 77 36 23 15 30 78 12 13
split_gain=315.212 319.135 426.959 455.402 591.159 506.858 421.483 621.752 393.221 553.598 356.918 444.827 351.327 342.93 298.324 294.392 287.065 334.224 276.802 762.561 467.261 550.84 486.488 294.215 271.12 265.46 243.53 231.057 224.275 210.473
threshold=-0.06855496764183043 0.042297363281250007 0.11642456054687501 -0.11477661132812499 -0.056494861841201775 -0.05332252383232116 -0.0087318420410156233 0.0082599446177482622 0.35412597656250006 0.35192871093750006 0.081939697265625014 0.70037138462066661 0.27331542968750006 0.018072932958602909 0.037155151367187507 0.041305541992187507 -0.58007812499999989 0.36340332031250006 0.032287597656250007 0.063629150390625014 -0.00057315826416015614 10.214843750000002 0.013647373765707018 0.078155517578125014 0.38818359375000006 0.29687500000000006 0.14062500000000003 0.016851667314767841 0.036026000976562507 1.4257812500000002
decision_type=2 2 2 2 2 2 2 2 2 2 2 2 2 2 2 2 2 2 2 2 2 2 2 2 2 2 2 2 2 2
left_child=18 2 6 27 15 -6 7 13 9 12 -10 25 14 -2 -3 -5 -8 -18 26 20 21 23 -22 -20 -9 -12 -1 -4 -24 -28
right_child=1 8 3 4 5 -7 16 24 10 -11 11 -13 -14 -15 -16 -17 17 -19 19 -21 22 -23 28 -25 -26 -27 29 -29 -30 -31
leaf_value=0.0036760269365048921 0.0037454419788243115 0.0023245222454732093 0.0013401416703309427 0.0074665234070846213 -0.0027668185939584817 0.00039080292410366473 0.0040248856978862772 -0.0012299085250928401 -0.0051864855311977561 0.0056028976548189507 0.0037553098142240051 -0.0044128085026720991 -0.0046561088483079828 0.009206353080778969 -2.3183989994447458e-05 0.0014023947580382081 0.00076586742173387259 -0.0035020699327818323 0.0093743457677956856 -0.0040035775058890046 0.0045626612153994777 0.00034863795890191263 0.0015429149531530884 0.0039554322497965802 0.0033836894294121088 -0.00099447621638752877 -0.00012710226969539373 -0.0026717722579424046 -0.002489044169083441 -0.0019924285284970505
leaf_weight=1656 3292 5491 1770 1697 5169 250617 2074 2922 2574 1750 1903 2360 1596 1793 302924 1521 10648 2196 1662 2462 2016 2732 2100 2618 2228 3016 924567 7344 3942 6069
leaf_count=1656 3292 5491 1770 1697 5169 250617 2074 2922 2574 1750 1903 2360 1596 1793 302924 1521 10648 2196 1662 2462 2016 2732 2100 2618 2228 3016 924567 7344 3942 6069
internal_value=5.16456e-06 0.000181565 0.000420128 0.000303193 0.000380558 0.000326781 0.00166535 0.00322615 -3.59855e-05 2.62359e-05 -0.00200081 -0.000863167 -5.60357e-06 0.00569951 1.87624e-05 0.00462666 0.000591632 3.18475e-05 -0.000109033 0.00113512 0.00197883 0.00386256 0.000334113 0.00609351 0.000771401 0.000850826 -0.000132453 -0.0018914 -0.0010872 -0.000139309
internal_weight=1.56471e+06 614885 293271 268118 259004 255786 25153 10235 321614 311761 9853 7279 310011 5085 308415 3218 14918 12844 949824 17532 15070 7012 8058 4280 5150 4919 932292 9114 6042 930636
internal_count=1564709 614885 293271 268118 259004 255786 25153 10235 321614 311761 9853 7279 310011 5085 308415 3218 14918 12844 949824 17532 15070 7012 8058 4280 5150 4919 932292 9114 6042 930636
is_linear=0
shrinkage=0.01


Tree=207
num_leaves=31
num_cat=0
split_feature=65 48 77 36 75 17 75 64 20 6 32 11 13 36 32 58 64 60 33 62 82 73 64 60 36 76 16 36 36 21
split_gain=369.611 379.775 400.815 454.539 452.562 487.073 546.072 419.369 452.275 404.179 361.63 363.017 508.376 398.973 343.468 340.992 425.012 327.308 309.476 336.655 316.831 291.78 453.685 279.582 266.081 220.777 224.742 220.494 532.637 270.752
threshold=0.11892700195312501 8.4570312500000018 0.015252247452735903 0.049407958984375007 -0.012768175452947615 -0.018760681152343747 -0.00072934606578201045 0.034988403320312507 0.39062500000000006 0.072479248046875014 -0.023048400878906247 0.10913085937500001 1.4257812500000002 0.10015869140625001 -0.033218383789062493 0.063262939453125014 0.039932250976562507 -0.0033407211303710933 -0.53808593749999989 -0.010707855224609373 0.031403705477714546 -0.013427093625068663 0.040817260742187507 -0.0030622482299804683 0.047317504882812507 0.033126197755336768 0.082061767578125014 0.062377929687500007 0.069488525390625014 0.088775634765625014
decision_type=2 2 2 2 2 2 2 2 2 2 2 2 2 2 2 2 2 2 2 2 2 2 2 2 2 2 2 2 2 2
left_child=10 17 3 21 -4 6 -6 -5 -9 -7 14 12 18 15 25 16 -13 27 20 -20 -12 22 -3 -19 -23 26 -1 -2 -29 -30
right_child=1 2 4 7 5 9 -8 8 -10 -11 11 13 -14 -15 -16 -17 -18 23 19 -21 -22 24 -24 -25 -26 -27 -28 28 29 -31
leaf_value=0.0019450151580798476 -0.003456325010405444 0.00015205201727564726 0.0047028891001066791 0.0051256072462268166 -0.0015212150119096263 0.00018093174346355025 0.0046678555494928152 -0.00063724685630847883 0.00020951701091077691 0.0014688511974690161 0.00055931450582666429 -7.0792134212406714e-05 -0.0025848285580787602 0.0061166378652382711 -0.0017651850783431925 -0.003068132234262022 0.0036714486360549924 0.0047370457315353892 0.0032390673239322061 -0.00015289043152989085 -0.0013597954407095273 -0.00054885587739047083 0.0052759976487021685 -0.00094997158631141942 0.0034673607511278362 0.0032267685843456557 -0.0033425730404981909 0.0034920670840272649 -0.0034247348926891791 0.00036265302847286659
leaf_weight=1560 5210 2853 2849 1598 14702 41272 1559 80835 286879 59490 107733 7287 8127 1607 22730 1873 5180 1551 2916 867580 9330 6197 4367 1910 2226 2459 1618 2137 5330 2911
leaf_count=1560 5210 2853 2849 1598 14702 41272 1559 80835 286879 59490 107733 7287 8127 1607 22730 1873 5180 1551 2916 867580 9330 6197 4367 1910 2226 2459 1618 2137 5330 2911
internal_value=4.79989e-06 0.000221403 0.000273721 0.000116467 0.000778619 0.000682293 -0.000922842 4.5701e-05 2.33474e-05 0.000941461 -0.000104311 -7.30731e-05 -9.70595e-05 0.00142281 -0.00121749 0.000889017 0.00148749 -0.00116394 -7.65347e-05 -0.000141454 0.000406154 0.00178498 0.00325727 0.00161116 0.000518235 0.00098942 -0.000751098 -0.00178137 -0.000935469 -0.00208926
internal_weight=1.56388e+06 523876 504827 384955 119872 117023 16261 369312 367714 100762 1.04e+06 1.01163e+06 995686 15947 28367 14340 12467 19049 987559 870496 117063 15643 7220 3461 8423 5637 3178 15588 10378 8241
internal_count=1563876 523876 504827 384955 119872 117023 16261 369312 367714 100762 1040000 1011633 995686 15947 28367 14340 12467 19049 987559 870496 117063 15643 7220 3461 8423 5637 3178 15588 10378 8241
is_linear=0
shrinkage=0.01


Tree=208
num_leaves=30
num_cat=0
split_feature=59 48 78 26 21 7 80 31 47 61 23 36 38 61 6 16 78 71 52 61 33 1 81 83 27 61 54 6 75
split_gain=404.713 304.213 366.997 344.723 403.706 398.829 419.507 386.24 372.9 342.947 450.29 666.539 367.461 365.246 336.651 326.686 559.593 377.439 363.244 323.078 287.551 393.965 371.218 354.055 347.997 228.307 223.304 222.72 45.4439
threshold=-0.12738037109374997 12.574218750000002 0.0050942897796630868 0.091644287109375014 0.088317871093750014 0.014980316162109377 0.0036893449723720555 0.077056884765625014 0.24285888671875003 -0.0046405792236328116 0.79711914062500011 0.074615478515625014 -1.9501953124999998 -0.0045719146728515616 0.059280395507812507 0.10452270507812501 0.0023093186318874363 0.30777627229690557 0.044631958007812507 -0.0040760040283203116 -0.88159179687499989 0.099151611328125014 0.0015905969776213171 -2.022138118743896 0.0098648071289062517 -0.0042781829833984366 -0.11911010742187499 0.080718994140625014 -0.026527538895606991
decision_type=2 2 2 2 2 2 2 2 2 2 2 2 2 2 2 2 2 2 2 2 2 2 2 2 2 2 2 2 2
left_child=25 2 15 20 5 6 -5 8 -6 12 13 -12 -4 -11 -14 18 26 -18 -2 -20 21 24 23 -22 -3 -1 -17 -24 -27
right_child=1 3 9 4 7 -7 -8 -9 -10 10 11 -13 14 -15 -16 16 17 -19 19 -21 22 -23 27 -25 -26 28 -28 -29 -30
leaf_value=-0.00039829188745363608 0.0048914199577828584 -0.00093458484919895597 0.0047277451135380741 0.0025823075856142219 -0.0013948897657018176 0.0043368986998780414 -2.9051233388241249e-05 0.0079179107065896325 0.0052697673285449003 -0.0026386423150441978 -0.0015020070807093046 0.0025076793132520056 -0.0011999168217209782 -0.00075533782977445718 -7.1286356293656208e-05 0.00090750012367565066 -0.001428437930324095 0.0030091329259768918 -7.8280834930684421e-05 0.00084114967692397208 0.0030678775619287077 0.00340474365406368 -0.0027272498940774572 0.00022101350661282636 0.0014687109038352404 -0.0030324239985006908 -0.0016544998059837279 0.00048068313268388344 -0.0053868269133182821
leaf_weight=2847 1538 54087 1538 7514 1729 2802 33531 1502 1600 11605 7231 9665 28031 90588 457047 7006 2204 14167 271792 44451 4389 2453 6761 477902 6762 1781 6577 3171 1714
leaf_count=2847 1538 54087 1538 7514 1729 2802 33531 1502 1600 11605 7231 9665 28031 90588 457047 7006 2204 14167 271792 44451 4389 2453 6761 477902 6762 1781 6577 3171 1714
internal_value=1.0909e-05 2.11893e-05 -9.00601e-05 0.00019674 0.00100348 0.000700279 0.000450028 0.00374117 0.00182065 -0.000238712 -0.000719661 0.000791902 -0.000120985 -0.00096968 -0.000136553 0.000168869 0.00116685 0.0024107 7.47321e-05 5.0999e-05 0.000126015 -0.000508304 0.000207609 0.000247047 -0.000667118 -0.00250614 -0.00033365 -0.00170414 -0.00421114
internal_weight=1.56398e+06 1.55764e+06 953440 604203 48678 43847 41045 4831 3329 605705 119089 16896 486616 102193 485078 347735 29954 16371 317781 316243 555525 63302 492223 482291 60849 6342 13583 9932 3495
internal_count=1563985 1557643 953440 604203 48678 43847 41045 4831 3329 605705 119089 16896 486616 102193 485078 347735 29954 16371 317781 316243 555525 63302 492223 482291 60849 6342 13583 9932 3495
is_linear=0
shrinkage=0.01


Tree=209
num_leaves=31
num_cat=0
split_feature=31 60 83 18 65 58 77 8 6 8 70 69 33 62 18 60 16 62 33 82 36 21 33 83 33 68 8 2 10 8
split_gain=273.884 342.178 604.284 480.883 309.82 373.803 311.469 435.998 530.509 363.34 299.702 561.243 273.459 438.787 351.429 446.942 316.276 312.058 438.663 509.973 406.989 315.924 309.612 470.39 423.526 500.123 381.836 307.742 296.946 270.523
threshold=0.043731689453125007 -0.0028810501098632808 -1.6134247779846189 -0.083251953124999986 0.12411499023437501 0.068206787109375014 0.016060084104537967 0.16162109375000003 0.069488525390625014 0.57299804687500011 0.6864229440689088 0.4330077469348908 -1.2304687499999998 -0.0078544616699218733 -0.51635742187499989 -0.0031995773315429683 0.069793701171875014 -0.010707855224609373 -0.47033691406249994 0.14089921116828921 0.061264038085937507 0.086883544921875014 -0.47033691406249994 -1.8955135345458982 -0.47680664062499994 0.021793365478515628 0.71582031250000011 -0.017585754394531247 0.35937500000000006 1.7880859375000002
decision_type=2 2 2 2 2 2 2 2 2 2 2 2 2 2 2 2 2 2 2 2 2 2 2 2 2 2 2 2 2 2
left_child=1 2 3 -1 6 -6 7 8 -3 -9 -7 -12 13 14 15 -2 -16 18 20 21 -14 -20 24 -24 26 -26 -19 -18 -17 -25
right_child=12 4 -4 -5 5 10 -8 9 -10 -11 11 -13 17 -15 16 28 27 22 19 -21 -22 -23 23 29 25 -27 -28 -29 -30 -31
leaf_value=0.0095262042195082604 0.0061453204232921289 0.0033596341738268754 -0.0011598591873420623 0.0025222207973256668 -0.0040199178506418604 -0.0026010641607812778 -0.0017938142653354534 0.0085493888071776943 -0.0034979198231079394 0.0021363436578544664 -0.0017868319731029426 0.0066985550491840806 0.0025517332773778885 -0.0032510173504051681 -0.0042867701243531455 -0.0035849639792872971 0.0036557819736055294 0.00034961734208154358 -0.0004738293652637647 0.0073479895789431487 -0.0042874992724324839 0.0045212929998524488 -0.0033745990197316077 -0.00010911331203619175 0.00069629700678699416 0.0065973965450955244 -0.00053414691435112584 -0.00081127066876514851 0.0014295728204342035 0.0017164388855230317
leaf_weight=1602 1601 2507 2246 2531 2890 1919 2288 1566 2018 2036 1565 1520 1552 6224 2472 1508 1603 267747 3308 1994 1932 2028 4373 1132899 4008 2223 59789 31105 5180 8156
leaf_count=1602 1601 2507 2246 2531 2890 1919 2288 1566 2018 2036 1565 1520 1552 6224 2472 1508 1603 267747 3308 1994 1932 2028 4373 1132899 4008 2223 59789 31105 5180 8156
internal_value=-2.57105e-05 0.00101879 0.00300945 0.00526985 0.000322701 -0.0011698 0.00145401 0.00237053 0.000299458 0.00495628 0.000485705 0.00241019 -4.24713e-05 -0.00077207 -0.000415797 0.00143429 -0.000852275 -1.81285e-05 0.00167285 0.00305871 -0.00124369 0.00143441 -3.05133e-05 -0.00010861 0.000237492 0.00281597 0.000188271 -0.000590243 0.000291585 -9.60348e-05
internal_weight=1.56439e+06 24688 6379 4133 18309 7894 10415 8127 4525 3602 5004 3085 1.5397e+06 49693 43469 8289 35180 1.49001e+06 10814 7330 3484 5336 1.4792e+06 1.14543e+06 333767 6231 327536 32708 6688 1.14106e+06
internal_count=1564390 24688 6379 4133 18309 7894 10415 8127 4525 3602 5004 3085 1539702 49693 43469 8289 35180 1490009 10814 7330 3484 5336 1479195 1145428 333767 6231 327536 32708 6688 1141055
is_linear=0
shrinkage=0.01


Tree=210
num_leaves=29
num_cat=0
split_feature=73 83 69 70 46 23 16 20 46 6 47 57 6 16 21 81 56 27 78 0 15 83 31 64 31 1 2 11
split_gain=356.504 338.148 438.801 403.039 569.289 359.126 274.65 432.419 455.311 859.175 439.378 401.361 320.371 681.198 438.54 279.353 265.85 255.048 236.844 222.986 483.587 226.901 623.192 380.423 283.911 276.633 523.694 237.999
threshold=0.0013360893353819849 -0.67115664482116688 0.46632416546344763 0.68937569856643688 0.31701660156250006 0.44726562500000006 0.065582275390625014 0.60937500000000011 0.33483886718750006 0.073577880859375014 0.25256347656250006 0.020088195800781253 0.047698974609375007 0.053375244140625007 0.088104248046875014 0.0021480433642864232 0.045761108398437507 0.0068092346191406259 0.0070676617324352273 0.14062500000000003 0.32812500000000006 -1.7097492218017576 0.059661865234375007 0.040573120117187507 0.045059204101562507 0.092010498046875014 0.015708923339843753 0.070037841796875014
decision_type=2 2 2 2 2 2 2 2 2 2 2 2 2 2 2 2 2 2 2 2 2 2 2 2 2 2 2 2
left_child=6 2 3 18 -5 -6 7 12 10 -10 11 -9 13 -1 -15 17 -4 -14 -2 20 -8 22 24 -24 -21 27 -27 -23
right_child=1 -3 16 4 5 -7 19 8 9 -11 -12 -13 15 14 -16 -17 -18 -19 -20 21 -22 25 23 -25 -26 26 -28 -29
leaf_value=-0.002601882006194569 -0.0038661335920258028 -0.0028599356034404518 0.0020697323005763211 0.006980287033026336 0.00019939952849359639 0.0049863803205005622 0.0056393492943903065 0.0045263313862204365 0.0089993859621812205 -0.0012295135993522621 -0.0039342494262637777 0.00038465661249042479 -0.00063562286206702374 0.0014911065745926281 0.0072483346201347928 -0.0047016109410932148 0.007237279277227838 -7.077931358472835e-06 0.00066867340181207585 0.0010321635799719453 -0.00098645545825173583 -0.00029174768623351372 0.0011484144137520415 -0.00080680324893482255 -0.0005922484266544253 0.0026431161854588094 0.00025875701586731628 6.2251974551516564e-05
leaf_weight=2746 2319 1832 2086 1810 9690 1850 2184 2504 1762 1515 2168 32149 180746 4019 1963 1506 1925 100423 2259 13145 2192 276799 87778 11209 58884 9837 140802 604973
leaf_count=2746 2319 1832 2086 1810 9690 1850 2184 2504 1762 1515 2168 32149 180746 4019 1963 1506 1925 100423 2259 13145 2192 276799 87778 11209 58884 9837 140802 604973
internal_value=3.16809e-05 0.00124645 0.00159165 0.000920194 0.00179765 0.000974109 1.29055e-05 -0.000242052 0.000731341 0.00429166 0.000412322 0.000686369 -0.000376035 0.00150883 0.00339821 -0.000434336 0.0045734 -0.000411147 -0.00163527 8.28857e-05 0.002331 7.46723e-05 0.000412027 0.000926893 -0.000295596 1.87834e-05 0.00041479 -4.88769e-05
internal_weight=1.56308e+06 23771 21939 17928 13350 11540 1.5393e+06 331501 40098 3277 36821 34653 291403 8728 5982 282675 4011 281169 4578 1.2078e+06 4376 1.20343e+06 171016 98987 72029 1.03241e+06 150639 881772
internal_count=1563075 23771 21939 17928 13350 11540 1539304 331501 40098 3277 36821 34653 291403 8728 5982 282675 4011 281169 4578 1207803 4376 1203427 171016 98987 72029 1032411 150639 881772
is_linear=0
shrinkage=0.01


Tree=211
num_leaves=31
num_cat=0
split_feature=43 38 21 13 43 81 43 59 41 53 32 38 62 18 1 15 46 47 20 23 59 15 76 79 38 81 13 38 21 47
split_gain=300.03 317.693 356.667 297.315 477.176 365.722 361.667 476.138 300.623 300.514 275.435 606.61 336.78 272.324 456.655 269.232 252.038 622.757 238.596 238.294 460.584 487.231 438.003 316.227 233.564 490.425 428.145 285.948 460.939 354.264
threshold=0.65332031250000011 -1.1948242187499998 0.11178588867187501 -0.45458984374999994 1.1630859375000002 0.0014650011435151102 1.0556640625000002 -0.011127471923828123 0.10317993164062501 0.017219543457031253 -0.010791778564453123 -1.4086914062499998 -0.0082511901855468733 2.1337890625000004 0.067657470703125014 0.29687500000000006 0.29553222656250006 0.21002197265625003 0.35937500000000006 1.2255859375000002 -0.029075622558593747 0.35937500000000006 0.037970222532749183 0.0079964250326156634 -0.98754882812499989 0.00084332097321748744 -1.3955078124999998 -0.69335937499999989 0.093597412109375014 0.30944824218750006
decision_type=2 2 2 2 2 2 2 2 2 2 2 2 2 2 2 2 2 2 2 2 2 2 2 2 2 2 2 2 2 2
left_child=13 10 3 4 5 -3 7 -5 -6 -8 11 -2 16 19 -15 -4 17 -12 -14 24 21 -21 23 -22 25 -1 -27 28 -26 -29
right_child=1 2 15 6 8 -7 9 -9 -10 -11 12 -13 18 14 -16 -17 -18 -19 -20 20 22 -23 -24 -25 27 26 -28 29 -30 -31
leaf_value=0.0046489521512988671 0.0038167191898105636 0.00052614800709131358 -0.0063886305288483672 -0.0019611727295422892 -0.0023385615568296617 0.0027448968430134387 1.1805775696639759e-05 -0.00038152124011131626 -6.3093135483780594e-05 0.0027530781104985408 -0.0037969419836997986 -0.0033441244470639054 0.0030959705435312712 -0.0015530017602231364 0.0053557660950759017 -0.00070609837804175074 -0.0041601646809730809 0.0040684727074041171 -0.0018797515927171454 0.00089883337975205741 9.6127312635424327e-05 0.0081333192531132612 0.0047455323624141363 0.0031193042588317965 -0.00029890728854525323 0.0052736537994242643 0.00029279448849147321 5.6188472946247491e-05 -0.0026474839175773092 -0.0033531775919487168
leaf_weight=2754 2623 47795 1584 24668 8138 8780 67737 84088 20143 4230 2930 2122 1774 1552 2444 1748 7092 1509 2063 2156 55755 1626 2265 3669 86444 1738 94455 1008143 9232 3037
leaf_count=2754 2623 47795 1584 24668 8138 8780 67737 84088 20143 4230 2930 2122 1774 1552 2444 1748 7092 1509 2063 2156 55755 1626 2265 3669 86444 1738 94455 1008143 9232 3037
internal_value=1.22442e-05 -0.000278654 -0.000187925 -0.000147001 0.000341236 0.000871329 -0.000376258 -0.000740112 -0.000719061 0.000173649 -0.0014903 0.000613741 -0.0021399 7.8176e-05 0.00267811 -0.00342952 -0.00299259 -0.00111691 0.000424851 6.99616e-05 0.000657426 0.00403559 0.000449078 0.000283773 3.80539e-05 0.000503491 0.000383865 -3.56207e-06 -0.000526033 4.58826e-05
internal_weight=1.56429e+06 289024 268911 265579 84856 56575 180723 108756 28281 71967 20113 4745 15368 1.27527e+06 3996 3332 11531 4439 3837 1.27127e+06 65471 3782 61689 59424 1.2058e+06 98947 96193 1.10686e+06 95676 1.01118e+06
internal_count=1564294 289024 268911 265579 84856 56575 180723 108756 28281 71967 20113 4745 15368 1275270 3996 3332 11531 4439 3837 1271274 65471 3782 61689 59424 1205803 98947 96193 1106856 95676 1011180
is_linear=0
shrinkage=0.01


Tree=212
num_leaves=24
num_cat=0
split_feature=73 18 1 46 57 18 3 43 42 3 83 60 48 21 38 48 57 5 21 45 59 3 28
split_gain=436.708 393.385 694.187 478.966 469.266 354.691 372.515 337.344 438.755 450.472 248.079 388.074 254.531 336.842 332.661 311.127 223.788 219.625 407.637 233.826 201.191 197.522 170.362
threshold=0.0013360893353819849 -0.15246582031249997 0.059341430664062507 0.31799316406250006 0.024971008300781253 -0.43859863281249994 -0.021736145019531247 -0.11434936523437499 -0.015659332275390622 -0.055511474609374993 -2.2950253486633296 -0.0022516250610351558 15.964843750000002 0.075714111328125014 -0.47302246093749994 15.871093750000002 0.025352478027343753 0.67187500000000011 0.083465576171875014 1.9218750000000002 0.049880981445312507 -0.19604492187499997 0.36633300781250006
decision_type=2 2 2 2 2 2 2 2 2 2 2 2 2 2 2 2 2 2 2 2 2 2 2
left_child=10 3 -3 -2 5 6 -5 8 9 -4 11 22 15 14 -14 17 -10 19 -19 -12 -15 -16 -1
right_child=1 2 7 4 -6 -7 -8 -9 16 -11 12 -13 13 20 21 -17 -18 18 -20 -21 -22 -23 -24
leaf_value=-0.0064194059620300923 0.0073458074943625719 0.0054173812967431567 -0.0051446302572599892 0.00099198036332536974 0.0050192785517799935 0.0040485936773633499 -0.0053440681472891648 -0.0042010661939998256 0.00066425348208215757 0.00058476841611904541 -0.0001131478537002513 0.0015693256496145652 -0.0029483276790662205 0.0014015163343460836 -6.841438157217843e-06 -0.00372633931498461 0.0057203654339959813 -0.00014199951892983042 -0.0016845070409629884 0.00014777202307262121 0.0063404538057136948 0.0047473116595966947 -0.0018107027392483439
leaf_weight=1732 1882 2147 2201 2232 2858 1525 1562 2255 2039 3582 853632 1714 2138 1505 2045 2272 1522 73107 22358 574662 1844 1506 1519
leaf_count=1732 1882 2147 2201 2232 2858 1525 1562 2255 2039 3582 853632 1714 2138 1505 2045 2272 1522 73107 22358 574662 1844 1506 1519
internal_value=-2.12766e-05 0.00132225 0.000221608 0.00282289 0.00176652 6.49957e-06 -0.00163093 -0.000747811 9.27609e-05 -0.00160605 -4.2061e-05 -0.00226926 -3.48279e-05 0.00163653 0.000152002 -4.47479e-05 0.00284516 -3.92097e-05 -0.000503534 -8.16835e-06 0.00414245 0.00202472 -0.00429027
internal_weight=1.56384e+06 23805 13746 10059 8177 5319 3794 11599 9344 5783 1.54003e+06 4965 1.53507e+06 9038 5689 1.52603e+06 3561 1.52376e+06 95465 1.42829e+06 3349 3551 3251
internal_count=1563839 23805 13746 10059 8177 5319 3794 11599 9344 5783 1540034 4965 1535069 9038 5689 1526031 3561 1523759 95465 1428294 3349 3551 3251
is_linear=0
shrinkage=0.01


Tree=213
num_leaves=27
num_cat=0
split_feature=62 60 10 8 82 40 18 81 69 78 1 22 47 13 10 42 5 50 50 57 0 47 31 12 37 83
split_gain=309.299 452.874 448.379 576.448 563.726 474.427 343.74 347.414 281.425 420.954 514.582 452.922 379.769 322.199 311.086 325.517 265.945 305.897 546.315 281.663 339.524 629.062 253.909 218.758 228.657 96.692
threshold=-0.010204315185546873 -0.0051326751708984366 0.23437500000000003 1.2255859375000002 0.058764129877090461 0.17187500000000003 -0.80541992187499989 0.00090298638679087173 0.48698654770851141 0.016544055193662647 0.073883056640625014 0.015415191650390627 0.27111816406250006 -0.62915039062499989 0.26562500000000006 0.021080017089843753 0.14062500000000003 0.035842895507812507 0.038497924804687507 0.016899108886718753 0.17187500000000003 0.21124267578125003 0.12762451171875003 -0.0061073303222656241 0.026718139648437503 -0.76265358924865712
decision_type=2 2 2 2 2 2 2 2 2 2 2 2 2 2 2 2 2 2 2 2 2 2 2 2 2 2
left_child=1 -1 3 4 -3 -4 25 -8 16 11 -11 14 13 -13 -10 -16 17 -2 -19 23 21 -21 -22 24 -18 -7
right_child=8 2 5 -5 -6 6 7 -9 9 10 -12 12 -14 -15 15 -17 19 18 -20 20 22 -23 -24 -25 -26 -27
leaf_value=-0.0042943487440471684 0.0056987826840528 0.0012143986848282854 0.0051951617358712591 -0.0015485709130952036 0.0086502967298469485 -0.0041421685103654729 -0.0032990735678829169 0.00097298916423561269 -0.0035355573938180111 0.0076547438523562944 0.00049557389754827335 -0.0037283754978562162 0.0044428433490272378 -0.00035158082292278888 0.0010957519006221036 -0.0031399155204946344 0.00085865363130987159 -0.0038494393326706689 0.0040190203098196785 0.0070318944966508449 -9.1067229659575876e-05 0.0006498070355402221 0.0039916141764062352 -0.0054718176852888165 -0.0040088177383766606 -0.00094737430433532101
leaf_weight=1643 1658 1761 2105 1565 2426 1833 2023 27985 1549 1747 2332 2999 1543 44233 62202 1850 2423 1574 1957 1781 1377556 10880 1505 1562 1578 1970
leaf_count=1643 1658 1761 2105 1565 2426 1833 2023 27985 1549 1747 2332 2999 1543 44233 62202 1850 2423 1574 1957 1781 1377556 10880 1505 1562 1578 1970
internal_value=-8.89554e-06 0.000824192 0.00102798 0.00361521 0.00554349 0.000611853 0.000323604 0.000682981 -3.26296e-05 0.000435384 0.00358417 0.000322482 -0.00040722 -0.000567478 0.000864981 0.000972472 -7.21644e-05 0.00218317 0.000509602 -8.0571e-05 -7.15775e-05 0.00155724 -8.65539e-05 -0.0023222 -0.00107147 -0.00250084
internal_weight=1.56424e+06 43311 41668 5752 4187 35916 33811 30008 1.52093e+06 118455 4079 114376 48775 47232 65601 64052 1.40247e+06 5189 3531 1.39728e+06 1.39172e+06 12661 1.37906e+06 5563 4001 3803
internal_count=1564240 43311 41668 5752 4187 35916 33811 30008 1520929 118455 4079 114376 48775 47232 65601 64052 1402474 5189 3531 1397285 1391722 12661 1379061 5563 4001 3803
is_linear=0
shrinkage=0.01


Tree=214
num_leaves=31
num_cat=0
split_feature=59 47 68 3 33 8 48 3 77 28 83 13 48 78 5 80 43 6 45 73 45 82 57 46 76 50 56 68 10 82
split_gain=294.477 287.51 340.626 258.313 568.411 617.361 601.986 402.233 264.296 221.367 319.312 492.798 412.142 394.792 306.146 485.314 365.156 298.21 290.576 433.918 470.675 425.132 373.054 367.08 348.026 389.303 467.895 339.618 358.605 310.182
threshold=0.15875244140625003 0.18957519531250003 0.019275665283203128 -0.19604492187499997 -0.28015136718749994 0.26318359375000006 9.9179687500000018 -0.055511474609374993 0.01212403178215027 -0.81811523437499989 -0.30029129981994623 -0.095611572265624986 9.3007812500000018 0.0017755525186657908 0.29687500000000006 0.0019495477899909022 -0.66699218749999989 0.059890747070312507 2.2656250000000004 -0.074668824672698961 1.3281250000000002 -0.070681020617485033 0.025215148925781253 0.29528808593750006 0.0210070013999939 0.040756225585937507 0.043838500976562507 0.023586273193359378 0.54687500000000011 0.19059669971466067
decision_type=2 2 2 2 2 2 2 2 2 2 2 2 2 2 2 2 2 2 2 2 2 2 2 2 2 2 2 2 2 2
left_child=9 -2 -3 4 6 -6 -4 -5 -9 10 12 -12 17 -13 16 -16 -14 -1 19 21 29 23 -22 -11 25 26 -20 -26 -29 -21
right_child=1 2 3 7 5 -7 -8 8 -10 18 11 13 14 -15 15 -17 -18 -19 24 20 22 -23 -24 -25 27 -27 -28 28 -30 -31
leaf_value=0.0020592403390190818 -0.0027294349582106981 0.0048182718688276165 0.0062075755133205648 -0.0027479818475981996 0.0012760727728077209 0.0096185966444687111 -5.3936802253841064e-05 0.002661775595895362 0.00028829396275538216 -0.00047987275425717967 -0.0016203203987696557 0.0003013018487130113 -0.0042098931820499091 0.0058721794811362029 0.00039933119663810755 -0.00068845168961650569 -0.0007787952154791754 -0.0024496378161845862 8.7468749786793386e-05 0.00045904269401015024 -0.00015255674525610374 0.0069160279574761018 -0.0033811348365066578 0.0052535881609111637 0.00067104173445698204 -0.0048862334452882128 0.0039810763591019973 0.004199621485087319 -0.00084620549624929669 -0.0010799882613449271
leaf_weight=1630 2410 1999 1749 3983 1865 1684 11626 5262 42039 4052 2939 2223 3652 2961 90097 75254 20076 13508 207353 203361 754629 1605 3576 1520 77061 1529 3113 5500 1883 13978
leaf_count=1630 2410 1999 1749 3983 1865 1684 11626 5262 42039 4052 2939 2223 3652 2961 90097 75254 20076 13508 207353 203361 754629 1605 3576 1520 77061 1529 3113 5500 1883 13978
internal_value=3.11993e-05 0.000652956 0.000769808 0.00064978 0.00172029 0.00526632 0.000772904 0.000295975 0.000553345 9.1935e-07 -0.000298079 0.0016439 -0.000375477 0.00349362 -0.000248258 -9.57603e-05 -0.00130998 -0.00196206 5.05568e-05 -3.22236e-05 -5.02709e-05 0.0024142 -0.000167873 0.00109737 0.000324965 0.000108684 0.000145432 0.00086778 0.0029139 0.000359971
internal_weight=1.56412e+06 72617 70207 68208 16924 3549 13375 51284 47301 1.4915e+06 212340 8123 204217 5184 189079 165351 23728 15138 1.27916e+06 982721 975544 7177 758205 5572 296439 211995 210466 84444 7383 217339
internal_count=1564117 72617 70207 68208 16924 3549 13375 51284 47301 1491500 212340 8123 204217 5184 189079 165351 23728 15138 1279160 982721 975544 7177 758205 5572 296439 211995 210466 84444 7383 217339
is_linear=0
shrinkage=0.01


Tree=215
num_leaves=31
num_cat=0
split_feature=57 74 75 79 70 80 43 1 57 70 11 8 43 75 79 74 16 33 43 61 59 74 16 17 60 21 18 73 80 42
split_gain=292.668 387.641 600.105 623.214 654.339 542.607 498.268 465.802 752.881 592.389 452.205 430.303 379.412 481.281 388.019 345.027 463.566 443.892 339.179 336.435 345.616 385.117 277.895 276.68 259.405 235.555 466.063 527.864 284.364 223.987
threshold=0.022407531738281253 -0.091444596648216234 -0.0028299121186137195 0.00082367565482854854 0.67552414536476146 0.0041362242773175248 0.50268554687500011 0.057022094726562507 0.022651672363281253 0.67993029952049266 0.097595214843750014 -0.42626953124999994 -0.50036621093749989 -0.043878138065338128 0.0037516122683882718 -0.086146265268325792 0.081817626953125014 -1.4077148437499998 -1.7407226562499998 -0.0065174102783203116 0.011547088623046877 -0.17992621660232541 0.053375244140625007 0.0095214843750000017 -0.0023775100708007808 0.099395751953125014 0.79370117187500011 -0.017752982676029202 0.0049386573955416688 0.0045795440673828134
decision_type=2 2 2 2 2 2 2 2 2 2 2 2 2 2 2 2 2 2 2 2 2 2 2 2 2 2 2 2 2 2
left_child=18 2 3 22 11 -6 7 8 9 -3 -10 -5 14 -14 -9 -8 17 -17 -1 20 24 -22 -2 -18 -20 28 27 -27 -21 -28
right_child=1 6 -4 4 5 -7 15 12 10 -11 -12 -13 13 -15 -16 16 23 -19 19 25 21 -23 -24 -25 -26 26 29 -29 -30 -31
leaf_value=0.0034500045128169473 0.0023036081295097826 0.0017208810635026394 0.0055061292749381046 0.0057165616145631324 0.00031048594865462089 0.0048744884869762672 -0.0037374162047634132 0.00036760334610682829 -0.00036633522430441399 0.010315138260718146 0.0035367329470811478 0.0017521038453960434 0.0010925692101546177 2.4068912446571266e-05 -0.00061954699628932156 0.0039575756358521856 -0.0040028962448046459 -0.00030918140813836962 -0.0059378870175612018 -0.0001273397392839378 0.0026127229826595948 -0.0031771098827453421 -0.0020266277072937947 -0.0011228891862675946 -0.0015664036382774663 0.0018475910265803774 -0.00054314076327610975 -0.00049971505995771552 -0.002825001350904945 -0.0052917312907124316
leaf_weight=2643 1675 1595 2457 3211 99661 2655 4253 60470 10459 1613 4123 18223 61107 135825 116514 2865 4693 15732 2570 932351 2600 2026 11927 11504 2894 24550 2269 15692 3904 1754
leaf_count=2643 1675 1595 2457 3211 99661 2655 4253 60470 10459 1613 4123 18223 61107 135825 116514 2865 4693 15732 2570 932351 2600 2026 11927 11504 2894 24550 2269 15692 3904 1754
internal_value=-1.03945e-05 0.0001701 0.00062758 0.000539521 0.000762888 0.000429847 2.15947e-05 0.000128995 0.00170902 0.00607926 0.000740574 0.00235079 5.37342e-05 0.000355696 -0.000282265 -0.00105533 -0.000725526 0.000351688 -0.000114079 -0.000123658 -0.00193854 7.42504e-05 -0.00149079 -0.00196126 -0.00363669 -0.000104942 0.000607723 0.000932487 -0.000138649 -0.00262943
internal_weight=1.56382e+06 570562 139809 137352 123750 102316 430753 391706 17790 3208 14582 21434 373916 196932 176984 39047 34794 18597 993253 990610 10090 4626 13602 16197 5464 980520 44265 40242 936255 4023
internal_count=1563815 570562 139809 137352 123750 102316 430753 391706 17790 3208 14582 21434 373916 196932 176984 39047 34794 18597 993253 990610 10090 4626 13602 16197 5464 980520 44265 40242 936255 4023
is_linear=0
shrinkage=0.01


Tree=216
num_leaves=31
num_cat=0
split_feature=26 81 62 13 82 62 1 69 51 17 54 23 72 62 41 32 64 74 46 61 41 76 32 0 73 2 31 38 68 79
split_gain=278.532 314.404 266.069 384.199 324.832 290.494 654.957 611.957 441.839 424.206 504.869 374.902 299.326 283.165 364.864 269.606 404.623 381.703 252.973 248.276 307.458 515.009 314.367 246.714 219.601 218.362 217.158 202.588 194.947 157.633
threshold=0.038543701171875007 0.00050287088379263889 -0.010204315185546873 -1.1303710937499998 0.061167716979980476 -0.0082740783691406233 0.074859619140625014 0.41211427748203283 0.017356872558593753 -0.0097427368164062483 0.013328552246093752 0.83398437500000011 -0.13997888565063474 -0.0084419250488281233 0.093536376953125014 0.014694213867187502 0.035964965820312507 -0.083967298269271837 0.33679199218750006 -0.0061054229736328116 0.045059204101562507 0.034289062023162849 -0.018653869628906247 0.29687500000000006 -0.0037377364933490749 0.020439147949218753 0.093811035156250014 -0.24945068359374997 0.016040802001953128 0.00089075881987810146
decision_type=2 2 2 2 2 2 2 2 2 2 2 2 2 2 2 2 2 2 2 2 2 2 2 2 2 2 2 2 2 2
left_child=1 26 3 4 -2 7 9 13 11 12 -11 -8 -7 14 -4 16 -9 -17 -10 20 21 -5 -22 -15 25 -21 29 -3 -29 -1
right_child=2 27 5 19 -6 6 8 15 18 10 -12 -13 -14 23 -16 17 -18 -19 -20 24 22 -23 -24 -25 -26 -27 -28 28 -30 -31
leaf_value=-0.0011831893982425813 0.00012542126167925318 -0.0053953451388431507 -0.00022435467908867436 -0.00029294880284102702 0.0060132393787121277 -0.0016103193104586558 0.00062251235010453584 0.0012275054077153255 0.00066816355819814411 0.00016449376584721874 0.0053498946943066339 0.0037872003719122949 -0.000268597994906683 0.0010633519564380838 -0.0019427309352251355 0.00012652174626116101 -0.00014146051414335023 0.0014856321795990593 0.0052247413426555088 -0.0019825384170315337 -0.0013516827426071232 0.0077933154458519798 0.001073668970003238 -0.0026560808478345204 -0.0042257108317284818 0.0028070992808188161 -0.0026818141137801626 0.0010596804346487488 -0.0035625590587974195 0.0028266067689135532
leaf_weight=1530 1523 2363 49392 1558 2419 21998 88936 22152 1849 248022 1872 3889 67958 2047 16462 119081 823557 24984 3590 2372 6976 1570 22631 13343 1869 1561 1914 1547 2179 2665
leaf_count=1530 1523 2363 49392 1558 2419 21998 88936 22152 1849 248022 1872 3889 67958 2047 16462 119081 823557 24984 3590 2372 6976 1570 22631 13343 1869 1561 1914 1547 2179 2665
internal_value=-7.07877e-06 -0.00151103 4.76389e-06 0.000785092 0.00375058 -1.72109e-05 0.000199709 -0.000105947 0.000918669 -8.21315e-06 0.000203764 0.000755887 -0.00059699 -0.00094016 -0.000654369 -3.7454e-05 -0.000105574 0.000362395 0.00368385 0.00047996 0.000817964 0.00378942 0.000501681 -0.00216063 -0.00142332 -7.69562e-05 9.28156e-05 -0.00311518 -0.00164804 0.00136548
internal_weight=1.56381e+06 12198 1.55161e+06 42479 3942 1.50913e+06 438114 1.07102e+06 98264 339850 249894 92825 89956 81244 65854 989774 845709 144065 5439 38537 32735 3128 29607 15390 5802 3933 6109 6089 3726 4195
internal_count=1563809 12198 1551611 42479 3942 1509132 438114 1071018 98264 339850 249894 92825 89956 81244 65854 989774 845709 144065 5439 38537 32735 3128 29607 15390 5802 3933 6109 6089 3726 4195
is_linear=0
shrinkage=0.01


Tree=217
num_leaves=31
num_cat=0
split_feature=62 13 62 2 73 79 77 47 42 1 31 72 79 28 55 15 36 48 69 77 42 57 75 68 58 33 62 31 36 82
split_gain=265.259 339.08 327.55 491.035 471.345 433.645 438.953 381.57 430.27 340.329 303.425 426.739 398.572 410.184 515.681 368.761 295.19 267.651 352.18 304.439 381.583 262.836 243.47 278.952 246.15 233.582 233.197 359.029 541.372 333.006
threshold=-0.0076160430908203116 -0.56127929687499989 -0.0082054138183593733 -0.0021381378173828121 0.0013360893353819849 0.00075461226515471946 0.014541922137141229 0.28649902343750006 -0.0092353820800781233 0.038726806640625007 0.11044311523437501 -0.17738896608352658 0.00055715208873152744 -0.96362304687499989 -0.11215209960937499 0.14062500000000003 0.069671630859375014 8.9960937500000018 0.48698654770851141 0.013476556167006494 -0.013134002685546873 0.019401550292968753 -0.0054404456168413154 0.020915985107421878 0.066375732421875014 1.2563476562500002 -0.0071201324462890616 0.069030761718750014 0.096862792968750014 -0.17507237195968625
decision_type=2 2 2 2 2 2 2 2 2 2 2 2 2 2 2 2 2 2 2 2 2 2 2 2 2 2 2 2 2 2
left_child=2 25 10 4 9 6 -5 8 -7 -4 11 -1 -12 -14 -15 -13 -11 -3 22 -20 -21 -17 24 -24 -19 26 29 -28 -29 -2
right_child=1 17 3 5 -6 7 -8 -9 -10 16 12 15 13 14 -16 21 -18 18 19 20 -22 -23 23 -25 -26 -27 27 28 -30 -31
leaf_value=-0.0014998733613756543 -0.003935947346566224 0.0021427373384548011 0.0039188623990953127 0.0009501260444323825 0.0052681994789992503 0.0033384671540909127 0.0067728864389166076 -0.0027254041495747591 0.00070954564145275995 -0.00070991156098349536 -0.0027633264110515842 0.0035850924179090748 0.0060622818190633355 0.0017900821574252004 -0.0042835633012252867 -0.001634419703317114 0.00021405984902839011 -0.0010111006836407131 0.0047688330061000043 0.0038388616945138222 -0.0018355448294247059 -3.0542760838474424e-05 -0.0019476388104185331 0.0031602720035771416 -0.0048106062118002521 -0.0029708145678491006 -0.0010610861560899094 0.0057774287783390488 -0.0010706744268536568 0.00065396685753179988
leaf_weight=20258 1752 3172 2226 2613 1725 7006 2561 2845 54861 44726 2222 2785 1913 13579 1539 10292 152123 84266 1879 1776 3464 1114530 1677 2879 1722 1711 2267 3729 1660 14622
leaf_count=20258 1752 3172 2226 2613 1725 7006 2561 2845 54861 44726 2222 2785 1913 13579 1539 10292 152123 84266 1879 1776 3464 1114530 1677 2879 1722 1711 2267 3729 1660 14622
internal_value=-7.13078e-06 -0.000445966 3.15074e-05 0.000344904 9.36001e-05 0.00106673 0.00384723 0.000843298 0.00100824 4.82371e-05 -4.11824e-05 -6.2074e-05 0.00120315 0.00172328 0.00116695 -3.62171e-05 4.0738e-06 -0.000707452 -0.000800443 0.0013385 9.49729e-05 -4.52469e-05 -0.000968875 0.00127983 -0.00108829 0.000578104 0.000833057 0.00227125 0.00367182 0.000158649
internal_weight=1.56438e+06 126576 1.4378e+06 270686 200800 69886 5174 64712 61867 199075 1.16712e+06 1.14786e+06 19253 17031 15118 1.12761e+06 196849 100835 97663 7119 5240 1.12482e+06 90544 4556 85988 25741 24030 7656 5389 16374
internal_count=1564380 126576 1437804 270686 200800 69886 5174 64712 61867 199075 1167118 1147865 19253 17031 15118 1127607 196849 100835 97663 7119 5240 1124822 90544 4556 85988 25741 24030 7656 5389 16374
is_linear=0
shrinkage=0.01


Tree=218
num_leaves=31
num_cat=0
split_feature=59 25 43 78 47 16 16 36 21 43 60 33 7 18 3 64 69 43 38 77 50 59 68 43 0 41 8 16 59 2
split_gain=258.467 363.107 460.098 354.898 281.704 308.353 606.25 349.137 286.045 295.497 284.933 329.27 320.095 236.822 501.307 241.42 286.63 288.702 375.327 234.158 228.678 283.331 572.881 258.853 266.405 228.072 281.98 228.171 223.855 213.063
threshold=0.17633056640625003 0.35937500000000006 -1.3916015624999998 0.0040346663445234307 0.21539306640625003 0.070404052734375014 0.067840576171875014 0.048431396484375007 0.089508056640625014 -0.47204589843749994 -0.0036039352416992183 -0.92968749999999989 0.010303497314453127 2.1337890625000004 -0.54150390624999989 0.044113159179687507 0.49654278159141546 -0.24426269531249997 -0.73217773437499989 0.017155554145574573 0.042831420898437507 0.14886474609375003 0.024555206298828128 -0.68749999999999989 0.26562500000000006 0.063873291015625014 0.40649414062500006 0.078643798828125014 0.16156005859375003 0.028030395507812503
decision_type=2 2 2 2 2 2 2 2 2 2 2 2 2 2 2 2 2 2 2 2 2 2 2 2 2 2 2 2 2 2
left_child=13 2 -2 25 8 6 7 -6 9 -3 12 -12 -7 15 -15 20 19 18 -18 28 21 29 -23 -22 -25 27 -27 -4 -17 -1
right_child=1 4 3 -5 5 10 -8 -9 -10 -11 11 -13 -14 14 -16 16 17 -19 -20 -21 23 22 -24 24 -26 26 -28 -29 -30 -31
leaf_value=-1.1177341085391529e-05 0.0073125337509995563 -0.0067727688077837238 -0.00388985182109632 0.0056602776661712961 -0.0034061800331661573 -4.8180484177603368e-05 0.0074926409767710278 0.0018975074465167638 0.0012346467054007227 -0.00072606084223550101 -0.00051259712281468491 -0.0054792231107186418 0.0039198881777770377 -0.0022151046009099441 0.0047775325576603078 -0.0045742944832351789 0.0033313899843176458 -0.0038398373251079193 -0.0019285628091137263 -0.0062733776963737435 -0.0046640311733387304 0.00058708508551756221 0.0066757194413849617 -0.0035852405241632887 0.00049227763547798735 0.0051002253762313298 -0.00048080447258699697 0.0010537480461030881 -1.6886342529468822e-06 -0.00073003494234289421
leaf_weight=1413092 1578 1580 1690 1638 1500 8046 1678 6765 1814 1644 6677 1650 2700 1582 2844 1741 3120 1517 2371 1573 2070 35529 1596 2240 5493 1800 1795 2042 2731 42450
leaf_count=1413092 1578 1580 1690 1638 1500 8046 1678 6765 1814 1644 6677 1650 2700 1582 2844 1741 3120 1517 2371 1573 2070 35529 1596 2240 5493 1800 1795 2042 2731 42450
internal_value=-3.1437e-06 0.000747044 0.00236686 0.00148199 0.000244461 0.000623709 0.00204955 0.000929052 -0.00193362 -0.00371288 -0.000120971 -0.00150751 0.000954252 -2.51646e-05 0.00227941 -3.1925e-05 -0.00138499 -7.4643e-06 0.0010614 -0.00297666 -2.01517e-05 -1.01436e-05 0.000852288 -0.00154093 -0.000695049 0.000535039 0.00232635 -0.00119371 -0.0017943 -3.21521e-05
internal_weight=1.56455e+06 44597 10543 8965 34054 29016 9943 8265 5038 3224 19073 8327 10746 1.51995e+06 4426 1.51552e+06 13053 7008 5491 6045 1.50247e+06 1.49267e+06 37125 9803 7733 7327 3595 3732 4472 1.45554e+06
internal_count=1564546 44597 10543 8965 34054 29016 9943 8265 5038 3224 19073 8327 10746 1519949 4426 1515523 13053 7008 5491 6045 1502470 1492667 37125 9803 7733 7327 3595 3732 4472 1455542
is_linear=0
shrinkage=0.01


Tree=219
num_leaves=31
num_cat=0
split_feature=72 43 72 45 6 10 36 60 83 22 57 83 83 62 74 8 70 10 43 23 81 30 12 77 13 48 41 35 83 23
split_gain=294.738 367.977 439.526 344.177 344.694 325.515 431.45 292.656 292.494 343.652 554.663 308.121 452.95 410.968 397.906 597.308 468.042 365.592 303.441 351.171 336.169 288.798 287.429 494.335 387.981 437.122 401.003 368.342 342.981 357.099
threshold=-0.06855496764183043 1.3139648437500002 -0.054022073745727532 1.0156250000000002 0.034545898437500007 0.17187500000000003 0.072601318359375014 -0.0039768218994140616 -1.3336236476898191 0.021469116210937503 0.020195007324218753 -1.6037604808807371 -1.9493331909179685 -0.0090446472167968733 -0.099141046404838548 0.47521972656250006 0.68725040555000316 0.29687500000000006 -0.088226318359374986 1.1718750000000002 0.00098171946592628978 0.42187500000000006 0.012790679931640627 0.0088494513183832186 0.88793945312500011 12.855468750000002 0.056259155273437507 0.26562500000000006 -0.13992387056350705 0.49169921875000006
decision_type=2 2 2 2 2 2 2 2 2 2 2 2 2 2 2 2 2 2 2 2 2 2 2 2 2 2 2 2 2 2
left_child=8 3 21 -2 -5 6 -6 -7 9 11 -11 12 17 -14 16 -16 -13 -1 20 -20 -12 -3 27 -24 26 -26 -25 -10 -29 -30
right_child=1 2 -4 4 5 7 -8 -9 22 10 18 14 13 -15 15 -17 -18 -19 19 -21 -22 -23 23 24 25 -27 -28 28 29 -31
leaf_value=0.002938658237736454 -0.0024752998857376415 0.0081323393230664873 -0.00052795625143869029 0.0048072377201744112 0.005864944046886561 -0.0003013659480663721 -0.00088325507400538168 0.00023967478472093639 -0.00090826583301346811 0.0056499378112047759 -0.0015307406218836306 0.00096890058534771504 -0.0024547900642335118 0.00031283556942933742 -0.0022099237325443853 0.00060674906132592271 -0.00064690493189800138 -0.0019123719460096627 0.002752377372982534 -0.0015206746820838988 0.0040895213049802056 0.0021280721668154 0.0059703009727213353 -0.0015290174837987703 -0.00026325685673131438 0.0046974641466166834 0.0013795365313140023 -4.3803888609175846e-05 0.00044283818172760988 0.0043990304989692496
leaf_weight=1688 4993 1579 2417 1569 2233 126911 1627 470797 49823 2217 1518 20496 5616 111721 31630 9869 142132 17392 2447 8714 3473 1644 1587 5308 62783 1808 43163 416446 6534 3490
leaf_count=1688 4993 1579 2417 1569 2233 126911 1627 470797 49823 2217 1518 20496 5616 111721 31630 9869 142132 17392 2447 8714 3473 1644 1587 5308 62783 1808 43163 416446 6534 3490
internal_value=-1.30234e-05 0.00015777 0.00269578 0.000134143 0.000155827 0.000143536 0.00303067 0.00012479 -0.000123386 -0.000348546 0.000983081 -0.000420427 -5.24611e-05 0.000179975 -0.000666308 -0.00154011 -0.000443171 -0.00148058 0.00033632 -0.000580579 0.00238085 0.00510167 1.33736e-05 0.000462844 0.000384496 -0.000122988 0.00106053 -9.48338e-05 2.34773e-07 0.00182626
internal_weight=1.56362e+06 613770 5640 608130 603137 601568 3860 597708 949855 358913 18369 340544 136417 117337 204127 41499 162628 19080 16152 11161 4991 3223 590942 114649 113062 64591 48471 476293 426470 10024
internal_count=1563625 613770 5640 608130 603137 601568 3860 597708 949855 358913 18369 340544 136417 117337 204127 41499 162628 19080 16152 11161 4991 3223 590942 114649 113062 64591 48471 476293 426470 10024
is_linear=0
shrinkage=0.01


Tree=220
num_leaves=31
num_cat=0
split_feature=73 18 16 42 64 43 41 23 83 77 46 36 16 60 57 43 60 38 81 11 57 1 77 48 8 7 21 27 1 1
split_gain=273.22 345.578 675.638 453.587 412.492 407.695 469.382 325.455 296.225 252.749 330.14 415.906 460.596 275.727 266.004 405.314 548.899 495.947 461.689 425.148 367.449 352.778 448.046 312.463 487.28 377.772 287.959 285.484 235.466 482.883
threshold=0.0013360893353819849 -0.15246582031249997 0.067657470703125014 -0.0047817230224609366 0.044113159179687507 -0.11434936523437499 0.062622070312500014 -0.12527465820312497 -1.4711704254150388 0.017301771789789203 0.28942871093750006 0.078155517578125014 0.081024169921875014 -0.0036725997924804683 0.022407531738281253 -0.59863281249999989 -0.0038442611694335933 1.1044921875000002 0.0012189815752208235 0.11001586914062501 0.024208068847656253 0.10671997070312501 0.01466847211122513 14.269531250000002 0.84619140625000011 -0.022186279296874997 0.096649169921875014 -0.0090942382812499983 0.075225830078125014 0.088317871093750014
decision_type=2 2 2 2 2 2 2 2 2 2 2 2 2 2 2 2 2 2 2 2 2 2 2 2 2 2 2 2 2 2
left_child=9 2 3 4 -2 6 28 -8 -4 14 13 -12 -13 -11 21 16 20 26 -19 -18 -16 23 27 25 -25 -1 -17 -23 -3 -30
right_child=1 5 8 -5 -6 -7 7 -9 -10 10 11 12 -14 -15 15 17 19 18 -20 -21 -22 22 -24 24 -26 -27 -28 -29 29 -31
leaf_value=0.00050273112631800561 -0.0036868802738897061 -0.0025085167909459543 0.0033345505393267984 0.0048030783205810961 0.0020958051695356261 -0.0034175013177238428 0.00089275523507433463 0.0068603725712064294 0.0093765865087509156 -0.0037091276530602305 -0.0008114658678840676 0.0068628325811427703 -0.00067421995843005233 -0.00019487204989538645 0.00037184615206310918 0.00041411728412032322 -0.00067841012910570351 -2.9963840834359816e-06 0.0072507339976018029 0.0030458203840331545 0.0031294272200030433 -0.0007748403174723744 0.002991302445962441 0.00051723340437192784 -0.0027882691625884868 -0.00023509301513492599 -0.00047061505609960675 -0.003878543711855662 0.0044357354525465815 -0.002544375556984107
leaf_weight=76109 2609 3416 1810 1854 2306 2769 1898 1755 1505 6269 19513 1585 1632 3465 35784 305731 121648 1567 1974 3125 5568 5621 1741 110780 4627 784557 41803 6278 2034 1897
leaf_count=76109 2609 3416 1810 1854 2306 2769 1898 1755 1505 6269 19513 1585 1632 3465 35784 305731 121648 1567 1974 3125 5568 5621 1741 110780 4627 784557 41803 6278 2034 1897
internal_value=-3.29607e-05 0.00102864 0.00243315 0.000616144 -0.000976285 -2.01438e-06 0.000862399 0.0037815 0.0061174 -4.94237e-05 -0.000922151 -0.000261509 0.00305871 -0.00246113 -3.06102e-05 0.000153178 -0.00025376 0.00034574 0.00405875 -0.000584662 0.000744485 -0.000126654 -0.00172257 -0.000104318 0.000384246 -0.000169837 0.000307677 -0.00241614 -0.000595335 0.00107148
internal_weight=1.56323e+06 23853 10084 6769 4915 13769 11000 3653 3315 1.53938e+06 32464 22730 3217 9734 1.50691e+06 517200 166125 351075 3541 124773 41352 989713 13640 976073 115407 860666 347534 11899 7347 3931
internal_count=1563230 23853 10084 6769 4915 13769 11000 3653 3315 1539377 32464 22730 3217 9734 1506913 517200 166125 351075 3541 124773 41352 989713 13640 976073 115407 860666 347534 11899 7347 3931
is_linear=0
shrinkage=0.01


Tree=221
num_leaves=23
num_cat=0
split_feature=57 0 70 23 70 48 57 31 2 8 83 82 28 8 83 18 77 35 10 73 76 8
split_gain=295.854 258.418 285.836 407.915 251.091 378.533 209.638 199.899 420.903 429.256 663.14 330.325 342.82 319.667 268.514 236.783 270.391 181.927 165.082 118.394 115.538 103.089
threshold=0.016899108886718753 0.17187500000000003 0.67931902408599865 0.71582031250000011 0.70178520679473888 9.3437500000000018 0.021980285644531253 0.064849853515625014 0.028030395507812503 -0.28674316406249994 -1.6037604808807371 -0.15896594524383542 -1.3256835937499998 0.49438476562500006 -2.022138118743896 2.1337890625000004 0.017301771789789203 0.35937500000000006 0.42187500000000006 -0.00566999427974224 0.030420958995819095 -0.087158203124999986
decision_type=2 2 2 2 2 2 2 2 2 2 2 2 2 2 2 2 2 2 2 2 2 2
left_child=17 2 6 4 5 -4 21 8 11 18 -11 13 -13 -3 -9 16 -16 -1 -10 -6 -19 -2
right_child=1 7 3 -5 19 -7 -8 14 9 10 -12 12 -14 -15 15 -17 -18 20 -20 -21 -22 -23
leaf_value=0.00045638608507695869 -0.00031200391065909781 0.0041010819528302985 0.006847916564591292 0.0065137034519077075 -0.0026210947946551711 0.0010275681969792393 0.0019125020970042351 0.0037884755224952995 -0.0023904888458906241 0.0053864611443152476 -0.001283159110056703 -0.0024630116524964421 0.00028700125057557179 -0.00065831025432084786 -7.1856347750960499e-05 0.0027163273135636453 -0.0013049626802523614 -0.0018095984157557319 -0.0060411172217660408 0.0010119313977691284 -0.0051424641661658626 -0.0038879877883730312
leaf_weight=1776 1501 4281 1519 1783 1741 4113 1924 1774 4790 1814 7945 4587 283239 2093 1208964 2994 18028 2298 1679 1812 1934 1731
leaf_count=1776 1501 4281 1519 1783 1741 4113 1924 1774 4790 1814 7945 4587 283239 2093 1208964 2994 18028 2298 1679 1812 1934 1731
internal_value=-1.57054e-05 -7.15206e-06 0.00125147 0.00216311 0.00130625 0.00261604 -0.000688663 -2.03273e-05 0.000206452 -0.0013604 -3.49312e-05 0.000292966 0.000243007 0.00254109 -7.74827e-05 -8.312e-05 -8.99952e-05 -0.00222683 -0.00335369 -0.000772989 -0.00334972 -0.00223937
internal_weight=1.56432e+06 1.55831e+06 16124 10968 9185 5632 5156 1.54219e+06 310428 16228 9759 294200 287826 6374 1.23176e+06 1.22999e+06 1.22699e+06 6008 6469 3553 4232 3232
internal_count=1564320 1558312 16124 10968 9185 5632 5156 1542188 310428 16228 9759 294200 287826 6374 1231760 1229986 1226992 6008 6469 3553 4232 3232
is_linear=0
shrinkage=0.01


Tree=222
num_leaves=31
num_cat=0
split_feature=57 62 72 47 7 33 57 0 13 72 1 41 41 8 35 37 16 54 56 11 8 68 38 20 57 73 1 41 33 82
split_gain=209.32 245.572 440.986 392.157 381.308 426.402 765.613 722.709 525.513 361.719 352.865 459.186 497.205 351.946 347.962 347.271 333.834 302.036 468.431 387.75 300.033 258.44 242.621 348.246 232.15 414.785 359.705 220.473 179.106 192.4
threshold=0.016899108886718753 -0.0082511901855468733 -0.056053400039672845 0.30944824218750006 0.0052108764648437509 0.77929687500000011 0.022850036621093753 0.51562500000000011 1.3178710937500002 -0.16906711459159848 0.085296630859375014 0.089019775390625014 0.086151123046875014 0.23748779296875003 0.20312500000000003 0.013374328613281252 0.051330566406250007 -0.091400146484374986 0.040847778320312507 0.10067749023437501 -0.46667480468749994 0.020694732666015628 -1.5195312499999998 0.32812500000000006 0.024559020996093753 -0.0076384842395782462 0.11734008789062501 0.057189941406250007 1.3139648437500002 -0.16668713092803952
decision_type=2 2 2 2 2 2 2 2 2 2 2 2 2 2 2 2 2 2 2 2 2 2 2 2 2 2 2 2 2 2
left_child=28 4 10 15 5 9 8 -8 -7 -2 17 12 -12 -11 22 16 -4 18 -3 -19 -17 -13 23 -6 26 -26 -16 -24 29 -1
right_child=1 2 3 -5 14 6 7 -9 -10 13 11 21 -14 -15 24 20 -18 19 -20 -21 -22 -23 27 -25 25 -27 -28 -29 -30 -31
leaf_value=-0.0024311847278946325 -0.0025868593883223651 -0.00016303176817671644 0.0049823789569074205 -0.0038389316747858351 0.0025506134444736005 -1.5420188464621203e-05 0.0013901757030640467 0.0090833026033708426 0.0045420120480609647 -0.00030568702506070754 0.0016319253913215971 -0.0024606329884556393 0.0071430231252434112 -0.0015739119453175745 0.00019705333384851316 -0.0038528550494705432 0.001180241408419911 -0.0017059276986936605 0.0007854526855906144 0.002005371718496319 0.001239469607983553 0.00094931300777599678 0.0010837125899361784 -0.0020941049195011903 -0.0015781465257694669 0.00038469589970558093 0.0050375035832564141 -0.0030860478400477976 -0.0045789703332080054 0.0019715931780330768
leaf_weight=2640 7360 255410 2409 1621 3065 92853 3710 1807 2581 529368 11480 3826 1894 22807 413136 2477 47911 19300 65382 3278 2142 5248 1505 3366 20649 22457 1521 7746 1762 1565
leaf_count=2640 7360 255410 2409 1621 3065 92853 3710 1807 2581 529368 11480 3826 1894 22807 413136 2477 47911 19300 65382 3278 2142 5248 1505 3366 20649 22457 1521 7746 1762 1565
internal_value=-5.48718e-05 -4.76919e-05 0.000158122 0.000979707 -0.000124357 -0.000279609 0.000318529 0.00393364 0.000108761 -0.000387533 3.10477e-05 0.00124516 0.0024219 -0.000358125 9.2233e-05 0.00112323 0.00136417 -4.83935e-05 3.03199e-05 -0.0011658 -0.00149619 -0.000490721 -0.00137152 0.000120602 0.000142436 -0.000555857 0.000215051 -0.00240682 -0.00192111 -0.000791
internal_weight=1.56228e+06 1.55631e+06 422378 56560 1.13393e+06 660486 100951 5517 95434 559535 365818 22448 13374 552175 473445 54939 50320 343370 320792 22578 4619 9074 15682 6431 457763 43106 414657 9251 5967 4205
internal_count=1562276 1556309 422378 56560 1133931 660486 100951 5517 95434 559535 365818 22448 13374 552175 473445 54939 50320 343370 320792 22578 4619 9074 15682 6431 457763 43106 414657 9251 5967 4205
is_linear=0
shrinkage=0.01


Tree=223
num_leaves=31
num_cat=0
split_feature=6 13 21 15 33 72 48 58 72 74 13 77 3 18 73 62 73 12 36 40 75 73 70 79 17 36 59 43 32 6
split_gain=357.293 401.415 495.954 431.659 353.743 351.369 332.479 309.882 714.188 444.288 539.861 572.973 482.543 292.284 269.728 553.307 437.518 358.227 354.876 344.536 459.578 447.664 313.083 328.679 323.109 297.564 276.564 268.333 342.034 290.507
threshold=0.10183715820312501 -0.76318359374999989 0.066070556640625014 0.51562500000000011 -0.61499023437499989 -0.16446232795715329 12.949218750000002 0.068572998046875014 -0.019091099500656124 -0.097304821014404283 -0.46667480468749994 0.014969220384955408 0.99633789062500011 0.20605468750000003 -0.0044066011905670157 -0.0085639953613281233 -0.0076384842395782462 -0.013134002685546873 0.066772460937500014 0.35937500000000006 -0.01131172478199005 -0.004810936748981475 0.67552414536476146 0.0092453993856906908 -0.037841796874999993 0.041397094726562507 0.026725769042968753 -0.63378906249999989 -0.017990112304687497 0.11270141601562501
decision_type=2 2 2 2 2 2 2 2 2 2 2 2 2 2 2 2 2 2 2 2 2 2 2 2 2 2 2 2 2 2
left_child=7 2 13 4 -3 -6 -7 14 9 -9 11 -11 -12 -2 16 25 22 -17 -19 20 -18 -21 23 -1 -24 -16 -27 -4 -29 -30
right_child=1 3 27 -5 5 6 -8 8 -10 10 12 -13 -14 -15 15 17 19 18 -20 21 -22 -23 24 -25 -26 26 -28 28 29 -31
leaf_value=0.00030148797241490025 -0.0029841421973059688 -0.00075547136665027705 0.0057423076338164267 -0.0022142742997322629 -0.0013906325695575098 0.0016400225972560685 -0.00292605768469844 -0.0011497717929173665 0.00017179980148505184 0.0026143775979933209 0.004614331671099382 0.010963651806758607 -0.0016227380814115627 0.0022606845380075827 -0.0055228465873858237 -0.0018981014505196725 -0.0019041955126754724 -0.00069297619530076285 0.0018911328095483513 0.0013811882287254648 0.00066825445262208225 0.0067803196282947764 -0.0023778570939371555 0.0049362865294442929 -0.00014244633475217326 -0.0052910230934899742 -0.0011480197893850314 -0.0018815390516570259 0.0019291158524279836 0.0063280962940802654
leaf_weight=132948 2602 14948 2847 6270 5110 32519 1659 2055 59847 1536 2881 1789 2153 1768 1806 5834 8065 8711 13576 16137 49243 1680 6483 1528 1138903 1684 30339 1649 5594 2048
leaf_count=132948 2602 14948 2847 6270 5110 32519 1659 2055 59847 1536 2881 1789 2153 1768 1806 5834 8065 8711 13576 16137 49243 1680 6483 1528 1138903 1684 30339 1649 5594 2048
internal_value=-2.09721e-05 0.000643084 0.00202427 0.000265708 0.000553119 0.00105113 0.0014168 -5.53682e-05 0.000592771 0.00300704 0.00402926 0.00714536 0.00195092 -0.000861576 -8.75151e-05 -0.000732667 -5.80084e-05 0.000303826 0.000881403 0.000683574 0.000305694 0.00189731 -0.000101548 0.000354878 -0.00015514 -0.00159394 -0.00136906 0.00306296 0.00223137 0.00312145
internal_weight=1.56421e+06 77014 16508 60506 54236 39288 34178 1.4872e+06 70261 10414 8359 3325 5034 4370 1.41694e+06 61950 1.35499e+06 28121 22287 75125 57308 17817 1.27986e+06 134476 1.14539e+06 33829 32023 12138 9291 7642
internal_count=1564212 77014 16508 60506 54236 39288 34178 1487198 70261 10414 8359 3325 5034 4370 1416937 61950 1354987 28121 22287 75125 57308 17817 1279862 134476 1145386 33829 32023 12138 9291 7642
is_linear=0
shrinkage=0.01


Tree=224
num_leaves=31
num_cat=0
split_feature=43 16 33 13 32 23 2 10 50 62 5 55 21 16 58 20 48 48 51 74 1 64 33 74 21 16 0 36 25 13
split_gain=309.81 367.047 303.912 285.558 293.653 377.805 297.566 290.911 391.443 350.307 267.065 618.195 376.146 320.82 287.336 304.07 262.15 443.528 254.015 366.159 439.139 564.659 421.965 334.644 256.615 238.259 227.86 395.205 265.517 330.423
threshold=0.91870117187500011 0.11386108398437501 1.2304687500000002 0.14160156250000003 0.0040378570556640634 1.2255859375000002 -0.0017566680908203123 0.39062500000000006 0.035049438476562507 -0.0089988708496093733 0.73437500000000011 -0.099822998046874986 0.077423095703125014 0.084991455078125014 0.064910888671875014 0.51562500000000011 10.886718750000002 8.7382812500000018 0.014430999755859377 -0.22394791245460507 0.076141357421875014 0.035537719726562507 0.56884765625000011 -0.22026482224464414 0.035140991210937507 0.088836669921875014 0.51562500000000011 0.087249755859375014 0.32812500000000006 -0.19708251953124997
decision_type=2 2 2 2 2 2 2 2 2 2 2 2 2 2 2 2 2 2 2 2 2 2 2 2 2 2 2 2 2 2
left_child=10 2 3 4 5 -2 -6 8 -5 -9 18 13 -13 14 15 -12 17 -4 26 20 22 -22 -20 -21 -25 -15 28 -28 29 -1
right_child=1 -3 16 7 6 -7 -8 9 -10 -11 11 12 -14 25 -16 -17 -18 -19 19 23 21 -23 -24 24 -26 -27 27 -29 -30 -31
leaf_value=0.00029597875286710619 -0.00083048082532314325 -0.0050106367276339103 -0.0051802066236088518 -0.0008102134209435894 -0.00075459051582074969 -0.0043296963395378588 0.0011611627214574097 -0.0021574152834297447 0.0031045002395712618 0.00028383521298431879 0.0015526177118601206 0.0057711821884024895 -0.00022799908257777393 0.0038804291309974077 -0.0053294864179412949 -0.0022756856709837047 -0.005496341006988063 0.0015450228197574614 -0.0024995712340638563 -0.0031043047757291081 0.0051382357323269037 -0.001331242871271506 0.0026619517680873039 0.0025950495719849792 5.2614572502950735e-05 -0.0014646056608243192 0.0052091444920649562 -0.00053983163089475642 -0.0023404369227114277 -0.0020175409692087527
leaf_weight=18617 63825 1714 1595 3950 16992 3224 15471 6911 7173 38668 2442 1911 2275 1639 2491 13327 2023 2480 3507 3330 5141 1817 2855 3962 1309584 1661 1675 4049 10435 9213
leaf_count=18617 63825 1714 1595 3950 16992 3224 15471 6911 7173 38668 2442 1911 2275 1639 2491 13327 2023 2480 3507 3330 5141 1817 2855 3962 1309584 1661 1675 4049 10435 9213
internal_value=-2.28472e-05 -0.000434 -0.00038506 -0.000299391 -0.000622082 -0.000999979 0.000158559 0.000266953 0.00171535 -8.71078e-05 2.53319e-05 -0.000983344 0.00252518 -0.00166625 -0.00218454 -0.00168162 -0.00257151 -0.00109975 4.42439e-05 6.89725e-05 0.0017174 0.00344983 -0.000182212 5.22732e-05 6.03226e-05 0.00119748 -0.000703223 0.00115476 -0.000981613 -0.000470801
internal_weight=1.56396e+06 164026 162312 156214 99512 67049 32463 56702 11123 45579 1.39993e+06 25746 4186 21560 18260 15769 6098 4075 1.37418e+06 1.3302e+06 13320 6958 6362 1.31688e+06 1.31355e+06 3300 43989 5724 38265 27830
internal_count=1563957 164026 162312 156214 99512 67049 32463 56702 11123 45579 1399931 25746 4186 21560 18260 15769 6098 4075 1374185 1330196 13320 6958 6362 1316876 1313546 3300 43989 5724 38265 27830
is_linear=0
shrinkage=0.01


Tree=225
num_leaves=27
num_cat=0
split_feature=36 23 7 58 5 55 51 10 75 71 3 58 61 59 74 12 59 52 21 51 77 1 70 72 33 73
split_gain=288.323 411.95 317.196 296.988 270.213 266.289 330.203 567.334 444.001 405.192 372.503 313.401 222.181 321.232 328.401 218.279 804.212 652.443 497.679 315.791 212.821 206.364 204.152 181.821 177.418 90.1086
threshold=0.11871337890625001 -0.49389648437499994 0.0057373046875000009 0.059219360351562507 0.76562500000000011 -0.18853759765624997 0.016349792480468753 0.17187500000000003 -0.0073484424501657477 0.30402284860610967 0.47229003906250006 0.057296752929687507 -0.0063991546630859366 0.052749633789062507 -0.073112919926643358 0.012790679931640627 0.0068264007568359384 0.051986694335937507 0.080718994140625014 0.015892028808593753 0.01557419076561928 0.057434082031250007 0.72263580560684215 -0.10519480705261229 -0.17193603515624997 -0.07361371815204619
decision_type=2 2 2 2 2 2 2 2 2 2 2 2 2 2 2 2 2 2 2 2 2 2 2 2 2 2
left_child=4 22 3 -3 5 15 8 9 10 -8 -7 -9 -6 25 -15 19 18 -18 -17 21 -10 -1 -2 -21 -16 -14
right_child=1 2 -4 -5 12 6 7 11 20 -11 -12 -13 13 14 24 16 17 -19 -20 23 -22 -23 -24 -25 -26 -27
leaf_value=0.00049170492869904478 0.0012811910751653202 0.0042106449342837601 0.0071936023890069034 -0.0010007760929308959 -0.0043885321686797799 0.00080172621376101692 0.0052618277894223688 0.0031021281112157384 -0.0048144686810397434 -0.00014046609324227174 -0.00019321274089397069 -8.7347028966004751e-06 -0.0015337065732147371 0.0044275346909250527 0.0010867994588600637 -0.00094866040239062032 0.0071982485090365299 0.00094324812346736734 0.0023630113359470557 -0.0044567274320024631 -0.00089351623295842362 -0.00029817106114308058 -0.0035112964543233434 -0.0011298516363837236 -0.0028975559363413651 -0.0047639428703963793
leaf_weight=36639 1897 2513 1564 1913 2153 148465 3507 3230 1986 2288 50395 912403 1669 1590 2295 20310 2922 3866 5822 2578 4507 338590 1640 4522 2144 1833
leaf_count=36639 1897 2513 1564 1913 2153 148465 3507 3230 1986 2288 50395 912403 1669 1590 2295 20310 2922 3866 5822 2578 4507 338590 1640 4522 2144 1833
internal_value=2.22819e-05 0.00175479 0.00334871 0.0019638 1.16361e-05 2.31248e-05 0.000102899 2.20809e-05 0.000465498 0.00313573 0.000549595 2.30674e-06 -0.00150208 -0.000842221 0.000557772 -0.000193339 0.00058777 0.00364905 -0.000209604 -0.000260622 -0.00210391 -0.000221022 -0.000948189 -0.00234696 -0.000841976 -0.00324191
internal_weight=1.56324e+06 9527 5990 4426 1.55371e+06 1.54203e+06 1.12678e+06 921428 205353 5795 198860 915633 11684 9531 6029 415249 32920 6788 26132 382329 6493 375229 3537 7100 4439 3502
internal_count=1563241 9527 5990 4426 1553714 1542030 1126781 921428 205353 5795 198860 915633 11684 9531 6029 415249 32920 6788 26132 382329 6493 375229 3537 7100 4439 3502
is_linear=0
shrinkage=0.01


Tree=226
num_leaves=24
num_cat=0
split_feature=62 41 28 72 66 36 33 36 38 76 31 3 18 22 77 38 38 22 33 15 26 73 73
split_gain=253.081 568.485 341.154 510.187 453.719 245.201 237.08 524.087 535.174 390.522 386.895 331.932 319.606 456.79 1146.47 366.06 433.788 346.532 302.134 300.315 208.986 183.521 119.71
threshold=-0.010707855224609373 0.046463012695312507 0.57543945312500011 -0.052321001887321465 -0.10885620117187499 0.034210205078125007 -0.080566406249999986 0.048431396484375007 -1.2578124999999998 0.035604909062385566 0.075592041015625014 1.1938476562500002 -0.045043945312499993 0.022613525390625003 0.017629005014896396 -0.50036621093749989 0.62695312500000011 -0.014305114746093748 1.2846679687500002 0.60937500000000011 0.089202880859375014 -0.0033266306854784484 -0.0052381865680217734
decision_type=2 2 2 2 2 2 2 2 2 2 2 2 2 2 2 2 2 2 2 2 2 2 2
left_child=1 -1 3 4 -3 20 12 8 18 10 -9 -11 13 19 -15 17 -17 -14 -8 -7 22 -4 -2
right_child=5 2 21 -5 -6 6 7 9 -10 11 -12 -13 15 14 -16 16 -18 -19 -20 -21 -22 -23 -24
leaf_value=0.0065196487854807111 -0.0013536284751379229 0.0031159557876810589 0.00014298730566628538 0.0056515204624125841 -0.0029508280602727039 -0.00018023258992853547 0.0013671724549029973 -0.0022079257801791204 0.0069720347310299313 -0.001506401088722763 -9.9739994511745689e-05 0.0029818556757317378 -0.0017855687207592561 0.00058247097050223736 0.0088040674584718825 0.00071582664828334685 -0.0001567001602059947 9.0384934083807749e-06 -0.0020741907070844601 -0.0026006160734713762 0.00083680433374650712 -0.0045417756188276598 -0.0050410192536653612
leaf_weight=1837 1542 2325 1727 2260 2579 286291 20031 8784 1547 29770 775747 1726 12410 23902 1806 218810 77031 80075 2905 5200 1594 1599 2094
leaf_count=1837 1542 2325 1727 2260 2579 286291 20031 8784 1547 29770 775747 1726 12410 23902 1806 218810 77031 80075 2905 5200 1594 1599 2094
internal_value=-6.5062e-06 0.00141952 0.000515685 0.0017432 -7.35755e-05 -1.78562e-05 -1.05297e-05 -0.000123983 0.00131704 -0.000167249 -0.0001234 -0.00125871 0.00012463 -0.000110862 0.00116644 0.000316985 0.000488643 -0.000232103 0.000929873 -0.000223586 -0.00217533 -0.00212293 -0.00349318
internal_weight=1.56359e+06 12327 10490 7164 4904 1.55126e+06 1.54604e+06 840510 24483 816027 784531 31496 705525 317199 25708 388326 295841 92485 22936 291491 5230 3326 3636
internal_count=1563592 12327 10490 7164 4904 1551265 1546035 840510 24483 816027 784531 31496 705525 317199 25708 388326 295841 92485 22936 291491 5230 3326 3636
is_linear=0
shrinkage=0.01


Tree=227
num_leaves=31
num_cat=0
split_feature=45 38 41 33 31 45 33 18 62 74 62 3 23 57 3 33 31 50 6 80 6 45 6 3 16 18 42 76 74 74
split_gain=268.435 266.851 444.039 383.075 360.709 385.057 302.31 427.663 450.69 375.025 368.182 744.28 424.35 303.095 333.603 321.114 279.953 276.289 274.468 306.021 276.294 263.168 221.258 214.827 200.342 250.658 496.408 384.855 379.01 406.83
threshold=2.7031250000000004 -0.95361328124999989 0.046463012695312507 1.0058593750000002 0.095306396484375014 1.3906250000000002 -0.080566406249999986 -0.57666015624999989 -0.0074672698974609366 -0.066734209656715379 -0.0082130432128906233 -0.36511230468749994 -1.1801757812499998 0.023963928222656253 0.64916992187500011 0.76977539062500011 0.060470581054687507 0.033950805664062507 0.061874389648437507 0.0035654567182064061 0.063873291015625014 1.1718750000000002 0.073211669921875014 -0.29748535156249994 0.063629150390625014 -0.26745605468749994 -0.011661529541015623 0.017747081816196445 -0.05536971986293792 -0.066219627857208238
decision_type=2 2 2 2 2 2 2 2 2 2 2 2 2 2 2 2 2 2 2 2 2 2 2 2 2 2 2 2 2 2
left_child=1 2 -1 4 5 -4 7 8 21 13 12 -12 -9 15 -15 -8 -10 -5 19 -11 -20 -3 -19 -6 -2 27 -27 -26 29 -28
right_child=24 6 3 17 23 -7 9 10 16 18 11 -13 -14 14 -16 -17 -18 22 20 -21 -22 -23 -24 -25 25 26 28 -29 -30 -31
leaf_value=0.0043028563836991704 -0.0033191654071980281 0.001494336650494991 -0.00060860702304884131 0.0021250372811235495 0.00027015900681454845 0.00073427600452156787 -0.00023555531733654504 -0.0014506182873358833 -0.0046309708422246363 -0.0040344936990594563 0.00018162469961428702 0.0017830067211986429 0.00019331132038502845 0.0059631661521667061 0.00068429108281433239 0.00024574131449571431 -0.0011866263571196486 -0.0029862443156856017 0.0027598344437315325 -0.00037928202794669264 -0.0007556600385997792 -0.0003234136864277677 -0.00051201592464504358 0.0048953177690988286 -0.0028157850021614896 0.0022738142660810481 -0.0028096707983233595 0.0025351704648135104 -0.0060598053257180078 0.0025296302610648149
leaf_weight=2888 3354 8575 27263 2354 1522 98257 485239 16377 3535 5302 82747 44687 370562 1649 4257 194040 7081 6212 2315 4029 52839 108614 8629 2946 1898 2715 5527 4479 2320 1904
leaf_count=2888 3354 8575 27263 2354 1522 98257 485239 16377 3535 5302 82747 44687 370562 1649 4257 194040 7081 6212 2315 4029 52839 108614 8629 2946 1898 2715 5527 4479 2320 1904
internal_value=1.68231e-05 3.25478e-05 0.000433156 0.000356651 0.000542228 0.000442551 -1.06518e-05 0.00014858 -0.000369092 -0.000147053 0.000277215 0.000743369 0.000123661 -7.84255e-05 0.00217334 -9.80669e-05 -0.0023401 -0.00104524 -0.000876002 -0.00246041 -0.000607156 -0.000190172 -0.00155028 0.00332801 -0.00107454 -0.00067191 -0.00149602 0.00093873 -0.00254817 -0.0014385
internal_weight=1.56412e+06 1.54192e+06 150071 147183 129988 125520 1.39185e+06 642178 127805 749670 514373 127434 386939 685185 5906 679279 10616 17195 64485 9331 55154 117189 14841 4468 22197 18843 12466 6377 9751 7431
internal_count=1564116 1541919 150071 147183 129988 125520 1391848 642178 127805 749670 514373 127434 386939 685185 5906 679279 10616 17195 64485 9331 55154 117189 14841 4468 22197 18843 12466 6377 9751 7431
is_linear=0
shrinkage=0.01


Tree=228
num_leaves=31
num_cat=0
split_feature=83 76 28 2 46 41 12 38 73 28 60 83 75 83 75 32 43 26 5 20 80 0 30 61 23 20 62 70 6 12
split_gain=272.934 612.347 563.168 504.012 384.852 433.7 422.314 378.712 436.834 561.917 428.366 715.023 422.884 362.074 492.943 356.887 410.131 268.203 255.068 274.649 421.351 523.887 320.786 327.673 272.437 233.47 391.481 360.464 317.926 180.213
threshold=-0.51827335357666005 0.024599686264991764 -1.6640624999999998 0.022262573242187503 0.29455566406250006 0.051971435546875007 0.0034561157226562504 -1.4086914062499998 -0.043265923857688897 0.54760742187500011 -0.0035676956176757808 -0.96415722370147694 -0.00072934606578201045 -0.39127284288406367 -0.01905010640621185 -0.013053894042968748 0.26721191406250006 0.049087524414062507 0.73437500000000011 0.26562500000000006 0.0042192274704575547 0.32812500000000006 0.14062500000000003 -0.0071086883544921866 -1.3896484374999998 0.57812500000000011 -0.0085563659667968733 0.69857877492904674 0.10537719726562501 -0.010612487792968748
decision_type=2 2 2 2 2 2 2 2 2 2 2 2 2 2 2 2 2 2 2 2 2 2 2 2 2 2 2 2 2 2
left_child=7 -2 -3 13 5 -5 -6 8 -1 10 11 -10 -12 14 -4 -11 -17 -15 19 22 24 -22 -9 -24 -21 26 28 29 -20 -27
right_child=1 2 3 4 6 -7 -8 18 9 15 12 -13 -14 17 -16 16 -18 -19 25 20 21 -23 23 -25 -26 27 -28 -29 -30 -31
leaf_value=-0.003280259063878444 0.005869550565362619 -0.0052927870213780618 -0.00080594610885973154 0.0069311029936737732 -0.002398301378667699 0.0020205456335640102 0.0039156602169847518 0.003496328807089119 0.007396285088016763 0.0027569623150864443 0.00057437553288096333 0.001170694138081998 0.0060882610752126523 0.0028201831113504657 0.001942912996764434 0.00021503507586581564 -0.0046193088187007755 -0.00044012865302434057 0.0018892319553702947 0.0013158914650736942 -0.00058090444419843794 0.0018543764379731426 -0.0035335811901396411 -0.00052834229410352366 -7.9729144384933421e-05 -0.0049094607850870197 -0.0044998650366260161 0.0024835932261618827 -0.003018101587982997 -0.0018418489183628249
leaf_weight=2223 2021 1726 9705 2114 3440 11687 1507 1892 3489 2184 13029 3909 1538 2614 19824 4116 3037 60039 6947 14128 13633 25032 3746 99761 1230947 2270 1530 1726 1610 12121
leaf_count=2223 2021 1726 9705 2114 3440 11687 1507 1892 3489 2184 13029 3909 1538 2614 19824 4116 3037 60039 6947 14128 13633 25032 3746 99761 1230947 2270 1530 1726 1610 12121
internal_value=-2.86175e-05 0.000440963 0.000342552 0.000431173 0.0019249 0.00278167 -0.000466863 -6.57901e-05 0.000984368 0.00128913 0.0021621 0.0041188 0.00116409 0.000127026 0.00103954 -0.000764721 -0.00184467 -0.000303246 -9.06786e-05 -7.22329e-05 -3.1939e-05 0.000995858 -0.000562906 -0.000637766 -6.3872e-05 -0.00106773 0.000125456 -0.00181373 0.000961032 -0.00233187
internal_weight=1.56354e+06 114677 112656 110930 18748 13801 4947 1.44887e+06 33525 31302 21965 7398 14567 92182 29529 9337 7153 62653 1.41534e+06 1.38914e+06 1.28374e+06 38665 105399 103507 1.24508e+06 26204 10087 16117 8557 14391
internal_count=1563545 114677 112656 110930 18748 13801 4947 1448868 33525 31302 21965 7398 14567 92182 29529 9337 7153 62653 1415343 1389139 1283740 38665 105399 103507 1245075 26204 10087 16117 8557 14391
is_linear=0
shrinkage=0.01


Tree=229
num_leaves=23
num_cat=0
split_feature=78 47 12 69 48 2 60 12 12 6 16 0 23 25 42 23 68 83 81 80 76 64
split_gain=232.056 218.848 407.994 207.781 265.879 217.505 398.986 530.734 330.928 234.661 469.387 224.744 206.072 180.079 288.886 150.821 272.445 131.293 218.962 102.557 265.089 127.928
threshold=0.00080372672528028499 0.29772949218750006 -0.020660400390624997 0.36235406994819647 10.777343750000002 0.020805358886718753 -0.0043506622314453116 -0.017623901367187497 0.014694213867187502 0.052062988281250007 0.053375244140625007 0.14062500000000003 -0.21697998046874997 0.32812500000000006 -0.010791778564453123 0.14160156250000003 0.020328521728515628 -0.081882059574127183 0.0014226529747247698 0.0026866020634770398 0.034722745418548591 0.035232543945312507
decision_type=2 2 2 2 2 2 2 2 2 2 2 2 2 2 2 2 2 2 2 2 2 2
left_child=17 3 12 4 -2 9 7 -7 -8 10 -5 -11 -3 15 -15 16 -4 18 19 20 21 -1
right_child=1 2 13 5 -6 6 8 -9 -10 11 -12 -13 -14 14 -16 -17 -18 -19 -20 -21 -22 -23
leaf_value=-0.0039127309336967489 -0.004064102490474608 -0.00053266301925857266 0.00077386667440586861 -0.0030974258948491293 0.00029229036332536237 0.0079681799777277483 8.4589708453832626e-05 0.0012054002876252694 0.0016041179245535699 0.0021612928410902378 0.00081515744438089011 -3.5078187234275568e-05 0.0044804231251328501 -0.0032509931032608259 0.0027536147539608015 -0.005849073656813265 -0.0040758107303285702 -0.0034664490498994525 0.0021610792473858434 -0.0036149078655040336 0.0025131433684050493 -0.00062725114113080984
leaf_weight=2183 2793 1771 1794 3219 2786 1539 96824 4577 16803 4655 57632 1347138 1501 1622 1545 1634 3221 2355 1934 1863 1625 2585
leaf_count=2183 2793 1771 1794 3219 2786 1539 96824 4577 16803 4655 57632 1347138 1501 1622 1545 1634 3221 2355 1934 1863 1625 2585
internal_value=5.5997e-06 1.65642e-05 -0.00127009 2.75299e-05 -0.00189537 3.45553e-05 0.000443724 0.00292758 0.000309538 -1.33735e-07 0.000607233 -2.7483e-05 0.00178029 -0.00228843 -0.000322787 -0.00322091 -0.00234477 -0.00134792 -0.000852472 -0.00156192 -0.000954251 -0.00214155
internal_weight=1.5636e+06 1.55105e+06 13088 1.53797e+06 5579 1.53239e+06 119743 6116 113627 1.41264e+06 60851 1.35179e+06 3272 9816 3167 6649 5015 12545 10190 8256 6393 4768
internal_count=1563599 1551054 13088 1537966 5579 1532387 119743 6116 113627 1412644 60851 1351793 3272 9816 3167 6649 5015 12545 10190 8256 6393 4768
is_linear=0
shrinkage=0.01


Tree=230
num_leaves=31
num_cat=0
split_feature=57 80 20 57 8 72 15 7 7 38 45 83 41 6 43 20 33 33 33 22 57 48 61 48 61 16 13 20 17 18
split_gain=285.087 363.166 306.201 502.662 484.485 615.698 559.063 532.862 381.516 333.735 572.931 512.509 434.966 338.31 305.498 281.654 269.619 569.262 358.475 261.8 529.805 350.756 258.162 672.04 536.22 305.438 256.432 212.568 211.749 196.472
threshold=0.022407531738281253 0.0049386573955416688 0.54687500000000011 0.022499084472656253 -0.89965820312499989 -0.058042198419570916 0.51562500000000011 -0.0086975097656249983 -0.0032148361206054683 -0.27282714843749994 1.6406250000000002 -1.3550148010253904 0.080718994140625014 0.058517456054687507 -1.7407226562499998 0.79687500000000011 -0.47033691406249994 -0.36511230468749994 -0.89965820312499989 -0.0040264129638671866 0.022651672363281253 14.808593750000002 -0.0040760040283203116 11.902343750000002 -0.0042934417724609366 0.083160400390625014 -1.1083984374999998 0.26562500000000006 -0.0040264129638671866 0.26416015625000006
decision_type=2 2 2 2 2 2 2 2 2 2 2 2 2 2 2 2 2 2 2 2 2 2 2 2 2 2 2 2 2 2
left_child=1 14 3 4 -2 7 -7 -6 9 10 -4 -12 13 -11 -1 16 18 -18 -16 20 -10 -22 24 29 27 -26 -21 -5 -28 -24
right_child=2 -3 8 22 5 6 -8 -9 19 12 11 -13 -14 -15 15 -17 17 -19 -20 26 21 -23 23 -25 25 -27 28 -29 -30 -31
leaf_value=0.0033149214598396722 -0.0031758458691645499 -0.0030624360248908151 0.0072491663690473218 -0.00045378443627504798 0.0058959048980553866 0.002581194544312966 0.0090280094130811995 0.00036173480612741824 0.0058049137959913337 -0.0033825344597471175 0.0019614523231398992 -0.00093156703934073456 -0.003796623040798028 0.00067749050650791687 -0.00043177103529214714 0.0037069676308556132 -0.0013560664309242557 -0.00010951323577328614 0.00061746379376109196 -0.0029938800791180675 0.0011437669452223533 -0.0043421704379336583 0.002486736243602699 0.0079527558781077572 -0.0062086325757940057 -0.00059534571184459168 0.0001304236671157894 0.00034557334273232864 -0.00080775240244968015 -0.0024652032055041814
leaf_weight=2624 1769 4079 1505 36977 2007 3598 2152 12304 1929 2300 17427 9420 3113 17776 47249 1931 38386 794390 104654 4265 4945 1503 1534 1539 1968 1901 35816 330171 73228 1634
leaf_count=2624 1769 4079 1505 36977 2007 3598 2152 12304 1929 2300 17427 9420 3113 17776 47249 1931 38386 794390 104654 4265 4945 1503 1534 1539 1968 1901 35816 330171 73228 1634
internal_value=1.03145e-05 -9.2026e-05 0.000188412 0.000341296 0.00181579 0.00225868 0.00501691 0.001145 -0.000162456 0.000558499 0.00128586 0.00094642 -0.000331151 0.000209452 -7.97162e-05 -8.88116e-05 -9.63304e-05 -0.000167003 0.000291088 -0.000467863 0.00123609 -0.000144453 0.000255534 0.00257781 0.000225935 -0.00346784 -0.000594033 0.000265046 -0.000499637 -6.68312e-05
internal_weight=1.56409e+06 993313 570781 397554 21830 20061 5750 14311 173227 51541 28352 26847 23189 20076 989234 986610 984679 832776 151903 121686 8377 6448 375724 4707 371017 3869 113309 367148 109044 3168
internal_count=1564094 993313 570781 397554 21830 20061 5750 14311 173227 51541 28352 26847 23189 20076 989234 986610 984679 832776 151903 121686 8377 6448 375724 4707 371017 3869 113309 367148 109044 3168
is_linear=0
shrinkage=0.01


Tree=231
num_leaves=31
num_cat=0
split_feature=62 7 28 60 32 60 33 28 68 30 5 1 57 46 41 41 64 41 1 38 0 62 61 48 83 76 33 31 38 77
split_gain=216.597 446.626 416.997 350.112 458.077 427.881 306.941 300.129 265.042 217.127 513.961 463.549 362.02 304.526 506.493 502.904 246.504 238.535 209.244 388.581 405.148 348.669 483.594 433.139 341.589 315.318 285.84 361.35 261.926 228.364
threshold=-0.010204315185546873 0.032577514648437507 -1.2001953124999998 -0.0025358200073242183 -0.018653869628906247 -0.0051326751708984366 -1.2934570312499998 0.55102539062500011 0.018589019775390628 0.73437500000000011 0.54687500000000011 0.070709228515625014 0.021980285644531253 0.31457519531250006 0.079925537109375014 0.071289062500000014 0.036392211914062507 0.079315185546875014 0.082611083984375014 0.17346191406250003 0.32812500000000006 -0.0082283020019531233 -0.0046863555908203116 14.082031250000002 -0.75230491161346424 0.038625255227088935 1.0981445312500002 0.10147094726562501 -1.5947265624999998 0.01333737373352051
decision_type=2 2 2 2 2 2 2 2 2 2 2 2 2 2 2 2 2 2 2 2 2 2 2 2 2 2 2 2 2 2
left_child=1 2 -1 4 6 -6 -4 8 -3 18 13 17 16 14 15 -11 -13 -12 26 20 24 23 -23 -21 -20 -22 27 -2 -28 -30
right_child=9 7 3 -5 5 -7 -8 -9 -10 10 11 12 -14 -15 -16 -17 -18 -19 19 21 25 22 -24 -25 -26 -27 28 -29 29 -31
leaf_value=-0.003616052538833835 7.4229998286749283e-05 -0.0038645717155720506 0.0017741773507119812 0.0057143392828150749 -0.0033867731660417039 0.0019601540208439407 -0.0033268558734369071 -0.0052327257723643866 0.0010537545169634819 0.002842843831365645 -0.0037395538710689792 0.0022243243637239717 0.0043846629774628746 1.931042419945408e-05 0.00040558447970001936 0.010964505202248787 -0.00094199140915279193 0.000326858822972977 0.00015039899882485897 -0.00059795372307536729 2.6121646460175585e-05 0.0015564228835367514 -0.0022624644865496869 -0.0028704382689949998 -0.0037422898219164357 0.0023576346180728962 -0.0046462511398117617 0.0040155369074021561 -0.00094820644998988698 0.00029956540040873119
leaf_weight=1740 937420 1548 1781 1746 1570 26032 3415 1720 3619 1508 3870 3924 2639 2134 1856 1562 6510 2288 3968 158229 287647 14871 4247 8839 5195 5900 1542 2312 40888 22854
leaf_count=1740 937420 1548 1781 1746 1570 26032 3415 1720 3619 1508 3870 3924 2639 2134 1856 1562 6510 2288 3968 158229 287647 14871 4247 8839 5195 5900 1542 2312 40888 22854
internal_value=-7.28857e-06 0.000691019 0.00113419 0.00137542 0.0011411 0.00165379 -0.00157831 -0.00164036 -0.000428964 -2.71281e-05 0.000873401 2.53429e-05 0.00109069 0.00317686 0.00453914 0.00701932 0.000250768 -0.00223251 -4.29877e-05 -0.000212668 8.4408e-06 -0.000572119 0.000706592 -0.000718512 -0.00205992 7.31401e-05 3.95568e-05 8.4012e-05 -0.000600184 -0.000500878
internal_weight=1.56337e+06 43171 36284 34544 32798 27602 5196 6887 5167 1.5202e+06 26291 19231 13073 7060 4926 3070 10434 6158 1.49391e+06 488896 302710 186186 19118 167068 9163 293547 1.00502e+06 939732 65284 63742
internal_count=1563374 43171 36284 34544 32798 27602 5196 6887 5167 1520203 26291 19231 13073 7060 4926 3070 10434 6158 1493912 488896 302710 186186 19118 167068 9163 293547 1005016 939732 65284 63742
is_linear=0
shrinkage=0.01


Tree=232
num_leaves=21
num_cat=0
split_feature=28 57 23 61 72 10 54 83 72 11 7 79 17 6 7 21 62 33 36 6
split_gain=239.691 235.987 228.928 417.13 677.524 520.191 518.603 461.697 552.389 318.686 204.129 351.728 484.677 309.632 235.193 418.153 316.623 198.036 189.621 162.532
threshold=2.1103515625000004 0.016899108886718753 1.5224609375000002 -0.0056667327880859366 -0.074526801705360399 0.35937500000000006 -0.12106323242187499 -1.0097906589508054 -0.090306162834167467 0.081756591796875014 0.025459289550781253 0.00517178699374199 -0.0065269470214843741 0.10470581054687501 0.014694213867187502 0.078765869140625014 -0.010707855224609373 1.3139648437500002 0.096588134765625014 0.071533203125000014
decision_type=2 2 2 2 2 2 2 2 2 2 2 2 2 2 2 2 2 2 2 2
left_child=1 17 10 7 6 -6 -5 9 -9 -4 14 12 -12 -13 16 -16 -3 18 -1 -2
right_child=19 2 3 4 5 -7 -8 8 -10 -11 11 13 -14 -15 15 -17 -18 -19 -20 -21
leaf_value=0.0019645767547119409 -0.00037939891847349943 0.002697514516567212 -0.0034339423355166866 0.0015875858982667395 0.0078996237662536765 0.0021813801299736054 -0.0030520136380232355 -0.0014709873151381259 0.0047689224853447627 0.0012267273998071559 -0.00024103415463446303 0.00094456017758920766 0.0015485800540841893 -0.0028362698586913908 2.1722066718673148e-05 -0.0010185176712491984 7.6431558450130568e-06 -0.0047756907892898773 -0.0024030052837250488 -0.0040900227776992813
leaf_weight=1559 2352 4371 5406 9336 2517 4328 3225 2856 2785 1999 26275 3597 35653 5395 98216 63688 1283445 1755 2668 2359
leaf_count=1559 2352 4371 5406 9336 2517 4328 3225 2856 2785 1999 26275 3597 35653 5395 98216 63688 1283445 1755 2668 2359
internal_value=5.53269e-07 7.37307e-06 1.5021e-05 0.00084584 0.00177472 0.00430094 0.000393424 -0.000536472 0.00161566 -0.00217587 -2.72036e-06 0.00052104 0.000789444 -0.00132511 -2.83494e-05 -0.000387551 1.68146e-05 -0.00197169 -0.00079049 -0.0022469
internal_weight=1.56378e+06 1.55907e+06 1.55309e+06 32452 19406 6845 12561 13046 5641 7405 1.52064e+06 70920 61928 8992 1.44972e+06 161904 1.28782e+06 5982 4227 4711
internal_count=1563785 1559074 1553092 32452 19406 6845 12561 13046 5641 7405 1520640 70920 61928 8992 1449720 161904 1287816 5982 4227 4711
is_linear=0
shrinkage=0.01


Tree=233
num_leaves=19
num_cat=0
split_feature=21 57 41 21 26 52 69 23 42 42 50 60 40 25 60 22 60 13
split_gain=219.658 284.748 337.876 281.254 337.953 439.244 207.987 436.516 668.255 413.795 293.264 294.041 284.552 284.141 329.382 259.573 258.778 112.041
threshold=0.035140991210937507 0.021476745605468753 0.087921142578125014 0.039276123046875007 0.090362548828125014 0.052536010742187507 0.42238306999206549 -1.5673828124999998 0.0012779235839843752 -0.0092353820800781233 0.044418334960937507 -0.0035314559936523433 0.76562500000000011 0.70312500000000011 -0.0038633346557617183 0.0076713562011718759 -0.0027437210083007808 -0.53637695312499989
decision_type=2 2 2 2 2 2 2 2 2 2 2 2 2 2 2 2 2 2
left_child=1 2 -1 4 5 -2 12 8 9 -8 16 -12 13 15 -15 -5 -9 -14
right_child=3 -3 -4 6 -6 -7 7 10 -10 -11 11 -13 17 14 -16 -17 -18 -19
leaf_value=-0.0023618088014433695 -0.0039670562139088759 0.0045856935053925994 0.0033700886842483284 -0.00037656512630952044 -0.006157109700001692 0.0024389585551158385 0.0035321101325725647 8.4105138644228173e-05 0.0069108083508527323 -0.003373990049543937 0.00071143914388863746 0.0060430442716731744 -0.0050298638625049475 0.0033679662885818073 -0.00047196239058489432 0.00058639345908362663 -0.00035446179219857907 -0.0014280318648097084
leaf_weight=2249 2098 2359 1861 245435 1558 2145 1669 1098712 2324 1764 2982 1569 1578 4680 4249 31578 153295 1929
leaf_count=2249 2098 2359 1861 245435 1558 2145 1669 1098712 2324 1764 2982 1569 1578 4680 4249 31578 153295 1929
internal_value=-3.77685e-06 0.00183226 0.000237335 -1.14259e-05 -0.00220543 -0.00073232 -3.19564e-06 5.22431e-05 0.00279478 -1.54834e-05 3.96337e-05 0.00256796 -0.000244956 -0.00021012 0.00154371 -0.000266759 3.04025e-05 -0.00306803
internal_weight=1.56403e+06 6469 4110 1.55756e+06 5801 4243 1.55176e+06 1.26232e+06 5757 3433 1.25656e+06 4551 289449 285942 8929 277013 1.25201e+06 3507
internal_count=1564034 6469 4110 1557565 5801 4243 1551764 1262315 5757 3433 1256558 4551 289449 285942 8929 277013 1252007 3507
is_linear=0
shrinkage=0.01


Tree=234
num_leaves=31
num_cat=0
split_feature=17 83 68 7 76 11 68 68 70 60 62 31 62 41 62 36 81 58 13 12 32 41 78 82 80 61 80 2 41 81
split_gain=274.349 357.061 301.21 293.978 475.824 424.376 436.971 460.054 334.068 317.136 312.425 402.462 385.995 344.54 699.703 372.073 384.465 354.904 312.093 309.71 303.093 675.792 378.149 289.023 283.596 393.518 361.011 484.325 335.925 404.905
threshold=-0.020683288574218747 -0.22821104526519773 0.019214630126953128 0.024803161621093753 0.027294747531414035 0.10067749023437501 0.020038604736328128 0.018405914306640628 0.68302825093269359 -0.0037794113159179683 -0.010204315185546873 0.034576416015625007 -0.0090675354003906233 0.051971435546875007 -0.010707855224609373 0.043228149414062507 0.00098171946592628978 0.067169189453125014 -0.37109374999999994 -0.011432647705078123 -0.011661529541015623 0.068145751953125014 0.00080372672528028499 -0.017151013016700741 0.0024778954684734349 -0.0041408538818359366 0.0024057943373918538 0.0049114227294921884 0.071289062500000014 0.0013473015278577807
decision_type=2 2 2 2 2 2 2 2 2 2 2 2 2 2 2 2 2 2 2 2 2 2 2 2 2 2 2 2 2 2
left_child=1 24 -3 10 8 6 7 -6 -5 -8 13 12 -12 14 -2 -15 -17 -16 19 -10 21 -13 -22 -7 26 -26 -1 -28 -27 -30
right_child=3 2 -4 4 5 23 9 -9 18 -11 11 20 -14 15 17 16 -18 -19 -20 -21 22 -23 -24 -25 25 28 27 -29 29 -31
leaf_value=-0.00011539623898289102 0.0088551797556163676 0.0060017078806344683 0.00021025829604832778 -0.0026822286953961348 0.00065338759471312831 0.00092667943221935332 0.002433985996710201 0.0037526080605503262 0.00026140836857563516 -5.75970281791951e-05 -0.0070621785052965604 -0.00064153961722974897 -0.00084896507598760469 -0.003624359199322141 -0.0023493186552816592 -0.003236864652186559 0.0013286284962756888 0.0040371304685468999 0.0021237149199665019 -0.0051897352243152764 -0.0025163429111647231 0.00055491065439025708 -7.88403632602688e-05 -0.0046469648161136167 -0.0011134262014430114 -0.0018456899991446136 0.0064802551140275243 -0.00096289980588649298 -0.00056761084294147256 0.0034333745855394653
leaf_weight=26495 1584 1506 2186 6065 7958 1705 6816 12048 3237 20212 1532 61114 2829 1965 1719 2017 19587 1723 4758 1516 6383 207258 1062939 2013 77204 3742 2009 1528 4557 5651
leaf_count=26495 1584 1506 2186 6065 7958 1705 6816 12048 3237 20212 1532 61114 2829 1965 1719 2017 19587 1723 4758 1516 6383 207258 1062939 2013 77204 3742 2009 1528 4557 5651
internal_value=-1.34971e-05 -0.000463045 0.00259225 2.5576e-05 0.000675674 0.0011448 0.00140206 0.00252168 -0.000852416 0.000572073 -5.89274e-06 -2.79377e-05 -0.00305392 0.00102805 0.00339971 0.000519843 0.000899784 0.000852471 0.000317604 -0.00149173 -1.80273e-05 0.000282426 -9.34371e-05 -0.00209972 -0.000556539 -0.000834163 0.000286109 0.00327744 0.000710754 0.00164966
internal_weight=1.56186e+06 124878 3692 1.43698e+06 66328 50752 47034 20006 15576 27028 1.37065e+06 1.34206e+06 4361 28595 5026 23569 21604 3442 9511 4753 1.33769e+06 268372 1.06932e+06 3718 121186 91154 30032 3537 13950 10208
internal_count=1561856 124878 3692 1436978 66328 50752 47034 20006 15576 27028 1370650 1342055 4361 28595 5026 23569 21604 3442 9511 4753 1337694 268372 1069322 3718 121186 91154 30032 3537 13950 10208
is_linear=0
shrinkage=0.01


Tree=235
num_leaves=28
num_cat=0
split_feature=47 82 62 36 20 38 71 22 79 77 62 62 8 59 38 38 51 62 8 62 71 74 28 80 62 15 59
split_gain=256.971 249.07 231.659 487.657 565.905 540.114 425.299 571.539 656.252 414.155 396.215 395.881 393.985 360.463 305.217 643.962 510.134 208.428 189.803 353.191 227.838 313.868 306.879 228.765 167.419 164.619 151.052
threshold=0.30944824218750006 -0.20693573355674741 -0.0082740783691406233 0.054367065429687507 0.35937500000000006 -0.54150390624999989 0.28923609852790838 0.0076713562011718759 0.0023704627528786664 0.01466847211122513 -0.0074100494384765616 -0.0092964172363281233 -0.13238525390624997 0.13580322265625003 0.17346191406250003 0.18865966796875003 0.015232086181640627 -0.0068607330322265616 -0.89965820312499989 -0.0072879791259765616 0.30416774749755865 -0.16271972656249997 -1.2934570312499998 0.0017414214089512827 -0.0077037811279296866 0.29687500000000006 -0.052047729492187493
decision_type=2 2 2 2 2 2 2 2 2 2 2 2 2 2 2 2 2 2 2 2 2 2 2 2 2 2 2
left_child=1 18 6 4 10 13 7 11 -9 -6 -4 -3 -7 -5 16 -16 -8 24 19 -1 22 26 25 -24 -2 -20 -22
right_child=17 2 3 5 9 12 14 8 -10 -11 -12 -13 -14 -15 15 -17 -18 -19 20 -21 21 -23 23 -25 -26 -27 -28
leaf_value=0.004754087848311616 -0.0011404697365751434 0.00089469855472093919 0.0048315336056442759 -0.00097492069229627011 0.0017092706882300913 0.00057293926944721905 0.0020493337158881695 -0.00059681845302394902 0.0064326439560598624 -0.0030552575370942033 -0.0006180578072154956 -0.0015650144497470952 -0.00011405717341910076 0.0036881941917330718 -0.0030621600104898611 -0.00014712521760631506 0.00011075709373330208 0.00047334177382040343 -0.0005989218851673514 -0.0019316651179520727 -0.0021385901787599406 0.0018717347844200449 -0.0047092977315418248 0.0001309394932417157 -0.0056250114472371606 0.0029795894493418996 -0.0048944029666681205
leaf_weight=1512 1507 7694 6739 46217 5185 228447 13829 3348 2178 2789 1657 43300 131531 1700 7727 348250 684709 1917 2253 1615 6967 1561 1917 1967 1875 2956 2805
leaf_count=1512 1507 7694 6739 46217 5185 228447 13829 3348 2178 2789 1657 43300 131531 1700 7727 348250 684709 1917 2253 1615 6967 1561 1917 1967 1875 2956 2805
internal_value=3.52017e-05 4.26882e-05 5.83502e-05 0.000257124 0.00194841 0.000189156 -1.7558e-05 -0.000862502 0.00218696 3.93464e-05 0.00375711 -0.00119369 0.000321928 -0.000808013 2.77449e-05 -0.000210569 0.000149193 -0.00215906 -0.000977417 0.00131077 -0.00132865 -0.00227339 -0.000148779 -0.00226991 -0.00364518 0.00143544 -0.00293801
internal_weight=1.56415e+06 1.55885e+06 1.5353e+06 424265 16370 407895 1.11104e+06 56520 5526 7974 8396 50994 359978 47917 1.05452e+06 355977 698538 5299 23553 3127 20426 11333 9093 3884 3382 5209 9772
internal_count=1564152 1558853 1535300 424265 16370 407895 1111035 56520 5526 7974 8396 50994 359978 47917 1054515 355977 698538 5299 23553 3127 20426 11333 9093 3884 3382 5209 9772
is_linear=0
shrinkage=0.01


Tree=236
num_leaves=23
num_cat=0
split_feature=69 36 43 42 43 60 36 15 43 36 47 7 8 33 23 5 83 16 33 7 40 47
split_gain=256.54 228.133 682.693 645.501 552.069 376.464 370.456 350.232 226.555 214.024 477.505 670.912 307.318 207.84 324.524 740.759 320.052 310.101 387.858 316.876 110.408 254.325
threshold=0.36235406994819647 0.051696777343750007 -1.3159179687499998 -0.014533996582031248 0.49438476562500006 -0.0039539337158203116 0.041397094726562507 0.45312500000000006 -0.99951171874999989 0.11679077148437501 0.23895263671875003 -0.017990112304687497 0.65332031250000011 -0.080566406249999986 1.4418945312500002 0.35937500000000006 -0.51827335357666005 0.067840576171875014 -1.0219726562499998 0.032577514648437507 0.35937500000000006 0.24859619140625003
decision_type=2 2 2 2 2 2 2 2 2 2 2 2 2 2 2 2 2 2 2 2 2 2
left_child=20 2 -2 6 7 -6 -4 -5 -8 13 11 -11 -13 17 16 -16 -15 19 -19 -3 -1 -22
right_child=1 9 3 4 5 -7 8 -9 -10 10 -12 12 -14 14 15 -17 -18 18 -20 -21 21 -23
leaf_value=-0.0039213053029178999 0.0062150599890444646 -0.00019708386544107744 -0.0056559965976205953 0.00083710414667072469 -0.0025916615944139164 0.0002953124804061716 0.0015652047214883098 0.0028912436718083346 -0.0023664286385996604 0.0078291028757879032 -0.002864486809857774 -4.5920403638326106e-05 0.0049739541309165337 -0.00023425681071861305 -0.001025205555529428 0.0030858786234766152 0.00041825985850659625 -0.00036361546992945171 0.0003521486455744576 -0.0027016875262553608 -0.0033975674493018455 0.0015542691543995269
leaf_weight=2038 2055 155717 2239 26221 6104 17199 2294 12143 3986 1781 2146 5788 1525 695196 8058 9570 84263 92140 424089 5201 2191 1937
leaf_count=2038 2055 155717 2239 26221 6104 17199 2294 12143 3986 1781 2146 5788 1525 695196 8058 9570 84263 92140 424089 5201 2191 1937
internal_value=5.19596e-06 1.32669e-05 0.000561958 0.000394715 0.000751314 -0.000462477 -0.00218233 0.00148845 -0.000929846 -1.3424e-05 0.00136002 0.00236101 0.0010116 -2.39138e-05 -0.000133351 0.00120761 -0.000163708 0.000104907 0.000224385 -0.00027836 -0.00202722 -0.0010777
internal_weight=1.56388e+06 1.55772e+06 72241 70186 61667 23303 8519 38364 6280 1.48547e+06 11240 9094 7313 1.47423e+06 797087 17628 779459 677147 516229 160918 6166 4128
internal_count=1563881 1557715 72241 70186 61667 23303 8519 38364 6280 1485474 11240 9094 7313 1474234 797087 17628 779459 677147 516229 160918 6166 4128
is_linear=0
shrinkage=0.01


Tree=237
num_leaves=24
num_cat=0
split_feature=78 60 37 27 81 78 77 16 80 61 32 25 81 79 74 10 18 18 43 7 75 73 77
split_gain=260.838 236.986 230.926 227.488 313.311 221.628 283.812 209.059 347.733 410.703 437.568 377.591 375.721 402.167 358.126 238.993 448.785 269.803 271.384 245.813 215.672 149.601 276.9
threshold=0.020894043147563938 -0.0037641525268554683 -0.0018734931945800779 -0.038360595703124993 0.00050287088379263889 0.0013998965732753279 0.012735534459352495 0.056259155273437507 0.0024778954684734349 -0.0041255950927734366 0.017509460449218753 0.26562500000000006 0.0010168997105211022 0.0054725408554077157 -0.14580845832824704 0.76562500000000011 0.49084472656250006 -0.96191406249999989 -0.18334960937499997 -0.0025234222412109371 -0.09375435113906859 -0.013427093625068663 0.012836124747991564
decision_type=2 2 2 2 2 2 2 2 2 2 2 2 2 2 2 2 2 2 2 2 2 2 2
left_child=3 -2 -3 4 5 -1 -7 8 12 11 -11 -10 13 -5 -14 17 19 18 -9 -17 -19 22 -6
right_child=1 2 -4 7 21 6 -8 15 9 10 -12 -13 14 -15 -16 16 -18 20 -20 -21 -22 -23 -24
leaf_value=-0.0029036189879544346 0.0011230008603551427 -0.005010150432248007 -0.00024944605393174255 -0.0003730134565549224 -0.0048532646791459196 -0.00064554769961238127 0.0044951032011696463 0.0023120161180107813 -0.0053476906473609222 0.002162536279165119 -0.0014959884749728789 -0.00085083166066442315 0.0063394092029504809 0.0043589857365617501 0.0010772366091167599 -0.00055312791431318272 0.0028522342361293365 -0.00056556210433241383 0.00031420347998467927 -0.003837972307500073 6.4246088325557894e-05 -0.0052766090798774534 0.00034685664301117261
leaf_weight=1618 1672 2796 1600 22328 1774 2697 1760 10268 1894 9297 5019 77985 1924 1933 3896 4190 2011 56682 20075 4993 1323292 1904 2380
leaf_count=1618 1672 2796 1600 22328 1774 2697 1760 10268 1894 9297 5019 77985 1924 1933 3896 4190 2011 56682 20075 4993 1323292 1904 2380
internal_value=-5.85011e-06 -0.00207171 -0.00328639 2.22278e-06 -0.00136059 0.00024466 0.00139543 1.29371e-05 -0.000380344 -0.000679239 0.000879608 -0.000958768 0.000555439 7.28942e-06 0.00283258 4.73247e-05 -0.00140677 5.8886e-05 0.000991336 -0.00234363 3.83691e-05 -0.00296586 -0.00188651
internal_weight=1.56399e+06 6068 4396 1.55792e+06 12133 6075 4457 1.54579e+06 124276 94195 14316 79879 30081 24261 5820 1.42151e+06 11194 1.41032e+06 30343 9183 1.37997e+06 6058 4154
internal_count=1563988 6068 4396 1557920 12133 6075 4457 1545787 124276 94195 14316 79879 30081 24261 5820 1421511 11194 1410317 30343 9183 1379974 6058 4154
is_linear=0
shrinkage=0.01


Tree=238
num_leaves=31
num_cat=0
split_feature=65 33 28 80 48 63 72 73 63 26 21 45 82 25 78 83 11 13 40 63 79 81 15 65 83 16 83 74 32 13
split_gain=240.9 424.766 308.157 420.448 297.714 411.997 290.523 272.448 329.449 451.416 373.978 318.444 266.997 328.104 272.494 311.472 244.96 531.872 231.368 227.498 225.329 369.941 217.196 208.909 203.187 413.725 347.821 197.976 186.824 361.083
threshold=0.11898803710937501 -1.1689453124999998 -0.46191406249999994 0.0026030223816633229 8.0898437500000018 0.077484130859375014 -0.098280370235443101 -0.029083248227834698 0.079498291015625014 0.058090209960937507 0.075042724609375014 1.4218750000000002 0.047476425766944892 0.48437500000000006 0.019606128334999088 -0.78334975242614735 0.093811035156250014 0.23339843750000003 0.35937500000000006 0.080596923828125014 0.0090247467160224932 0.0013063005171716215 0.26562500000000006 0.11795043945312501 -1.5801405906677244 0.047836303710937507 -1.4334611892700193 -0.058784455060958855 -0.033218383789062493 0.42199707031250006
decision_type=2 2 2 2 2 2 2 2 2 2 2 2 2 2 2 2 2 2 2 2 2 2 2 2 2 2 2 2 2 2
left_child=1 28 7 -4 18 -6 -7 -2 9 11 -11 -9 20 16 15 -15 17 -14 22 -10 24 27 -5 -18 25 -3 -26 -22 29 -1
right_child=2 12 3 4 5 6 -8 8 19 10 -12 -13 13 14 -16 -17 23 -19 -20 -21 21 -23 -24 -25 26 -27 -28 -29 -30 -31
leaf_value=0.0020246601426711355 -0.0012081359909515822 -0.0027738554305024661 -0.0032535326107720019 -0.0047841022496527812 0.0041524230468840831 0.004362436445097909 0.00016536684457460244 -0.0034885646001650739 -0.002267792822943396 0.001034621626326123 0.005361846815692922 0.0027422377352956202 -0.00023570388891867679 -0.0016663800239197686 0.0028833020786369935 0.00079244654790050885 -0.00030092580252627228 0.00319475640945306 0.0016230172102541381 0.0017434224153894829 0.0024808702740449023 0.0052779784531506056 -0.0012274980883035299 -0.0048121475057181706 -0.00055061310353052046 0.00035927465769955376 1.5760556933147229e-05 -0.00190599429861258 -0.0018297707433721768 -0.0032726124181585796
leaf_weight=3775 3435 4295 3606 2283 2605 1635 478096 1644 2645 3001 6019 1598 18942 36529 1582 5985 2769 5915 1992 2992 1907 2111 6840 1614 131230 181393 623639 2187 19316 1927
leaf_count=3775 3435 4295 3606 2283 2605 1635 478096 1644 2645 3001 6019 1598 18942 36529 1582 5985 2769 5915 1992 2992 1907 2111 6840 1614 131230 181393 623639 2187 19316 1927
internal_value=1.35397e-05 -7.3881e-05 0.000189783 0.000139243 0.000164167 0.000201479 0.000179852 0.00136607 0.00186089 0.00277949 0.00392763 -0.000419384 -4.22962e-05 -0.000623503 -0.00116799 -0.00132002 0.000197851 0.000582525 -0.00145244 -0.000140088 2.73625e-06 0.00189903 -0.00212604 -0.00197645 -9.81403e-06 0.000286514 -8.27125e-05 0.00013955 -0.00136068 0.000229257
internal_weight=1.56351e+06 1.04512e+06 518391 497057 493451 482336 479731 21334 17899 12262 9020 3242 1.0201e+06 73336 44096 42514 29240 24857 11115 5637 946762 6205 9123 4383 940557 185688 754869 4094 25018 5702
internal_count=1563507 1045116 518391 497057 493451 482336 479731 21334 17899 12262 9020 3242 1020098 73336 44096 42514 29240 24857 11115 5637 946762 6205 9123 4383 940557 185688 754869 4094 25018 5702
is_linear=0
shrinkage=0.01


Tree=239
num_leaves=31
num_cat=0
split_feature=62 62 1 80 18 21 33 5 21 5 18 56 1 1 48 83 5 75 77 21 7 33 53 38 12 59 59 38 58 76
split_gain=236.53 559.1 504.922 545.447 547.916 465.531 465.554 466.264 626.741 494.676 451.336 488.166 410.583 392.904 378.764 388.114 362.785 603.699 374.929 383.706 371.843 352.717 322.55 375.545 407.285 339.296 317.419 396.812 384.215 503.175
threshold=-0.0082969665527343733 -0.0084419250488281233 0.075042724609375014 0.0030195862054824833 -0.83374023437499989 0.091064453125000014 -0.21264648437499997 0.51562500000000011 0.074005126953125014 0.17187500000000003 -0.74780273437499989 0.040267944335937507 0.090362548828125014 0.067047119140625014 15.269531250000002 -1.047007083892822 0.54687500000000011 -0.07796518504619597 0.0085855703800916689 0.089874267578125014 0.00097250938415527355 0.17651367187500003 0.017799377441406253 0.86767578125000011 0.011596679687500002 0.12945556640625003 0.037063598632812507 1.7021484375000002 0.062423706054687507 0.017073146998882297
decision_type=2 2 2 2 2 2 2 2 2 2 2 2 2 2 2 2 2 2 2 2 2 2 2 2 2 2 2 2 2 2
left_child=1 26 3 4 -2 6 7 9 -9 -4 13 -12 22 -6 15 -8 18 20 -5 -20 -18 -7 23 -3 -25 -24 -1 28 -28 -30
right_child=2 12 5 16 10 21 14 8 -10 -11 11 -13 -14 -15 -16 -17 17 -19 19 -21 -22 -23 25 24 -26 -27 27 -29 29 -31
leaf_value=-0.00035890641090509677 -0.0015612821159360531 -0.00019680867262278801 0.0065336270106805339 0.0046767650259722819 0.00065599291330092164 0.001702802412660962 -0.00068431038379346862 0.006740921583739813 -0.00091525113484589526 0.00075876876043345714 5.6097200868392186e-05 -0.0011338360372429505 -0.0033386036917557259 0.0059357309268709222 0.0034250309301469312 0.0012001181162575388 0.0050968576927814683 -0.0023439985667554394 0.00041909166450076102 0.0022504433592904112 -0.0010887767727703326 0.0065873293480901143 -0.0034564121929597513 -0.0027946449703010984 0.0018900097061857017 0.00030725978832131371 0.00054208310340426015 0.0040072804691753993 0.0050114193921689488 -7.1108451362880635e-05
leaf_weight=235713 29477 81146 1534 2391 3898 4526 39923 3344 1561 32903 169209 43278 5944 2193 3078 15027 2146 9432 79755 13340 1752 2191 7506 11049 2215 3509 130204 2520 1934 621066
leaf_count=235713 29477 81146 1534 2391 3898 4526 39923 3344 1561 32903 169209 43278 5944 2193 3078 15027 2146 9432 79755 13340 1752 2191 7506 11049 2215 3509 130204 2520 1934 621066
internal_value=-3.44958e-05 -0.000114008 0.000155729 -2.30241e-05 -0.000281958 0.000768485 0.000592455 0.00143193 0.00431055 0.00101965 -0.000109304 -0.000186345 -0.000785751 0.00257011 2.30071e-05 -0.000168733 0.00056718 -0.000977153 0.000782931 0.000681941 0.00232529 0.0033109 -0.000641212 -0.000452017 -0.00201067 -0.00225905 -3.85367e-05 6.13946e-05 4.80867e-05 -5.51702e-05
internal_weight=1.56376e+06 1.10281e+06 460958 356871 248055 104087 97370 39342 4905 34437 218578 212487 111369 6091 58028 54950 108816 13330 95486 93095 3898 6717 105425 94410 13264 11015 991437 755724 753204 623000
internal_count=1563764 1102806 460958 356871 248055 104087 97370 39342 4905 34437 218578 212487 111369 6091 58028 54950 108816 13330 95486 93095 3898 6717 105425 94410 13264 11015 991437 755724 753204 623000
is_linear=0
shrinkage=0.01


Tree=240
num_leaves=30
num_cat=0
split_feature=51 59 33 11 32 10 79 75 36 61 47 0 43 42 83 13 13 21 80 28 13 76 33 83 48 62 21 61 83
split_gain=326.276 268.303 243.111 247.283 223.735 298.058 446.15 293.332 201.82 379.019 283.821 193.675 189.779 459.997 513.97 331.4 293.45 459.638 348.192 329.566 343.873 293.449 293.017 490.604 331.09 187.767 185.952 151.684 79.534
threshold=0.014308929443359377 -0.025840759277343747 1.2846679687500002 0.056716918945312507 0.024803161621093753 0.20312500000000003 0.00075461226515471946 -0.031934954226016991 0.11871337890625001 -0.0054645538330078116 0.21917724609375003 0.39062500000000006 0.91870117187500011 0.018745422363281253 -0.71974658966064442 -0.60327148437499989 0.13232421875000003 0.10720825195312501 0.0022113807499408726 0.35705566406250006 0.88793945312500011 0.02887937426567078 -0.88159179687499989 -2.022138118743896 14.058593750000002 -0.0075702667236328116 0.081024169921875014 -0.0044231414794921866 -1.2911548614501951
decision_type=2 2 2 2 2 2 2 2 2 2 2 2 2 2 2 2 2 2 2 2 2 2 2 2 2 2 2 2 2
left_child=1 2 4 -4 5 6 -1 -7 12 -10 -11 -3 13 22 15 -15 17 18 -14 21 -21 -18 24 -24 -2 27 -16 -5 -13
right_child=8 11 3 25 -6 7 -8 -9 9 10 -12 28 16 14 26 -17 19 -19 -20 20 -22 -23 23 -25 -26 -27 -28 -29 -30
leaf_value=-0.00098728732382426417 -0.00018787090708964217 -0.00066384500858383637 -0.00439480749419061 -0.0012497464268121994 0.002478931005331662 -6.6613646665324229e-05 0.0053433468217164081 -0.0020113753511139228 0.0055823469666678293 0.0024573218754229656 -0.0031454885620740974 -0.0058729735117911096 -0.0022258577402574035 0.0064216096121915344 -0.0032909506397418519 0.0020560255721403225 -4.9888787326001323e-06 -0.0050780197302939482 -0.00033701504794170667 -0.00025341238092196097 -0.0039850995239745094 0.0017061919454195143 0.0034238808805416984 5.7897138419622693e-05 -0.001445246390783628 -0.0035891914568979069 0.0012147316588888434 0.0023117788695571828 -0.002855138650862391
leaf_weight=2307 125088 2763 2866 3129 2908 24235 2122 11387 1846 2076 1570 1572 11287 2272 2041 7361 26354 2333 71395 10385 3221 16151 4326 1191000 25135 1875 1634 1908 2111
leaf_count=2307 125088 2763 2866 3129 2908 24235 2122 11387 1846 2076 1570 1572 11287 2272 2041 7361 26354 2333 71395 10385 3221 16151 4326 1191000 25135 1875 1634 1908 2111
internal_value=-2.17372e-05 -0.000749928 -0.000513987 -0.00193542 -0.0001897 -0.000384603 0.0020562 -0.00068906 6.8989e-06 0.00191689 4.07037e-05 -0.00267268 -1.19742e-07 3.61312e-05 0.00188478 0.00309685 -0.000349124 -0.000719519 -0.000595339 0.000212125 -0.00114138 0.00064572 1.78196e-05 7.0136e-05 -0.000398417 -0.000905923 -0.00129188 0.000103156 -0.00416799
internal_weight=1.56466e+06 59183 52737 9778 42959 40051 4429 35622 1.50548e+06 5492 3646 6446 1.49998e+06 1.35886e+06 13308 9633 141126 85015 82682 56111 13606 42505 1.34555e+06 1.19533e+06 150223 6912 3675 5037 3683
internal_count=1564658 59183 52737 9778 42959 40051 4429 35622 1505475 5492 3646 6446 1499983 1358857 13308 9633 141126 85015 82682 56111 13606 42505 1345549 1195326 150223 6912 3675 5037 3683
is_linear=0
shrinkage=0.01


Tree=241
num_leaves=31
num_cat=0
split_feature=35 31 76 20 35 60 61 33 28 61 81 60 33 33 76 61 70 2 8 77 31 47 17 73 2 73 58 23 18 43
split_gain=241.22 290.429 508.589 696.783 276.941 284.173 459.189 423.215 343.625 267.431 483.698 404.122 418.729 380.492 274.816 242.152 197.228 192.415 620.112 317.891 473.728 474.728 324.818 340.052 288.799 380.289 506.616 360.991 278.728 380.977
threshold=0.57812500000000011 0.098419189453125014 0.02311290800571442 0.51562500000000011 0.73437500000000011 -0.0034437179565429683 -0.0047550201416015616 -0.070220947265624986 -0.17193603515624997 -0.0062580108642578116 0.0013682078570127489 -0.0032434463500976558 -1.0024414062499998 -0.88159179687499989 0.02467095106840134 -0.0049800872802734366 0.6911945939064027 0.028030395507812503 -0.092346191406249986 0.014839157462120058 0.081268310546875014 0.23297119140625003 0.0054054260253906259 -0.018478769809007641 0.023834228515625003 -0.0054541425779461852 0.067596435546875014 -0.28015136718749994 -0.076019287109374986 0.30114746093750006
decision_type=2 2 2 2 2 2 2 2 2 2 2 2 2 2 2 2 2 2 2 2 2 2 2 2 2 2 2 2 2 2
left_child=17 4 3 -3 9 7 8 -6 -7 10 14 13 -13 -11 -2 -9 -5 24 28 22 21 -21 23 -20 -1 26 27 -26 29 -19
right_child=1 2 -4 16 5 6 -8 15 -10 11 -12 12 -14 -15 -16 -17 -18 18 19 20 -22 -23 -24 -25 25 -27 -28 -29 -30 -31
leaf_value=8.8695208579528842e-05 -0.0028168455693717187 0.0076121294426094365 -0.003250615235027727 0.0027348397460129725 0.0055089914315092567 0.0018171563168282656 -0.0039388922896820711 0.0034114579560742988 -0.001536067809359027 0.0019158514000577952 0.0029970660261512106 -0.0013980994927653948 0.00045952444522660499 -0.00065501528474252763 0.0016317191655795989 -0.00063784185908113478 -0.0016583942515509471 0.00061515751152018425 0.0020338859700809102 -0.00076919999557953464 0.0061467976185408503 0.0047413883387425202 -0.0030882196585287586 -0.0014448834990095694 0.0026498743468003176 -0.0014420858821868896 0.0070726835371729994 0.00015170044433141514 -0.0025454210392214112 -0.0028693073440791447
leaf_weight=1149972 11937 2122 1631 2039 2642 8958 2542 2243 4615 5938 1957 13971 91436 171382 1558 4237 2010 9445 6429 5265 2180 2201 3176 4961 10024 4980 1554 13645 13643 4675
leaf_count=1149972 11937 2122 1631 2039 2642 8958 2542 2243 4615 5938 1957 13971 91436 171382 1558 4237 2010 9445 6429 5265 2180 2201 3176 4961 10024 4980 1554 13645 13643 4675
internal_value=2.34262e-05 -0.000216146 0.00168792 0.00299946 -0.000262181 0.000743282 -5.5574e-05 0.00215158 0.000676433 -0.000347324 -0.00162752 -0.000277247 0.00021309 -0.000568717 -0.0023016 0.000769975 0.000556524 8.78288e-05 -0.00050753 0.000661851 0.0020679 0.000863666 -0.000270834 0.000518805 0.000114057 0.00107899 0.0015775 0.00121104 -0.00152709 -0.000540943
internal_weight=1.56337e+06 331218 7802 6171 323416 25237 16115 9122 13573 298179 15452 282727 105407 177320 13495 6480 4049 1.23215e+06 51975 24212 9646 7466 14566 11390 1.18018e+06 30203 25223 23669 27763 14120
internal_count=1563368 331218 7802 6171 323416 25237 16115 9122 13573 298179 15452 282727 105407 177320 13495 6480 4049 1232150 51975 24212 9646 7466 14566 11390 1180175 30203 25223 23669 27763 14120
is_linear=0
shrinkage=0.01


Tree=242
num_leaves=29
num_cat=0
split_feature=59 20 48 46 7 6 76 12 43 80 76 16 12 36 75 70 54 56 12 35 61 83 12 70 43 13 22 73
split_gain=410.511 417.996 373.468 431.445 324.69 535.32 436.534 264.117 262.397 262.008 255.226 466.629 286.581 250.545 241.46 572.168 256.521 316.101 253.208 534.362 405.872 405.47 231.24 673.181 216.857 211.969 137.29 209.895
threshold=0.15875244140625003 0.26562500000000006 14.988281250000002 0.36975097656250006 0.028785705566406253 0.077606201171875014 0.03533741086721421 -0.037933349609374993 0.40832519531250006 0.0026243971660733227 0.038625255227088935 0.095855712890625014 -0.013134002685546873 0.061264038085937507 -0.0017147278413176534 0.67870864272117626 -0.058792114257812493 0.043197631835937507 0.033340454101562507 0.42187500000000006 -0.0055637359619140616 -0.41496825218200678 -0.031860351562499993 0.71371218562126171 -0.77734374999999989 1.4257812500000002 0.013374328613281252 -0.010106816887855528
decision_type=2 2 2 2 2 2 2 2 2 2 2 2 2 2 2 2 2 2 2 2 2 2 2 2 2 2 2 2
left_child=7 10 3 4 5 -3 -6 8 26 -10 24 12 -12 -14 18 16 -16 -18 22 21 -21 -20 23 -9 -2 -24 27 -1
right_child=1 2 -4 -5 6 -7 -8 14 9 -11 11 -13 13 -15 15 -17 17 -19 19 20 -22 -23 25 -25 -26 -27 -28 -29
leaf_value=-0.0038364608112958489 -0.00010627623263426072 0.00015380334257404277 -0.0035673819964990739 0.0061917296714845277 0.0017714506175236229 0.0021787579827180483 -0.0044481055720667021 0.0025337148771166669 0.0034364023737794638 -0.0015652147378708917 -0.0049479832910244758 0.0048604619681500531 -0.0022699430024677113 0.0022066830914994305 -0.0051986525347738552 0.0038064922804049235 0.00036744158063450882 -0.0051339066281651923 -0.00061773824411122792 0.0081077928560532395 0.0019751690974472262 0.0031700255258303596 -4.5623914464546621e-05 -0.0016162885989752785 -0.0049512969417305893 -0.0012156924153784614 -0.0051313513932290016 0.00048195968521392256
leaf_weight=2523 1503 23813 1678 1657 2112 28887 2383 11327 1629 2851 1510 1583 2443 2519 2785 1569 3279 1511 13360 1552 3505 3563 1416253 5946 2381 15634 1905 2012
leaf_count=2523 1503 23813 1678 1657 2112 28887 2383 11327 1629 2851 1510 1583 2443 2519 2785 1569 3279 1511 13360 1552 3505 3563 1416253 5946 2381 15634 1905 2012
internal_value=-1.41701e-05 0.000720715 0.00105799 0.00119103 0.00104404 0.00126417 -0.00153091 -4.98929e-05 -0.00159796 0.000260644 -0.000988136 2.88303e-05 -0.00116428 2.38835e-06 -3.84514e-05 -0.00165665 -0.00279527 -0.00138208 -2.8371e-05 0.0010364 0.0038818 0.000182545 -4.45349e-05 0.00110491 -0.00308656 -5.84161e-05 -0.00288771 -0.00192684
internal_weight=1.56367e+06 72469 60530 58852 57195 52700 4495 1.4912e+06 10920 4480 11939 8055 6472 4962 1.48028e+06 9144 7575 4790 1.47114e+06 21980 5057 16923 1.44916e+06 17273 3884 1.43189e+06 6440 4535
internal_count=1563673 72469 60530 58852 57195 52700 4495 1491204 10920 4480 11939 8055 6472 4962 1480284 9144 7575 4790 1471140 21980 5057 16923 1449160 17273 3884 1431887 6440 4535
is_linear=0
shrinkage=0.01


Tree=243
num_leaves=31
num_cat=0
split_feature=81 58 6 13 25 5 43 58 8 81 5 76 76 2 33 62 81 48 68 43 41 41 1 75 58 82 21 55 57 46
split_gain=292.169 585.892 833.657 540.53 395.927 612.746 352.44 391.753 433.26 387.349 386.579 550.567 742.334 366.395 531.84 353.086 341.078 439.728 421.147 424.976 336.065 335.326 329.847 487.565 418.416 316.167 289.836 409.73 281.949 256.788
threshold=0.0012416099198162558 0.059890747070312507 0.087738037109375014 -0.080566406249999986 0.35937500000000006 0.35937500000000006 0.86230468750000011 0.060440063476562507 -0.42626953124999994 0.0012834821827709677 0.51562500000000011 0.022882528603076938 0.024228990077972416 0.022590637207031253 0.76977539062500011 -0.0088996887207031233 0.0011866949498653414 14.761718750000002 0.018070220947265628 -0.35498046874999994 0.10598754882812501 0.089752197265625014 0.070037841796875014 -0.079208746552467332 0.063446044921875014 0.041955068707466132 0.079681396484375014 -0.19366455078124997 0.022789001464843753 0.31750488281250006
decision_type=2 2 2 2 2 2 2 2 2 2 2 2 2 2 2 2 2 2 2 2 2 2 2 2 2 2 2 2 2 2
left_child=16 2 3 4 -2 -6 7 8 9 -3 29 25 -13 21 -15 -10 -1 18 19 -18 28 -9 -19 -24 -25 -12 27 -5 -20 -8
right_child=1 6 -4 26 5 -7 10 13 15 -11 11 12 -14 14 -16 -17 17 22 20 -21 -22 -23 23 24 -26 -27 -28 -29 -30 -31
leaf_value=-1.9740135462877692e-05 0.0080081877386163226 0.0043741666314130777 0.0091514862960404928 -0.0013638803316819623 -0.0017620185981861464 0.005918021846446209 -0.00063449486282446128 0.00010464691463855396 5.7257210399702812e-05 -0.0015580054043616304 0.00030613246173063704 0.0075213149779201436 0.00071200878745375886 0.00074848252237528807 0.0045597124733132302 -0.0052881663901718483 -0.00065704177990600894 -0.0010783561811574939 -0.00074632930292151622 0.0046413978829028309 0.0023629241395999594 0.0010529268488889164 0.0070959114426781683 -0.0029206967659580101 0.0039802421806012277 -0.0035196627536432878 -0.0024310917008587003 0.0054466198851207751 -0.0020320006827380106 -0.0023687428115845969
leaf_weight=595777 1504 1650 1504 2052 2094 2028 41418 672142 1808 3210 7634 2261 5387 39531 4017 3881 3282 2965 79099 2783 2999 39461 1912 1598 1904 2991 3697 1523 21746 10744
leaf_count=595777 1504 1650 1504 2052 2094 2028 41418 672142 1808 3210 7634 2261 5387 39531 4017 3881 3282 2965 79099 2783 2999 39461 1912 1598 1904 2991 3697 1523 21746 10744
internal_value=3.20063e-05 0.000157214 0.00215562 0.00132695 0.00364854 0.00202685 0.000122742 0.000185014 -0.00172693 0.000465676 -0.000554084 0.000697064 0.00273943 0.000211768 0.00110197 -0.00359511 -0.000117131 -0.000607573 -0.000775986 0.00178148 -0.000925669 0.000157261 0.00159813 0.0030625 0.000832566 -0.000775441 -0.000474245 0.00155165 -0.00102392 -0.000992475
internal_weight=1.5646e+06 850537 14402 12898 5626 4122 836135 765700 10549 4860 70435 18273 7648 755151 43548 5689 714065 118288 109909 6065 103844 711603 8379 5414 3502 10625 7272 3575 100845 52162
internal_count=1564602 850537 14402 12898 5626 4122 836135 765700 10549 4860 70435 18273 7648 755151 43548 5689 714065 118288 109909 6065 103844 711603 8379 5414 3502 10625 7272 3575 100845 52162
is_linear=0
shrinkage=0.01


Tree=244
num_leaves=31
num_cat=0
split_feature=48 65 75 6 21 59 77 47 41 6 7 17 73 72 56 60 74 41 52 0 73 70 47 17 21 18 52 45 48 60
split_gain=328.17 450.958 398.257 467.369 451.046 506.73 394.105 384.366 343.857 327.274 301.346 236.143 405.196 394.436 417.357 344.706 315.748 314.423 383.469 310.947 320.891 308.985 598.283 360.794 307.235 489.901 348.598 304.599 245.758 293.702
threshold=14.433593750000002 0.12725830078125003 -0.044925101101398461 0.092437744140625014 0.064117431640625014 0.070281982421875014 0.010213904082775118 0.23797607421875003 0.078643798828125014 0.054733276367187507 0.0060367584228515634 -0.0010018348693847654 0.0013360893353819849 -0.11297833919525145 0.041030883789062507 -0.0049991607666015616 -0.15578961372375486 0.071533203125000014 0.046737670898437507 0.32812500000000006 -0.0074160099029541007 0.69970059394836437 0.22283935546875003 -0.00067090988159179677 0.089874267578125014 -0.17193603515624997 0.060745239257812507 1.7968750000000002 11.957031250000002 -0.0036363601684570308
decision_type=2 2 2 2 2 2 2 2 2 2 2 2 2 2 2 2 2 2 2 2 2 2 2 2 2 2 2 2 2 2
left_child=11 2 3 7 -4 -6 -7 8 -2 -9 -3 12 15 14 17 -1 -15 -13 -19 20 -16 23 -23 -18 26 -26 -17 28 29 -14
right_child=1 10 4 -5 5 6 -8 9 -10 -11 -12 13 27 16 19 24 21 18 -20 -21 -22 22 -24 -25 25 -27 -28 -29 -30 -31
leaf_value=-0.0022379565708823481 0.001059433319553374 -0.0033746860361662675 -0.0017231277474777751 -0.002767686895486851 0.0069937147901921242 0.0035686237308741424 0.00015522188679069267 -0.0022824139545859568 0.0062454888641890654 0.00048176686498365242 0.001584553132279849 -0.00029528309245321465 0.00044628533234978874 -0.0020204984721309501 0.0071725728033083438 -0.00027816451144576564 0.0020010448869338818 -0.0013642929659799063 0.00079928454768720683 5.5935942201503787e-05 0.0013293917576955967 -0.0011215927085017395 0.0012370726017756765 -0.00014382379658555821 0.00045100957463939563 -0.0013640500632645875 -0.0024563552057741476 0.0050746416616939015 -0.0014438213664630063 0.0054017398408797114
leaf_weight=8365 3261 4804 2828 4553 2237 6773 6741 4465 2094 95393 1629 49103 3457 8089 2251 501761 7945 8790 117111 2222 1622 14234 43804 510421 119204 16970 7437 2177 2918 1812
leaf_count=8365 3261 4804 2828 4553 2237 6773 6741 4465 2094 95393 1629 49103 3457 8089 2251 501761 7945 8790 117111 2222 1622 14234 43804 510421 119204 16970 7437 2177 2918 1812
internal_value=-9.8399e-06 0.000461835 0.000591446 0.000362091 0.00194465 0.00260452 0.00186871 0.00049803 0.00310306 0.000357738 -0.00211786 -5.43108e-05 -0.000192298 6.53861e-05 0.000473134 -0.000223422 -6.09622e-05 0.000383355 0.000648038 0.00304124 0.00474487 -3.33937e-05 0.000658416 -0.000110873 -0.000197243 0.00022465 -0.000310073 0.0017676 0.000878003 0.00216444
internal_weight=1.56447e+06 134778 128345 109766 18579 15751 13514 105213 5355 99858 6433 1.42969e+06 664101 765592 181099 653737 584493 175004 125901 6095 3873 576404 58038 518366 645372 136174 509198 10364 8187 5269
internal_count=1564471 134778 128345 109766 18579 15751 13514 105213 5355 99858 6433 1429693 664101 765592 181099 653737 584493 175004 125901 6095 3873 576404 58038 518366 645372 136174 509198 10364 8187 5269
is_linear=0
shrinkage=0.01


Tree=245
num_leaves=25
num_cat=0
split_feature=30 79 61 57 76 43 36 57 23 31 3 43 58 80 7 71 43 62 2 21 82 1 71 80
split_gain=270.866 325.034 246.107 377.941 307.367 294.975 223.326 450.827 226.668 228.21 179.454 304.472 402.36 675.841 321.744 366.376 321.183 193.158 391.866 663.241 386.033 362.574 325.432 160.846
threshold=0.73437500000000011 0.0064335167407989511 -0.0056324005126953116 0.021980285644531253 0.020038872957229618 -0.38110351562499994 0.11871337890625001 0.020378112792968753 0.26513671875000006 0.081878662109375014 -1.3242187499999998 -0.50036621093749989 0.066070556640625014 0.0030259713530540471 0.019706726074218753 0.33180913329124456 0.11605834960937501 -0.0082969665527343733 -0.0021381378173828121 0.091827392578125014 0.072632685303688063 0.048812866210937507 0.28965362906455999 0.00266631692647934
decision_type=2 2 2 2 2 2 2 2 2 2 2 2 2 2 2 2 2 2 2 2 2 2 2 2
left_child=6 -2 -3 4 5 -4 10 8 9 23 11 12 13 -1 15 -13 -16 21 20 -20 -19 -12 -23 -8
right_child=1 2 3 -5 -6 -7 7 -9 -10 -11 17 14 -14 -15 16 -17 -18 18 19 -21 -22 22 -24 -25
leaf_value=-0.00043779085652382921 0.0044960837186860643 -0.0031545749214777338 -0.0012270615059891967 0.0045529238514490636 -0.0036770074116404352 0.0016114067380137605 -0.0049848351522123434 0.0048215652257983131 0.0033022948502768705 0.0016329662673606666 0.0046252490007520526 -0.0010659281973518493 -0.0027648429273288136 0.0052751105579761813 -0.0017097460414027118 -0.0054633064268828626 0.0031047579194001004 -0.0001375359351398572 0.00050440670680857271 0.0038530547838761084 0.00098335733116203814 -0.00082117920405822995 -4.3312288594603057e-05 -0.00037421183238132934
leaf_weight=5029 2400 1569 5043 2518 1632 13225 1513 2849 1623 2001 1617 35946 2325 3497 2255 1982 3533 261597 98371 6274 34794 56778 1013486 1501
leaf_count=5029 2400 1569 5043 2518 1632 13225 1513 2849 1623 2001 1617 35946 2325 3497 2255 1982 3533 261597 98371 6274 34794 56778 1013486 1501
internal_value=-1.45919e-06 0.00100274 0.000649759 0.000918592 0.000454621 0.000827344 -1.87122e-05 0.00150921 7.73456e-05 -0.000975314 -2.82216e-05 -0.00059125 0.000906872 0.00191226 -0.000963352 -0.00129848 0.0012296 -7.35537e-06 0.000179858 0.000705873 -5.8943e-06 -7.74018e-05 -8.45931e-05 -0.0027063
internal_weight=1.56336e+06 26387 23987 22418 19900 18268 1.53697e+06 9487 6638 5015 1.52748e+06 54567 10851 8526 43716 37928 5788 1.47292e+06 401036 104645 296391 1.07188e+06 1.07026e+06 3014
internal_count=1563358 26387 23987 22418 19900 18268 1536971 9487 6638 5015 1527484 54567 10851 8526 43716 37928 5788 1472917 401036 104645 296391 1071881 1070264 3014
is_linear=0
shrinkage=0.01


Tree=246
num_leaves=31
num_cat=0
split_feature=77 18 68 76 58 22 8 82 0 41 62 81 8 16 8 30 31 7 46 11 0 16 81 70 58 37 62 7 31 3
split_gain=279.028 361.272 516.769 538.002 465.658 347.844 347.503 341.813 321.511 408.286 407.594 321.245 304.761 298.324 291.511 382.248 700.037 376.576 309.753 591.41 301.625 292.428 406.782 270.542 370.01 263.561 395.725 244.296 210.625 269.786
threshold=0.014881875365972521 1.2104492187500002 0.017124176025390628 0.030052371323108677 0.059585571289062507 -0.00057315826416015614 -1.2182617187499998 -0.060672551393508904 0.32812500000000006 0.041992187500000007 -0.0096549987792968733 0.00088281731586903345 -0.88159179687499989 0.084442138671875014 1.5209960937500002 0.42187500000000006 0.077667236328125014 0.025459289550781253 0.36975097656250006 0.055313110351562507 0.29687500000000006 0.057189941406250007 0.00079168484080582868 0.69246697425842296 0.068328857421875014 -0.028495788574218747 -0.0080528259277343733 -0.0032148361206054683 0.057189941406250007 -0.45092773437499994
decision_type=2 2 2 2 2 2 2 2 2 2 2 2 2 2 2 2 2 2 2 2 2 2 2 2 2 2 2 2 2 2
left_child=14 2 3 13 7 -5 -3 11 10 -10 -6 -4 -8 -2 17 16 28 18 25 -20 -19 -22 -23 24 -14 26 -1 -27 -16 -30
right_child=1 6 4 5 8 -7 12 -9 9 -11 -12 -13 23 -15 15 -17 -18 20 19 -21 21 22 -24 -25 -26 27 -28 -29 29 -31
leaf_value=0.00070804862666182732 0.0049039676684444235 -0.0027400628126934374 0.004879434319222031 0.00094742913069162827 -0.0020462248017066795 -0.0033890325402460477 0.0053845108880246975 0.0069855603434892926 0.0034805782975747147 0.00053280702442375181 8.1744422893536211e-05 4.5196272135998546e-06 0.0011740134784768328 -0.00058735849350077232 -0.004069050117691546 -0.0025168232095614251 0.0043772659924709136 -0.00081566672318885943 0.0022932355665089038 -0.0031826904548224438 0.0047315035721941711 0.0061390259073848749 0.00073045922346589643 -0.0025826613186877602 0.0049980373145355949 0.00013531424741542245 0.005734776702695136 -0.00014932025499925198 0.0026065348230657126 -0.0018193209649612506
leaf_weight=14921 1632 1815 2050 2270 9829 9795 2117 1525 4945 87964 104546 3896 17431 2457 2090 10695 2860 5322 2650 7558 3002 1538 13023 1548 2945 522513 1731 712950 1996 4329
leaf_count=14921 1632 1815 2050 2270 9829 9795 2117 1525 4945 87964 104546 3896 17431 2457 2090 10695 2860 5322 2650 7558 3002 1538 13023 1548 2945 522513 1731 712950 1996 4329
internal_value=3.64796e-05 0.000337845 0.000212262 -0.00151152 0.000342055 -0.00257292 0.00145834 0.00279146 0.000253512 0.000690415 -0.000101452 0.00169597 0.00177732 0.00161754 -2.27209e-05 -0.00116436 0.000120706 -3.18725e-06 -2.62446e-05 -0.00175943 0.00126755 0.00189903 0.00130937 0.00142441 0.00173107 -1.20867e-05 0.00123684 -2.89399e-05 -0.00133292 -0.000418826
internal_weight=1.56394e+06 256765 230909 16154 214755 12065 25856 7471 207284 92909 114375 5946 24041 4089 1.30718e+06 21970 11275 1.28521e+06 1.26232e+06 10208 22885 17563 14561 21924 20376 1.25212e+06 16652 1.23546e+06 8415 6325
internal_count=1563943 256765 230909 16154 214755 12065 25856 7471 207284 92909 114375 5946 24041 4089 1307178 21970 11275 1285208 1262323 10208 22885 17563 14561 21924 20376 1252115 16652 1235463 8415 6325
is_linear=0
shrinkage=0.01


Tree=247
num_leaves=31
num_cat=0
split_feature=72 43 50 83 7 79 83 47 46 59 21 46 21 59 10 77 33 31 62 38 78 33 78 8 18 46 2 1 41 28
split_gain=244.108 336.747 330.973 358.019 830.508 612.185 530.158 762.958 620.911 317.546 337.24 499.642 433.093 334.033 723.969 419.046 270.953 527.449 445.005 414.023 304.856 368.674 421.19 379.757 333.345 328.112 269.254 272.645 268.777 258.357
threshold=-0.17163336277008054 1.7880859375000002 0.034072875976562507 -0.86704635620117176 -0.011661529541015623 0.003350361250340939 -0.60033833980560292 0.23602294921875003 0.31481933593750006 -0.0089607238769531233 0.078460693359375014 0.28967285156250006 0.068908691406250014 -1.0000000180025095e-35 0.26562500000000006 0.0074700266122818002 0.44067382812500006 0.083709716796875014 -0.0083045959472656233 0.63500976562500011 0.0043384032323956498 0.69580078125000011 0.003883491270244122 -1.0405273437499998 0.25683593750000006 0.31921386718750006 0.028030395507812503 0.096099853515625014 0.074005126953125014 -1.0600585937499998
decision_type=2 2 2 2 2 2 2 2 2 2 2 2 2 2 2 2 2 2 2 2 2 2 2 2 2 2 2 2 2 2
left_child=16 2 3 4 5 -2 7 -5 -8 10 12 -12 -4 14 -11 -15 17 26 -19 -20 21 25 23 -23 29 -18 27 28 -1 -22
right_child=1 -3 9 6 -6 -7 8 -9 -10 13 11 -13 -14 15 -16 -17 20 18 19 -21 24 22 -24 -25 -26 -27 -28 -29 -30 -31
leaf_value=-0.0030246938305136602 -0.0011022052573784822 -0.0018092120137594573 -0.00026270815368072283 0.0044083299951088806 -0.0005868070359129838 0.0042381751067675508 -0.00021092986559731274 -0.0017370845450347184 0.0059607264984433894 0.0050914542473182479 0.0028739183564215425 -0.00026911043392287363 -0.0018668179251639203 -0.0025630309624201015 0.00052108283505961019 4.1741870862034489e-05 -0.0040533399641048259 -0.0010720181819465426 0.0085376092295991173 0.001761160369265665 0.00040726946545799922 0.0029699606793850181 0.0043238061567898731 -0.00081504893185769753 -0.0049608643832607163 0.00040811203288319451 -0.0037841340859510585 0.0032571609514092464 1.3766192587964924e-05 -0.0028568878382478364
leaf_weight=3382 3049 9770 41536 9752 35337 7176 15690 2535 1799 3760 6158 27880 28287 6187 41804 1244912 4717 1780 1724 1894 4489 3019 2096 20739 3469 2523 2143 2179 20182 5242
leaf_count=3382 3049 9770 41536 9752 35337 7176 15690 2535 1799 3760 6158 27880 28287 6187 41804 1244912 4717 1780 1724 1894 4489 3019 2096 20739 3469 2523 2143 2179 20182 5242
internal_value=1.04075e-05 3.93137e-05 5.1575e-05 0.000697156 0.000139693 0.00264668 0.0015495 0.00313967 0.000429999 1.6838e-05 -0.000515149 0.000300866 -0.000912921 5.94567e-05 0.000900304 2.88198e-05 -0.000529112 0.00015903 0.00301418 0.00501937 -0.00102372 -0.000510586 4.85152e-05 -0.000331983 -0.00230749 -0.00250177 -0.000395416 -0.000110601 -0.000424521 -0.00135336
internal_weight=1.56521e+06 1.48563e+06 1.47586e+06 75338 45562 10225 29776 12287 17489 1.40052e+06 103861 34038 69823 1.29666e+06 45564 1.2511e+06 79578 33284 5398 3618 46294 33094 25854 23758 13200 7240 27886 25743 23564 9731
internal_count=1565210 1485632 1475862 75338 45562 10225 29776 12287 17489 1400524 103861 34038 69823 1296663 45564 1251099 79578 33284 5398 3618 46294 33094 25854 23758 13200 7240 27886 25743 23564 9731
is_linear=0
shrinkage=0.01


Tree=248
num_leaves=25
num_cat=0
split_feature=26 75 61 74 12 46 46 33 20 31 45 46 57 3 60 81 57 71 62 31 61 17 21 46
split_gain=361.483 351.698 463.639 427.863 338.983 411.938 672.28 429.401 334.357 330.434 366.515 328.95 328.425 325.25 271.308 194.224 187.646 187.516 166.057 154.819 153.975 147.035 109.371 77.0227
threshold=0.038543701171875007 -0.013919301331043242 -0.0076999664306640616 -0.025176554918289181 0.033340454101562507 0.28588867187500006 0.26916503906250006 -0.16510009765624997 0.60937500000000011 0.067047119140625014 1.3281250000000002 0.23126220703125003 0.024467468261718753 -1.2578124999999998 -0.0030317306518554683 0.00050287088379263889 0.026161193847656253 0.31218869984149938 -0.0085487365722656233 0.085296630859375014 -0.0056209564208984366 0.0047492980957031259 0.087615966796875014 0.32702636718750006
decision_type=2 2 2 2 2 2 2 2 2 2 2 2 2 2 2 2 2 2 2 2 2 2 2 2
left_child=15 3 9 4 12 6 -6 -7 11 10 16 19 13 -2 -13 18 -3 -14 -1 -4 -20 -10 23 -17
right_child=1 2 8 -5 5 7 -8 -9 21 -11 -12 14 17 -15 -16 22 -18 -19 20 -21 -22 -23 -24 -25
leaf_value=0.0020901957811436554 -0.00085697956320651171 0.0026211323339619531 -0.00062799553689562172 0.0038091418873819768 -0.00028390790484685951 0.0037462542295329518 0.0084212606581972865 -0.0023598426121001796 -0.00096045554776718679 0.006631208102260016 0.0055037434585816771 0.00051178747820969958 -0.0030547282179759654 -3.0723743905378301e-05 -0.00021266640279558522 -0.0052892043991649854 -0.0015615562485727479 -0.00081149292608984416 -0.0037686090661913775 -0.0051050258378125849 6.0049013026709703e-05 -0.0051745535071992931 -0.0012386673430294516 -0.0023888588833671084
leaf_weight=1794 49629 1763 1503 2826 1613 1866 1948 2938 1835 1675 1736 206127 4709 1178540 68983 2105 2672 17703 1763 1583 2555 1506 2308 1710
leaf_count=1794 49629 1763 1503 2826 1613 1866 1948 2938 1835 1675 1736 206127 4709 1178540 68983 2105 2672 17703 1763 1583 2555 1506 2308 1710
internal_value=-5.24138e-06 8.27416e-06 0.000322682 -6.38383e-05 -7.25924e-05 0.00193136 0.00449858 1.76246e-05 0.00025576 0.00271729 0.00163695 0.000293617 -8.60273e-05 -6.41253e-05 0.000330131 -0.00171596 0.000105448 -0.00128512 -0.000452249 -0.00294263 -0.00151332 -0.0028795 -0.00297182 -0.00400842
internal_weight=1.56339e+06 1.55116e+06 289383 1.26177e+06 1.25895e+06 8365 3561 4804 281537 7846 6171 278196 1.25058e+06 1.22817e+06 275110 12235 4435 22412 6112 3086 4318 3341 6123 3815
internal_count=1563390 1551155 289383 1261772 1258946 8365 3561 4804 281537 7846 6171 278196 1250581 1228169 275110 12235 4435 22412 6112 3086 4318 3341 6123 3815
is_linear=0
shrinkage=0.01


Tree=249
num_leaves=29
num_cat=0
split_feature=30 45 72 78 16 68 21 73 56 43 26 78 0 0 38 33 23 46 43 23 68 61 1 2 6 41 43 21
split_gain=222.097 560.828 327.118 286.781 383.893 273.826 422.273 241.643 298.05 211.358 203.08 238.654 375.12 294.075 188.572 301.813 249.946 305.328 238.706 196.608 669.086 517.895 364.567 242.519 496.864 163.667 140.03 135.087
threshold=0.73437500000000011 2.3281250000000004 -0.054820567369461053 0.01737872883677483 0.067840576171875014 0.019550323486328128 0.077301025390625014 -0.063018918037414537 0.040695190429687507 -0.72363281249999989 0.038543701171875007 0.0013998965732753279 0.39062500000000006 0.32812500000000006 -1.4086914062499998 1.2846679687500002 0.96337890625000011 0.29675292968750006 0.56860351562500011 -1.1801757812499998 0.020915985107421878 -0.0047893524169921866 0.061553955078125007 0.022590637207031253 0.059280395507812507 0.12072753906250001 0.19995117187500003 0.075439453125000014
decision_type=2 2 2 2 2 2 2 2 2 2 2 2 2 2 2 2 2 2 2 2 2 2 2 2 2 2 2 2
left_child=10 3 7 4 -2 6 -6 8 9 -3 11 -1 13 26 15 16 18 -18 -12 20 22 -22 -16 25 -25 -21 -13 -14
right_child=1 2 -4 -5 5 -7 -8 -9 -10 -11 14 12 27 -15 19 -17 17 -19 -20 23 21 -23 -24 24 -26 -27 -28 -29
leaf_value=-0.0037318435942671861 -0.00043201047730085534 0.002618670055159816 0.0031569017818970065 -0.00059807181626978054 -4.6291860819421273e-05 0.0086372319841355495 0.0066635357133020155 -0.0039162745942371057 0.0038613604585403687 -0.0012789905657118741 0.0017639877989492219 -0.0029000251972252371 -0.0050785291965214198 0.0040573448231231131 -0.0027045639150816464 -0.0026400978282111348 -0.0048869927628908145 0.0003537182046827987 -5.6590993127028842e-05 1.4955922788546995e-06 -0.0018614427390816818 5.6317443292876436e-05 0.0014274970372358878 -0.00099955832415551753 0.00092266896287185513 -0.0017210872679287012 0.0012772518238600564 -0.0012796537449141292
leaf_weight=2968 1568 1600 2618 1755 1688 1602 2090 1960 1591 9869 23801 1502 1574 2170 2372 2557 1502 4115 10321 1311580 33294 24390 19970 16719 68398 5519 1680 2314
leaf_count=2968 1568 1600 2618 1755 1688 1602 2090 1960 1591 9869 23801 1502 1574 2170 2372 2557 1502 4115 10321 1311580 33294 24390 19970 16719 68398 5519 1680 2314
internal_value=2.42792e-05 0.000934396 -9.12537e-05 0.00300848 0.00391856 0.00518344 0.00368115 -0.000660855 -0.000167052 -0.00073163 8.6671e-06 -0.00127491 -0.000479353 0.00123661 1.89621e-05 0.000677187 0.000891858 -0.00106003 0.0012136 1.70705e-07 -0.000481861 -0.00105084 0.000986779 2.76873e-05 0.000544952 -5.74852e-06 -0.000700347 -0.00283569
internal_weight=1.56309e+06 26341 17638 8703 6948 5380 3778 15020 13060 11469 1.53675e+06 12208 9240 5352 1.52454e+06 42296 39739 5617 34122 1.48224e+06 80026 57684 22342 1.40222e+06 85117 1.3171e+06 3182 3888
internal_count=1563087 26341 17638 8703 6948 5380 3778 15020 13060 11469 1536746 12208 9240 5352 1524538 42296 39739 5617 34122 1482242 80026 57684 22342 1402216 85117 1317099 3182 3888
is_linear=0
shrinkage=0.01


end of trees

feature_importances:
Column_62=211
Column_83=210
Column_33=193
Column_1=165
Column_18=165
Column_48=160
Column_74=160
Column_43=157
Column_57=154
Column_61=151
Column_23=148
Column_60=148
Column_8=146
Column_21=143
Column_38=141
Column_41=141
Column_16=137
Column_31=136
Column_6=135
Column_59=134
Column_3=133
Column_36=130
Column_72=126
Column_73=114
Column_64=111
Column_13=104
Column_79=100
Column_30=99
Column_46=99
Column_58=99
Column_76=99
Column_55=98
Column_68=98
Column_7=95
Column_77=95
Column_75=94
Column_82=92
Column_51=88
Column_78=88
Column_11=87
Column_65=87
Column_2=86
Column_70=86
Column_50=81
Column_52=81
Column_5=78
Column_32=78
Column_10=77
Column_47=76
Column_22=74
Column_45=74
Column_54=74
Column_81=72
Column_15=70
Column_17=70
Column_69=70
Column_0=69
Column_26=66
Column_56=64
Column_80=64
Column_28=62
Column_12=61
Column_42=61
Column_20=60
Column_71=57
Column_25=56
Column_37=51
Column_63=47
Column_40=38
Column_35=35
Column_27=24
Column_53=16
Column_66=15
Column_67=12

parameters:
[boosting: gbdt]
[objective: regression]
[metric: l2]
[tree_learner: serial]
[device_type: cpu]
[data_sample_strategy: bagging]
[data: ]
[valid: ]
[num_iterations: 10000]
[learning_rate: 0.01]
[num_leaves: 31]
[num_threads: 0]
[seed: 2020]
[deterministic: 0]
[force_col_wise: 1]
[force_row_wise: 0]
[histogram_pool_size: -1]
[max_depth: 6]
[min_data_in_leaf: 1500]
[min_sum_hessian_in_leaf: 0.001]
[bagging_fraction: 0.8]
[pos_bagging_fraction: 1]
[neg_bagging_fraction: 1]
[bagging_freq: 1]
[bagging_seed: 27084]
[bagging_by_query: 0]
[feature_fraction: 0.85]
[feature_fraction_bynode: 1]
[feature_fraction_seed: 15386]
[extra_trees: 0]
[extra_seed: 13935]
[early_stopping_round: 0]
[early_stopping_min_delta: 0]
[first_metric_only: 0]
[max_delta_step: 0]
[lambda_l1: 0]
[lambda_l2: 20]
[linear_lambda: 0]
[min_gain_to_split: 0]
[drop_rate: 0.1]
[max_drop: 50]
[skip_drop: 0.5]
[xgboost_dart_mode: 0]
[uniform_drop: 0]
[drop_seed: 29296]
[top_rate: 0.2]
[other_rate: 0.1]
[min_data_per_group: 100]
[max_cat_threshold: 32]
[cat_l2: 10]
[cat_smooth: 10]
[max_cat_to_onehot: 4]
[top_k: 20]
[monotone_constraints: ]
[monotone_constraints_method: basic]
[monotone_penalty: 0]
[feature_contri: ]
[forcedsplits_filename: ]
[refit_decay_rate: 0.9]
[cegb_tradeoff: 1]
[cegb_penalty_split: 0]
[cegb_penalty_feature_lazy: ]
[cegb_penalty_feature_coupled: ]
[path_smooth: 0]
[interaction_constraints: ]
[verbosity: -1]
[saved_feature_importance_type: 0]
[use_quantized_grad: 0]
[num_grad_quant_bins: 4]
[quant_train_renew_leaf: 0]
[stochastic_rounding: 1]
[linear_tree: 0]
[max_bin: 255]
[max_bin_by_feature: ]
[min_data_in_bin: 3]
[bin_construct_sample_cnt: 200000]
[data_random_seed: 6635]
[is_enable_sparse: 1]
[enable_bundle: 1]
[use_missing: 1]
[zero_as_missing: 0]
[feature_pre_filter: 1]
[pre_partition: 0]
[two_round: 0]
[header: 0]
[label_column: ]
[weight_column: ]
[group_column: ]
[ignore_column: ]
[categorical_feature: ]
[forcedbins_filename: ]
[precise_float_parser: 0]
[parser_config_file: ]
[objective_seed: 3847]
[num_class: 1]
[is_unbalance: 0]
[scale_pos_weight: 1]
[sigmoid: 1]
[boost_from_average: 1]
[reg_sqrt: 0]
[alpha: 0.9]
[fair_c: 1]
[poisson_max_delta_step: 0.7]
[tweedie_variance_power: 1.5]
[lambdarank_truncation_level: 30]
[lambdarank_norm: 1]
[label_gain: ]
[lambdarank_position_bias_regularization: 0]
[eval_at: ]
[multi_error_top_k: 1]
[auc_mu_weights: ]
[num_machines: 1]
[local_listen_port: 12400]
[time_out: 120]
[machine_list_filename: ]
[machines: ]
[gpu_platform_id: -1]
[gpu_device_id: -1]
[gpu_use_dp: 0]
[num_gpu: 1]

end of parameters

pandas_categorical:null
