tree
version=v4
num_class=1
num_tree_per_iteration=1
label_index=0
max_feature_idx=91
objective=regression
feature_names=Column_0 Column_1 Column_2 Column_3 Column_4 Column_5 Column_6 Column_7 Column_8 Column_9 Column_10 Column_11 Column_12 Column_13 Column_14 Column_15 Column_16 Column_17 Column_18 Column_19 Column_20 Column_21 Column_22 Column_23 Column_24 Column_25 Column_26 Column_27 Column_28 Column_29 Column_30 Column_31 Column_32 Column_33 Column_34 Column_35 Column_36 Column_37 Column_38 Column_39 Column_40 Column_41 Column_42 Column_43 Column_44 Column_45 Column_46 Column_47 Column_48 Column_49 Column_50 Column_51 Column_52 Column_53 Column_54 Column_55 Column_56 Column_57 Column_58 Column_59 Column_60 Column_61 Column_62 Column_63 Column_64 Column_65 Column_66 Column_67 Column_68 Column_69 Column_70 Column_71 Column_72 Column_73 Column_74 Column_75 Column_76 Column_77 Column_78 Column_79 Column_80 Column_81 Column_82 Column_83 Column_84 Column_85 Column_86 Column_87 Column_88 Column_89 Column_90 Column_91
feature_infos=[0.03125:0.90625] [0.0081939697265625:0.1817626953125] [-0.0687255859375:0.10491943359375] [-3.05859375:4.328125] none [0.03125:0.9375] [0.008331298828125:0.162109375] [-0.068603515625:0.08526611328125] [-2.94140625:3.54296875] none [0.03125:0.90625] [0.00757598876953125:0.15576171875] [-0.0693359375:0.07879638671875] [-2.990234375:3.380859375] none [0.03125:0.90625] [0.0081329345703125:0.1680908203125] [-0.06878662109375:0.09124755859375] [-2.962890625:3.8203125] none [0:0.9375] [0:0.16943359375] [-0.076904296875:0.09259033203125] [-3.0859375:3.7734375] none [0.03125:0.90625] [0.00839996337890625:0.15576171875] [-0.06854248046875:0.07879638671875] [-2.810546875:3.31640625] none [0.03125:0.9375] [0.0081329345703125:0.15966796875] [-0.06878662109375:0.082763671875] [-2.880859375:3.38671875] none [0.03125:0.90625] [0.00719451904296875:0.177001953125] [-0.0697021484375:0.10009765625] [-3.123046875:4.15625] none [0.03125:0.9375] [0.006710052490234375:0.163818359375] [-0.0701904296875:0.08685302734375] [-3.216796875:3.63671875] none [0.65625:3.09375] [0.17724609375:0.4560546875] [0.10040283203125:0.379150390625] [4.20703125:18.3125] none [0.264404296875:0.68505859375] [0.264404296875:0.68505859375] [0.419921875:0.98095703125] [0.01922607421875:0.580078125] [0.00839996337890625:0.15576171875] [0.17724609375:0.4560546875] [0.247802734375:0.5322265625] [0.389892578125:0.6982421875] [1.8505859375:2.271484375] [0.1043701171875:0.36962890625] [-42:42] [-13.8046875:15.1640625] [-810:224] [-182.375:100.4375] [0.00240325927734375:0.0697021484375] [0.00799560546875:0.151611328125] [-13.40625:14.65625] [-166:96.5625] [0.00799560546875:0.151611328125] [0.1492919921875:0.51953125] [0.0809326171875:0.352294921875] [0.8857421875:2.197265625] [0.2430419921875:0.415283203125] [0.2222900390625:0.38818359375] [0.2489013671875:0.45166015625] [-0.09991455078125:0.01363372802734375] [0.010223388671875:0.034637451171875] [0.28593748807907104:0.63457554578781128] [0.61177963018417358:0.77777779102325439] [0.22239583730697632:0.3882203996181488] [-0.45865535736083984:0.25918149948120117] [-0.13475924730300903:0.036837309598922729] [-0.51809334754943848:0.20047420263290405] [-0.1619294285774231:0.02662910521030426] [0.014781869947910309:0.052802860736846924] [0.006345575675368309:0.022969767451286316] [0.00053862109780311584:0.023703709244728088] [0.0002134242095053196:0.010758571326732635] [0.00023327535018324852:0.0082235783338546753] [9.5812138170003891e-05:0.0035531818866729736] [-0.40997862815856934:0.80756855010986328] [-3.0902671813964844:1.6748695373535156]
tree_sizes=3048 2355 2849 2581 2578 2751 2255 3273 2741 2648 3164 3279 3153 2358 2866 3267 3075 2271 3065 3239 2248 3273 3053 3262 3130 2874 2654 3260 2658 3062 3287 2566 2858 2873 3279 2668 2258 3258 3261 3267 3251 1762 2773 2949 3247 3260 3053 2664 3143 2673 3258 3234 2657 3058 2579 3052 2465 3266 2760 3259 3270 2846 3172 3273 2249 1962 3242 2751 3259 3264 3260 2858 3265 2059 2837 3236 3169 3259 3041 2876 3247 2580 2549 3255 3250 2756 2758 3260 3237 2855 2971 3276 2243 3256 2860 2748 2737 3265 3260 2942 3154 3269 3251 2670 2551 2963 2459 3258 3276 3264 3255 2857 3249 2554 3268 2654 2466 3268 3261 2865 2976 2760 3259 2372 2072 3261 3247 2267 2860 3268 2982 3155 2862 3151 2172 3263 2474 3142 2472 1863 2958 3285 3267 2960 3257 2570 2474 2958 2559 2866 2663 2648 2042 3263 3077 2054 3258 2944 2865 2647 3055 2364 2465 2271 3271 3260 2776 3078 3260 3255 2953 2258 2469 3257 2565 3254 3259 3261 2441 2274 2866 1965 3286 3177 2764 3256 2461 2756 3265 2772 3022 3267 2751 2767 2466 2754 2162 2452 3260 2646 2856 2664 3260 2553 3155 3274 1269 2565 3250 2270 2754 3263 2664 2958 3266 2157 2854 2657 2949 3057 2958 1864 2262 3253 1863 1763 3071 2067 3248 3250 2845 3256 3261 2563 3255 2979 3150 2171 2268 2162 3257 2154 3254 2852 2860 2175 1863 2580 2464 3252 2956 1862 1957 2247 2831 2840 3248 3258 2469 2559 1684 2258 3260 3252 1780 2085 3159 3269 1861 2366 2944 3252 2367 2573 2874 2774 2456 1767 3265 1958 2157 1962 2357 3257 1689 3243 3264 3265 1872 3274 2959 2559 2866 3263 3152 2270 2571 3243 2274 2440

Tree=0
num_leaves=29
num_cat=0
split_feature=33 23 40 50 56 63 35 7 76 70 62 78 28 38 62 73 67 56 75 8 71 71 48 70 67 21 91 56
split_gain=152.418 135.111 193.249 201.017 187.707 166.015 270.12 149.351 223.395 127.043 130.841 125.387 124.849 120.272 117.159 115.652 109.695 123.738 107.336 179.944 128.237 123.419 114.323 105.66 95.6795 85.4784 68.2866 54.7335
threshold=-1.0019531249999998 -0.84790039062499989 0.60937500000000011 0.54467773437500011 0.33386230468750006 -121.40624999999999 0.60937500000000011 0.025459289550781253 0.021129608154296878 0.13079833984375003 -438.49999999999994 0.72089311480522167 1.0170898437500002 -1.1333007812499998 -428.49999999999994 0.29724121093750006 -52.703124999999993 0.35681152343750006 -0.049118041992187493 -0.24426269531249997 1.8569335937500002 1.6245117187500002 12.878906250000002 0.13983154296875003 -55.578124999999993 0.069244384765625014 -2.1021962165832515 0.32800292968750006
decision_type=2 2 2 2 2 2 2 2 2 2 2 2 2 2 2 2 2 2 2 2 2 2 2 2 2 2 2 2
left_child=16 2 7 -4 11 6 -6 13 -9 12 -11 24 -7 -2 -15 -5 17 26 19 21 23 -19 -21 -20 27 -13 -1 -3
right_child=1 4 3 15 5 9 -8 8 -10 10 -12 25 -14 14 -16 -17 -18 18 20 22 -22 -23 -24 -25 -26 -27 -28 -29
leaf_value=-0.00013940256384906369 0.0003784398964582838 -0.00062777999453464167 0.00082682691900153624 -8.2044328575147819e-05 -0.00013679466909872118 -7.6968724287751993e-05 0.00067759013899501542 0.00081817858270252298 -1.3021130830063371e-05 0.0001903254627546821 3.2870910158299533e-06 -0.00021409609390347006 0.00036782069974338887 0.00026114542675488312 -3.4275906023305032e-05 0.00039640520395587162 -0.00045234621105084949 -0.00010897449613836058 0.00016069215813510545 3.4410193446650799e-05 0.0003537898658802467 -0.00069975776211814221 -0.00028269506492741155 -0.00014028938468586794 -4.9263210268589764e-05 0.00030848027836000397 -0.00062827007919137167 -0.00027529357738106187
leaf_weight=5036 7665 9146 5545 8351 6574 239257 8105 5265 6353 34838 920881 5781 5720 13292 123403 9807 7502 5574 17004 36170 9794 7453 14159 27080 6787 5309 5315 7408
leaf_count=5036 7665 9146 5545 8351 6574 239257 8105 5265 6353 34838 920881 5781 5720 13292 123403 9807 7502 5574 17004 36170 9794 7453 14159 27080 6787 5309 5315 7408
internal_value=-5.8529e-06 3.2524e-06 8.015e-05 0.000331944 -7.80847e-06 -1.61146e-06 0.00031441 4.16982e-05 0.000367426 -5.50081e-06 1.01242e-05 -0.000225918 -6.64374e-05 1.52476e-05 -5.37971e-06 0.000177119 -0.000102136 -8.12055e-05 -5.32725e-05 -0.00013689 4.5126e-05 -0.000449729 -5.51843e-05 -2.40944e-05 -0.000350268 3.65926e-05 -0.000394034 -0.000472641
internal_weight=1.56457e+06 1.42949e+06 179681 23703 1.24981e+06 1.21538e+06 14679 155978 11618 1.2007e+06 955719 34431 244977 144360 136695 18158 135087 127585 117234 63356 53878 13027 50329 44084 23341 11090 10351 16554
internal_count=1564574 1429487 179681 23703 1249806 1215375 14679 155978 11618 1200696 955719 34431 244977 144360 136695 18158 135087 127585 117234 63356 53878 13027 50329 44084 23341 11090 10351 16554
is_linear=0
shrinkage=0.003


Tree=1
num_leaves=22
num_cat=0
split_feature=67 42 13 63 42 1 6 13 71 16 33 58 74 23 60 63 3 7 5 59 61
split_gain=156.103 142.083 147.195 133.35 118.189 144.918 144.272 136.116 132.701 154.168 92.8552 153.303 158.021 151.091 136.869 138.156 105.587 70.7721 132.423 83.8093 57.8231
threshold=-97.218749999999986 -0.035018920898437493 -0.30126953124999994 -42.109374999999993 0.016204833984375003 0.059616088867187507 0.10147094726562501 -0.94262695312499989 1.7075195312500002 0.078704833984375014 -1.2875976562499998 2.1103515625000004 0.37219238281250006 0.036422729492187507 21.500000000000004 -100.84374999999999 -0.070220947265624986 -0.0098991394042968733 0.23437500000000003 0.18762207031250003 -1.3852539062499998
decision_type=2 2 2 2 2 2 2 2 2 2 2 2 2 2 2 2 2 2 2 2 2
left_child=17 2 -2 -4 10 8 7 -7 20 -10 11 12 -3 -13 15 -12 -16 18 -1 -19 -6
right_child=1 4 3 -5 5 6 -8 -9 9 -11 14 13 -14 -15 16 -17 -18 19 -20 -21 -22
leaf_value=-4.0474957093810902e-05 0.0006817170612284266 0.00019523800503256863 -0.00024303741397686297 0.00036298993285912917 -0.00026456196772252447 -0.00027481193233807488 0.00036998754798546105 -1.5043453362174052e-05 -0.0003675564109315144 0.00017592373501037963 8.9281256044325988e-05 -0.00066121673739239037 -0.00040465305344087037 -0.00011820939696829524 3.1284165763278491e-05 1.0403472373467524e-06 0.00054041620680431743 -0.00030215850162135341 -0.00066275321636950519 9.9669174434466624e-05 -0.00068519531673221325
leaf_weight=5598 5348 16200 5799 7238 5579 20944 7606 132311 9237 9366 187325 7156 5118 12811 6848 1079054 7822 8774 6774 9787 6628
leaf_count=5598 5348 16200 5799 7238 5579 20944 7606 132311 9237 9366 187325 7156 5118 12811 6848 1079054 7822 8774 6774 9787 6628
internal_value=1.76558e-06 6.03114e-06 0.000267457 9.36243e-05 2.83912e-06 -6.67617e-05 -3.05909e-05 -5.06998e-05 -0.000254902 -9.44544e-05 1.2932e-05 -0.000126932 5e-05 -0.000315144 1.7449e-05 1.40991e-05 0.000304573 -0.000208885 -0.000383771 -9.08807e-05 -0.000496664
internal_weight=1.56332e+06 1.53239e+06 18385 13037 1.514e+06 191671 160861 153255 30810 18603 1.32233e+06 41285 21318 19967 1.28105e+06 1.26638e+06 14670 30933 12372 18561 12207
internal_count=1563323 1532390 18385 13037 1514005 191671 160861 153255 30810 18603 1322334 41285 21318 19967 1281049 1266379 14670 30933 12372 18561 12207
is_linear=0
shrinkage=0.003


Tree=2
num_leaves=27
num_cat=0
split_feature=74 1 40 77 75 43 10 67 66 59 21 86 21 41 59 63 21 7 90 43 83 2 47 38 76 76
split_gain=156.508 121.852 160.113 138.103 170.705 157.692 152.447 140.075 128.031 209.893 158.122 136.767 121.292 110.44 189.986 123.963 150.854 150.952 193.557 149.151 106.426 74.4081 95.2504 66.2033 73.539 51.9399
threshold=0.32434082031250006 0.10610961914062501 0.14062500000000003 0.43700873851776129 -0.026924133300781247 0.80004882812500011 0.64062500000000011 -31.398437499999996 -0.35034179687499994 0.23175048828125003 0.076324462890625014 0.0040531856939196595 0.095611572265625014 0.093078613281250014 0.21148681640625003 -34.624999999999993 0.084442138671875014 0.0028095245361328129 0.017843920737504963 0.64916992187500011 -0.065316632390022264 0.0027017593383789067 0.23846435546875003 0.20318603515625003 0.022281646728515628 0.020786285400390628
decision_type=2 2 2 2 2 2 2 2 2 2 2 2 2 2 2 2 2 2 2 2 2 2 2 2 2 2
left_child=13 2 -2 4 6 12 -4 -7 9 10 11 -3 -5 15 -15 16 17 19 -19 -1 -16 22 -22 24 25 -10
right_child=1 8 3 5 -6 7 -8 -9 23 -11 -12 -13 -14 14 20 -17 -18 18 -20 -21 21 -23 -24 -25 -26 -27
leaf_value=-0.00024897696695177845 0.00054076100188850092 -0.00026782700295226825 3.3012841782872786e-05 -1.2980489840209252e-05 0.00046192463154207884 -0.0001696230281672743 0.00031400933807600124 0.0002918216396626494 -0.00025061689359033275 0.00054803944327376985 -0.00053417050826477569 0.00039757577466352208 8.9104453101386441e-05 0.00022544784947233895 1.9403868228934328e-05 0.00035269393141985645 0.00029317845175136462 -0.00032621050361863406 0.0003820788382077113 0.00027479198963983973 -0.00015797751819589235 -0.00075486975386565634 -0.00058947199584522415 -0.00056352057943350267 -0.00044977005739790359 0.0001490726711238242
leaf_weight=50028 5018 5347 400087 757373 8941 77880 18068 6317 5888 5101 5864 5583 121460 6304 5802 6357 8606 5205 9984 5340 10883 5064 8016 6096 6694 5630
leaf_count=50028 5018 5347 400087 757373 8941 77880 18068 6317 5888 5101 5864 5583 121460 6304 5802 6357 8606 5205 9984 5340 10883 5064 8016 6096 6694 5630
internal_value=-2.63387e-06 6.08833e-06 1.11125e-05 9.16187e-06 5.4056e-05 -1.07518e-05 4.52266e-05 -0.000134697 -0.000145319 2.11471e-05 -0.000141188 7.25811e-05 1.1368e-06 -0.000105949 -0.000244936 -4.71123e-05 -7.96223e-05 -0.000125444 0.000138815 -0.000198057 -0.000344981 -0.000432921 -0.000343135 -0.000294732 -0.000202176 -5.56471e-05
internal_weight=1.56294e+06 1.44135e+06 1.39514e+06 1.39013e+06 427096 963030 418155 84197 46203 21895 16794 10930 878833 121589 36069 85520 79163 70557 15189 55368 29765 23963 18899 24308 18212 11518
internal_count=1562936 1441347 1395144 1390126 427096 963030 418155 84197 46203 21895 16794 10930 878833 121589 36069 85520 79163 70557 15189 55368 29765 23963 18899 24308 18212 11518
is_linear=0
shrinkage=0.003


Tree=3
num_leaves=24
num_cat=0
split_feature=33 41 17 65 7 41 91 59 23 23 86 2 48 12 46 91 63 80 82 46 80 31 62
split_gain=170.7 118.514 117.937 144.542 110.635 233.644 191.243 206.37 137.224 168.257 143.573 139.842 123.625 131.967 115.597 115.468 105.497 90.6738 97.5785 87.309 73.2073 84.3429 57.6177
threshold=-1.3242187499999998 0.041900634765625007 -0.0061073303222656241 0.061203002929687507 0.0073585510253906259 0.046401977539062507 -1.7158141136169431 0.19134521484375003 -0.24426269531249997 -0.13946533203124997 0.017603814601898197 -0.010585784912109373 13.621093750000002 -0.0038766860961914058 0.32824707031250006 -0.49590289592742914 -46.828124999999993 0.0046688672155141839 -0.045040443539619439 0.31042480468750006 -0.035415619611740105 0.046173095703125007 -132.49999999999997
decision_type=2 2 2 2 2 2 2 2 2 2 2 2 2 2 2 2 2 2 2 2 2 2 2
left_child=2 16 3 -1 5 22 7 -7 12 11 -11 -10 13 -6 -14 -8 -2 18 20 -18 21 -4 -3
right_child=1 4 17 -5 8 6 15 -9 9 10 -12 -13 14 -15 -16 -17 19 -19 -20 -21 -22 -23 -24
leaf_value=-0.00024478783924915211 -3.4997271372056829e-05 -0.00065069941535042259 -3.1370112807192698e-05 0.00032296768087962689 -3.3571128618325613e-05 -0.0003152090417226401 -3.2767083120536793e-05 0.00012402528313272087 -0.0005983596288639567 5.0040078928934503e-05 -0.00020223312638459624 -9.5995751175265821e-05 0.00045078361615718578 0.00014621145721322107 5.9963186236912626e-05 0.00010569057821731946 0.0001686296416994019 -0.00061421893844064673 0.00010504156863555206 0.00070845236790950585 -0.00059953726635853313 -0.00040436394354073012 -0.00020829739268962133
leaf_weight=7516 7099 5781 12120 8489 61152 10263 834699 136372 6731 210520 22371 18667 16541 91853 11590 57877 5599 5200 7716 5254 5039 9851 5069
leaf_count=7516 7099 5781 12120 8489 61152 10263 834699 136372 6731 210520 22371 18667 16541 91853 11590 57877 5599 5200 7716 5254 5039 9851 5069
internal_value=1.73704e-06 7.78003e-06 -0.000160855 5.64834e-05 4.85139e-06 -1.18746e-05 -7.28063e-06 9.30894e-05 4.4814e-05 4.10675e-07 2.57309e-05 -0.000230957 0.000108095 7.43822e-05 0.000290548 -2.37783e-05 0.000249398 -0.000247903 -0.000191443 0.000434043 -0.000276215 -0.000199681 -0.000447804
internal_weight=1.56337e+06 1.50744e+06 55931 16005 1.48949e+06 1.05006e+06 1.03921e+06 146635 439425 258289 232891 25398 181136 153005 28131 892576 17952 39926 34726 10853 27010 21971 10850
internal_count=1563369 1507438 55931 16005 1489486 1050061 1039211 146635 439425 258289 232891 25398 181136 153005 28131 892576 17952 39926 34726 10853 27010 21971 10850
is_linear=0
shrinkage=0.003


Tree=4
num_leaves=24
num_cat=0
split_feature=33 23 91 42 79 1 43 7 41 43 2 3 32 13 74 76 2 13 62 81 33 2 35
split_gain=247.799 174.392 174.353 180.108 191.28 190.104 171.69 166.44 140.389 142.442 135.056 141.003 115.521 126.572 105.545 107.953 100.612 95.3544 83.9862 108.321 162.742 69.8658 70.7956
threshold=-1.3242187499999998 -0.89453124999999989 -2.0191307067871089 0.017021179199218753 0.29347202181816107 0.066528320312500014 1.3911132812500002 0.027442932128906253 0.041900634765625007 -0.98022460937499989 0.026046752929687503 0.96948242187500011 -0.030517578124999997 -0.40551757812499994 0.36022949218750006 0.022464752197265628 0.0093879699707031267 -0.28674316406249994 -354.49999999999994 -0.0057152798399329177 -1.6542968749999998 -0.00067090988159179677 0.60937500000000011
decision_type=2 2 2 2 2 2 2 2 2 2 2 2 2 2 2 2 2 2 2 2 2 2 2
left_child=12 6 21 8 16 -6 7 10 17 -10 11 -2 13 -1 15 -14 -5 -4 -15 -20 -21 22 -3
right_child=1 2 3 4 5 -7 -8 -9 9 -11 -12 -13 14 18 -16 -17 -18 -19 19 20 -22 -23 -24
leaf_value=0.00021304587671558886 4.4858316769775927e-05 -1.4990458193440246e-05 0.00061389313513790565 -0.00020193943910025582 -0.00023330037405827487 3.7061386213686428e-05 0.00053935933364090722 0.00046263833060514626 -0.00010957828493593771 3.7329567650091999e-06 -0.00029090280767123827 0.00042247629881880127 -0.00086969560262578692 4.9885908583118404e-05 -0.00012842800507521755 -0.00030174037052748781 -0.00054714916599124563 0.00011687061586904142 -0.00065000400836343877 -0.00054916210240982147 0.00016432493387668273 0.00057744084446520233 0.00043745402563899244
leaf_weight=8829 133809 7949 5002 30282 34075 74219 7238 9073 110293 1045116 9883 9437 5413 8091 9148 7016 10158 11090 5809 5015 6499 5038 5009
leaf_count=8829 133809 7949 5002 30282 34075 74219 7238 9073 110293 1045116 9883 9437 5413 8091 9148 7016 10158 11090 5809 5015 6499 5038 5009
internal_value=-7.47702e-06 -2.03564e-07 -1.16866e-05 -1.56943e-05 -0.000113997 -4.81454e-05 9.04424e-05 7.00902e-05 -3.20507e-06 -7.09205e-06 4.65448e-05 7.0013e-05 -0.000203578 -9.47662e-05 -0.00037503 -0.00055406 -0.000289787 0.000274201 -0.000202118 -0.000319432 -0.000148492 0.000280791 0.000161916
internal_weight=1.56349e+06 1.50767e+06 1.33823e+06 1.32024e+06 148734 108294 169440 162202 1.1715e+06 1.15541e+06 153129 143246 55820 34243 21577 12429 40440 16092 25414 17323 11514 17996 12958
internal_count=1563491 1507671 1338231 1320235 148734 108294 169440 162202 1171501 1155409 153129 143246 55820 34243 21577 12429 40440 16092 25414 17323 11514 17996 12958
is_linear=0
shrinkage=0.003


Tree=5
num_leaves=26
num_cat=0
split_feature=8 33 60 23 11 2 59 41 23 2 48 80 2 80 58 45 91 63 62 91 48 7 80 41 75
split_gain=192.652 181.008 177.227 168.835 138.02 140.702 136.474 135.319 157.888 141.099 136.804 253.687 135.554 119.717 110.643 99.0715 174.839 90.2866 153.002 98.448 80.4659 68.5296 126.894 42.2065 29.7499
threshold=1.1069335937500002 -1.3242187499999998 21.500000000000004 1.0351562500000002 0.087432861328125014 0.0058975219726562509 0.20892333984375003 0.093078613281250014 1.1733398437500002 -0.013053894042968748 7.6972656250000009 -0.1148143708705902 0.030044555664062503 -0.041540242731571191 2.1064453125000004 1.2343750000000002 -2.1021962165832515 -77.281249999999986 -276.49999999999994 -1.1586015224456785 13.621093750000002 -0.0015630722045898435 -0.048506319522857659 0.067718505859375014 -0.047897338867187493
decision_type=2 2 2 2 2 2 2 2 2 2 2 2 2 2 2 2 2 2 2 2 2 2 2 2 2
left_child=1 15 7 4 13 6 -6 10 9 -9 11 -3 -12 17 -4 -1 20 18 -2 -19 -17 24 -23 -15 -18
right_child=3 2 14 -5 5 -7 -8 8 -10 -11 12 -13 -14 23 -16 16 21 19 -20 -21 -22 22 -24 -25 -26
leaf_value=0.0001627245082559826 6.500449543829563e-05 0.00056413977221883495 -2.0293516140183358e-05 0.00058755673979803223 0.00054099976628285587 0.00073970724347640162 -5.3211060030936896e-05 -0.00020928975305959109 -0.00046760223352740283 -9.6948290004712502e-06 1.0988852126906816e-05 -0.00017456603325686742 -0.00019432349642065601 -0.00042491683644316805 0.00051644282583082038 0.00023132538516423232 -0.00070686663047326453 0.00052535184169479065 -0.00050353238567771752 0.00011364933185298888 -0.00019259042415647115 -0.00055955523315950396 -3.1525822116329102e-05 -5.2743511906045561e-05 -0.00038044145145898795
leaf_weight=6486 21597 10509 5357 6662 5428 5180 9341 41905 8798 132239 1165129 6846 29579 5735 9606 7910 5880 6117 5202 33492 8011 6944 9818 5235 5177
leaf_count=6486 21597 10509 5357 6662 5428 5180 9341 41905 8798 132239 1165129 6846 29579 5735 9606 7910 5880 6117 5202 33492 8011 6944 9818 5235 5177
internal_value=4.33485e-06 -4.55373e-06 1.75632e-06 0.000129031 9.70743e-05 0.000318915 0.000167347 -1.73845e-06 -7.77687e-05 -5.78167e-05 9.7426e-06 0.000273413 5.88982e-06 3.95431e-05 0.000325423 -0.000181344 -0.000232619 8.75758e-05 -4.68168e-05 0.000178393 1.81521e-05 -0.000375688 -0.000252294 -0.000249393 -0.000558811
internal_weight=1.56418e+06 1.46019e+06 1.40997e+06 103989 97327 19949 14769 1.395e+06 182942 174144 1.21206e+06 17355 1.19471e+06 77378 14963 50226 43740 66408 26799 39609 15921 27819 16762 10970 11057
internal_count=1564183 1460194 1409968 103989 97327 19949 14769 1395005 182942 174144 1212063 17355 1194708 77378 14963 50226 43740 66408 26799 39609 15921 27819 16762 10970 11057
is_linear=0
shrinkage=0.003


Tree=6
num_leaves=21
num_cat=0
split_feature=33 40 30 60 65 8 47 91 58 7 40 22 81 71 87 21 59 80 48 46
split_gain=205.503 170.288 158.284 147.206 141.898 118.681 203.766 125.151 108.833 85.7018 135.628 118.765 102.717 96.0559 89.8684 72.9833 136.901 72.6692 62.6948 52.0065
threshold=-1.3242187499999998 0.14062500000000003 0.73437500000000011 21.500000000000004 0.042037963867187507 1.0864257812500002 0.22698974609375003 -1.670077323913574 2.1064453125000004 -0.0043201446533203116 0.35937500000000006 -0.0014176368713378904 -0.021386206150054928 1.6528320312500002 0.0017728144302964213 0.069244384765625014 0.25048828125000006 -0.024002172052860257 13.042968750000002 0.29553222656250006
decision_type=2 2 2 2 2 2 2 2 2 2 2 2 2 2 2 2 2 2 2 2
left_child=9 -2 3 5 15 7 -7 -3 -5 13 11 -11 18 -1 -15 -4 -17 -14 -12 -10
right_child=1 2 4 8 -6 6 -8 -9 19 10 12 -13 17 14 -16 16 -18 -19 -20 -21
leaf_value=-9.3910433434345422e-05 0.00051978098259264404 6.2735998479018123e-05 0.00067984093126196134 -4.8552717578101471e-05 -0.00011973229970491667 0.00021462714555750776 -5.9951969487765989e-05 -1.5178007804695806e-05 0.00024994744063798144 -0.00017982306810299461 0.00025731735615327388 0.00041926101009183572 -0.00053169519194976728 -0.00024397508849757451 -0.0008119563710453989 3.6260558102775876e-05 0.00064270832536813464 -0.00010387976348900996 -0.00020870290284700623 0.00068023380658728723
leaf_weight=8133 5872 221629 5100 5444 7112 60305 40663 1136824 5104 5006 5001 7094 9323 5114 5062 9071 5224 5850 5196 5291
leaf_count=8133 5872 221629 5100 5444 7112 60305 40663 1136824 5104 5006 5001 7094 9323 5114 5062 9071 5224 5850 5196 5291
internal_value=7.57532e-06 1.41959e-05 1.21845e-05 8.04791e-06 0.000241515 4.91591e-06 0.000104096 -2.46281e-06 0.000294792 -0.000171076 -8.84476e-05 0.000171966 -0.000212837 -0.000338778 -0.000531666 0.000373916 0.000260808 -0.00036851 2.01306e-05 0.000473356
internal_weight=1.56342e+06 1.50764e+06 1.50177e+06 1.47526e+06 26507 1.45942e+06 100968 1.35845e+06 15839 55779 37470 12100 25370 18309 10176 19395 14295 15173 10197 10395
internal_count=1563418 1507639 1501767 1475260 26507 1459421 100968 1358453 15839 55779 37470 12100 25370 18309 10176 19395 14295 15173 10197 10395
is_linear=0
shrinkage=0.003


Tree=7
num_leaves=31
num_cat=0
split_feature=41 23 2 79 26 88 73 86 87 69 12 30 23 87 46 84 65 3 41 85 87 2 60 3 15 84 59 16 75 84
split_gain=142.183 181.784 177.751 168.067 196.356 160.967 149.976 140.816 145.104 154.949 131.539 128.135 125.118 117.501 117.379 199.07 113.854 113.559 112.363 127.862 111.044 141.609 112.373 146.92 93.6921 83.9899 83.6842 78.2896 69.0169 78.5626
threshold=0.093078613281250014 -1.1840820312499998 -0.017303466796874997 0.29347202181816107 0.075225830078125014 0.0022708661854267125 0.29479980468750006 0.0026913685724139218 0.0012005539610981943 0.33679199218750006 0.0027408599853515629 0.73437500000000011 1.2680664062500002 0.0038767633959650998 0.34509277343750006 0.035619392991065986 0.037994384765625007 -0.14202880859374997 0.084014892578125014 0.014886014163494112 0.0014360784552991392 -0.015914916992187497 21.500000000000004 -0.055511474609374993 0.23437500000000003 0.035484552383422859 0.25524902343750006 0.068511962890625014 -0.039627075195312493 0.031864300370216377
decision_type=2 2 2 2 2 2 2 2 2 2 2 2 2 2 2 2 2 2 2 2 2 2 2 2 2 2 2 2 2 2
left_child=7 10 13 4 5 -4 -5 8 9 14 -2 20 -8 28 15 -1 -13 -6 19 -11 21 -9 24 -24 -22 -20 -18 -23 -3 -30
right_child=1 2 3 6 17 -7 12 11 -10 18 -12 16 -14 -15 -16 -17 26 -19 25 -21 22 27 23 -25 -26 -27 -28 -29 29 -31
leaf_value=0.00085943968653061798 0.00048526217297157069 -0.0004968506189035679 -0.00029793048766773309 0.00049631965707293453 -0.00012388184803438271 0.00025061394783847324 6.1254195544826888e-06 0.00026128009474228636 0.00053424197729483791 -0.00028426494978999362 -7.4594312748899096e-05 0.00041939497169751148 -0.00044766843023958617 -0.00060215209465693843 4.3833028625972739e-05 0.00012749358506071169 -0.00020834204050604365 -0.00053999831092850427 0.00041401884833784587 3.7470763013940142e-05 0.00020502205337928872 -0.00046217435396070128 -5.9912834434778447e-05 0.00050630869773718023 -4.1110920841379469e-06 -1.3050109844566637e-05 0.00026706493394980163 -0.00013232874736345229 9.2045864734946725e-05 -0.0002929286562620507
leaf_weight=6468 8585 5113 8324 5251 9507 11137 101634 5511 6669 13111 6642 12280 5679 8436 9097 6897 6890 15793 10733 70043 19513 10654 7553 8935 1134359 6703 6269 16586 9210 9717
leaf_count=6468 8585 5113 8324 5251 9507 11137 101634 5511 6669 13111 6642 12280 5679 8436 9097 6897 6890 15793 10733 70043 19513 10654 7553 8935 1134359 6703 6269 16586 9210 9717
internal_value=1.41483e-06 -7.22049e-05 -9.75394e-05 -5.57348e-05 -0.000211006 1.56629e-05 6.14122e-06 1.25321e-05 0.000106496 8.2899e-05 0.00024216 2.60264e-06 -1.82837e-05 -0.000299263 0.000307597 0.000485471 0.00021288 -0.000384737 3.24677e-05 -1.35382e-05 -1.86085e-06 -0.000173883 2.9674e-06 0.00024813 -5.57005e-07 0.000250701 1.84498e-05 -0.000262555 -0.00019092 -0.000106098
internal_weight=1.5633e+06 205028 189801 157325 44761 19461 112564 1.35827e+06 129721 123052 15227 1.22855e+06 107313 32476 22462 13365 25439 25300 100590 83154 1.20311e+06 32751 1.17036e+06 16488 1.15387e+06 17436 13159 27240 24040 18927
internal_count=1563299 205028 189801 157325 44761 19461 112564 1358271 129721 123052 15227 1228550 107313 32476 22462 13365 25439 25300 100590 83154 1203111 32751 1170360 16488 1153872 17436 13159 27240 24040 18927
is_linear=0
shrinkage=0.003


Tree=8
num_leaves=26
num_cat=0
split_feature=56 2 88 67 21 17 21 30 59 18 72 47 23 7 78 22 74 43 41 30 72 37 41 6 59
split_gain=180.459 152.096 161.987 176.417 189.777 151.439 132.493 122.906 224.405 114.188 112.06 173.416 122.097 131.277 119.866 119.425 103.491 96.1786 90.3806 102.398 78.5815 74.5586 74.2695 71.8972 65.4744
threshold=0.33386230468750006 0.029243469238281253 0.0026147523894906048 -40.171874999999993 0.076324462890625014 0.00077199935913085948 0.052734375000000007 0.73437500000000011 0.23870849609375003 -1.3989257812499998 0.32653808593750006 0.27673339843750006 -1.3491210937499998 0.011440277099609377 0.66933256387710582 -0.0064239501953124991 0.32434082031250006 -0.90942382812499989 0.072601318359375014 0.32812500000000006 0.29992675781250006 0.0057373046875000009 0.081024169921875014 0.075439453125000014 0.23492431640625003
decision_type=2 2 2 2 2 2 2 2 2 2 2 2 2 2 2 2 2 2 2 2 2 2 2 2 2
left_child=5 7 3 4 -3 6 -1 10 -9 -8 11 16 13 -12 -14 -13 -2 -4 -19 -20 -7 22 -11 -10 -23
right_child=1 2 17 -5 -6 20 9 8 23 21 12 15 14 -15 -16 -17 -18 18 19 -21 -22 24 -24 -25 -26
leaf_value=7.9909534885417842e-05 -7.4967043468612271e-05 0.00013289812473381093 -0.00067839335233246508 0.0003767137099613152 -0.00061852180549776085 0.00042360232833081862 5.6754877763299978e-05 0.00065188080772397416 0.00021921604525075447 -0.00026006523011720667 1.7098381029126881e-05 0.0001014635232541157 9.7794190529478038e-05 0.00064021824704974483 -2.2621800848502754e-05 0.000548853783612444 5.2884442734393869e-05 1.3792006917231546e-05 -0.00012269698127794797 -0.00066737800321755138 -8.6643181868309858e-05 -0.00045258049027125042 -0.00072398925783213734 -0.00015390218743791025 -7.1633659664597086e-05
leaf_weight=9319 65533 7055 5132 8313 5159 5086 5994 7555 9597 5030 7006 11597 81711 5287 821276 9992 432637 8666 6546 5909 5646 7775 8763 8831 8476
leaf_count=9319 65533 7055 5132 8313 5159 5086 5994 7555 9597 5030 7006 11597 81711 5287 821276 9992 432637 8666 6546 5909 5646 7775 8763 8831 8476
internal_value=4.41397e-06 1.06341e-05 -0.000157568 4.20503e-05 -0.000186935 -0.000162519 -0.000238263 1.60301e-05 0.00022012 -0.000320532 1.23198e-05 4.74948e-05 -7.65803e-06 0.000288095 -1.17158e-05 0.000310104 3.60542e-05 -0.000313216 -0.000221706 -0.000384366 0.000156845 -0.000395742 -0.000557896 4.05461e-05 -0.000255544
internal_weight=1.56389e+06 1.5078e+06 46780 20527 12214 56089 45357 1.46102e+06 25983 36038 1.43504e+06 519759 915280 12293 902987 21589 498170 26253 21121 12455 10732 30044 13793 18428 16251
internal_count=1563891 1507802 46780 20527 12214 56089 45357 1461022 25983 36038 1435039 519759 915280 12293 902987 21589 498170 26253 21121 12455 10732 30044 13793 18428 16251
is_linear=0
shrinkage=0.003


Tree=9
num_leaves=25
num_cat=0
split_feature=30 59 45 6 48 28 60 65 20 23 83 71 1 41 72 36 57 57 46 7 32 33 10 50
split_gain=127.335 159.002 162.97 132.558 167.162 129.938 128.342 125.77 164.878 164.296 119.661 188.367 152.467 132.898 106.791 100.556 121.924 169.029 139.369 121.875 91.2048 166.501 91.6517 63.2605
threshold=0.73437500000000011 0.23870849609375003 2.2968750000000004 0.084777832031250014 7.6972656250000009 1.5625000000000002 17.500000000000004 0.062454223632812507 0.51562500000000011 -0.77270507812499989 -0.0043531693518161765 1.9467773437500002 0.055343627929687507 0.093078613281250014 0.34777832031250006 0.071807861328125014 0.51196289062500011 0.52661132812500011 0.29919433593750006 -0.0059776306152343741 -0.014007568359374998 -0.96362304687499989 0.35937500000000006 0.62866210937500011
decision_type=2 2 2 2 2 2 2 2 2 2 2 2 2 2 2 2 2 2 2 2 2 2 2 2
left_child=3 -2 -3 6 14 7 10 9 -9 -6 11 13 -13 -1 -5 16 18 -18 -8 -17 21 -12 -22 -4
right_child=1 2 23 4 5 -7 15 8 -10 -11 20 12 -14 -15 -16 19 17 -19 -20 -21 22 -23 -24 -25
leaf_value=-1.3109291971340272e-05 0.00057193204764758112 0.00045266604106765238 -0.00035479143067578277 0.00012989983401257238 0.00022436589555426461 0.00046257627928793693 -8.6640561732869676e-05 -2.8955488256136219e-05 -0.0005609087399390067 3.137808275486627e-05 -0.00026368796851063733 -0.00023603680240236229 0.0001685378763038561 -0.00011958940781492774 0.00064507980386065221 0.00063711013935897475 -0.00055101071888308847 0.00017362995936394705 0.00058611967529575363 8.2963215836474031e-05 -0.00014847952252813786 0.00032336415824850011 -0.00050808096533206423 6.8889155163450607e-05
leaf_weight=808566 7693 6279 6019 8216 46931 6208 5376 114730 5396 255082 9658 9377 73241 121228 6468 6929 5596 5822 5571 7333 17778 7743 9963 6529
leaf_count=808566 7693 6279 6019 8216 46931 6208 5376 114730 5396 255082 9658 9377 73241 121228 6468 6929 5596 5822 5571 7333 17778 7743 9963 6529
internal_value=5.79343e-06 0.000211507 6.19884e-05 2.23093e-06 4.60059e-05 3.51724e-05 -1.5496e-05 2.87789e-05 -5.32972e-05 6.14316e-05 -2.15487e-05 -1.48016e-05 0.00012239 -2.70037e-05 0.000359654 0.000158849 3.2901e-05 -0.000183219 0.000257938 0.00035475 -0.0001725 -2.10971e-06 -0.000278989 -0.000135539
internal_weight=1.56373e+06 26520 18827 1.53721e+06 443031 428347 1.09418e+06 422139 120126 302013 1.05755e+06 1.01241e+06 82618 929794 14684 36627 22365 11418 10947 14262 45142 17401 27741 12548
internal_count=1563732 26520 18827 1537212 443031 428347 1094181 422139 120126 302013 1057554 1012412 82618 929794 14684 36627 22365 11418 10947 14262 45142 17401 27741 12548
is_linear=0
shrinkage=0.003


Tree=10
num_leaves=30
num_cat=0
split_feature=41 23 13 58 2 41 79 6 58 1 31 48 80 63 28 18 6 36 13 13 31 87 81 43 38 90 76 18 2
split_gain=192.232 144.541 159.654 177.124 167.866 143.413 137.335 149.845 164.861 158.927 127.048 123.61 162.797 130.063 162.334 151.353 122.101 109.991 102.875 164.34 92.5976 91.8575 121.334 91.1982 89.3006 80.907 124.396 69.4471 47.6582
threshold=0.093811035156250014 -0.92382812499999989 0.60205078125000011 2.0888671875000004 -0.0040264129638671866 0.041900634765625007 0.29347202181816107 0.053314208984375007 2.0908203125000004 0.067047119140625014 0.051971435546875007 8.0664062500000018 -0.085944056510925279 -100.84374999999999 0.84814453125000011 0.41247558593750006 0.097503662109375014 0.085144042968750014 0.49877929687500006 1.1762695312500002 0.076629638671875014 0.0012672459706664088 -0.012068457901477812 -0.54516601562499989 0.93579101562500011 -0.014638669788837431 0.021503448486328128 -0.57592773437499989 0.00064563751220703136
decision_type=2 2 2 2 2 2 2 2 2 2 2 2 2 2 2 2 2 2 2 2 2 2 2 2 2 2 2 2 2
left_child=5 2 3 -2 -5 21 17 -8 -9 -10 16 12 20 14 -13 -15 18 25 23 -20 -12 -1 -23 -7 27 26 -3 -19 -27
right_child=1 6 -4 4 -6 10 7 8 9 -11 11 13 -14 15 -16 -17 -18 24 19 -21 -22 22 -24 -25 -26 28 -28 -29 -30
leaf_value=0.00056448507183856926 -0.00019584809826940329 -0.00056938575163615311 -0.00033195373088952215 0.00085537179243983712 0.00017970567197995036 -0.00039289487342756641 0.0002818913638865455 -0.00047196944645085343 -0.00024267278769896078 1.5514928767014164e-05 -1.9481131479610208e-05 5.6452250665173643e-05 -0.00021233935114749016 -2.6777343018135158e-05 0.00038741116868254205 5.0978956498314566e-05 0.00019132742141257813 0.00032087661884590025 -0.00056698517941388511 7.7212748864357303e-05 0.00040209673448093062 0.0004614719861895606 -0.00014074835478621327 -7.7427656780745271e-06 -0.00032894519678418322 -0.00039471539326166316 7.1947747842178612e-06 -0.00014937153722809358 -0.00079984626927595039
leaf_weight=6332 5914 5784 5496 5020 9566 6884 9918 9742 31061 68867 6102 188545 6878 736554 14260 324468 9121 5416 11820 5053 20023 5193 6905 26653 8293 6037 7869 5709 5120
leaf_count=6332 5914 5784 5496 5020 9566 6884 9918 9742 31061 68867 6102 188545 6878 736554 14260 324468 9121 5416 11820 5053 20023 5193 6905 26653 8293 6037 7869 5709 5120
internal_value=5.17168e-08 -8.94152e-05 0.000118068 0.000239743 0.000416488 1.24097e-05 -0.000122393 -6.9456e-05 -0.000101458 -6.49009e-05 8.82779e-06 1.50525e-05 0.000196021 1.03116e-05 7.99027e-05 -2.99636e-06 -0.00012657 -0.000265049 -0.000184354 -0.000374747 0.00030393 0.000274549 0.000119415 -8.77343e-05 -9.52239e-05 -0.000397049 -0.000239434 8.03792e-05 -0.000586086
internal_weight=1.5646e+06 189812 25996 20500 14586 1.37479e+06 163816 119588 109670 99928 1.35636e+06 1.29683e+06 33003 1.26383e+06 202805 1.06102e+06 59531 44228 50410 16873 26125 18430 12098 33537 19418 24810 13653 11125 11157
internal_count=1564603 189812 25996 20500 14586 1374791 163816 119588 109670 99928 1356361 1296830 33003 1263827 202805 1061022 59531 44228 50410 16873 26125 18430 12098 33537 19418 24810 13653 11125 11157
is_linear=0
shrinkage=0.003


Tree=11
num_leaves=31
num_cat=0
split_feature=33 74 63 87 57 88 86 42 74 81 42 42 83 13 36 47 79 81 16 76 76 86 57 42 42 42 33 87 30 11
split_gain=186.032 172.097 157.311 221.476 161.666 198.797 191.249 123.55 121.917 141.95 120.288 137.589 225.195 141.969 132.737 159.842 118.018 113.649 233.161 136.595 138.235 108.652 103.205 99.8288 99.6474 99.4618 92.2745 92.1083 86.7475 73.5177
threshold=-1.2875976562499998 0.32434082031250006 -105.59374999999999 0.0040492890402674684 0.56323242187500011 0.0024694064632058148 0.012484941631555559 -0.035018920898437493 0.33435058593750006 -0.024088099598884579 0.016204833984375003 0.0098648071289062517 -0.0070981923490762702 -0.21929931640624997 0.083709716796875014 0.22015380859375003 0.29375161230564123 -0.0057152798399329177 0.071533203125000014 0.020473480224609378 0.021114349365234378 0.0082375239580869692 0.50097656250000011 0.029502868652343753 0.00064563751220703136 0.012599945068359377 -1.5092773437499998 0.0012672459706664088 0.39062500000000006 0.087432861328125014
decision_type=2 2 2 2 2 2 2 2 2 2 2 2 2 2 2 2 2 2 2 2 2 2 2 2 2 2 2 2 2 2
left_child=17 10 3 21 5 -5 -6 27 9 -9 11 12 13 -2 23 -16 -10 19 -19 29 -21 -3 -20 -12 -22 -13 -26 -4 -29 -1
right_child=1 2 7 4 6 -7 -8 8 16 -11 14 25 -14 -15 15 -17 -18 18 22 20 24 -23 -24 -25 26 -27 -28 28 -30 -31
leaf_value=0.00023187015198443457 -6.0783869357149993e-05 -2.1426696191265693e-05 0.00056297074286900902 -0.00018103249257317181 0.00070943050611264869 0.00016880715173513938 0.00020164052063552281 -5.7957291579385015e-06 -0.00017756176322497583 0.00018882482024869203 -0.000553164620126927 0.00043720186297354599 0.00036730048976279058 -0.00037206392770856763 -0.00042326386292951387 0.00020706075694994219 -2.2266180316368725e-06 0.00043462469377002796 -0.00047612533203933547 -0.00079855656303940824 6.1076963551869588e-07 -0.000454934759171429 1.9766416685735931e-05 -0.00010316939695676169 -0.00016502323201959642 -1.1652752105222797e-05 -0.00063912350165496996 -0.00017367384178699948 0.00034842064852702592 -0.00024204542336958373
leaf_weight=6439 38935 18735 5793 18452 9069 69020 25054 70309 35631 64718 13564 8102 7996 19879 5773 9344 1045681 7642 6800 5322 8268 7110 8329 6650 7286 9684 7596 5406 5885 5262
leaf_count=6439 38935 18735 5793 18452 9069 69020 25054 70309 35631 64718 13564 8102 7996 19879 5773 9344 1045681 7642 6800 5322 8268 7110 8329 6650 7286 9684 7596 5406 5885 5262
internal_value=1.06405e-06 7.76983e-06 1.72397e-05 0.000109818 0.000163411 9.48869e-05 0.000338276 6.1651e-06 2.59624e-06 8.7556e-05 -0.000101192 -3.96781e-05 -0.000102115 -0.000166449 -0.000247952 -3.48523e-05 -8.02008e-06 -0.000158582 1.07652e-05 -0.000254361 -0.00036617 -0.000141979 -0.000204784 -0.000406362 -0.000263761 0.000194114 -0.000409662 0.000258766 9.91177e-05 1.85028e-05
internal_weight=1.56373e+06 1.50079e+06 1.38086e+06 147440 121595 87472 34123 1.23342e+06 1.21634e+06 135027 119927 84596 66810 58814 35331 15117 1.08131e+06 62944 22771 40173 28472 25845 15129 20214 23150 17786 14882 17084 11291 11701
internal_count=1563734 1500790 1380863 147440 121595 87472 34123 1233423 1216339 135027 119927 84596 66810 58814 35331 15117 1081312 62944 22771 40173 28472 25845 15129 20214 23150 17786 14882 17084 11291 11701
is_linear=0
shrinkage=0.003


Tree=12
num_leaves=30
num_cat=0
split_feature=7 31 80 81 40 81 46 74 59 67 91 56 45 8 32 74 32 63 91 59 48 32 90 74 72 87 47 47 63
split_gain=168.07 142.814 133.909 130.011 146.474 130.742 131.541 128.01 141.429 147.424 126.221 203.94 143.091 126.074 125.696 154.484 123.875 115.268 110.299 105.812 150.803 96.2245 95.8728 92.2462 91.2511 84.4075 79.0894 71.2156 69.198
threshold=0.026695251464843753 0.051971435546875007 -0.041540242731571191 -0.0057152798399329177 0.51562500000000011 -0.0026714941486716266 0.31530761718750006 0.32287597656250006 0.27282714843750006 -39.953124999999993 -1.6646652221679685 0.41027832031250006 2.6406250000000004 0.11953735351562501 -0.013187408447265623 0.38293457031250006 0.012233734130859377 -77.281249999999986 -1.6435136795043943 0.24554443359375003 8.7382812500000018 -0.0050048828124999991 0.024349860846996311 0.35949707031250006 0.33190917968750006 0.0015013280790299179 0.26867675781250006 0.19940185546875003 -108.28124999999999
decision_type=2 2 2 2 2 2 2 2 2 2 2 2 2 2 2 2 2 2 2 2 2 2 2 2 2 2 2 2 2
left_child=1 3 17 4 18 -5 -7 8 13 -10 11 12 -9 21 15 -12 -16 24 28 20 -19 -3 -15 -6 -2 -22 -8 -21 -1
right_child=2 7 -4 5 23 6 26 10 9 -11 14 -13 -14 22 16 -17 -18 19 -20 27 25 -23 -24 -25 -26 -27 -28 -29 -30
leaf_value=-0.0003466253715274364 0.0002369368577855351 -0.00039895187114207323 -0.00016640770509288974 0.00030099429182863294 -0.00019763948005098317 -0.00046661121029829432 0.00024713714385334837 0.00012870822937176112 0.00059542299079663546 -0.00010620847028131089 0.00014751877975850074 -0.00036360660068383355 -0.00011247774913516314 -0.00014585511561126209 -2.8025781172015204e-05 -0.00025377461949707968 4.8270782707893396e-05 0.00075347623425845573 -2.256714773760649e-05 -0.00021432080369356067 -2.504943073475769e-05 -0.00013362753955988588 0.00028497210543172534 0.00033304055363041782 -0.00024274619902725283 0.00038416505448372781 -0.00022227464737612166 0.00028534283054432419 -0.00071698603926395588
leaf_weight=14789 6673 15654 9652 9704 6606 6546 7632 180886 5050 5601 83487 8843 25146 8573 767058 9537 255145 7577 6612 5060 6475 57138 9937 5162 7446 14962 5452 5011 6763
leaf_count=14789 6673 15654 9652 9704 6606 6546 7632 180886 5050 5601 83487 8843 25146 8573 767058 9537 255145 7577 6612 5060 6475 57138 9937 5162 7446 14962 5452 5011 6763
internal_value=5.53654e-06 -8.31239e-07 0.000157391 -0.000133773 -0.000244953 1.78924e-05 -0.000122874 5.60783e-06 -9.67876e-05 0.000228903 1.34632e-05 8.00234e-05 9.92314e-05 -0.00013499 6.32729e-07 0.000106149 -8.97907e-06 0.000216335 -0.000362052 0.000300077 0.000391771 -0.000191155 8.57208e-05 3.59866e-05 -1.59638e-05 0.00026102 5.13346e-05 3.46566e-05 -0.000465619
internal_weight=1.56418e+06 1.50132e+06 62856 69266 39932 29334 19630 1.43206e+06 101953 10651 1.3301e+06 214875 206032 91302 1.11523e+06 93024 1.0222e+06 53204 28164 39085 29014 72792 18510 11768 14119 21437 13084 10071 21552
internal_count=1564177 1501321 62856 69266 39932 29334 19630 1432055 101953 10651 1330102 214875 206032 91302 1115227 93024 1022203 53204 28164 39085 29014 72792 18510 11768 14119 21437 13084 10071 21552
is_linear=0
shrinkage=0.003


Tree=13
num_leaves=22
num_cat=0
split_feature=33 3 3 32 91 43 20 60 36 33 16 13 75 30 86 6 23 91 75 75 6
split_gain=195.073 123.899 125.106 114.216 108.269 170.895 187.67 155.242 143.849 138.149 98.6008 144.406 93.1388 76.3666 117.13 70.9386 69.4201 59.1899 57.4237 102.421 27.8194
threshold=-1.3242187499999998 -1.6596679687499998 -1.5107421874999998 -0.030517578124999997 -1.7220196723937986 0.30529785156250006 0.35937500000000006 21.500000000000004 0.088653564453125014 0.70507812500000011 0.082427978515625014 -0.32775878906249994 -0.049118041992187493 0.35937500000000006 0.010448530316352846 0.081665039062500014 0.21429443359375003 -1.3963227272033689 -0.048049926757812493 -0.053787231445312493 0.077423095703125014
decision_type=2 2 2 2 2 2 2 2 2 2 2 2 2 2 2 2 2 2 2 2 2
left_child=3 13 17 10 5 8 -7 9 -4 -6 12 -12 15 -2 -15 -1 -9 -3 19 -5 -13
right_child=1 2 4 18 7 6 -8 16 -10 -11 11 20 -14 14 -16 -17 -18 -19 -20 -21 -22
leaf_value=-0.0003464639468852187 4.9093300217184526e-05 0.00054230596217659868 6.6828273949623746e-05 -0.00022321606761107417 -1.7813359468891059e-05 -0.00020883904544319836 0.00024563332405255626 0.00014882493837277768 -0.00019123205819929846 6.0086939439416023e-05 0.00016841521945402577 -0.00060696524701803678 0.00034948797774970476 -0.00061230005376872404 -1.6943378988802492e-05 0.0001157516876676556 0.0005961393346477729 0.00012105017896923243 -0.00016178964572200085 -0.00077772377265764752 -0.0002836606184550538
leaf_weight=5087 5700 5504 74670 6746 1033679 9267 65385 8154 26171 255430 5084 5001 7137 7212 5023 6967 5058 6628 9388 5469 5141
leaf_count=5087 5700 5504 74670 6746 1033679 9267 65385 8154 26171 255430 5084 5001 7137 7212 5023 6967 5058 6628 9388 5469 5141
internal_value=3.43006e-06 9.89305e-06 1.2884e-05 -0.000170241 1.03824e-05 8.03107e-05 0.000189013 9.53783e-07 -2.68547e-07 -2.37437e-06 -6.25656e-05 -0.000242055 8.03563e-05 -0.000237272 -0.000369999 -8.05571e-05 0.000323264 0.000315035 -0.000340706 -0.000475784 -0.000447451
internal_weight=1.5639e+06 1.50788e+06 1.48995e+06 56020 1.47781e+06 175493 74652 1.30232e+06 100841 1.28911e+06 34417 15226 19191 17935 12235 12054 13212 12132 21603 12215 10142
internal_count=1563901 1507881 1489946 56020 1477814 175493 74652 1302321 100841 1289109 34417 15226 19191 17935 12235 12054 13212 12132 21603 12215 10142
is_linear=0
shrinkage=0.003


Tree=14
num_leaves=27
num_cat=0
split_feature=1 37 66 26 42 81 87 87 13 42 60 71 72 6 1 7 1 42 62 57 80 48 63 76 2 83
split_gain=172.797 156.198 164.781 235.673 154.758 206.84 138.52 165.307 128.498 145.639 120.35 119.024 107.856 101.336 156.63 111.286 104.871 97.9077 96.7914 115.882 89.3716 84.1739 127.166 79.1929 78.5545 41.8746
threshold=0.10671997070312501 0.0088424682617187517 -0.35034179687499994 0.058715820312500007 0.014942169189453127 -0.0031282259151339527 0.0086396373808383959 0.0085916742682456988 -0.37976074218749994 -0.033355712890624993 21.500000000000004 1.0434570312500002 0.32775878906250006 0.056198120117187507 0.063934326171875014 0.013225555419921877 0.082427978515625014 0.017021179199218753 -400.49999999999994 0.52124023437500011 -0.066136509180068956 14.527343750000002 -83.906249999999986 0.021442413330078128 0.0045795440673828134 -0.019463855773210522
decision_type=2 2 2 2 2 2 2 2 2 2 2 2 2 2 2 2 2 2 2 2 2 2 2 2 2 2
left_child=4 2 3 -2 6 13 7 8 9 -1 -10 21 -4 16 17 -16 23 -15 19 -13 -14 22 -8 -6 -23 -3
right_child=1 25 12 -5 5 -7 11 -9 10 -11 -12 18 20 14 15 -17 -18 -19 -20 -21 -22 24 -24 -25 -26 -27
leaf_value=0.00053731910142967756 -0.00027154686097965449 -0.00031192362070442203 -0.00063427473129730092 0.00050893661389213145 0.0004344907549878035 -0.00055908375164251552 0.00027966560251765986 0.0005266870160174664 -2.2493546296599222e-07 6.310883812148555e-05 0.00032099910590785045 -0.00076237945436363459 -0.00042047367735554664 7.8273679030587225e-05 -6.0170667897478245e-05 0.00016173968942801301 -0.00013357921758072865 -0.00028162223321668721 -3.7954755409532957e-05 -0.0001512665461321346 6.6644550116153918e-05 -6.2657973069442344e-05 -0.00017775946686671615 -4.6946666374498483e-06 -0.00049790296158522826 -0.00069207520122594455
leaf_weight=5827 6124 5884 5014 7827 10134 7301 13168 5809 852960 360044 10528 6263 5469 8153 121592 24322 8602 39869 6714 5085 8605 13968 9218 5780 5011 5072
leaf_count=5827 6124 5884 5014 7827 10134 7301 13168 5809 852960 360044 10528 6263 5469 8153 121592 24322 8602 39869 6714 5085 8605 13968 9218 5780 5011 5072
internal_value=1.28373e-06 -0.000183851 -8.02959e-05 0.000166837 6.65278e-06 -6.58112e-05 1.92932e-05 2.61035e-05 2.36955e-05 7.0806e-05 3.72828e-06 -0.000122062 -0.000260848 -4.9077e-05 -7.20611e-05 -2.30956e-05 0.000132295 -0.000220485 -0.000324522 -0.000492255 -0.000124275 -3.30885e-05 9.13564e-05 0.000275944 -0.000179582 -0.00049258
internal_weight=1.56434e+06 43995 33039 13951 1.52035e+06 225753 1.2946e+06 1.23517e+06 1.22936e+06 365871 863488 59427 19088 218452 193936 145914 24516 48022 18062 11348 14074 41365 22386 15914 18979 10956
internal_count=1564343 43995 33039 13951 1520348 225753 1294595 1235168 1229359 365871 863488 59427 19088 218452 193936 145914 24516 48022 18062 11348 14074 41365 22386 15914 18979 10956
is_linear=0
shrinkage=0.003


Tree=15
num_leaves=31
num_cat=0
split_feature=74 41 42 83 56 72 6 43 43 33 78 41 69 73 23 59 12 67 81 48 18 1 89 16 0 72 38 3 21 20
split_gain=131.255 146.866 149.417 205.531 134.213 140.148 191.289 166.994 134.725 193.431 136.995 130.067 125.882 122.861 129.989 113.975 117.888 112.001 142.42 160.796 127.312 168.69 120.39 110.492 106.92 110.06 102.217 100.711 94.282 78.4056
threshold=0.32434082031250006 0.093078613281250014 0.0098648071289062517 -0.0079188290983438474 0.36975097656250006 0.33117675781250006 0.052062988281250007 0.61035156250000011 0.68994140625000011 0.057815551757812507 0.69698676466941845 0.10537719726562501 0.28503417968750006 0.29333496093750006 -0.076019287109374986 0.23522949218750003 -0.0050468444824218741 -21.914062499999996 -0.0026714941486716266 7.6972656250000009 -0.14770507812499997 0.10494995117187501 0.0018878770060837271 0.078094482421875014 0.42187500000000006 0.30090332031250006 0.34545898437500006 -0.28015136718749994 0.061050415039062507 0.48437500000000006
decision_type=2 2 2 2 2 2 2 2 2 2 2 2 2 2 2 2 2 2 2 2 2 2 2 2 2 2 2 2 2 2
left_child=1 2 3 15 5 6 7 -2 9 -8 -10 26 -13 14 28 16 -1 20 19 -19 22 -22 -15 -7 25 -4 27 -3 -6 -17
right_child=4 11 24 -5 13 23 8 -9 10 -11 -12 12 -14 17 -16 29 -18 18 -20 -21 21 -23 -24 -25 -26 -27 -28 -29 -30 -31
leaf_value=-0.00014854855113742292 0.00018131501022715244 -0.00034195531219747232 0.00037247199594759342 0.00031362063559484159 -0.00029834876686920067 -0.00047517210789552823 0.00019371921000690221 0.00075739124811621437 -0.00041998500044838905 1.2830090785472182e-05 -1.2351560927117205e-05 0.0003556791425753824 -0.00025407515825405893 2.6646594602637234e-05 -0.00049440532930490643 -0.0001254182172108555 -0.00060356376323135929 0.0004436198990308795 -0.00022830505772512789 8.1694018794088201e-05 -2.7026049324909075e-05 -0.00031867772478128887 0.00038903224992847975 6.4973327178716197e-05 0.00057212432627613407 -0.00018208634553854648 -0.00016132354536366373 -0.00088472766921524298 0.00012076353452899266 0.00022369701384868711
leaf_weight=12784 16750 7895 5717 9554 8452 7520 92324 6158 8488 125414 54610 5013 7442 346363 9134 29561 8557 13992 9700 51462 647438 18256 8353 6128 5222 7124 10303 5189 11013 7098
leaf_count=12784 16750 7895 5717 9554 8452 7520 92324 6158 8488 125414 54610 5013 7442 346363 9134 29561 8557 13992 9700 51462 647438 18256 8353 6128 5222 7124 10303 5189 11013 7098
internal_value=-5.19303e-08 -9.47206e-05 -2.71241e-05 -9.19549e-05 7.93045e-06 6.23979e-05 7.57856e-05 0.000338791 5.4219e-05 8.95834e-05 -6.77646e-05 -0.000255666 -7.77757e-06 -7.45187e-06 -0.000201219 -0.000159188 -0.000332958 -2.37581e-06 0.000109315 0.000159621 -1.06118e-05 -3.5071e-05 3.52874e-05 -0.000233936 0.000214509 6.57815e-05 -0.000387087 -0.000562292 -6.18162e-05 -5.73971e-05
internal_weight=1.56301e+06 121459 85617 67554 1.44156e+06 317392 303744 22908 280836 217738 63098 35842 12455 1.12416e+06 28599 58000 21341 1.09556e+06 75154 65454 1.02041e+06 665694 354716 13648 18063 12841 23387 13084 19465 36659
internal_count=1563014 121459 85617 67554 1441555 317392 303744 22908 280836 217738 63098 35842 12455 1124163 28599 58000 21341 1095564 75154 65454 1020410 665694 354716 13648 18063 12841 23387 13084 19465 36659
is_linear=0
shrinkage=0.003


Tree=16
num_leaves=29
num_cat=0
split_feature=41 30 65 76 1 20 80 41 36 85 37 6 86 71 72 13 8 74 22 59 28 33 41 1 63 91 69 6
split_gain=213.559 134.921 140.247 130.025 126.707 111.887 111.516 115.703 115.434 156.489 116.375 108.795 136.151 283.807 116.383 112.925 118.531 106.065 105.436 168.126 104.694 124.746 119.183 99.3839 85.9206 176.903 81.7105 57.5506
threshold=0.093078613281250014 0.73437500000000011 0.042037963867187507 0.024921417236328128 0.059616088867187507 0.42187500000000006 -0.13156777620315549 0.092742919921875014 0.095001220703125014 0.014797866344451906 0.016235351562500003 0.082305908203125014 0.006177423521876336 1.8881835937500002 0.32409667968750006 -0.94262695312499989 -0.69799804687499989 0.36120605468750006 -0.0072860717773437491 0.25048828125000006 -0.78515624999999989 0.057815551757812507 0.041900634765625007 0.075225830078125014 -95.718749999999986 -1.1277768611907957 0.33532714843750006 0.074157714843750014
decision_type=2 2 2 2 2 2 2 2 2 2 2 2 2 2 2 2 2 2 2 2 2 2 2 2 2 2 2 2
left_child=1 6 18 4 5 24 8 20 10 17 26 15 13 -13 -14 23 -17 -10 -3 -20 21 -8 -22 -6 -2 -26 -1 -7
right_child=3 2 -4 -5 11 27 7 -9 9 -11 -12 12 14 -15 -16 16 -18 -19 19 -21 22 -23 -24 -25 25 -27 -28 -29
leaf_value=0.00019045131301678178 0.00016500746664910946 0.000725673748478895 -0.00013956211644866262 -0.00055604547729524621 -2.0445533594255902e-06 -0.00024497701017325916 -0.00017743550081991235 0.00043266461408643321 -2.3011076429443158e-05 0.0004534547029580274 0.00052616815727049994 -0.00059435280125460935 0.00045675875703071625 0.00013187524551525962 5.902362871121643e-05 8.7864536085962688e-05 -0.00013066862350160036 -0.00039434561707810698 -3.8066611107324213e-05 0.00064777345692002496 0.00027124239334184259 3.0601108712369423e-05 8.3535191921802061e-07 -0.00051820253123483417 -0.00061287611665839924 3.0786258518415015e-05 2.1495214421908919e-05 -0.00067995916708509224
leaf_weight=55455 6525 5102 6801 5193 5127 5107 64199 5376 38677 5216 6403 7102 10537 14706 17633 32928 68985 8336 8515 5060 14779 43442 1043090 9631 6580 9027 48090 6257
leaf_count=55455 6525 5102 6801 5193 5127 5107 64199 5376 38677 5216 6403 7102 10537 14706 17633 32928 68985 8336 8515 5060 14779 43442 1043090 9631 6580 9027 48090 6257
internal_value=-1.66652e-06 1.19649e-05 0.00022779 -9.18157e-05 -7.94991e-05 -0.000247587 7.82323e-06 -2.39113e-06 8.15249e-05 -3.45589e-05 0.00013665 -4.55855e-05 7.14331e-05 -0.000106262 0.000208886 -9.57307e-05 -6.00438e-05 -8.95507e-05 0.000361587 0.000220444 -4.4348e-06 -9.35251e-05 4.63836e-06 -0.000340107 -0.00012234 -0.00024276 0.000112079 -0.00048832
internal_weight=1.56388e+06 1.35854e+06 25478 205338 200145 33496 1.33306e+06 1.17089e+06 162177 52229 109948 166649 49978 21808 28170 116671 101913 47013 18677 13575 1.16551e+06 107641 1.05787e+06 14758 22132 15607 103545 11364
internal_count=1563879 1358541 25478 205338 200145 33496 1333063 1170886 162177 52229 109948 166649 49978 21808 28170 116671 101913 47013 18677 13575 1165510 107641 1057869 14758 22132 15607 103545 11364
is_linear=0
shrinkage=0.003


Tree=17
num_leaves=21
num_cat=0
split_feature=33 30 59 40 91 70 7 74 42 87 43 86 59 59 81 80 3 56 31 68
split_gain=199.988 164.265 194.895 159.075 147.173 165.817 158.47 153.954 184.75 177.023 149.886 133.257 127.809 106.679 89.9736 134.646 72.2364 136.03 67.1215 66.6562
threshold=-1.3242187499999998 0.73437500000000011 0.23870849609375003 0.14062500000000003 -1.7220196723937986 0.13690185546875003 0.025459289550781253 0.35729980468750006 0.00036072731018066412 0.0040492890402674684 -0.98022460937499989 0.0041280593723058709 0.18585205078125003 0.25524902343750006 -0.021386206150054928 -0.039695762097835534 0.54980468750000011 0.39270019531250006 0.047698974609375007 0.038436889648437507
decision_type=2 2 2 2 2 2 2 2 2 2 2 2 2 2 2 2 2 2 2 2
left_child=11 3 -3 -2 7 10 -7 9 -9 -5 -6 12 -1 19 18 -16 17 -17 -13 -4
right_child=1 2 13 4 5 6 -8 8 -10 -11 -12 14 -14 -15 15 16 -18 -19 -20 -21
leaf_value=-0.00030223695267997999 0.00049056888067355062 0.00064204445151788757 0.00011408814860774027 -0.00010368778488161612 -0.00034261977942365995 -2.0073395451723572e-06 0.00015545594746124776 -0.00031260491567154924 0.00011390868643746313 0.0001737062251087171 -5.7602435240600879e-05 0.00019383769880188621 0.00028373978869591774 0.00035020400603664342 -0.00066528754137604 -0.00041694389675739785 -0.00050573976101737157 0.00020810731370637405 -0.0002210903219050501 -0.00034370727626587043
leaf_weight=5128 5905 7642 5827 24988 17707 967135 61059 17605 18815 119092 247671 5307 9238 7530 8886 5806 5181 6584 9922 5457
leaf_count=5128 5905 7642 5827 24988 17707 967135 61059 17605 18815 119092 247671 5307 9238 7530 8886 5806 5181 6584 9922 5457
internal_value=9.29081e-07 7.48112e-06 0.000241338 3.28467e-06 1.29951e-06 -9.89995e-06 7.35778e-06 8.15226e-05 -9.25544e-05 0.000125559 -7.67417e-05 -0.000174861 7.39297e-05 7.60429e-05 -0.000260572 -0.000366027 -0.000211776 -8.57871e-05 -7.6175e-05 -0.000108379
internal_weight=1.56248e+06 1.50643e+06 26456 1.47998e+06 1.47407e+06 1.29357e+06 1.02819e+06 180500 36420 144080 265378 56052 14366 18814 41686 26457 17571 12390 15229 11284
internal_count=1562485 1506433 26456 1479977 1474072 1293572 1028194 180500 36420 144080 265378 56052 14366 18814 41686 26457 17571 12390 15229 11284
is_linear=0
shrinkage=0.003


Tree=18
num_leaves=29
num_cat=0
split_feature=41 13 41 23 58 43 31 46 46 21 80 84 76 5 87 31 33 72 73 41 60 82 82 65 75 58 74 85
split_gain=131.826 150.721 115.519 129.066 155.246 137.327 123.261 122.778 109.961 133.964 109.472 256.737 251.722 114.363 187.352 107.49 129.724 114.464 105.55 120.389 107.249 103.199 97.9048 93.395 86.8525 81.5073 79.5769 65.239
threshold=0.041900634765625007 -0.30126953124999994 0.091888427734375014 -1.1582031249999998 2.0908203125000004 1.1938476562500002 0.062088012695312507 0.29406738281250006 0.33728027343750006 0.064117431640625014 -0.12749540805816648 0.033673420548439033 0.020679473876953128 0.26562500000000006 0.0020124977454543118 0.077056884765625014 0.25683593750000006 0.32604980468750006 0.30944824218750006 0.049697875976562507 21.500000000000004 -0.12667387723922727 -0.18970820307731626 0.061111450195312507 -0.034561157226562493 2.1494140625000004 0.32922363281250006 0.012464258819818498
decision_type=2 2 2 2 2 2 2 2 2 2 2 2 2 2 2 2 2 2 2 2 2 2 2 2 2 2 2 2
left_child=1 -1 10 5 8 27 7 -6 23 -10 11 15 -13 14 25 17 -17 -2 19 -15 -20 -16 -8 -5 -3 -12 -14 -4
right_child=2 24 3 4 6 -7 22 -9 9 -11 13 12 26 18 21 16 -18 -19 20 -21 -22 -23 -24 -25 -26 -27 -28 -29
leaf_value=0.00067481361295306213 0.00020040166621041386 -0.00011102774794340105 0.00019972938540861943 -0.00025111151606019673 -9.9157128789358084e-05 0.00051215105225392793 -0.00021950921948543468 0.00026705229528079503 -0.00050708500774138685 7.5642965905972222e-05 -0.00017308121968653606 0.00086021812581573169 0.00036902083105112995 -0.00034589215261954264 -0.00022624728553335472 0.00033020945976014297 4.5812955275904699e-05 -0.00020558140130690585 -2.2714790675636909e-05 4.6908801550542423e-05 0.00035171573089753082 0.00025116129964041688 -4.0427841922980589e-05 -0.00075119726439999517 0.000388114426521694 -0.0005420064153498173 -0.00012228202386905135 -0.00025972339609600848
leaf_weight=5382 8190 8071 5597 7726 13923 6941 36082 19938 5111 11078 39781 7007 6354 7022 5515 16664 104266 25415 552219 507633 6872 14845 114457 6072 5000 6181 5421 5336
leaf_count=5382 8190 8071 5597 7726 13923 6941 36082 19938 5111 11078 39781 7007 6354 7022 5515 16664 104266 25415 552219 507633 6872 14845 114457 6072 5000 6181 5421 5336
internal_value=5.80584e-06 0.000257182 2.78829e-06 -5.88708e-05 -7.93117e-05 0.000185382 -4.66822e-05 0.000116625 -0.00027914 -0.000110313 1.36958e-05 8.3919e-05 0.000414157 3.01384e-06 -0.000117789 4.35404e-05 8.52429e-05 -0.000106337 1.04857e-05 4.14832e-05 -1.80504e-05 0.00012137 -8.34683e-05 -0.000475003 8.14043e-05 -0.000223764 0.000143709 -2.48344e-05
internal_weight=1.5641e+06 18453 1.54565e+06 232261 214387 17874 184400 33861 29987 16189 1.31338e+06 173317 18782 1.14007e+06 66322 154535 120930 33605 1.07375e+06 514655 559091 20360 150539 13798 13071 45962 11775 10933
internal_count=1564099 18453 1545646 232261 214387 17874 184400 33861 29987 16189 1313385 173317 18782 1140068 66322 154535 120930 33605 1073746 514655 559091 20360 150539 13798 13071 45962 11775 10933
is_linear=0
shrinkage=0.003


Tree=19
num_leaves=31
num_cat=0
split_feature=8 41 56 22 67 40 11 74 76 22 81 91 32 41 1 21 79 6 28 18 33 21 46 58 18 48 68 48 80 0
split_gain=159.575 159.38 165.076 204.49 184.186 166.382 126.687 154.202 284.055 151.632 173.174 121.067 118.798 146.064 124.72 117.327 136.716 162.052 159.201 128.804 114.876 113.718 107.209 203.851 97.6515 96.008 121.456 78.9651 77.9456 64.8745
threshold=1.1069335937500002 0.093078613281250014 0.37780761718750006 0.021697998046875003 -93.218749999999986 0.70312500000000011 0.090362548828125014 0.33605957031250006 0.022129058837890628 0.013820648193359377 -0.015700954943895336 -1.3675794601440427 0.013561248779296877 0.041900634765625007 0.10671997070312501 0.055282592773437507 0.29318314790725714 0.051330566406250007 0.88891601562500011 0.65332031250000011 0.78833007812500011 0.064575195312500014 0.32238769531250006 2.1259765625000004 -0.26232910156249994 7.6972656250000009 0.046646118164062507 11.832031250000002 -0.055068328976631158 0.26562500000000006
decision_type=2 2 2 2 2 2 2 2 2 2 2 2 2 2 2 2 2 2 2 2 2 2 2 2 2 2 2 2 2 2
left_child=1 2 3 4 28 -6 7 -2 9 20 -11 -5 13 -4 -15 22 18 -18 29 -19 -9 -8 23 -3 -23 -14 -27 -10 -1 -17
right_child=6 15 12 11 5 -7 21 8 27 10 -12 -13 25 14 -16 16 17 19 -20 -21 -22 24 -24 -25 -26 26 -28 -29 -30 -31
leaf_value=-0.00037166481614802461 0.00047977604486292165 0.00067927956518373995 0.00035336486867533555 0.00075505695679885709 5.1564908254421884e-05 0.00041596549459926445 0.00074277421689228633 -7.4431949401813042e-07 -0.00057054869625332131 0.00073137645235065753 6.4451738673683085e-06 0.00019215997512806221 0.00044071153039493179 -2.2178565830778381e-05 -0.00024030020334383991 -0.0004537447404367718 0.00034406586467844457 -3.0276778529071593e-05 -0.00068698490579235905 -0.00027914958665886701 0.00038922030700280823 0.00048676258359376838 -0.0001674979854534841 -5.1702018855890869e-05 -9.5845875182884769e-05 0.00019654298982594123 -2.1080110554576342e-05 -8.5275160544189351e-05 6.7114652980837907e-05 -0.00011865685936891334
leaf_weight=12865 7902 6360 8956 5516 444938 11473 5032 48801 7297 6878 5161 9126 6264 639141 24399 6081 8635 94866 6146 23226 7799 5014 6804 7301 5189 36781 61638 5166 5030 33719
leaf_count=12865 7902 6360 8956 5516 444938 11473 5032 48801 7297 6878 5161 9126 6264 639141 24399 6081 8635 94866 6146 23226 7799 5014 6804 7301 5189 36781 61638 5166 5030 33719
internal_value=1.25912e-05 4.48698e-06 1.67337e-05 5.99149e-05 4.90887e-05 6.08141e-05 0.000125931 8.24348e-05 4.31775e-05 0.000118935 0.000423219 0.0004079 -1.04371e-05 -2.50737e-05 -3.02341e-05 -7.57644e-05 -0.000101229 -5.03149e-05 -0.000241245 -7.94191e-05 5.35812e-05 0.000377848 0.000138541 0.000291076 0.000192408 8.35245e-05 6.03666e-05 -0.000371679 -0.000248643 -0.000170863
internal_weight=1.5635e+06 1.45926e+06 1.26613e+06 488948 474306 456411 104239 89004 81102 68639 12039 14642 777179 672496 663540 193138 172673 126727 45946 118092 56600 15235 20465 13661 10203 104683 98419 12463 17895 39800
internal_count=1563504 1459265 1266127 488948 474306 456411 104239 89004 81102 68639 12039 14642 777179 672496 663540 193138 172673 126727 45946 118092 56600 15235 20465 13661 10203 104683 98419 12463 17895 39800
is_linear=0
shrinkage=0.003


Tree=20
num_leaves=21
num_cat=0
split_feature=41 30 13 6 83 60 48 23 12 32 69 45 45 59 42 75 75 6 74 36
split_gain=138.201 112.077 111.963 102.951 144.979 172.936 204.082 141.659 157.797 122.076 141.213 116.995 110.209 108.663 106.446 102.013 97.1099 95.5648 120.648 93.9824
threshold=0.041900634765625007 0.73437500000000011 -0.30126953124999994 0.082427978515625014 -0.0032033678144216533 16.500000000000004 10.707031250000002 -1.3491210937499998 0.0090751647949218767 -0.0086975097656249983 0.38293457031250006 1.2343750000000002 2.6718750000000004 0.18414306640625003 -0.00031876564025878901 -0.034805297851562493 -0.024971008300781247 0.066070556640625014 0.34851074218750006 0.073699951171875014
decision_type=2 2 2 2 2 2 2 2 2 2 2 2 2 2 2 2 2 2 2 2
left_child=2 3 -1 4 5 11 -7 8 14 10 -6 -2 13 -9 -5 -4 -11 -3 19 -19
right_child=1 17 15 7 9 6 -8 12 -10 16 -12 -13 -14 -15 -16 -17 -18 18 -20 -21
leaf_value=0.00061452630591199724 7.9251519497176983e-05 0.00055725555695286338 -0.00010675972198177386 -0.00021090529120314664 0.00012946887028241966 0.00068984373536915358 8.3333366267022621e-05 -0.00022030201749738797 0.00066027397687505162 -0.00020261653427895972 -0.00040777638074060614 -3.5019630955123717e-05 -0.00039146045847168097 3.1513301833854759e-05 0.00031046188031026164 0.00043323642652268754 -0.00069978865799092467 -0.0003942742425561727 0.00037176579425230756 0.00012680589681265196
leaf_weight=5465 89094 5069 7963 5925 12474 6063 26501 15835 6370 8113 6679 840926 5730 480381 8411 5076 6335 5122 8734 7637
leaf_count=5465 89094 5069 7963 5925 12474 6063 26501 15835 6370 8113 6679 840926 5730 480381 8411 5076 6335 5122 8734 7637
internal_value=1.06248e-06 -2.03155e-06 0.000258088 -5.41601e-06 -2.33056e-05 -1.65323e-05 0.000198024 2.86798e-05 0.000271249 -0.000216718 -5.90232e-05 -2.40653e-05 1.86214e-05 2.34347e-05 9.5015e-05 0.000105155 -0.000423923 0.00019079 0.00010218 -8.3817e-05
internal_weight=1.5639e+06 1.5454e+06 18504 1.51884e+06 996185 962584 32564 522652 20706 33601 19153 930020 501946 496216 14336 13039 14448 26562 21493 12759
internal_count=1563903 1545399 18504 1518837 996185 962584 32564 522652 20706 33601 19153 930020 501946 496216 14336 13039 14448 26562 21493 12759
is_linear=0
shrinkage=0.003


Tree=21
num_leaves=31
num_cat=0
split_feature=41 80 3 63 69 11 90 77 2 22 82 77 43 75 33 41 32 75 66 45 8 63 70 75 74 70 79 91 58 17
split_gain=145.735 143.457 185.686 176.482 166.277 221.359 153.56 141.189 139.779 120.28 120.039 197.969 224.883 162.201 126.881 139.126 126.858 145.228 116.785 132.937 136.23 110.182 106.396 106.181 100.574 193.912 118.953 106.467 133.57 97.6019
threshold=0.089508056640625014 -0.12749540805816648 -0.82055664062499989 -62.171874999999993 0.33215332031250006 0.090545654296875014 -0.082010775804519639 0.47285884618759161 -0.013053894042968748 0.017166137695312503 -0.12874606251716611 0.43729166686534887 -0.76318359374999989 -0.049942016601562493 1.3837890625000002 0.088653564453125014 0.015708923339843753 -0.026268005371093747 -3.8486328124999996 1.1718750000000002 -0.16510009765624997 -45.734374999999993 0.12957763671875003 -0.031211853027343747 0.32434082031250006 0.16778564453125003 0.28148931264877325 -0.81348490715026844 2.1298828125000004 -0.0038766860961914058
decision_type=2 2 2 2 2 2 2 2 2 2 2 2 2 2 2 2 2 2 2 2 2 2 2 2 2 2 2 2 2 2
left_child=1 2 6 7 23 -6 -1 -4 9 -2 14 12 -12 -14 15 21 22 -18 19 -10 -21 -3 -13 -5 25 -20 -27 28 -26 -29
right_child=8 10 3 4 5 -7 -8 -9 18 -11 11 16 13 -15 -16 -17 17 -19 24 20 -22 -23 -24 -25 27 26 -28 29 -30 -31
leaf_value=-0.00030339569703218369 -0.00012747541870764524 -8.0783464933708465e-05 6.8391223076156983e-05 0.00031015483698729841 2.0498275427751487e-05 0.00049586944654583928 0.00019401166257427283 -0.0003990005943692964 0.00011229446849038613 -0.00048545920710426927 -0.00016704614120530644 -8.5628232223311206e-05 -0.00010563282175901489 0.00015891419233101059 0.00035525698077492132 0.0003827335226480351 0.00020349784898320944 -9.1549569473094671e-05 0.00024603196181066769 -0.00064783500252604896 -0.00010363209841556328 -0.00034874940654211007 3.4520451491379853e-07 0.00073943056431517826 0.0001017845263768317 -0.00010852667757169916 -0.00060959278890859714 0.00051119911087650302 -7.5727826578362155e-05 7.2556533334970196e-05
leaf_weight=16880 58505 132647 53503 20868 38298 11356 8242 6425 7353 9804 26464 177612 23645 173082 5843 5275 48021 21754 6705 8056 8500 15334 478023 6959 64856 8817 8255 7046 92345 12755
leaf_count=16880 58505 132647 53503 20868 38298 11356 8242 6425 7353 9804 26464 177612 23645 173082 5843 5275 48021 21754 6705 8056 8500 15334 478023 6959 64856 8817 8255 7046 92345 12755
internal_value=-4.53855e-07 1.34589e-05 9.66607e-05 0.000140014 0.000234474 0.000129995 -0.000140085 1.77e-05 -6.07538e-05 -0.000179489 1.2432e-06 1.40351e-05 9.21462e-05 0.00012708 -7.49871e-05 -9.16115e-05 -1.00072e-05 0.00011151 -2.45924e-05 -0.000222335 -0.000370736 -0.000108767 -2.29546e-05 0.000419772 -9.46006e-07 -0.000183718 -0.000352951 2.36959e-05 -2.47388e-06 0.000230428
internal_weight=1.56323e+06 1.27023e+06 162531 137409 77481 49654 25122 59928 292997 68309 1.1077e+06 948601 223191 196727 159099 153256 725410 69775 224688 23909 16556 147981 655635 27827 200779 23777 17072 177002 157201 19801
internal_count=1563228 1270231 162531 137409 77481 49654 25122 59928 292997 68309 1107700 948601 223191 196727 159099 153256 725410 69775 224688 23909 16556 147981 655635 27827 200779 23777 17072 177002 157201 19801
is_linear=0
shrinkage=0.003


Tree=22
num_leaves=29
num_cat=0
split_feature=41 1 88 40 74 59 6 23 6 36 46 2 85 73 40 76 71 45 85 33 76 85 61 57 69 23 56 88
split_gain=179.471 152.714 192.036 151.969 134.302 215.099 207.699 163.22 148.992 133.198 129.355 127.829 122.467 120.705 114.864 182.785 176.458 151.086 114.209 89.7977 88.437 85.9287 80.5563 78.1412 73.358 71.7248 54.1711 43.4756
threshold=0.093078613281250014 0.10671997070312501 0.0026287063956260685 0.14062500000000003 0.32434082031250006 0.21148681640625003 0.052062988281250007 0.87939453125000011 0.082733154296875014 0.081115722656250014 0.31945800781250006 -0.0017185211181640623 0.01140137203037739 0.28796386718750006 0.70312500000000011 0.020664215087890628 1.0434570312500002 2.7343750000000004 0.015260815620422365 -0.66455078124999989 0.019519805908203128 0.0082291997969150561 -1.5727539062499998 0.55249023437500011 0.28723144531250006 -0.052520751953124993 0.41589355468750006 0.0032060751691460614
decision_type=2 2 2 2 2 2 2 2 2 2 2 2 2 2 2 2 2 2 2 2 2 2 2 2 2 2 2 2
left_child=1 3 9 -1 5 -2 -6 10 20 25 13 12 -7 -8 17 22 -17 18 -5 -4 -9 -19 -16 -12 -14 -3 27 -21
right_child=4 2 19 14 6 11 7 8 -10 -11 23 -13 24 -15 15 16 -18 21 -20 26 -22 -23 -24 -25 -26 -27 -28 -29
leaf_value=0.00051584595806365957 0.00025316839365809236 0.00053289356918681953 -0.00066991817306117838 2.5969701366867243e-06 0.0003727255107355647 0.00011904337171967542 0.0003270595448701034 -0.00078656851620704778 7.3944501038509126e-05 -0.0002678521954210711 -0.00055135460494050914 -0.0006618993658800722 -0.00063171065509515375 -2.5701282710947074e-05 0.00018399492028566016 0.00081273562859689467 0.00012516978844708898 -0.00011358103816875086 8.6354415348510394e-05 -0.00055927190704104499 -0.00027281289880520831 -0.00060968531938724343 -0.00029411905447052089 -0.00014620375590057574 -0.00019863418213631156 2.7994937839686142e-05 1.5695959438603009e-05 -0.00017076804330127569
leaf_weight=5361 6229 5012 6026 1107169 9810 6329 9424 5969 5278 6391 5239 8663 5980 104600 6401 6342 7111 8131 168768 5040 6320 5083 6097 22399 8701 5041 5095 5489
leaf_count=5361 6229 5012 6026 1107169 9810 6329 9424 5969 5278 6391 5239 8663 5980 104600 6401 6342 7111 8131 168768 5040 6320 5083 6097 22399 8701 5041 5095 5489
internal_value=-1.46748e-06 1.10182e-05 -0.000175997 1.64263e-05 -8.42e-05 -0.000250585 -4.87344e-05 -7.49179e-05 -0.000346831 6.82692e-05 -4.0978e-05 -0.000356829 -0.000228501 3.71518e-06 1.43513e-05 0.000211575 0.000452907 1.03651e-05 1.36815e-05 -0.000360987 -0.000526688 -0.000307562 -4.97305e-05 -0.000224714 -0.000378119 0.000282485 -0.000238332 -0.000360248
internal_weight=1.5635e+06 1.35856e+06 38094 1.32046e+06 204941 35902 169039 159229 17567 16444 141662 29673 21010 114024 1.3151e+06 25951 13453 1.28915e+06 1.27594e+06 21650 12289 13214 12498 27638 14681 10053 15624 10529
internal_count=1563498 1358557 38094 1320463 204941 35902 169039 159229 17567 16444 141662 29673 21010 114024 1315102 25951 13453 1289151 1275937 21650 12289 13214 12498 27638 14681 10053 15624 10529
is_linear=0
shrinkage=0.003


Tree=23
num_leaves=31
num_cat=0
split_feature=31 81 36 21 8 91 75 36 38 67 26 60 8 41 41 23 75 16 62 46 36 16 0 18 72 91 12 2 47 11
split_gain=138.083 127.999 183.642 165.235 121.018 116.874 149.351 148.418 183.272 154.564 137.093 126.892 132.969 150.919 142.255 99.66 99.1348 99.4175 96.9807 95.0943 93.8609 162.602 110.765 92.379 91.5471 86.9274 83.1998 74.9141 69.6283 47.7454
threshold=0.051971435546875007 -0.0057152798399329177 0.072479248046875014 0.078277587890625014 -0.18017578124999997 -1.7283849716186521 -0.056015014648437493 0.088653564453125014 0.55590820312500011 -55.203124999999993 0.078094482421875014 21.500000000000004 0.42309570312500006 0.093078613281250014 0.083831787109375014 0.87939453125000011 -0.053787231445312493 0.081024169921875014 -410.49999999999994 0.33093261718750006 0.087249755859375014 0.044799804687500007 0.45312500000000006 0.73510742187500011 0.32775878906250006 -1.6331543922424314 -0.0031099319458007808 -0.0030012130737304683 0.24261474609375003 0.081878662109375014
decision_type=2 2 2 2 2 2 2 2 2 2 2 2 2 2 2 2 2 2 2 2 2 2 2 2 2 2 2 2 2 2
left_child=1 16 3 -3 -4 6 26 8 9 -8 19 12 13 14 -7 -15 18 27 -1 -9 21 -14 -22 -19 -13 -6 -2 -18 -12 -20
right_child=5 2 4 -5 25 11 7 10 -10 -11 28 24 20 15 -16 -17 17 23 29 -21 22 -23 -24 -25 -26 -27 -28 -29 -30 -31
leaf_value=0.0002530356636385859 2.7675720203343037e-05 -0.00052512359007891309 -8.5665254668559177e-05 6.8123065535180918e-05 0.00072541942582255033 -2.4557865893867345e-05 0.00018031824203317172 0.00025146146633186421 0.00059487175609720087 -0.00010468006204601551 -9.4698476193899139e-05 8.2039840264487199e-05 0.00054288701003439945 -8.7242255932763388e-05 7.4102938212321204e-05 -0.00036295033271636207 -0.00032871285158751615 0.00010219588920206427 -6.318088778707957e-05 -0.00018121984477372413 3.5851643634810785e-05 6.0825197645871194e-05 -0.00021070271477313562 -0.00044882328947570843 0.00058870121256725206 0.0001659709071820071 -0.00048658150042500388 -0.00081999862719919075 -0.00048437021700308545 -0.00041421600003986413
leaf_weight=5732 5290 7506 6013 9462 5028 642323 94413 13821 8039 20847 10275 7703 6338 111142 165291 13122 6332 5802 8710 6721 47568 292958 24909 5036 5450 5027 5967 5250 6869 5765
leaf_count=5732 5290 7506 6013 9462 5028 642323 94413 13821 8039 20847 10275 7703 6338 111142 165291 13122 6332 5802 8710 6721 47568 292958 24909 5036 5450 5027 5967 5250 6869 5765
internal_value=6.02544e-06 -0.000118911 2.12613e-05 -0.000195846 0.000250322 1.23814e-05 8.58459e-05 0.000109245 0.000159575 0.000128725 -5.54062e-05 2.76624e-06 -2.02939e-07 -1.93401e-05 -4.35869e-06 -0.000116625 -0.00022734 -0.000364266 -7.43732e-05 0.000109703 4.7758e-05 7.12114e-05 -4.90581e-05 -0.000155604 0.000294835 0.000450112 -0.000246801 -0.000556521 -0.00025273 -0.000204871
internal_weight=1.56471e+06 75663 33036 16968 16068 1.48905e+06 172242 160985 123299 115260 37686 1.3168e+06 1.30365e+06 931878 807614 124264 42627 22420 20207 20542 371773 299296 72477 10838 13153 10055 11257 11582 17144 14475
internal_count=1564709 75663 33036 16968 16068 1489046 172242 160985 123299 115260 37686 1316804 1303651 931878 807614 124264 42627 22420 20207 20542 371773 299296 72477 10838 13153 10055 11257 11582 17144 14475
is_linear=0
shrinkage=0.003


Tree=24
num_leaves=30
num_cat=0
split_feature=42 23 2 73 21 56 40 50 78 48 48 18 21 6 61 66 1 70 66 65 15 3 57 38 47 23 58 23 48
split_gain=142.23 186.216 157.74 182.594 136.572 132.117 126.844 214.47 209.844 124.368 117.275 116.267 115.409 115.329 108.2 150.297 216.79 150.947 146.109 128.323 124.39 131.651 106.255 98.2851 87.303 79.0914 72.5105 94.872 94.729
threshold=0.016204833984375003 1.1733398437500002 -0.010585784912109373 0.29333496093750006 0.089202880859375014 0.37316894531250006 0.70312500000000011 0.61645507812500011 0.69729006290435802 8.8710937500000018 9.2929687500000018 0.10723876953125001 0.061874389648437507 0.078765869140625014 -0.81103515624999989 0.36682128906250006 0.057189941406250007 0.23883056640625003 1.1528320312500002 0.072479248046875014 0.67187500000000011 -0.59692382812499989 0.58715820312500011 -1.3212890624999998 0.21002197265625003 1.0170898437500002 2.0888671875000004 -0.80541992187499989 12.183593750000002
decision_type=2 2 2 2 2 2 2 2 2 2 2 2 2 2 2 2 2 2 2 2 2 2 2 2 2 2 2 2 2
left_child=6 2 4 5 26 12 14 -8 13 11 -11 -5 -4 -9 19 20 17 -17 -18 23 22 -22 -16 -1 -3 -25 28 -28 -2
right_child=1 24 3 9 -6 -7 7 8 -10 10 -12 -13 -14 -15 15 16 18 -19 -20 -21 21 -23 -24 25 -26 -27 27 -29 -30
leaf_value=0.00039892131490170616 -0.00059842825462960573 -0.00074871633405270788 0.00010755258731045217 0.00059318036463143649 -0.00052628363200816781 -0.000568094841482934 -0.00028422391247562821 0.0003478005642659636 0.00073052466274187578 -0.00039807512753770437 5.2833221887144394e-05 8.0649554453696625e-05 -0.00022813756042151191 -0.00023500055839148644 -8.8455328407586775e-05 0.00011628446072541714 5.2849892908813276e-05 0.0005382245333312455 -4.9282829982634365e-05 0.00049597455255221323 -0.0003078213880488396 0.00022881923703944282 -0.00051305608946424343 1.3976685946427956e-05 -0.00019311638706172687 0.0001522411683673311 0.00028406760025425119 -0.00013009991350043451 -3.7305544449689803e-05
leaf_weight=6367 5826 5075 15076 7114 9173 6130 6036 7363 8030 5495 71880 8978 23429 5085 245350 44965 202039 9115 334871 5321 5051 20471 5327 413306 5194 40825 5850 30447 5012
leaf_count=6367 5826 5075 15076 7114 9173 6130 6036 7363 8030 5495 71880 8978 23429 5085 245350 44965 202039 9115 334871 5321 5051 20471 5327 413306 5194 40825 5850 30447 5012
internal_value=-6.79925e-06 -8.05061e-05 -5.95805e-05 -4.97689e-06 -0.000193256 -0.000162621 4.30258e-06 0.000209376 0.000355541 7.03992e-05 2.03382e-05 0.000309495 -9.67655e-05 0.000109751 2.08204e-07 -1.96007e-05 7.40125e-06 0.000188263 -1.08476e-05 3.70816e-05 -7.73592e-05 0.000121827 -9.76793e-05 3.16726e-05 -0.00047227 2.6437e-05 -0.000127468 -6.27513e-05 -0.000341652
internal_weight=1.5642e+06 204679 194410 138102 56308 44635 1.35952e+06 26514 20478 93467 77375 16092 38505 12448 1.33301e+06 867189 590990 54080 536910 465819 276199 25522 250677 460498 10269 454131 47135 36297 10838
internal_count=1564201 204679 194410 138102 56308 44635 1359522 26514 20478 93467 77375 16092 38505 12448 1333008 867189 590990 54080 536910 465819 276199 25522 250677 460498 10269 454131 47135 36297 10838
is_linear=0
shrinkage=0.003


Tree=25
num_leaves=27
num_cat=0
split_feature=60 81 33 13 12 84 81 0 50 13 23 32 72 70 82 72 65 0 28 60 91 26 23 6 50 75
split_gain=115.512 140.85 124.213 173.779 158.993 141.228 298.895 136.068 140.267 162.724 125.847 122.913 121.381 117.925 117.275 129.42 114.334 113.436 96.8082 134.287 124.878 93.7156 115.133 89.4147 131.219 46.516
threshold=21.500000000000004 -0.00092215021140873421 0.71679687500000011 0.75659179687500011 0.012260437011718752 0.029433295130729679 -0.0063514281064271918 0.57812500000000011 0.30407714843750006 -0.71850585937499989 -1.3491210937499998 0.019706726074218753 0.32873535156250006 0.22344970703125003 -0.19840186834335324 0.32678222656250006 0.084655761718750014 0.39062500000000006 0.33532714843750006 12.500000000000002 -1.5043084621429441 0.083465576171875014 -0.59692382812499989 0.057434082031250007 0.28002929687500006 -0.039016723632812493
decision_type=2 2 2 2 2 2 2 2 2 2 2 2 2 2 2 2 2 2 2 2 2 2 2 2 2 2
left_child=2 -2 3 4 14 12 -7 8 23 13 -5 21 -6 -10 17 -16 -11 -1 20 -20 -12 22 -9 -4 -25 -13
right_child=1 -3 7 10 5 6 -8 11 9 16 18 25 -14 -15 15 -17 -18 -19 19 -21 -22 -23 -24 24 -26 -27
leaf_value=-5.9083506358508437e-05 0.00049667345210292052 -2.7122782496955451e-05 0.00049095836477924153 0.00025066935512304417 0.00073449461947629603 -0.00020864507713745536 0.00036511607223092688 0.00058853635641570486 -0.00010033588014948095 1.6765653565435125e-05 -0.0002012280773153861 0.00028601641474278254 0.0002106141755214848 -0.00051350658526007028 3.6474456981466479e-05 -3.4633028528557458e-05 0.00046359479497526293 -0.00033189776381809807 -0.00033787521251560582 -7.5635341392997454e-06 -1.3991414865940604e-05 -0.00021816593597729489 8.1463599982541842e-05 -0.0001162718024435675 0.000306043729589993 0.00068740382307269383
leaf_weight=49454 8945 9425 7269 8608 5035 20148 13601 5136 28651 140904 48641 5587 18391 7867 381687 580719 5250 18914 34120 16386 93716 6108 17685 11937 14656 5197
leaf_count=49454 8945 9425 7269 8608 5035 20148 13601 5136 28651 140904 48641 5587 18391 7867 381687 580719 5250 18914 34120 16386 93716 6108 17685 11937 14656 5197
internal_value=-6.60349e-06 0.00022924 -9.4211e-06 -2.14105e-05 -6.41944e-06 0.000147427 2.29788e-05 5.08938e-05 2.12464e-05 -1.16627e-05 -0.000102319 0.000212086 0.000325856 -0.000190504 -1.49665e-05 -6.43118e-06 3.31222e-05 -0.000134932 -0.000118196 -0.000230937 -7.80634e-05 0.000109409 0.000197653 0.000198289 0.00011675 0.000483991
internal_weight=1.56404e+06 18370 1.54567e+06 1.28942e+06 1.08795e+06 57175 33749 256247 216534 182672 201471 39713 23426 36518 1.03077e+06 962406 146154 68368 192863 50506 142357 28929 22821 33862 26593 10784
internal_count=1564037 18370 1545667 1289420 1087949 57175 33749 256247 216534 182672 201471 39713 23426 36518 1030774 962406 146154 68368 192863 50506 142357 28929 22821 33862 26593 10784
is_linear=0
shrinkage=0.003


Tree=26
num_leaves=25
num_cat=0
split_feature=74 74 18 62 41 20 7 11 57 21 41 3 7 74 21 65 66 90 73 62 13 38 78 76
split_gain=172.759 153.876 142.964 122.82 127.25 116.404 137.296 177.346 131.316 114.159 198.098 146.624 209.558 198.63 144.154 141.774 119.001 106.972 99.7932 148.94 107.977 77.0988 74.4177 51.3284
threshold=0.32434082031250006 0.32531738281250006 -0.44665527343749994 -138.49999999999997 0.090240478515625014 0.51562500000000011 0.0028095245361328129 0.065582275390625014 0.55004882812500011 0.095611572265625014 0.097503662109375014 0.24517822265625003 0.011596679687500002 0.33483886718750006 0.093811035156250014 0.066009521484375014 0.28417968750000006 0.031884379684925086 0.33361816406250006 -216.49999999999997 1.2006835937500002 0.38195800781250006 0.6899448335170747 0.023929595947265628
decision_type=2 2 2 2 2 2 2 2 2 2 2 2 2 2 2 2 2 2 2 2 2 2 2 2
left_child=3 2 -2 5 17 6 8 23 -1 14 11 13 -13 -11 18 16 -16 -5 20 -20 -3 -10 -12 -8
right_child=1 9 -4 4 -6 -7 7 -9 21 10 22 12 -14 -15 15 -17 -18 -19 19 -21 -22 -23 -24 -25
leaf_value=-0.00062664125379383322 -1.825994780583114e-05 7.8831849533087165e-06 0.00064907579196230166 0.00060492485555199585 -0.00024191535180770262 0.00017421159774709077 -0.00040239048352252354 0.00037477203870720687 -0.00030839838693346057 0.00060556944046879851 -7.3787444450561874e-05 0.00016408939164183969 0.00069700353974139835 1.5722433438822668e-05 -0.00015882732925218577 0.00018354594913468051 -0.00060128979810698997 6.7431136894951076e-05 -0.00029534184005731371 0.00026334816318504799 -0.00012176026483650312 -0.00010120738278094092 -0.00054584364249413945 8.0084851289137782e-06
leaf_weight=7069 5155 1150772 6458 5097 6531 9062 5619 8235 30281 5349 6970 40593 7868 90188 17084 6816 8026 9371 5044 26258 60778 34860 5234 5263
leaf_count=7069 5155 1150772 6458 5097 6531 9062 5619 8235 30281 5349 6970 40593 7868 90188 17084 6816 8026 9371 5044 26258 60778 34860 5234 5263
internal_value=3.61471e-06 1.27636e-05 0.000355219 -0.000105033 0.000103242 -0.000148658 -0.000180851 4.50332e-05 -0.000240631 9.95978e-06 8.64807e-05 0.00011763 0.000251869 4.93459e-05 5.77421e-07 -0.00019815 -0.000302077 0.00025964 5.69781e-06 0.000172667 1.37005e-06 -0.000197846 -0.000279032 -0.000205638
internal_weight=1.56398e+06 1.44259e+06 11613 121388 20999 100389 91327 19117 72210 1.43098e+06 156202 143998 48461 95537 1.27478e+06 31926 25110 14468 1.24285e+06 31302 1.21155e+06 65141 12204 10882
internal_count=1563981 1442593 11613 121388 20999 100389 91327 19117 72210 1430980 156202 143998 48461 95537 1274778 31926 25110 14468 1242852 31302 1211550 65141 12204 10882
is_linear=0
shrinkage=0.003


Tree=27
num_leaves=31
num_cat=0
split_feature=33 6 91 87 75 23 78 80 31 76 6 18 91 84 71 41 45 59 56 56 37 76 23 41 91 61 13 13 43 40
split_gain=131.306 139.072 184.667 174.795 220.051 171.427 171.409 168.44 151.721 146.408 185.884 147.947 139.415 167.807 152.636 130.285 120.065 117.12 116.117 127.44 99.4892 103.919 96.4765 96.4063 93.1267 93.1018 91.1064 171.644 81.734 97.672
threshold=-1.3242187499999998 0.084320068359375014 -1.670077323913574 0.0040492890402674684 -0.049118041992187493 -0.90551757812499989 0.69209733605384838 -0.10343115031719206 0.073760986328125014 0.021503448486328128 0.090118408203125014 -0.092346191406249986 -1.5614790916442869 0.017528623342514042 1.0288085937500002 0.093078613281250014 2.6406250000000004 0.22808837890625003 0.40246582031250006 0.35974121093750006 0.00036072731018066412 0.020664215087890628 1.5209960937500002 0.10610961914062501 -1.7979555130004881 -0.20037841796874997 -0.44531249999999994 -0.78735351562499989 0.019760131835937503 0.51562500000000011
decision_type=2 2 2 2 2 2 2 2 2 2 2 2 2 2 2 2 2 2 2 2 2 2 2 2 2 2 2 2 2 2
left_child=26 2 3 7 6 9 -5 24 -6 20 11 -11 18 14 -14 -15 22 -9 19 -4 25 -22 23 -7 -2 -3 27 -1 -28 -30
right_child=1 5 12 4 8 16 -8 17 -10 10 -12 -13 13 15 -16 -17 -18 -19 -20 -21 21 -23 -24 -25 -26 -27 28 -29 29 -31
leaf_value=-0.00025895980329227836 -0.0001588282311861079 0.00034780944149203106 -0.00029602838459346606 -0.0004119857197896198 0.00021548782068368019 3.7026110743152191e-05 8.2311231878897423e-05 -0.0004514054891799196 -6.2293921567284664e-05 0.00067236152314266949 -0.0001245053751299569 -1.1979916565854784e-05 3.9036824892559583e-05 -6.5690749644806528e-06 0.00060317944153373104 -0.00012209298905116011 -0.00039792513797185707 7.8674855642911923e-05 -0.00043116976604949648 -3.3474647381841648e-05 0.00038183047018102264 -0.00014529120644353111 0.00036427755930001221 -0.00026839216494620183 0.00037036286968630984 0.00086227313233810715 -5.8936669292056922e-05 0.00042933098965829597 -0.00048538986297291792 -9.7704478098345078e-05
leaf_weight=6509 5128 8894 22066 11217 105429 364624 14221 13630 21215 6128 18766 5225 10452 661566 7271 101218 5722 5125 10512 66850 8668 5394 7800 9446 6942 5050 19118 6342 13823 10191
leaf_count=6509 5128 8894 22066 11217 105429 364624 14221 13630 21215 6128 18766 5225 10452 661566 7271 101218 5722 5125 10512 66850 8668 5394 7800 9446 6942 5050 19118 6342 13823 10191
internal_value=2.70811e-06 8.00654e-06 -1.06473e-05 7.60614e-05 0.000117811 5.24804e-05 -0.000136411 -0.000129636 0.000168942 0.000204265 5.87298e-05 0.000360052 -2.86776e-05 -1.51918e-05 0.000272566 -2.19126e-05 2.96713e-05 -0.000306906 -0.000134419 -9.88911e-05 0.000360014 0.000180035 3.61809e-05 2.9244e-05 0.000146076 0.000538942 -0.000139827 8.14057e-05 -0.000205778 -0.000321952
internal_weight=1.56454e+06 1.50856e+06 1.06284e+06 182907 152082 445717 25438 30825 126644 58125 30119 11353 879935 780507 17723 762784 387592 18755 99428 88916 28006 14062 381870 374070 12070 13944 55983 12851 43132 24014
internal_count=1564542 1508559 1062842 182907 152082 445717 25438 30825 126644 58125 30119 11353 879935 780507 17723 762784 387592 18755 99428 88916 28006 14062 381870 374070 12070 13944 55983 12851 43132 24014
is_linear=0
shrinkage=0.003


Tree=28
num_leaves=25
num_cat=0
split_feature=8 74 76 35 6 84 56 23 67 1 88 61 11 74 77 74 81 8 36 76 33 11 18 17
split_gain=185.716 150.032 228.72 128.272 129.301 140.073 120.004 161.006 105.938 151.938 105.345 200.922 100.102 99.0442 143.35 118.192 87.1348 85.8162 79.3823 78.6517 77.1847 69.575 59.2736 68.6237
threshold=1.1069335937500002 0.33654785156250006 0.022098541259765628 0.20312500000000003 0.081878662109375014 0.03660137206315995 0.39025878906250006 -0.75976562499999989 -6.0312499999999991 0.10610961914062501 0.0026487167924642567 -2.7871093749999996 0.062896728515625014 0.32434082031250006 0.44204591214656835 0.31286621093750006 -0.0044382456690073005 -0.54150390624999989 0.064849853515625014 0.018573760986328128 -0.71411132812499989 0.082611083984375014 -0.67089843749999989 -0.0016317367553710935
decision_type=2 2 2 2 2 2 2 2 2 2 2 2 2 2 2 2 2 2 2 2 2 2 2 2
left_child=3 -2 6 4 16 -6 22 -8 9 13 11 -11 -9 15 -15 -5 -1 -18 -12 21 -4 -10 -3 -24
right_child=1 2 20 8 5 -7 7 12 19 10 18 -13 -14 14 -16 -17 17 -19 -20 -21 -22 -23 23 -25
leaf_value=-7.2040190932809719e-05 0.00050592585769781181 -0.00033090335052616182 -4.4590500647464564e-05 5.6955533076144756e-05 -0.00021251614296359465 0.00042715762070432144 0.00059823776954579422 0.00043452107144586636 0.00031927435645170759 -0.00036560719083068486 -1.1064129046799096e-05 0.00027517069344141782 9.678356246954327e-05 5.0065781493929319e-05 -1.5631711109151615e-05 -0.00014911455452103041 -0.0007451686093643173 -0.00026242500177055424 -0.00043795359058727742 0.00047788917699823037 -0.00049791247512379858 -0.00011532365398535053 0.00029008409323238023 -0.00019121013762952698
leaf_weight=7898 8537 5473 6884 37067 7191 5238 8254 9360 5936 7989 5224 9568 48493 493200 758458 76882 5757 8047 15675 6749 6583 7272 5274 5196
leaf_count=7898 8537 5473 6884 37067 7191 5238 8254 9360 5936 7989 5224 9568 48493 493200 758458 76882 5757 8047 15675 6749 6583 7272 5274 5196
internal_value=4.77448e-06 0.000127159 9.28122e-05 -3.96702e-06 -0.000185443 5.83217e-05 0.000152324 0.000208607 3.95323e-07 -2.69702e-06 -0.000188419 -1.68231e-05 0.000152081 2.54639e-06 1.02575e-05 -8.20899e-05 -0.000324677 -0.000467666 -0.000331807 0.000216884 -0.000268222 8.09268e-05 -8.08989e-05 5.16805e-05
internal_weight=1.5622e+06 104054 95517 1.45815e+06 34131 12429 82050 66107 1.42402e+06 1.40406e+06 38456 17557 57853 1.36561e+06 1.25166e+06 113949 21702 13804 20899 19957 13467 13208 15943 10470
internal_count=1562205 104054 95517 1458151 34131 12429 82050 66107 1424020 1404063 38456 17557 57853 1365607 1251658 113949 21702 13804 20899 19957 13467 13208 15943 10470
is_linear=0
shrinkage=0.003


Tree=29
num_leaves=29
num_cat=0
split_feature=31 8 37 23 40 38 30 59 71 12 82 8 10 22 83 12 72 11 28 20 67 37 72 91 73 0 76 18
split_gain=153.431 164.888 138.679 164.76 199.673 143.033 135.694 152.847 112.972 172.298 197.711 181.573 166.678 157.747 153.941 109.531 101.564 92.9644 92.4961 92.3356 87.7341 147.283 77.4475 106.075 99.3263 67.2541 63.957 57.2466
threshold=0.051971435546875007 0.17822265625000003 0.0036296844482421879 -0.091125488281249986 0.35937500000000006 0.60205078125000011 0.73437500000000011 0.23944091796875003 1.9389648437500002 0.016235351562500003 -0.18781220912933347 1.1069335937500002 0.32812500000000006 0.032211303710937507 -0.0017569726333022115 0.013633728027343752 0.31872558593750006 0.050430297851562507 1.1821289062500002 0.42187500000000006 -32.953124999999993 1.0000000180025095e-35 0.32995605468750006 -1.5262932777404783 0.29943847656250006 0.45312500000000006 0.024234771728515628 0.32666015625000006
decision_type=2 2 2 2 2 2 2 2 2 2 2 2 2 2 2 2 2 2 2 2 2 2 2 2 2 2 2 2
left_child=1 22 3 -3 -5 -4 8 -8 9 10 19 18 13 17 16 -12 -14 -10 -11 -2 21 -9 24 25 26 27 -1 -24
right_child=6 2 5 4 -6 -7 7 20 12 11 15 -13 14 -15 -16 -17 -18 -19 -20 -21 -22 -23 23 -25 -26 -27 -28 -29
leaf_value=-6.2310823145702741e-05 -9.6095976200680168e-05 -0.00047911648325964115 0.00053717867376628986 0.00049704875983467808 -0.00026924154451537136 -4.5234178255335224e-05 0.000552299530545362 -0.00046449266230967889 0.00026753635623408929 -0.00014898745277021986 3.1018908529234219e-06 0.00035080939127998822 -0.00010921233245961146 -0.00039486022739139849 -0.00023503262921425802 0.00015075582074267074 0.00030416852946119494 3.8529294273034321e-07 0.00024322364959164557 -0.00036193278478686806 0.00030403681984678214 0.00023050892061204337 -0.00042062845017920737 -3.6535229620138538e-05 0.0001941908483652114 -0.00027022339493023407 -0.00050757033166226053 -0.00088764999180196609
leaf_weight=5984 72402 8134 7024 5379 6837 8091 8105 5334 13238 136733 1002895 7230 6022 8254 6427 47251 44776 96833 5547 13975 7616 5455 5007 5862 5939 6851 5599 5036
leaf_count=5984 72402 8134 7024 5379 6837 8091 8105 5334 13238 136733 1002895 7230 6022 8254 6427 47251 44776 96833 5547 13975 7616 5455 5007 5862 5939 6851 5599 5036
internal_value=-7.2895e-06 -0.00013891 1.03164e-05 -0.000151073 6.94707e-05 0.000227167 -5.81196e-07 0.000211725 -4.44619e-06 -1.41923e-05 -1.59396e-06 -0.000109896 6.69189e-05 2.59308e-06 0.00019969 9.75926e-06 0.000255045 3.27286e-05 -0.000133536 -0.000139475 5.95716e-05 -0.000114205 -0.000270006 -0.000385162 -0.000119114 -0.000505204 -0.000280043 -0.000661256
internal_weight=1.56384e+06 75743 35465 20350 12216 15115 1.48809e+06 26510 1.46158e+06 1.28603e+06 1.13652e+06 149510 175550 118325 57225 1.05015e+06 50798 110071 142280 86377 18405 10789 40278 22756 17522 16894 11583 10043
internal_count=1563836 75743 35465 20350 12216 15115 1488093 26510 1461583 1286033 1136523 149510 175550 118325 57225 1050146 50798 110071 142280 86377 18405 10789 40278 22756 17522 16894 11583 10043
is_linear=0
shrinkage=0.003


Tree=30
num_leaves=31
num_cat=0
split_feature=56 17 41 8 3 56 81 90 65 18 18 21 33 62 63 91 17 80 89 13 20 18 11 72 71 16 41 27 18 58
split_gain=142.984 129.223 111.104 212.079 158.616 148.811 149.177 242.754 170.376 144.179 179.415 148.956 133.624 220.45 144.105 207.802 127.662 122.569 110.008 105.484 105.145 111.498 126.827 91.46 81.8488 66.4509 64.5063 60.8375 58.5448 40.2737
threshold=0.33386230468750006 0.00077199935913085948 0.093078613281250014 -1.4487304687499998 -0.90063476562499989 0.36975097656250006 -0.049530267715454095 0.04279963672161103 0.037307739257812507 0.41247558593750006 0.36315917968750006 0.10955810546875001 0.11605834960937501 -136.49999999999997 -62.515624999999993 -1.2745242118835447 -0.013313293457031248 -0.15049529075622556 0.0010786121711134913 0.60668945312500011 0.23437500000000003 -0.40014648437499994 0.068389892578125014 0.29992675781250006 1.8491210937500002 0.061050415039062507 0.099395751953125014 0.0011081695556640627 -1.0405273437499998 2.0634765625000004
decision_type=2 2 2 2 2 2 2 2 2 2 2 2 2 2 2 2 2 2 2 2 2 2 2 2 2 2 2 2 2 2
left_child=1 20 5 -4 18 12 7 8 -7 10 -8 -11 14 16 15 -2 -14 26 -5 -19 25 22 29 -3 -15 -1 -6 -20 -24 -22
right_child=2 23 3 4 17 6 9 -9 -10 11 -12 -13 13 24 -16 -17 -18 19 27 -21 21 -23 28 -25 -26 -27 -28 -29 -30 -31
leaf_value=-0.00019218588085094841 0.00013030632681424777 0.00044039556608255686 0.00052219667820618614 -1.2150704697447845e-05 -0.00037576804913219843 -2.4121608069427357e-06 -3.7093981224937496e-05 -0.00044118852645941693 0.00016246419160146443 4.7858844064034671e-05 -0.00032314566560952908 -0.00040591910472522066 0.00011677110600880002 0.00051635391172021624 -0.00034737031547254712 0.00057551398700215735 -8.5886926004659139e-05 4.3371296958607832e-05 -0.00070577394034955704 -0.00018289281609322239 0.00015240307421489276 -0.00059511150012348576 -0.00021721129374752338 -0.00011174288183998248 0.00015945268099027654 0.0002858599466393965 -0.00010227979588064595 -0.00031030951752288152 -0.00066051075412045435 -0.00015284212535340822
leaf_weight=5044 124286 5045 5389 7933 12153 105224 479961 8046 121477 266751 20483 6574 38420 7580 5053 10126 102126 101401 5299 22589 6625 8295 5432 5615 24111 5232 21486 10939 5491 9132
leaf_count=5044 124286 5045 5389 7933 12153 105224 479961 8046 121477 266751 20483 6574 38420 7580 5053 10126 102126 101401 5299 22589 6625 8295 5432 5615 24111 5232 21486 10939 5491 9132
internal_value=3.97495e-06 -0.000144861 9.50463e-06 -5.88757e-05 -7.63777e-05 1.92038e-05 1.49445e-06 6.77204e-05 8.5969e-05 -1.86034e-05 -4.88642e-05 3.68001e-05 7.64836e-05 2.05658e-05 0.000145477 0.000164249 -3.04442e-05 -4.15873e-05 -0.000302154 2.03542e-06 -0.000214792 -0.00029299 -0.000197187 0.000151229 0.000246174 5.16192e-05 -0.000201906 -0.000442893 -0.000444029 -2.43506e-05
internal_weight=1.56332e+06 55911 1.50741e+06 187189 181800 1.32022e+06 1.00852e+06 234747 226701 773769 500444 273325 311702 172237 139465 134412 140546 157629 24171 123990 45251 34975 26680 10660 31691 10276 33639 16238 10923 15757
internal_count=1563318 55911 1507407 187189 181800 1320218 1008516 234747 226701 773769 500444 273325 311702 172237 139465 134412 140546 157629 24171 123990 45251 34975 26680 10660 31691 10276 33639 16238 10923 15757
is_linear=0
shrinkage=0.003


Tree=31
num_leaves=24
num_cat=0
split_feature=30 30 3 41 23 23 74 82 1 1 5 75 6 70 69 1 57 47 38 38 20 77 17
split_gain=143.647 126.806 165.645 146.617 142.746 140.852 160.631 139.439 180.911 132.98 128.394 119.676 115.637 109.815 132.433 125.916 103.841 135.072 114.03 94.0068 81.1197 64.9432 90.0823
threshold=0.73437500000000011 0.57812500000000011 1.5170898437500002 0.091400146484375014 1.2973632812500002 -1.4423828124999998 0.32043457031250006 -0.082564264535903917 0.063446044921875014 0.071807861328125014 0.60937500000000011 -0.035171508789062493 0.059310913085937507 0.24023437500000003 0.26135253906250006 0.071990966796875014 0.51293945312500011 0.20965576171875003 -0.19964599609374997 -0.19378662109374997 0.60937500000000011 0.42717348039150244 -0.0040264129638671866
decision_type=2 2 2 2 2 2 2 2 2 2 2 2 2 2 2 2 2 2 2 2 2 2 2
left_child=1 2 3 13 7 -5 -7 8 10 -10 -3 20 -4 14 -1 -15 18 -18 -9 -13 -2 -14 -23
right_child=11 4 12 5 -6 6 -8 16 9 -11 -12 19 21 15 -16 -17 17 -19 -20 -21 -22 22 -24
leaf_value=7.9512450672032767e-05 0.00065844352028441308 -0.00038284971456069847 -0.00055267051762998727 0.00034445221972994385 0.00040829734401247368 -0.00029430923591578255 -3.5294542946823234e-05 0.00023398809417630312 0.00017959701706681582 -2.3069909109052187e-05 0.00010026432181773177 -0.00024308673177801261 -0.00034553823748503668 0.00030693506106850809 3.2175577691755966e-06 2.1739657547646591e-05 -0.00058687581828815972 -0.00015045928838486078 -0.00028561194758835453 0.00025653695756634704 0.00018307499518901589 0.00025135343563908991 -0.00018254175464683603
leaf_weight=302832 6611 17771 6521 7699 5804 24392 179676 11935 38632 117566 6799 6239 7123 27903 631869 27762 6772 93045 5460 7185 6435 7107 10600
leaf_count=302832 6611 17771 6521 7699 5804 24392 179676 11935 38632 117566 6799 6239 7123 27903 631869 27762 6772 93045 5460 7185 6435 7107 10600
internal_value=4.97689e-06 1.19678e-06 1.47192e-05 2.03406e-05 -5.36964e-05 -5.12914e-05 -6.63832e-05 -6.2829e-05 -1.05523e-05 2.7138e-05 -0.000249298 0.000223679 -0.000200208 3.56611e-05 2.79421e-05 0.000164993 -0.000143374 -0.000180625 7.0194e-05 2.42491e-05 0.000427142 -0.000105797 -7.95713e-06
internal_weight=1.56374e+06 1.53727e+06 1.23348e+06 1.20213e+06 303784 211767 204068 297980 180768 156198 24570 26470 31351 990366 934701 55665 117212 99817 17395 13424 13046 24830 17707
internal_count=1563738 1537268 1233484 1202133 303784 211767 204068 297980 180768 156198 24570 26470 31351 990366 934701 55665 117212 99817 17395 13424 13046 24830 17707
is_linear=0
shrinkage=0.003


Tree=32
num_leaves=27
num_cat=0
split_feature=32 2 33 91 17 6 30 59 21 18 33 27 23 56 8 90 6 59 36 46 41 26 6 17 69 56
split_gain=250.332 148.881 130.253 150.898 139.713 134.924 134.843 153.85 128.884 138.884 133.877 126.375 123.357 137.035 169.628 124.353 142.86 137.768 125 112.321 108.421 94.4726 155.955 116.476 92.3387 71.2512
threshold=-0.024948120117187497 0.031814575195312507 -0.59594726562499989 -0.86593675613403309 0.031234741210937503 0.10147094726562501 0.73437500000000011 0.23870849609375003 0.078155517578125014 0.13726806640625003 0.80004882812500011 0.014461517333984377 -0.062606811523437486 0.39685058593750006 0.073638916015625014 0.13232517242431643 0.094940185546875014 0.21600341796875003 0.082183837890625014 0.30895996093750006 0.093078613281250014 0.083465576171875014 0.077972412109375014 -0.0059776306152343741 0.31042480468750006 0.41223144531250006
decision_type=2 2 2 2 2 2 2 2 2 2 2 2 2 2 2 2 2 2 2 2 2 2 2 2 2 2
left_child=12 2 3 4 11 6 20 -8 10 -10 -7 -2 13 14 24 16 17 18 -14 -17 -4 22 23 -3 -1 -15
right_child=1 21 5 -5 -6 8 7 -9 9 -11 -12 -13 15 25 -16 19 -18 -19 -20 -21 -22 -23 -24 -25 -26 -27
leaf_value=-0.00068964213078024196 0.00010495752852055262 2.8463661398756274e-05 -2.3581725354224536e-06 0.00056705084975043098 -0.00041809915466986709 0.00016616767818426696 0.00056049783118146618 5.6265904157332362e-05 -0.00020237678004822598 0.00030741807542286343 0.00064839080724524948 -8.0853192445474195e-05 -0.00035247643811461648 -0.00082427400760250733 0.00014468690638320427 -0.00013453062715345753 0.00027584418930958225 -0.00058997719985541986 0.00014546828221926965 0.00041497869653310461 -9.1353636376103578e-05 -0.00047836817002089901 0.00020207135759965628 -0.00053463505675416332 -0.00012703633480932601 -0.00034323489696704202
leaf_weight=5335 196130 5599 988598 5368 5216 28235 7596 18719 14854 6991 6283 39512 9483 5385 8867 5943 5235 7953 8537 7455 140643 7980 9119 7939 5186 6109
leaf_count=5335 196130 5599 988598 5368 5216 28235 7596 18719 14854 6991 6283 39512 9483 5385 8867 5943 5235 7953 8537 7455 140643 7980 9119 7939 5186 6109
internal_value=-1.62112e-06 6.92949e-06 1.12843e-05 7.41744e-05 6.29589e-05 -1.4982e-06 -8.49426e-06 0.000203387 0.000141696 -3.8571e-05 0.000255562 7.37801e-05 -0.000170043 -0.000315493 -0.000160217 -6.8864e-05 -0.000172506 -0.000263585 -0.000117074 0.00017204 -1.34494e-05 -0.000199695 -9.98735e-05 -0.00030325 -0.00041613 -0.00057377
internal_weight=1.56427e+06 1.48878e+06 1.45814e+06 246226 240858 1.21192e+06 1.15556e+06 26315 56363 21845 34518 235642 75488 30882 19388 44606 31208 25973 18020 13398 1.12924e+06 30637 22657 13538 10521 11494
internal_count=1564270 1488782 1458145 246226 240858 1211919 1155556 26315 56363 21845 34518 235642 75488 30882 19388 44606 31208 25973 18020 13398 1129241 30637 22657 13538 10521 11494
is_linear=0
shrinkage=0.003


Tree=33
num_leaves=27
num_cat=0
split_feature=67 2 81 41 23 37 40 69 69 1 40 85 69 6 23 47 16 74 46 11 46 7 59 69 58 84
split_gain=153.763 193.716 181.493 158.859 167.303 164.565 152.451 157.94 157.688 140.852 137.152 180.805 138.757 192.24 137.098 134.393 120.493 168.08 135.645 117.084 130.353 113.973 100.969 106.733 65.4379 51.4731
threshold=-34.984374999999993 0.030044555664062503 -0.070074930787086473 0.093078613281250014 1.0029296875000002 -0.0069446563720703116 0.70312500000000011 0.36975097656250006 0.18621826171875003 0.059616088867187507 0.17187500000000003 0.017616696655750278 0.40002441406250006 0.088775634765625014 1.4750976562500002 0.24285888671875003 0.076141357421875014 0.35607910156250006 0.29724121093750006 0.047698974609375007 0.29479980468750006 -0.011043548583984373 0.20709228515625003 0.28723144531250006 2.1044921875000004 0.037224352359771735
decision_type=2 2 2 2 2 2 2 2 2 2 2 2 2 2 2 2 2 2 2 2 2 2 2 2 2 2
left_child=1 3 -2 4 6 14 7 -1 -8 22 24 12 21 -14 -6 -7 17 -3 -18 -11 -21 -12 -5 -24 -4 -13
right_child=2 16 10 9 5 15 8 -9 -10 19 11 25 13 -15 -16 -17 18 -19 -20 20 -22 -23 23 -25 -26 -27
leaf_value=-1.0359969799254239e-05 0.00058126438682179525 -0.00040804473620014613 0.00063631709652374609 8.1048662276343196e-05 7.3253525374729681e-05 0.00015252282517211501 0.00048061908492102789 0.00019451051364533206 -3.1835731206228955e-06 -0.00040801959672636225 0.00018858067560290342 -0.00054678821077571381 3.5741628862876263e-07 0.00067325502239133259 -0.00039075220380627992 0.0005005258578807116 -0.00014297792793875451 0.00018307855973775366 -0.00081518089733985475 -0.00013225469079339918 5.0608546539840356e-05 6.4745351461900994e-06 -0.00055284974997165434 -0.00016481921912869373 0.00015356762304767727 -0.00012401252392930752
leaf_weight=974597 6205 8049 5186 6179 21265 50934 11963 34986 12188 7441 39292 5123 7502 7688 7734 12380 5189 9147 5655 59468 85269 144042 11857 13944 5002 5296
leaf_count=974597 6205 8049 5186 6179 21265 50934 11963 34986 12188 7441 39292 5123 7502 7688 7734 12380 5189 9147 5655 59468 85269 144042 11857 13944 5002 5296
internal_value=6.89639e-06 -5.31327e-06 7.93784e-05 -2.3803e-08 1.33372e-05 0.000135634 2.40402e-06 -3.24184e-06 0.000237458 -8.16836e-05 6.49081e-05 4.82332e-05 6.85106e-05 0.000343102 -5.14138e-05 0.000221251 -0.000251592 -9.43703e-05 -0.000497768 -4.35691e-05 -2.45638e-05 4.55849e-05 -0.000262352 -0.000344587 0.000403098 -0.000335112
internal_weight=1.56358e+06 1.33824e+06 225336 1.3102e+06 1.12605e+06 92313 1.03373e+06 1.00958e+06 24151 184158 219131 208943 198524 15190 28999 63314 28040 17196 10844 152178 144737 183334 31980 25801 10188 10419
internal_count=1563581 1338245 225336 1310205 1126047 92313 1033734 1009583 24151 184158 219131 208943 198524 15190 28999 63314 28040 17196 10844 152178 144737 183334 31980 25801 10188 10419
is_linear=0
shrinkage=0.003


Tree=34
num_leaves=31
num_cat=0
split_feature=8 74 76 41 22 75 8 63 23 36 86 41 57 89 40 75 70 59 76 1 3 22 89 6 62 37 8 82 82 58
split_gain=196.131 181.677 280.752 176.995 173.33 146.652 251.416 249.762 165.884 158.222 146.023 129.022 128.441 149.666 128.269 124.358 167.457 151.334 114.009 108.383 161.327 138.105 125.103 105.01 100.949 89.8236 87.8158 82.2869 176.85 78.5221
threshold=1.1069335937500002 0.33605957031250006 0.022129058837890628 0.093078613281250014 -0.018539428710937497 -0.049118041992187493 0.99414062500000011 -100.84374999999999 -0.40051269531249994 0.094512939453125014 0.011194154620170595 0.081665039062500014 0.53491210937500011 0.0016201906837522986 0.57812500000000011 -0.046066284179687493 0.13592529296875003 0.21539306640625003 0.022830963134765628 0.067047119140625014 0.10537719726562501 0.012397766113281252 0.0015627280808985235 0.059890747070312507 -400.49999999999994 0.016235351562500003 0.17822265625000003 -0.13675811886787412 -0.15840986371040341 2.1181640625000004
decision_type=2 2 2 2 2 2 2 2 2 2 2 2 2 2 2 2 2 2 2 2 2 2 2 2 2 2 2 2 2 2
left_child=3 -2 4 5 -3 6 8 9 24 11 -11 -7 13 -6 -10 16 -9 -17 -4 21 23 27 25 -21 -1 -22 -25 28 -5 -29
right_child=1 2 18 19 12 7 -8 15 14 10 -12 -13 -14 -15 -16 17 -18 -19 -20 20 22 -23 -24 26 -26 -27 -28 29 -30 -31
leaf_value=-0.00010572086618793079 0.00055236047964159923 0.00054112799808980858 -0.0006075203837941608 -0.00015544614001320421 0.0002274105135122024 8.8969544455843523e-05 -0.0004793042241950654 -0.00010433584659882263 -5.2562557504312127e-05 -0.00030352234995941249 0.0001300006815129424 0.00027863474450478469 -0.00011436820017816515 -0.00029467864457336982 -0.00027216059730306288 -0.00015612790337950065 0.00018750988008519774 -1.8186874124712727e-06 -5.3907265427424246e-05 0.0003513112214941475 -6.0551658900820912e-05 -0.00048329229023689595 -0.00052501581622251871 -8.8291677650336031e-05 0.00016523775483506537 -0.00039067423510187344 0.00017373883017426892 -0.00052807776538659769 0.00040183237319153819 -0.00011707790127566344
leaf_weight=16924 8115 9097 6230 22531 49788 75422 12310 24577 145676 13350 14479 56523 18172 5399 28566 62126 62597 708220 7152 9850 61419 12362 6776 29724 45366 8347 18647 7182 6526 10012
leaf_count=16924 8115 9097 6230 22531 49788 75422 12310 24577 145676 13350 14479 56523 18172 5399 28566 62126 62597 708220 7152 9850 61419 12362 6776 29724 45366 8347 18647 7182 6526 10012
internal_value=-1.74118e-06 0.000124098 8.7297e-05 -1.07119e-05 0.000152765 2.20181e-06 -6.30644e-05 1.81713e-05 -4.12083e-05 0.000127033 -7.83091e-05 0.000170368 0.000103934 0.000175893 -8.86999e-05 -2.12427e-06 0.000105204 -1.42819e-05 -0.000314237 -9.52221e-05 -4.83134e-05 -0.000202809 -0.000138763 7.06335e-05 9.15677e-05 -0.000100551 1.2871e-05 -0.00012696 -2.93364e-05 -0.000290815
internal_weight=1.56346e+06 103953 95838 1.45951e+06 82456 1.26614e+06 248842 1.01729e+06 236532 159774 27829 131945 73359 55187 174242 857520 87174 770346 13382 193376 134763 58613 76542 58221 62290 69766 48371 46251 29057 17194
internal_count=1563465 103953 95838 1459512 82456 1266136 248842 1017294 236532 159774 27829 131945 73359 55187 174242 857520 87174 770346 13382 193376 134763 58613 76542 58221 62290 69766 48371 46251 29057 17194
is_linear=0
shrinkage=0.003


Tree=35
num_leaves=25
num_cat=0
split_feature=33 41 74 91 23 43 7 5 87 76 67 38 41 43 35 16 58 65 13 73 41 46 91 91
split_gain=192.629 166.011 133.411 139.872 123.681 168.417 125.461 123.26 208.022 146.326 105.801 102.199 242.022 116.202 104.504 96.896 140.166 135.474 95.4786 96.4752 91.6726 239.759 154.089 83.6659
threshold=-1.3242187499999998 0.039276123046875007 0.32434082031250006 -1.7220196723937986 -0.84790039062499989 1.5151367187500002 0.032348632812500007 0.57812500000000011 0.0040160035714507112 0.019947052001953128 -30.132812499999996 0.34545898437500006 0.089691162109375014 1.1689453125000002 0.26562500000000006 0.072967529296875014 2.0673828125000004 0.061203002929687507 -0.37976074218749994 0.31921386718750006 0.086700439453125014 0.29626464843750006 -1.6331543922424314 -2.0419826507568355
decision_type=2 2 2 2 2 2 2 2 2 2 2 2 2 2 2 2 2 2 2 2 2 2 2 2
left_child=15 10 11 7 6 -6 -5 8 -4 -9 -2 12 14 -14 -3 17 -17 -1 -18 23 22 -22 -13 -20
right_child=1 2 3 4 5 -7 -8 9 -10 -11 -12 20 13 -15 -16 16 18 -19 19 -21 21 -23 -24 -25
leaf_value=-0.00025925988558411951 7.4356593970792843e-05 0.00033492890933460356 -0.00011021723474199518 6.7756022690870294e-05 -6.1127243481029956e-06 -0.00030104199868073229 0.00054382845834600882 -0.00040258105351910955 0.00022206521701236082 4.102455506807426e-05 0.00063462839604484756 -0.00045373174692472831 -0.00057073823253698055 -0.0001581720671181574 -9.3780775901606907e-05 -0.00065403396052976135 0.00012003031268753524 0.00024984899591101278 -0.00010550142268474246 1.3616099387482793e-05 -0.0002942792760716331 0.0003510271249601051 8.5099986252099831e-06 -0.00056158043316102051
leaf_weight=9037 6125 6128 21205 125736 1064122 17616 5091 7595 83499 51263 5969 8387 14994 10534 28602 6642 7417 9596 5663 7401 7606 15764 27575 10210
leaf_count=9037 6125 6128 21205 125736 1064122 17616 5091 7595 83499 51263 5969 8387 14994 10534 28602 6642 7417 9596 5663 7401 7606 15764 27575 10210
internal_value=-1.22488e-06 5.19511e-06 2.35278e-06 1.07076e-05 -4.0357e-07 -1.0943e-05 8.66831e-05 9.30304e-05 0.000154729 -1.68038e-05 0.000353816 -9.37155e-05 -0.00018063 -0.000401776 -1.73919e-05 -0.00017389 -0.000261881 2.86544e-06 -0.000175165 -0.000269349 -5.28888e-06 0.000140647 -0.000100253 -0.000400545
internal_weight=1.56378e+06 1.50781e+06 1.49572e+06 1.37613e+06 1.21256e+06 1.08174e+06 130827 163562 104704 58858 12094 119590 60258 25528 34730 55966 37333 18633 30691 23274 59332 23370 35962 15873
internal_count=1563777 1507811 1495717 1376127 1212565 1081738 130827 163562 104704 58858 12094 119590 60258 25528 34730 55966 37333 18633 30691 23274 59332 23370 35962 15873
is_linear=0
shrinkage=0.003


Tree=36
num_leaves=21
num_cat=0
split_feature=3 41 13 43 13 6 74 74 41 85 59 42 36 81 7 83 18 79 43 62
split_gain=132.654 144.424 153.742 151.495 138.967 135.715 127.998 201.659 161.395 159.297 154.301 145.273 122.096 109.137 104.422 120.17 101.55 88.7221 79.2099 58.0882
threshold=1.5170898437500002 0.041900634765625007 -0.30126953124999994 -1.2832031249999998 -0.64916992187499989 0.059310913085937507 0.32434082031250006 0.32531738281250006 0.093078613281250014 0.017285611480474476 0.21148681640625003 0.0098648071289062517 0.080413818359375014 -0.025349907577037808 -0.0025234222412109371 -0.014861170202493666 -0.42626953124999994 0.31965351104736334 -0.27282714843749994 -282.49999999999994
decision_type=2 2 2 2 2 2 2 2 2 2 2 2 2 2 2 2 2 2 2 2
left_child=1 2 -1 4 -3 -2 8 16 11 -9 -10 -5 -4 19 17 -16 -8 -6 -15 -7
right_child=5 3 12 6 14 13 7 9 10 -11 -12 -13 -14 18 15 -17 -18 -19 -20 -21
leaf_value=0.00070954525571229846 -0.0005594151750102055 0.00023887895224057316 0.00036954035172400963 -8.150328153130636e-05 -0.00068307368081287209 -6.9561277788241825e-05 9.3317731747563951e-05 1.5681848087338534e-05 0.00017351713151954632 -0.00020025540548375409 -0.0003459990194059669 0.00022341746180675696 -0.00022333652288743024 -0.00043670167553312196 -0.00026990715758822004 0.00018742389516333957 0.00066410552498746627 -0.00020270088952273847 -2.7783149753310086e-05 0.00038203138089766038
leaf_weight=5060 6861 6202 6568 65294 7029 5076 5097 1307624 6155 31387 29693 17815 5794 8578 15537 7641 6243 6957 8409 5026
leaf_count=5060 6861 6202 6568 65294 7029 5076 5097 1307624 6155 31387 29693 17815 5794 8578 15537 7641 6243 6957 8409 5026
internal_value=-4.65515e-07 3.65562e-06 0.000274455 5.1879e-07 -0.00017403 -0.000185667 5.682e-06 1.39949e-05 -8.86155e-05 1.06056e-05 -0.000256565 -1.59514e-05 9.21e-05 -8.92957e-05 -0.000243393 -0.000118983 0.000410611 -0.000447259 -0.000235624 0.00015666
internal_weight=1.56405e+06 1.5301e+06 17422 1.51267e+06 43366 33950 1.46931e+06 1.35035e+06 118957 1.33901e+06 35848 83109 12362 27089 37164 23178 11340 13986 16987 10102
internal_count=1564046 1530096 17422 1512674 43366 33950 1469308 1350351 118957 1339011 35848 83109 12362 27089 37164 23178 11340 13986 16987 10102
is_linear=0
shrinkage=0.003


Tree=37
num_leaves=31
num_cat=0
split_feature=33 8 33 41 80 45 71 20 38 74 17 7 80 86 33 6 76 75 3 75 21 23 15 8 81 85 75 28 70 26
split_gain=192.449 163.72 148.315 161.205 166.493 143.347 141.614 138.855 126.558 152.859 153.783 134.682 151.606 130.346 111.025 110.729 140.65 123.734 103.404 135.033 117.742 90.6419 134.325 131.713 107.92 107.386 98.3521 85.312 72.2889 47.5225
threshold=-1.3242187499999998 0.42309570312500006 -0.59594726562499989 0.093078613281250014 -0.13156777620315549 2.6406250000000004 1.9545898437500002 0.73437500000000011 0.45056152343750006 0.35534667968750006 -0.012081146240234373 -0.0063133239746093741 -0.088628768920898424 0.009621765464544298 -0.66455078124999989 0.054702758789062507 0.020587921142578128 -0.026008605957031247 -1.6596679687499998 -0.028678894042968747 0.045059204101562507 -0.20196533203124997 0.35937500000000006 -0.15771484374999997 -0.0088598988950252516 0.01207183673977852 -0.049942016601562493 -0.27893066406249994 0.22082519531250003 0.084014892578125014
decision_type=2 2 2 2 2 2 2 2 2 2 2 2 2 2 2 2 2 2 2 2 2 2 2 2 2 2 2 2 2 2
left_child=21 2 8 4 6 18 -4 -6 9 10 -2 13 -13 -10 -11 16 -5 -17 -3 20 -20 22 -1 26 27 -24 -23 -25 -21 -26
right_child=1 5 3 15 7 -7 -8 -9 11 14 -12 12 -14 -15 -16 17 -18 -19 19 28 -22 23 25 24 29 -27 -28 -29 -30 -31
leaf_value=4.1487544400878535e-05 -6.163688323712213e-05 -0.0003093791027128413 3.0546978552901607e-05 0.0003862703903989846 -3.6324935682375777e-05 -0.00036026160487983666 0.00027273664874645444 0.00023885447937281476 -0.00037881896270616024 -4.3490827387516768e-05 0.00029142571918450708 0.00035339977454993917 -7.8355902747299566e-05 3.7871845255129768e-05 0.00032276173559855681 -0.00013345534895833926 -0.0001589994830435908 -0.00048037598260219168 0.00038383461893108737 0.00014790421158421299 5.2961062240988476e-05 -0.00062679024256192726 -0.00016708700720125211 0.00013957374046246211 0.00047143102559176359 -0.00072854997278027169 -0.00011116339025557207 -0.00035175599618892506 0.00058230745124984175 7.0076871356249129e-05
leaf_weight=5715 14009 6411 79852 7785 661114 7135 29768 16827 15812 51674 52863 11719 19154 11713 8601 89202 9168 10252 9836 7136 380008 5425 5122 5660 5345 7823 8516 7039 6741 5262
leaf_count=5715 14009 6411 79852 7785 661114 7135 29768 16827 15812 51674 52863 11719 19154 11713 8601 89202 9168 10252 9836 7136 380008 5425 5122 5660 5345 7823 8516 7039 6741 5262
internal_value=1.46704e-06 7.8849e-06 -1.14683e-05 -2.73272e-05 -1.19177e-05 5.84082e-05 9.65037e-05 -2.94606e-05 6.57684e-05 0.000118838 0.000217481 -4.97832e-05 8.61449e-05 -0.000202005 9.21997e-06 -0.000131482 9.21911e-05 -0.000169664 6.57777e-05 7.18103e-05 6.14055e-05 -0.000171209 -0.000341342 -8.52906e-05 5.27836e-05 -0.000509378 -0.000314849 -0.000133389 0.00036158 0.000274838
internal_weight=1.56269e+06 1.50678e+06 1.08951e+06 903968 787561 417267 109620 677941 185545 127147 66872 58398 30873 27525 60275 116407 16953 99454 410132 403721 389844 55907 18660 37247 23306 12945 13941 12699 13877 10607
internal_count=1562687 1506780 1089513 903968 787561 417267 109620 677941 185545 127147 66872 58398 30873 27525 60275 116407 16953 99454 410132 403721 389844 55907 18660 37247 23306 12945 13941 12699 13877 10607
is_linear=0
shrinkage=0.003


Tree=38
num_leaves=31
num_cat=0
split_feature=38 62 1 1 58 58 11 13 72 38 6 91 63 72 31 73 67 50 7 31 33 77 25 83 43 42 41 67 59 58
split_gain=127.495 159.524 142.484 223.333 136.863 134.465 133.045 168.724 155.002 130.05 130.479 114.094 261.099 99.0738 134.066 162.047 192.193 112.91 110.668 119.557 138.716 108.233 102.671 125.38 98.5504 115.22 94.7244 91.6083 82.2774 79.1776
threshold=0.60205078125000011 -80.499999999999986 0.061553955078125007 0.074310302734375014 2.1083984375000004 2.0986328125000004 0.080078125000000014 0.051864624023437507 0.33093261718750006 0.56884765625000011 0.078277587890625014 -1.1633615493774412 -78.406249999999986 0.32653808593750006 0.074432373046875014 0.28967285156250006 -53.765624999999993 0.64062500000000011 0.019096374511718753 0.051330566406250007 -0.59594726562499989 0.44065102934837347 0.54687500000000011 -0.044029861688613885 0.85351562500000011 0.0093879699707031267 0.077606201171875014 -71.468749999999986 0.24224853515625003 2.0576171875000004
decision_type=2 2 2 2 2 2 2 2 2 2 2 2 2 2 2 2 2 2 2 2 2 2 2 2 2 2 2 2 2 2
left_child=9 2 4 11 5 -2 7 -5 -8 13 26 12 -4 14 15 27 -17 21 19 29 -21 -16 -20 -24 25 -6 -11 -1 -13 -15
right_child=1 -3 3 6 24 -7 8 -9 -10 10 -12 28 -14 18 17 16 -18 -19 22 20 -22 -23 23 -25 -26 -27 -28 -29 -30 -31
leaf_value=-0.00019392090881980634 -0.00015306535676388314 0.00027955085380326717 8.2858492996922676e-05 -0.00013181290359778709 -0.00034885443437486041 0.00040135374170892379 0.00018814095410581871 -0.00054793171646604381 -0.00013543729409224895 0.00029488281158399537 0.00053043867222699167 6.3883729149747049e-05 0.00076873195218652747 -0.0005480888727005948 -1.6687446794384115e-05 0.0002089327712343138 -0.00015339286630515451 -0.00038393221459037474 4.7163236111395269e-05 7.1893289416383096e-05 -3.8280475092997962e-05 0.0001402780934246331 0.00067040750202916003 1.856752796961697e-05 -0.00070020070707352462 0.00014984667797594064 -0.00024941534421030935 0.00023274877144561422 -0.00031069405440777487 -0.00014019545696170919
leaf_weight=20083 17171 12024 64434 96846 22534 5000 24618 9562 28804 6014 8428 10964 5319 5062 207964 104375 15004 6511 86279 125653 564751 48712 5469 5088 5385 5051 5338 5748 10026 25977
leaf_count=20083 17171 12024 64434 96846 22534 5000 24618 9562 28804 6014 8428 10964 5319 5062 207964 104375 15004 6511 86279 125653 564751 48712 5469 5088 5385 5051 5338 5748 10026 25977
internal_value=-4.36813e-06 -5.80029e-05 -7.13662e-05 -4.09433e-05 -0.00020929 -2.67921e-05 -0.000108404 -0.000169685 1.37474e-05 9.30762e-06 0.000250009 7.7867e-05 0.000136185 5.40628e-06 4.35637e-05 0.000116706 0.000163304 3.17912e-06 -1.36408e-05 -2.64254e-05 -1.82214e-05 1.31445e-05 8.15357e-05 0.000359372 -0.000331561 -0.000257327 3.89969e-05 -9.84455e-05 -0.00011566 -0.000208263
internal_weight=1.56419e+06 317738 305714 250573 55141 22171 159830 106408 53422 1.24646e+06 19780 90743 69753 1.22668e+06 408397 145210 119379 263187 818279 721443 690404 256676 96836 10557 32970 27585 11352 25831 20990 31039
internal_count=1564194 317738 305714 250573 55141 22171 159830 106408 53422 1246456 19780 90743 69753 1226676 408397 145210 119379 263187 818279 721443 690404 256676 96836 10557 32970 27585 11352 25831 20990 31039
is_linear=0
shrinkage=0.003


Tree=39
num_leaves=31
num_cat=0
split_feature=41 80 58 8 32 46 26 7 43 20 75 31 12 60 46 73 10 21 36 69 80 31 8 90 76 67 69 66 57 76
split_gain=140.565 151.726 143.025 148.885 151.386 128.814 126.494 129.672 125.171 173.431 148.456 121.973 202.971 120.969 210.422 130.899 168.899 151.744 176.354 164.133 148.824 141.024 114.027 168.735 152.902 144.407 127.586 126.956 109.889 82.3557
threshold=0.093078613281250014 -0.13366645574569699 2.0888671875000004 -1.2558593749999998 -0.011661529541015623 0.36267089843750006 0.086700439453125014 -0.015869140624999997 1.1225585937500002 0.39062500000000006 -0.030921936035156247 0.059722900390625007 -0.0047817230224609366 21.500000000000004 0.32165527343750006 0.30944824218750006 0.64062500000000011 0.095611572265625014 0.060653686523437507 0.18096923828125003 -0.0042198225855827323 0.069030761718750014 0.25891113281250006 -0.076992034912109361 0.021442413330078128 -54.453124999999993 0.34484863281250006 -2.2998046874999996 0.49475097656250006 0.021327972412109378
decision_type=2 2 2 2 2 2 2 2 2 2 2 2 2 2 2 2 2 2 2 2 2 2 2 2 2 2 2 2 2 2
left_child=1 5 6 -4 11 22 7 -2 10 -10 -6 -5 -13 15 28 16 20 19 -19 -17 -3 -18 23 27 26 -25 -24 -1 -15 -9
right_child=2 13 3 4 8 -7 -8 29 9 -11 -12 12 -14 14 -16 17 21 18 -20 -21 -22 -23 24 25 -26 -27 -28 -29 -30 -31
leaf_value=0.00015708777259680487 0.00014737052474729219 6.4216838893234211e-06 0.00032660347087071499 -4.1756764195341967e-05 -0.00013559197795038775 -0.00030779066868853337 -0.00069282266052957163 -0.00052684595282280347 0.00016783591437199616 -0.00015705740093388377 -0.00050594447677127538 -0.00011508823764123419 0.00054531191567669304 0.00012571526684382916 -0.00024313421831639222 0.00041793854595303297 0.00050226185717047224 -0.00016166950140968301 0.00014525674096687479 -5.9759616225078128e-05 0.00030584703036832102 0.00010619607815954001 0.00021340829700807227 8.4137880852881908e-06 -0.00047802230455936529 0.00056294595235085348 -9.6864280899357295e-05 -0.00023542574584413059 0.00069707394232234069 -0.00011299481233806003
leaf_weight=64412 7727 512832 9352 24305 52144 6562 5034 8516 26265 33575 11920 6847 10568 5272 5473 6457 11120 21682 74407 515461 15288 29298 24128 5775 5165 15693 23409 8290 7193 8835
leaf_count=64412 7727 512832 9352 24305 52144 6562 5034 8516 26265 33575 11920 6847 10568 5272 5473 6457 11120 21682 74407 515461 15288 29298 24128 5775 5165 15693 23409 8290 7193 8835
internal_value=5.90254e-07 1.16482e-05 -7.25958e-05 -3.96592e-05 -6.0525e-05 0.000100465 -0.00026322 -0.000174575 -0.000113135 -1.4413e-05 -0.000205182 9.56192e-05 0.00028649 3.2672e-07 0.000244158 -3.37974e-06 2.94697e-05 -3.35996e-05 7.59043e-05 -5.37708e-05 1.51457e-05 0.000216134 0.000118903 0.000181382 7.13015e-06 0.000414505 6.07359e-05 0.000112069 0.000458345 -0.000317971
internal_weight=1.563e+06 1.35792e+06 205088 174976 165624 153434 30112 25078 123904 59840 64064 41720 17415 1.20448e+06 17938 1.18654e+06 568538 618007 96089 521918 528120 40418 146872 94170 52702 21468 47537 72702 12465 17351
internal_count=1563005 1357917 205088 174976 165624 153434 30112 25078 123904 59840 64064 41720 17415 1204483 17938 1186545 568538 618007 96089 521918 528120 40418 146872 94170 52702 21468 47537 72702 12465 17351
is_linear=0
shrinkage=0.003


Tree=40
num_leaves=31
num_cat=0
split_feature=33 91 67 86 86 86 36 48 45 13 47 46 33 80 42 63 81 7 62 58 13 91 7 21 0 38 6 5 91 10
split_gain=129.408 153.258 151.218 134.19 229.428 309.801 156.308 129.374 128.338 118.735 129.984 119.919 118.009 134.789 180.022 127.903 167.123 117.379 115.509 114.688 96.027 71.7988 101.604 112.39 81.3463 75.9459 132.024 71.3652 70.5736 129.054
threshold=-1.3242187499999998 -1.6980085372924802 -36.640624999999993 0.0092457309365272539 0.012562688440084459 0.011494457721710207 0.078277587890625014 12.449218750000002 2.6406250000000004 1.7041015625000002 0.18084716796875003 0.25207519531250006 -0.71411132812499989 -0.033765345811843865 -0.0014176368713378904 -92.343749999999986 -0.023346513509750363 -0.010379791259765623 -412.49999999999994 2.0263671875000004 -0.70629882812499989 -2.2018375396728511 0.020690917968750003 0.071533203125000014 0.42187500000000006 0.19451904296875003 0.073577880859375014 0.39062500000000006 -1.832031726837158 0.42187500000000006
decision_type=2 2 2 2 2 2 2 2 2 2 2 2 2 2 2 2 2 2 2 2 2 2 2 2 2 2 2 2 2 2
left_child=21 3 12 28 5 18 -7 -6 -9 10 11 -4 15 19 -15 20 -17 -12 -5 -14 -3 -1 23 24 -23 27 -27 -25 -2 -30
right_child=1 2 9 4 7 6 -8 8 -10 -11 17 -13 13 14 -16 16 -18 -19 -20 -21 -22 22 -24 25 -26 26 -28 -29 29 -31
leaf_value=8.6019987997590374e-05 -0.00026145567725672895 -0.00046800804462196547 0.00013013514745680076 -0.00013953254693072591 -0.00036276997697591129 0.00030345637240209025 0.0010010415786761966 0.00012486203336246611 -0.00011992018346941691 -0.00035528013511411892 0.00017437596702502735 0.0005543133001574865 -0.00034476611826532672 -8.1010568205539774e-05 -0.00048631308747311929 0.00052927135264816706 8.8004538843782426e-05 8.2630334657398791e-06 0.00031018765812740822 -1.986443187503873e-05 -1.2012833337604968e-05 -0.00076680043113149269 0.00014827643938800867 -6.7267795112498511e-05 -0.0002421096822433444 -0.000336881979023538 0.00029413318436324307 -0.0004657114654205664 0.00018038959748199442 -0.00036731162255640188
leaf_weight=10215 13336 5106 19740 8956 6067 5005 7153 109379 23313 5983 48925 8575 9788 41884 12824 8714 63083 174805 11823 884392 20643 5398 6700 7539 5412 5025 7045 8730 13396 5330
leaf_count=10215 13336 5106 19740 8956 6067 5005 7153 109379 23313 5983 48925 8575 9788 41884 12824 8714 63083 174805 11823 884392 20643 5398 6700 7539 5412 5025 7045 8730 13396 5330
internal_value=6.31911e-07 5.89688e-06 -6.05726e-06 8.23929e-05 0.000115657 0.00034036 0.00071869 6.21125e-05 8.17977e-05 5.89762e-05 6.89467e-05 0.000260093 -2.20972e-05 -3.23136e-05 -0.000176731 7.72152e-05 0.000142223 4.46501e-05 0.000116613 -2.34591e-05 -0.000103897 -0.000140763 -0.000191367 -0.000249724 -0.000508742 -0.000149479 3.08185e-05 -0.000282613 -9.55439e-05 2.33738e-05
internal_weight=1.56428e+06 1.50822e+06 1.30446e+06 203758 171696 32937 12158 138759 132692 258028 252045 28315 1.04643e+06 948888 54708 97546 71797 223730 20779 894180 25749 56064 45849 39149 10810 28339 12070 16269 32062 18726
internal_count=1564284 1508220 1304462 203758 171696 32937 12158 138759 132692 258028 252045 28315 1046434 948888 54708 97546 71797 223730 20779 894180 25749 56064 45849 39149 10810 28339 12070 16269 32062 18726
is_linear=0
shrinkage=0.003


Tree=41
num_leaves=16
num_cat=0
split_feature=30 84 65 60 59 47 13 47 85 1 80 59 7 33 41
split_gain=133.165 146.307 117.545 166.952 113.058 101.116 128.033 115.978 97.3159 203.74 103.611 84.5641 76.3746 75.7033 143.966
threshold=0.73437500000000011 0.019420243799686435 0.11315917968750001 18.500000000000004 0.23370361328125003 0.18084716796875003 1.2275390625000002 0.17645263671875003 0.017149705439805988 0.059616088867187507 -0.0042198225855827323 0.23944091796875003 -0.0026178359985351558 0.036422729492187507 0.076141357421875014
decision_type=2 2 2 2 2 2 2 2 2 2 2 2 2 2 2
left_child=2 11 3 5 -5 6 7 -1 10 -10 -7 -2 -13 14 -6
right_child=1 -3 -4 4 13 8 -8 -9 9 -11 -12 12 -14 -15 -16
leaf_value=9.9353413016986506e-05 0.00059427725179775348 -0.00019914926666009274 -0.00041641326429144374 -0.00010888074143209958 0.00053037338488390838 -1.2007187712191768e-06 -0.00027795565283716365 0.00046363349928177768 0.00028872951799447332 -0.00025307801945441671 0.00027633387973435077 0.00042954998736618842 -2.1256542394113985e-05 3.3149355266993562e-05 -2.7755127625704978e-05
leaf_weight=27213 7300 5824 5844 8006 15705 1398910 5577 11010 7651 32279 12112 6330 7117 7511 5632
leaf_count=27213 7300 5824 5844 8006 15705 1398910 5577 11010 7651 32279 12112 6330 7117 7511 5632
internal_value=8.29185e-06 0.000218458 4.64568e-06 6.27936e-06 0.000205476 1.35462e-06 0.000143204 0.000205219 -2.93697e-06 -0.0001488 1.20101e-06 0.00033608 0.000192559 0.000292793 0.000383611
internal_weight=1.56402e+06 26571 1.53745e+06 1.53161e+06 36854 1.49475e+06 43800 38223 1.45095e+06 39930 1.41102e+06 20747 13447 28848 21337
internal_count=1564021 26571 1537450 1531606 36854 1494752 43800 38223 1450952 39930 1411022 20747 13447 28848 21337
is_linear=0
shrinkage=0.003


Tree=42
num_leaves=26
num_cat=0
split_feature=30 59 59 67 21 56 74 65 33 42 91 6 38 7 60 75 11 43 80 59 88 91 91 21 57
split_gain=117.376 115.974 188.66 99.8045 156.596 127.599 194.449 199.309 225.761 149.149 163.139 113.385 190.779 187.988 183.019 164.954 109.231 106.286 104.867 101.522 80.7833 77.6909 141.195 126.883 58.0178
threshold=0.73437500000000011 0.23870849609375003 0.25524902343750006 -93.218749999999986 0.092742919921875014 0.36950683593750006 0.32434082031250006 0.069488525390625014 -0.40441894531249994 0.015953063964843753 -0.53363466262817372 0.062179565429687507 -0.58325195312499989 -0.012649536132812498 7.5000000000000009 -0.036758422851562493 0.058273315429687507 0.95678710937500011 -0.075641334056854234 0.22808837890625003 0.0020111231133341794 -1.8060383796691892 -2.0191307067871089 0.066070556640625014 0.54711914062500011
decision_type=2 2 2 2 2 2 2 2 2 2 2 2 2 2 2 2 2 2 2 2 2 2 2 2 2
left_child=3 -2 24 4 20 6 9 8 -8 10 -5 12 18 14 -13 -14 -9 -11 -7 -15 -1 22 -22 -23 -3
right_child=1 2 -4 5 -6 11 7 16 -10 17 -12 13 15 19 -16 -17 -18 -19 -20 -21 21 23 -24 -25 -26
leaf_value=-0.00049758910575406305 0.00050416721086614304 -0.00040247491037803847 0.00043044149314254594 -3.3294327941171774e-05 0.00034615464400066485 -7.6608270588426918e-05 0.00025611486713839309 0.00051805433456112381 5.9221300795333478e-06 -0.00051753045983292476 0.0004829418921478632 9.6753073663668129e-05 -0.00015100856791906787 1.6547798064668779e-05 0.0006419962332881473 0.00010544408805018344 0.00018108870283713605 -0.00012801224859635519 -0.00045704277731109083 -4.5628043368852967e-05 -2.0228900120697399e-05 -0.00026812742854661232 -0.00050998193640770448 0.00038123187867168239 2.5698227117091047e-05
leaf_weight=7150 7633 5323 7587 71596 5038 10233 38851 10929 194798 8769 5868 25378 51604 454568 7006 39972 41413 22164 18106 492161 11287 5221 9899 5419 5975
leaf_count=7150 7633 5323 7587 71596 5038 10233 38851 10929 194798 8769 5868 25378 51604 454568 7006 39972 41413 22164 18106 492161 11287 5221 9899 5419 5975
internal_value=-2.87003e-06 0.000194644 6.75427e-05 -6.28924e-06 -0.000146922 -2.13495e-06 4.41493e-05 8.51523e-05 4.76158e-05 -6.40102e-05 6.38346e-06 -1.87466e-05 -0.000105778 -8.07797e-06 0.000216325 -3.90767e-05 0.000252301 -0.000239746 -0.000320423 -1.5776e-05 -0.000211379 -0.000145723 -0.000250383 6.30645e-05 -0.000177795
internal_weight=1.56395e+06 26518 18885 1.53743e+06 44014 1.49342e+06 394388 285991 233649 108397 77464 1.09903e+06 119915 979113 32384 91576 52342 30933 28339 946729 38976 31826 21186 10640 11298
internal_count=1563948 26518 18885 1537430 44014 1493416 394388 285991 233649 108397 77464 1099028 119915 979113 32384 91576 52342 30933 28339 946729 38976 31826 21186 10640 11298
is_linear=0
shrinkage=0.003


Tree=43
num_leaves=28
num_cat=0
split_feature=8 33 23 74 26 47 61 8 41 57 13 60 47 82 23 76 46 76 41 23 89 15 41 26 13 8 35
split_gain=129.637 124.491 185.064 164.518 160.387 179.432 150.315 140.213 119.507 141.353 188.975 154.027 151.951 141.072 135.891 125.722 172.614 113.643 112.093 102.408 101.2 111.937 100.822 94.4553 73.9968 70.084 17.7977
threshold=1.0864257812500002 0.85058593750000011 -0.20196533203124997 0.33605957031250006 0.089385986328125014 0.22808837890625003 0.29296875000000006 1.2412109375000002 0.091400146484375014 0.54223632812500011 1.4418945312500002 21.500000000000004 0.20770263671875003 -0.021604858338832852 0.82690429687500011 0.024524688720703128 0.34118652343750006 0.024234771728515628 0.084136962890625014 0.77758789062500011 0.00086526048835366975 0.67187500000000011 0.10977172851562501 0.094512939453125014 -0.57592773437499989 -0.69799804687499989 0.32812500000000006
decision_type=2 2 2 2 2 2 2 2 2 2 2 2 2 2 2 2 2 2 2 2 2 2 2 2 2 2 2
left_child=8 3 -3 -2 5 6 -5 -7 9 11 12 15 18 -13 -14 16 -1 19 -11 20 22 -22 -10 -6 -21 -26 -19
right_child=1 2 -4 4 23 7 -8 -9 17 10 -12 13 14 -15 -16 -17 -18 26 -20 24 21 -23 -24 -25 25 -27 -28
leaf_value=-2.2735260335808712e-05 0.00050904082849039043 0.00077985959965054942 1.1238701549851598e-06 7.7930061809127255e-05 -0.00057759857728339331 0.00017918428299403851 0.00043537714726051756 -0.00022551345203919974 -0.00010138886131364526 0.00013356846008591306 -0.00046341357321346576 0.00052350100447244173 3.0821141248924268e-05 -5.364244538263803e-05 0.0002180793807295818 0.00031479979465360989 -0.00036114944053975345 -0.00024134852919283011 0.00068531090239579758 8.2982776201784626e-06 1.8484158450435093e-05 -0.00041730946137418391 -0.00055522091129748305 -5.3061764321877537e-05 -3.9270444078740152e-05 -0.00043272432038453276 -0.00049770333349612617
leaf_weight=663340 7060 5646 5262 28954 5291 11933 16644 21352 21886 8008 6349 8820 465801 6626 37607 9573 13749 5305 5630 9041 156176 5391 5438 7291 5757 14021 5076
leaf_count=663340 7060 5646 5262 28954 5291 11933 16644 21352 21886 8008 6349 8820 465801 6626 37607 9573 13749 5305 5630 9041 156176 5391 5438 7291 5757 14021 5076
internal_value=5.45008e-06 0.000104976 0.000407622 7.10901e-05 3.67666e-05 8.7013e-05 0.000209071 -8.03232e-05 -2.0494e-06 9.68733e-06 4.69994e-05 -1.81302e-05 5.33554e-05 0.000277166 4.48508e-05 -2.48121e-05 -2.96594e-05 -6.50859e-05 0.000364668 -5.03715e-05 -2.49047e-05 3.69391e-06 -0.000193405 -0.000276456 -0.000216628 -0.000318971 -0.000370251
internal_weight=1.56303e+06 109433 10908 98525 91465 78883 45598 33285 1.45359e+06 1.2255e+06 523395 702108 517046 15446 503408 686662 677089 228091 13638 217710 188891 161567 27324 12582 28819 19778 10381
internal_count=1563027 109433 10908 98525 91465 78883 45598 33285 1453594 1225503 523395 702108 517046 15446 503408 686662 677089 228091 13638 217710 188891 161567 27324 12582 28819 19778 10381
is_linear=0
shrinkage=0.003


Tree=44
num_leaves=31
num_cat=0
split_feature=8 63 42 70 32 91 87 74 89 30 6 8 61 11 23 69 56 41 13 91 61 90 13 22 13 33 1 41 69 56
split_gain=178.718 208.347 213.429 181.294 148.285 151.832 152.966 152.955 143.06 136.155 139.899 113.751 111.064 109.685 106.241 102.607 120.058 125.895 104.004 101.793 113.478 180.112 91.3464 85.8693 85.548 131.986 90.3565 81.8866 75.0147 67.4123
threshold=1.1069335937500002 -77.281249999999986 -0.0093307495117187483 0.17071533203125003 -0.024192810058593747 -2.0419826507568355 0.0010327307973057034 0.32434082031250006 0.0016766926273703577 0.35937500000000006 0.077972412109375014 1.2412109375000002 5.2109375000000009 0.067230224609375014 -1.0405273437499998 0.31823730468750006 0.38317871093750006 0.084014892578125014 0.91430664062500011 -1.1633615493774412 1.8608398437500002 0.028427079319953922 0.26513671875000006 0.031250000000000007 -0.71850585937499989 -1.5092773437499998 0.077789306640625014 0.083465576171875014 0.29870605468750006 0.36950683593750006
decision_type=2 2 2 2 2 2 2 2 2 2 2 2 2 2 2 2 2 2 2 2 2 2 2 2 2 2 2 2 2 2
left_child=4 2 -2 11 15 27 9 12 -9 23 -11 -4 -8 -13 -3 24 29 18 -18 28 21 -21 -19 -7 -1 26 -26 -6 -16 -17
right_child=1 14 3 -5 5 6 7 8 -10 10 -12 13 -14 -15 19 16 17 22 -20 20 -22 -23 -24 -25 25 -27 -28 -29 -30 -31
leaf_value=-0.00062419725374171606 -0.00048872825271885703 0.00057589224917177018 0.00043904639612515667 -0.00042276348716962695 9.9723501734128291e-05 7.5568363640246311e-05 -0.00016300420844994021 -1.529674092728334e-05 0.00011090347657427538 0.00049836193355149545 -6.1180111871931775e-06 0.0003681658546653572 0.00023065442498706768 -0.00014971653377398062 0.00017299532065938336 -1.4494795454725157e-05 -0.00011469419979182078 -0.00011539161541819532 0.00037461658051380741 0.00011119219371321203 -0.00011830055249344508 0.00068152119884154548 -0.00065447123309560749 -0.0002869844059531867 -0.00022783770979466764 -0.00039558608444632473 0.0002784546391031669 0.00053171591261866032 0.00067989004245916807 0.00046408610486282258
leaf_weight=5030 7973 6785 8867 5651 9235 81525 84654 1081450 87274 13603 7739 5363 6895 11183 5019 5097 16151 5674 5048 28885 12917 5938 5647 6238 6236 14262 6255 6877 5631 5402
leaf_count=5030 7973 6785 8867 5651 9235 81525 84654 1081450 87274 13603 7739 5363 6895 11183 5019 5097 16151 5674 5048 28885 12917 5938 5647 6238 6236 14262 6255 6877 5631 5402
internal_value=-8.30845e-07 0.000119135 -5.41137e-05 5.86463e-05 -9.39963e-06 -2.37068e-06 -5.78723e-06 -1.51193e-05 -5.86411e-06 0.000101923 0.000316253 0.000166933 -0.000133137 1.93463e-05 0.000222827 -0.000139414 -4.37119e-05 -0.000133749 3.03445e-06 0.000180886 0.000121196 0.000210117 -0.000387665 4.95016e-05 -0.000268404 -0.000199434 2.58915e-05 0.000286251 0.000444838 0.000233802
internal_weight=1.5645e+06 104212 39037 31064 1.46029e+06 1.38549e+06 1.36938e+06 1.26027e+06 1.16872e+06 109105 21342 25413 91549 16546 65175 74802 43019 32520 21199 58390 47740 34823 11321 87763 31783 26753 12491 16112 10650 10499
internal_count=1564504 104212 39037 31064 1460292 1385490 1369378 1260273 1168724 109105 21342 25413 91549 16546 65175 74802 43019 32520 21199 58390 47740 34823 11321 87763 31783 26753 12491 16112 10650 10499
is_linear=0
shrinkage=0.003


Tree=45
num_leaves=31
num_cat=0
split_feature=33 43 21 3 26 82 26 22 83 41 7 7 62 1 15 84 30 41 59 23 18 84 38 82 70 65 76 65 28 26
split_gain=217.886 121.129 187.767 150.358 176.816 146.477 148.125 141.183 125.404 133.52 142.177 123.113 162.912 138.167 103.46 102.683 126.24 98.0651 96.6285 94.3001 90.6242 89.2418 88.8589 77.6998 84.4873 71.9195 97.1931 61.2135 60.4049 90.8902
threshold=-1.3242187499999998 0.73950195312500011 0.095611572265625014 -0.90063476562499989 0.10015869140625001 -0.22257775068283078 0.059341430664062507 0.017456054687500003 -0.042651504278182976 0.049697875976562507 -0.012905120849609373 0.026695251464843753 -218.49999999999997 0.10897827148437501 0.67187500000000011 0.022033855319023136 0.51562500000000011 0.073760986328125014 0.24700927734375003 0.54907226562500011 -0.49450683593749994 0.034169398248195655 0.19451904296875003 -0.13915988802909848 0.14569091796875003 0.048416137695312507 0.024921417236328128 0.048843383789062507 0.60131835937500011 0.080078125000000014
decision_type=2 2 2 2 2 2 2 2 2 2 2 2 2 2 2 2 2 2 2 2 2 2 2 2 2 2 2 2 2 2
left_child=19 2 7 18 5 6 -5 11 15 -10 -11 13 -13 -2 -7 17 -17 -4 23 25 -9 22 -21 -3 -25 -1 28 -22 29 -27
right_child=1 3 8 4 -6 14 -8 20 9 10 -12 12 -14 -15 -16 16 -18 -19 -20 21 27 -23 -24 24 -26 26 -28 -29 -30 -31
leaf_value=-3.6419585786620028e-05 1.4383776665838526e-05 1.2003552887350255e-05 0.00042008219143790655 -0.00049782952023944818 -0.00043229178791492174 4.9041927439948997e-05 -2.4333525476847574e-05 9.0991160423551921e-05 0.00041785818300162715 0.00024029690091057913 -2.0167687187267097e-05 -9.7293245203185913e-05 0.00028974897708268239 -0.00022340583092638302 -0.00030746645286714163 0.00023864860839705335 0.00082845420556341422 -0.00010304103399367717 -0.00050779100857291501 -0.00036927465776722957 -0.00013072657522896614 0.00033895907444490391 0.00016008553259955224 -4.3900063513216736e-05 -0.00057759575930158567 -0.00047172043557952733 4.7303854607422526e-05 -0.00054975968535538695 -0.00065809564880245646 -2.5344310458478824e-05
leaf_weight=9971 1059645 13490 5597 9866 8816 156749 14769 5026 9722 25770 69572 14184 31186 22358 7586 7548 5821 7363 8699 6329 5358 5095 5053 5011 5657 11753 5040 7750 6453 6299
leaf_count=9971 1059645 13490 5597 9866 8816 156749 14769 5026 9722 25770 69572 14184 31186 22358 7586 7548 5821 7363 8699 6329 5358 5095 5053 5011 5657 11753 5040 7750 6453 6299
internal_value=5.70969e-06 1.25399e-05 2.39693e-05 -5.07189e-05 -1.94481e-05 3.07078e-08 -0.000215209 1.16432e-05 0.00013134 8.47777e-05 5.04113e-05 1.58773e-05 0.0001688 9.45001e-06 3.24079e-05 0.000316118 0.0004997 0.000124365 -0.000238326 -0.000177881 -0.00025023 1.27735e-05 -0.00013492 -0.000139602 -0.000329643 -0.00025721 -0.000331349 -0.000380763 -0.000409103 -0.000316961
internal_weight=1.56354e+06 1.50754e+06 1.2769e+06 230643 197786 188970 24635 1.14551e+06 131393 105064 95342 1.12737e+06 45370 1.082e+06 164335 26329 13369 12960 32857 55993 18134 16477 11382 24158 10668 39516 29545 13108 24505 18052
internal_count=1563536 1507543 1276900 230643 197786 188970 24635 1145507 131393 105064 95342 1127373 45370 1082003 164335 26329 13369 12960 32857 55993 18134 16477 11382 24158 10668 39516 29545 13108 24505 18052
is_linear=0
shrinkage=0.003


Tree=46
num_leaves=29
num_cat=0
split_feature=30 8 12 13 91 47 31 77 8 58 75 69 61 23 6 74 46 8 75 59 83 81 74 3 79 58 16 67
split_gain=145.167 124.872 135.925 151.328 142.179 132.248 193.829 154.999 192.139 151.282 148.305 139.12 124.848 151.189 118.245 104.609 188.703 125.163 102.231 148.931 99.7751 135.498 109.575 92.4939 89.5641 112.573 86.0732 83.5911
threshold=0.73437500000000011 1.1069335937500002 0.015983581542968753 0.71752929687500011 -0.45595526695251459 0.22833251953125003 0.078979492187500014 0.46018080413341528 1.2412109375000002 2.1748046875000004 -0.042404174804687493 0.35876464843750006 2.5068359375000004 0.057815551757812507 0.10067749023437501 0.32434082031250006 0.32067871093750006 0.13598632812500003 -0.037094116210937493 0.25524902343750006 -0.054921552538871758 -0.028423637151718136 0.35021972656250006 -0.63110351562499989 0.30723243951797491 2.1513671875000004 0.069671630859375014 -35.828124999999993
decision_type=2 2 2 2 2 2 2 2 2 2 2 2 2 2 2 2 2 2 2 2 2 2 2 2 2 2 2 2
left_child=1 2 3 15 20 9 7 8 -7 10 14 -11 13 -6 -3 17 -17 -1 27 -20 22 -22 -4 -12 -5 -26 -8 -2
right_child=18 5 4 24 12 6 26 -9 -10 11 23 -13 -14 -15 -16 16 -18 -19 19 -21 21 -23 -24 -25 25 -27 -28 -29
leaf_value=-0.00015178620114962476 0.00017178778117202048 0.00064875512110204668 -0.00019921070043016318 0.00041868212907769035 0.00055652060891357236 9.608976958703953e-05 2.2226713413128642e-05 0.00016439287587770288 -0.0005233690937302127 -0.00041877180815817002 0.0001755289223914729 0.00022833969513487567 -0.0002553043025023922 -3.3083151581746024e-05 0.00024767702706988639 -3.134829883408939e-05 5.4807219635615832e-05 0.00010044615600951974 -0.00017582706941805543 0.00040775283148886127 -0.00028862402041918492 -9.0969161043564039e-05 0.00025026314306293105 -0.00034666640177662649 -1.769414921731763e-05 0.00033832573481019755 0.00052794025507980642 0.00071151956564937768
leaf_weight=89037 5275 8492 7860 9479 8125 6674 6114 8322 13602 6560 7341 5339 5245 7448 30044 750121 329097 22020 9611 6521 43154 112753 12541 5078 25699 11496 5921 5123
leaf_count=89037 5275 8492 7860 9479 8125 6674 6114 8322 13602 6560 7341 5339 5245 7448 30044 750121 329097 22020 9611 6521 43154 112753 12541 5078 25699 11496 5921 5123
internal_value=-8.11838e-06 -1.19211e-05 -1.91858e-05 -7.52305e-06 -9.23274e-05 8.86708e-05 -4.46549e-05 -0.000178959 -0.000319999 0.000174795 0.000245836 -0.000128934 0.000141652 0.000276123 0.000337511 -1.40995e-05 -5.07337e-06 -0.000101729 0.000211487 6.11308e-05 -0.00012002 -0.000145829 7.6965e-05 -3.90549e-05 0.00015986 9.29544e-05 0.000273329 0.000441953
internal_weight=1.56409e+06 1.53756e+06 1.43408e+06 1.23695e+06 197126 103487 40633 28598 20276 62854 50955 11899 20818 15573 38536 1.19028e+06 1.07922e+06 111057 26530 16132 176308 155907 20401 12419 46674 37195 12035 10398
internal_count=1564092 1537562 1434075 1236949 197126 103487 40633 28598 20276 62854 50955 11899 20818 15573 38536 1190275 1079218 111057 26530 16132 176308 155907 20401 12419 46674 37195 12035 10398
is_linear=0
shrinkage=0.003


Tree=47
num_leaves=25
num_cat=0
split_feature=33 30 59 59 66 91 87 22 74 81 28 41 62 62 58 2 18 32 3 25 25 37 74 47
split_gain=146.085 128.139 126.593 153.016 140.141 125.506 210.217 230.269 177.611 162.988 159.636 158.895 137.443 130.716 146.176 125.288 118.002 112.578 121.733 113.467 125.203 56.3273 55.7624 55.7132
threshold=-1.3242187499999998 0.73437500000000011 0.23870849609375003 0.25048828125000006 -0.11575317382812499 -1.7040987014770506 0.0040492890402674684 0.012233734130859377 0.35729980468750006 0.0013366609346121552 0.22668457031250003 0.062622070312500014 -528.49999999999989 -354.49999999999994 2.0888671875000004 -0.0038766860961914058 0.41247558593750006 -0.030517578124999997 0.66821289062500011 0.45312500000000006 0.35937500000000006 0.0036296844482421879 0.35998535156250006 0.24859619140625003
decision_type=2 2 2 2 2 2 2 2 2 2 2 2 2 2 2 2 2 2 2 2 2 2 2 2
left_child=17 5 -3 -4 -5 6 7 15 10 13 -8 -11 -10 14 -7 -2 -15 18 19 20 21 -1 23 -19
right_child=1 2 3 4 -6 9 8 -9 12 11 -12 -13 -14 16 -16 -17 -18 22 -20 -21 -22 -23 -24 -25
leaf_value=-8.2574016599699235e-05 -9.041116711985509e-05 0.00053373594224869142 -0.00022871057060396018 0.00067306311103494209 -1.0605548966103469e-05 -0.00031292586418991622 0.00026228400037926525 0.00042453802912049797 -0.00038263452546847491 4.4507206475149816e-05 5.0786478964551612e-05 0.00069011215155130405 3.9045704951429035e-05 -1.9212966056091614e-05 -4.9576378397058818e-05 -0.00050164953230028323 5.2566237608699112e-05 -0.00062152493488834375 -0.00035679666733961894 0.0004004221068602027 -0.00036217126007267775 0.00032588498278933659 -0.00014350944953545996 -0.00020866369228042978
leaf_weight=5741 16547 7634 8218 5016 5704 20144 70402 5222 9400 8399 59104 5718 25927 642854 302770 11131 303295 7192 8348 6418 7369 6278 9384 5174
leaf_count=5741 16547 7634 8218 5016 5704 20144 70402 5222 9400 8399 59104 5718 25927 642854 302770 11131 303295 7192 8348 6418 7369 6278 9384 5174
internal_value=-1.44621e-06 4.14285e-06 0.000210233 7.77089e-05 0.000312554 4.31033e-07 7.07658e-05 -0.00014787 0.000114468 -1.0412e-05 0.000165874 0.00030902 -7.39206e-05 -1.39894e-05 -6.60964e-05 -0.000257006 3.79951e-06 -0.000151897 -4.41742e-05 5.79431e-05 -5.69005e-05 0.000131709 -0.000320078 -0.000451841
internal_weight=1.56339e+06 1.50748e+06 26572 18938 10720 1.48091e+06 197733 32900 164833 1.28318e+06 129506 14117 35327 1.26906e+06 322914 27678 946149 55904 34154 25806 19388 12019 21750 12366
internal_count=1563389 1507485 26572 18938 10720 1480913 197733 32900 164833 1283180 129506 14117 35327 1269063 322914 27678 946149 55904 34154 25806 19388 12019 21750 12366
is_linear=0
shrinkage=0.003


Tree=48
num_leaves=30
num_cat=0
split_feature=2 66 59 8 63 41 91 8 63 74 56 74 32 38 74 74 72 18 58 58 35 56 80 62 58 70 69 12 88
split_gain=179.951 162.948 227.81 139.87 165.674 184.976 195.115 204.913 143.304 119.846 127.867 132.141 164.987 125.417 108.293 106.765 187.829 127.182 104.353 156.167 103.001 109.271 101.478 99.4871 96.288 91.3248 88.8854 73.0597 57.8603
threshold=0.029243469238281253 -0.40966796874999994 0.23175048828125003 1.1069335937500002 -77.281249999999986 0.066772460937500014 -1.5479855537414549 1.2412109375000002 -66.343749999999986 0.37854003906250006 0.42321777343750006 0.37145996093750006 -0.0043201446533203116 -0.33007812499999994 0.39904785156250006 0.32287597656250006 0.32702636718750006 -0.31579589843749994 2.0947265625000004 2.1162109375000004 0.42187500000000006 0.39147949218750006 -0.055489301681518548 -282.49999999999994 2.1748046875000004 0.17559814453125003 0.36511230468750006 -0.011249542236328123 0.0021554240956902508
decision_type=2 2 2 2 2 2 2 2 2 2 2 2 2 2 2 2 2 2 2 2 2 2 2 2 2 2 2 2 2
left_child=3 2 28 9 5 -5 7 -7 23 10 15 12 -12 -13 22 17 -17 -1 -10 -20 21 -3 24 -6 -11 -25 -23 -8 -2
right_child=1 20 -4 4 8 6 27 -9 18 14 11 13 -14 -15 -16 16 -18 -19 19 -21 -22 26 -24 25 -26 -27 -28 -29 -30
leaf_value=-0.00018089518055858383 -0.00032726632844871023 -0.000607773449729737 0.0005583196893299816 -0.00047026156009821686 0.00011227341364060725 0.00078074821014550131 0.00011594934567437901 4.6210920810699465e-05 0.00049514980514578637 -7.0585518933704983e-05 -0.00026286456738780072 8.7202953490338276e-05 0.00027895636862163296 0.00052682869872382437 0.0002367476141436189 5.1142594145476334e-05 -2.536016881624782e-05 3.4455581979522667e-05 -0.00039300169395053622 0.00014382006067755536 -0.00072677092436280674 0.00017236092141513146 -0.00047224148826325484 0.00090716850208399273 -0.00049425087704509096 0.00033360589393588344 -0.00029653371803540883 -0.00030383697538719482 2.5315003170862465e-05
leaf_weight=62150 8817 5482 5072 7265 5094 5197 5520 9675 5884 42388 10988 11331 9201 12057 6363 479258 726621 40851 5547 35773 5022 5848 8578 5142 5357 5125 9311 11140 7875
leaf_count=62150 8817 5482 5072 7265 5094 5197 5520 9675 5884 42388 10988 11331 9201 12057 6363 479258 726621 40851 5547 35773 5022 5848 8578 5142 5357 5125 9311 11140 7875
internal_value=-1.47761e-06 -0.00018325 7.83401e-06 4.21881e-06 0.000111815 -4.21532e-05 5.76582e-05 0.000306394 0.000207206 -3.49527e-06 2.45277e-06 0.000162131 -1.57755e-05 0.000315117 -0.000131625 -2.87544e-06 5.04639e-06 -9.55348e-05 0.000124788 7.09796e-05 -0.000344703 -0.000248689 -0.000173587 0.000458031 -0.000119055 0.000626842 -0.000115701 -0.000164886 -0.000161764
internal_weight=1.56393e+06 47427 21764 1.5165e+06 101362 38797 31532 14872 62565 1.41514e+06 1.35246e+06 43577 20189 23388 62686 1.30888e+06 1.20588e+06 103001 47204 41320 25663 20641 56323 15361 47745 10267 15159 16660 16692
internal_count=1563932 47427 21764 1516505 101362 38797 31532 14872 62565 1415143 1352457 43577 20189 23388 62686 1308880 1205879 103001 47204 41320 25663 20641 56323 15361 47745 10267 15159 16660 16692
is_linear=0
shrinkage=0.003


Tree=49
num_leaves=25
num_cat=0
split_feature=33 8 74 76 38 65 75 23 42 3 88 21 21 83 86 87 83 87 17 61 28 63 70 48
split_gain=177.613 117.264 129.711 207.439 127.502 127.36 225.615 118.027 115.706 196.817 136.529 132.855 147.133 126.095 123.957 89.1873 164.581 102.591 82.8565 82.6905 78.5059 72.3271 64.6223 64.011
threshold=-1.3242187499999998 1.1069335937500002 0.33605957031250006 0.022129058837890628 0.90429687500000011 0.10235595703125001 -0.028114318847656247 -0.94262695312499989 0.017021179199218753 -0.90063476562499989 0.0037026172503829007 0.095611572265625014 0.093811035156250014 -0.038930147886276238 0.0087824910879135149 0.0017402283847332003 -0.0054710917174816123 0.0029212986119091515 -0.0083656311035156233 4.1816406250000009 0.10855102539062501 -117.34374999999999 0.25683593750000006 12.574218750000002
decision_type=2 2 2 2 2 2 2 2 2 2 2 2 2 2 2 2 2 2 2 2 2 2 2 2
left_child=15 5 -3 4 7 8 -7 -4 11 14 -11 12 -2 -13 -10 16 -1 -17 -5 20 23 -22 -8 -19
right_child=1 2 3 18 -6 6 22 -9 9 10 -12 13 -14 -15 -16 17 -18 19 -20 -21 21 -23 -24 -25
leaf_value=0.00041732344961056074 8.9343328089161235e-06 0.00047263476851263221 0.00051824764940700398 -0.00058551036882520131 -0.00028182597378361123 -0.00074078329501981322 0.00023119548064336846 0.00012288627647275249 -0.00016488876134819938 3.3690915096714646e-07 -0.0003444164850074441 0.00026844613283273752 -0.00022057727242901848 5.0471843219155367e-05 -0.00061644593639983384 -0.00049897469640669014 -0.00024735366508681723 0.00016160195577765365 -6.5943116585099812e-05 0.000196835282318196 -0.00016067528248202132 -0.00063938795809314534 -0.00023465358573776572 -0.00022521519914474376
leaf_weight=5952 1077777 7964 7498 5082 6177 5650 5260 65832 16358 129800 11133 32148 25639 92365 8207 9802 7420 6103 5978 5143 5717 5727 5260 10080
leaf_count=5952 1077777 7964 7498 5082 6177 5650 5260 65832 16358 129800 11133 32148 25639 92365 8207 9802 7420 6103 5978 5143 5717 5727 5260 10080
internal_value=1.78496e-06 7.94702e-06 0.00010795 7.53951e-05 0.000129018 9.49667e-07 -0.00026294 0.000163963 4.03062e-06 -7.04092e-05 -2.71218e-05 1.40684e-05 3.58189e-06 0.000106921 -0.000317639 -0.000164048 4.94019e-05 -0.000231053 -0.000307788 -0.000149639 -0.000214615 -0.000403704 -1.74533e-06 -7.92405e-05
internal_weight=1.56407e+06 1.50813e+06 98531 90567 79507 1.4096e+06 16170 73330 1.39343e+06 165498 140933 1.22793e+06 1.10342e+06 124513 24565 55944 13372 42572 11060 32770 27627 11444 10520 16183
internal_count=1564072 1508128 98531 90567 79507 1409597 16170 73330 1393427 165498 140933 1227929 1103416 124513 24565 55944 13372 42572 11060 32770 27627 11444 10520 16183
is_linear=0
shrinkage=0.003


Tree=50
num_leaves=31
num_cat=0
split_feature=43 1 80 57 1 56 25 38 2 56 48 38 75 56 58 71 59 59 78 67 77 76 23 12 31 71 88 89 13 48
split_gain=146.138 165.999 150.559 148.398 140.824 134.643 138.343 218.563 155.785 131.3 192.737 116.507 114.713 130.179 110.872 129.457 110.338 133.236 132.896 131.237 127.299 107.905 121.115 105.718 101.155 95.7658 95.2667 140.227 102.792 91.834
threshold=0.73950195312500011 0.059616088867187507 -0.12749540805816648 0.50903320312500011 0.10324096679687501 0.42370605468750006 0.32812500000000006 -1.1625976562499998 -0.015914916992187497 0.42761230468750006 11.847656250000002 0.54907226562500011 -0.058181762695312493 0.39831542968750006 2.1396484375000004 1.7670898437500002 0.21917724609375003 0.21112060546875003 0.67610868811607372 -58.171874999999993 0.4870783686637879 0.024707794189453128 -1.4946289062499998 0.0095863342285156267 0.076446533203125014 1.9389648437500002 0.0023973537608981137 0.0010253756772726776 0.98925781250000011 10.183593750000002
decision_type=2 2 2 2 2 2 2 2 2 2 2 2 2 2 2 2 2 2 2 2 2 2 2 2 2 2 2 2 2 2
left_child=2 14 3 -1 5 6 8 -8 -4 23 -11 12 29 -14 -2 -16 17 25 20 -19 -18 22 -3 -7 -20 -5 28 -28 -24 -6
right_child=1 21 4 16 11 9 7 -9 -10 10 -12 -13 13 -15 15 -17 18 19 24 -21 -22 -23 26 -25 -26 -27 27 -29 -30 -31
leaf_value=0.00046071310904112234 -0.00015139896747674966 0.00041634195277841951 0.00013979376705328765 -2.1353091590797369e-05 -0.00015949128292589554 0.00012193374310292465 0.00020738710664767511 -5.0854330203564598e-06 -0.00019391582791459448 0.0001208099269820637 -0.00038221830503002747 -0.00055407609286888188 3.3333629443176632e-05 -0.00041112293459541125 -0.00085808833789181057 -0.00018334836323833999 -0.00049615364468186805 -0.0005018853301199922 -0.00016898190323590953 5.8649103348187471e-06 5.8379363581476657e-05 -0.00046632266696141852 -0.0001720535880104309 0.00057306097391864963 0.00021246100364526313 0.00027277059175511982 0.00047103164855582678 -1.2686159521381668e-05 0.00026719770057386183 0.00033753516091579726
leaf_weight=9165 27048 5345 15714 37375 5956 9669 45707 893192 62004 52417 7786 5993 10045 14332 5006 5270 5117 8824 6724 9410 12974 5014 56372 9079 78660 13478 5530 128438 5151 7403
leaf_count=9165 27048 5345 15714 37375 5956 9669 45707 893192 62004 52417 7786 5993 10045 14332 5006 5270 5117 8824 6724 9410 12974 5014 56372 9079 78660 13478 5530 128438 5151 7403
internal_value=-1.84099e-06 -6.94108e-05 1.06016e-05 9.07678e-05 -2.19242e-06 4.47805e-06 -4.79509e-06 5.27903e-06 -0.000126349 0.000123739 5.52278e-05 -0.000168941 -0.000106473 -0.000228588 -0.000253211 -0.000517153 7.08641e-05 -2.19633e-05 0.000132803 -0.000241248 -0.000100334 -3.59781e-05 -2.50076e-05 0.00034228 0.00018226 5.69833e-05 -3.72814e-05 7.61744e-06 -0.000134903 0.000116401
internal_weight=1.5642e+06 243174 1.32102e+06 181727 1.1393e+06 1.09557e+06 1.01662e+06 938899 77718 78951 60203 43729 37736 24377 37324 10276 172562 69087 103475 18234 18091 205850 200836 18748 85384 50853 195491 133968 61523 13359
internal_count=1564198 243174 1321024 181727 1139297 1095568 1016617 938899 77718 78951 60203 43729 37736 24377 37324 10276 172562 69087 103475 18234 18091 205850 200836 18748 85384 50853 195491 133968 61523 13359
is_linear=0
shrinkage=0.003


Tree=51
num_leaves=31
num_cat=0
split_feature=33 74 63 74 41 59 62 90 41 85 3 3 41 23 58 43 41 8 72 85 7 78 40 23 11 65 85 62 1 43
split_gain=142.541 122.862 114.932 119.488 114.814 201.964 180.021 201.235 171.428 129.531 122.99 106.766 105.733 113.57 109.127 106.346 132.312 197.455 166.816 106.668 117.037 102.74 132.846 130.827 93.2679 92.349 63.675 66.3579 62.896 58.1034
threshold=-1.3242187499999998 0.32434082031250006 -118.28124999999999 0.35534667968750006 0.093078613281250014 0.22149658203125003 -126.49999999999999 0.069551378488540663 0.086700439453125014 0.015522968024015428 0.12237548828125001 -0.49475097656249994 0.041900634765625007 0.51000976562500011 2.0888671875000004 -1.2832031249999998 0.049697875976562507 -0.11666870117187499 0.33923339843750006 0.017285611480474476 0.034988403320312507 0.69864529371261608 0.35937500000000006 0.47229003906250006 0.097442626953125014 0.056259155273437507 0.014587733894586565 -398.49999999999994 0.068084716796875014 1.2133789062500002
decision_type=2 2 2 2 2 2 2 2 2 2 2 2 2 2 2 2 2 2 2 2 2 2 2 2 2 2 2 2 2 2
left_child=2 4 3 25 6 29 8 -8 9 -2 11 -7 13 14 -3 16 17 -14 -18 20 -17 22 23 -4 -21 -1 27 -24 -10 -6
right_child=1 12 21 -5 5 10 7 -9 28 -11 -12 -13 15 -15 -16 19 18 -19 -20 24 -22 -23 26 -25 -26 -27 -28 -29 -30 -31
leaf_value=-0.00044153735298194634 -0.00021648337679940302 0.00035130294583878425 -0.00037181374888839327 0.00030526162598751858 -0.0001051718831062317 -0.00043754645930513871 0.0006852017071784693 -5.9778892441921716e-05 0.00036208305954221894 0.00027610925744566859 -0.00079529705584604994 1.5799530694114835e-05 -0.00034797041353911909 0.0005766654434075769 -0.0002335613172031552 9.8971629795773185e-06 -6.2797142585601002e-05 0.00017482522949669946 -0.00069449238137274047 -4.9251331071002847e-05 0.00025650777484477499 8.6992778470739731e-05 -0.00057497431042971764 0.00025908486799334205 -0.00041600233984837845 7.1041971822965986e-05 -0.00078431193404512639 -0.00012437976212680352 -1.509191834469185e-05 0.00034235884978196286
leaf_weight=5638 50405 5730 6463 8084 5180 12731 6069 6897 8280 5224 5048 7345 10240 5845 5562 1282992 7808 17418 7201 18328 17457 6300 6687 5292 9388 6998 5078 5313 7562 5092
leaf_count=5638 50405 5730 6463 8084 5180 12731 6069 6897 8280 5224 5048 7345 10240 5845 5562 1282992 7808 17418 7201 18328 17457 6300 6687 5292 9388 6998 5078 5313 7562 5092
internal_value=-5.98536e-06 -4.67771e-07 -0.000154671 2.25253e-05 -9.25903e-05 -0.000235759 -3.23661e-05 0.0002915 -9.14458e-05 -0.000169813 -0.000380222 -0.000272429 7.4919e-06 0.00024099 6.37001e-05 4.55554e-06 -0.000142692 -1.92891e-05 -0.000368462 9.29622e-06 1.32271e-05 -0.000258941 -0.000334567 -8.7999e-05 -0.000174527 -0.000159335 -0.000502782 -0.00037815 0.000183078 0.000117838
internal_weight=1.56366e+06 1.5078e+06 55853 20720 119833 35396 84437 12966 71471 55629 25124 20076 1.38797e+06 17137 11292 1.37083e+06 42667 27658 15009 1.32816e+06 1.30045e+06 35133 28833 11755 27716 12636 17078 12000 15842 10272
internal_count=1563655 1507802 55853 20720 119833 35396 84437 12966 71471 55629 25124 20076 1387969 17137 11292 1370832 42667 27658 15009 1328165 1300449 35133 28833 11755 27716 12636 17078 12000 15842 10272
is_linear=0
shrinkage=0.003


Tree=52
num_leaves=25
num_cat=0
split_feature=33 74 8 56 30 31 36 5 74 17 56 13 76 76 69 91 33 13 8 20 72 87 37 58
split_gain=191.663 156.61 160.378 143.023 117.67 114.562 134.267 147.616 108.221 103.08 175.327 138.994 102.233 120.451 110.6 98.2538 164.834 214.825 142.419 168.268 115.86 108.125 76.6628 76.5664
threshold=-1.3242187499999998 0.32043457031250006 0.54125976562500011 0.34533691406250006 0.73437500000000011 0.044799804687500007 0.080596923828125014 0.32812500000000006 0.34924316406250006 0.00077199935913085948 0.33068847656250006 -1.2832031249999998 0.020542144775390628 0.021701812744140628 0.28161621093750006 -1.7220196723937986 -0.17602539062499997 -0.46447753906249994 0.42309570312500006 0.48437500000000006 0.31823730468750006 0.0015013280790299179 -0.0030012130737304683 2.0869140625000004
decision_type=2 2 2 2 2 2 2 2 2 2 2 2 2 2 2 2 2 2 2 2 2 2 2 2
left_child=5 2 3 9 15 6 23 -8 22 11 -11 -2 -7 -14 -15 16 17 -3 19 -17 -18 -20 -6 -1
right_child=1 4 -4 -5 8 12 7 -9 -10 10 -12 -13 13 14 -16 18 20 -19 21 -21 -22 -23 -24 -25
leaf_value=-0.00043633850804816792 -0.00058017533398547214 0.00029394503578838901 0.00031610660482674286 -0.0005511554083179682 -0.00017465294249565671 2.1243200939640144e-05 -0.00018678568317302452 0.00044076166142650403 0.00047839251426083315 0.00046344012821172029 -0.00019654092520581662 -0.00011863169811011989 -0.00074875973681829365 -4.9977125681605334e-05 -0.00058937562487107323 1.6987587049952465e-05 -0.00060175977610115502 3.8854966317117216e-05 -6.7200435427800377e-05 -6.7514941753991675e-05 3.5212753734980159e-05 7.3415041801803285e-05 0.00023958905398954906 -1.1931742268217751e-05
leaf_weight=7852 6621 39419 6869 7469 6716 6411 5766 7883 9016 6635 7752 47336 6477 9005 5438 489415 5149 119900 58494 374125 5015 307898 9722 7384
leaf_count=7852 6621 39419 6869 7469 6716 6411 5766 7883 9016 6635 7752 47336 6477 9005 5438 489415 5149 119900 58494 374125 5015 307898 9722 7384
internal_value=6.32693e-07 7.05128e-06 -0.000119802 -0.000159662 1.44202e-05 -0.000171202 -3.91977e-05 0.000176225 0.000216163 -0.000116135 0.000108927 -0.000176236 -0.000310061 -0.000411208 -0.000255725 1.07355e-05 7.84305e-05 0.000102115 1.40162e-06 -1.96263e-05 -0.000290191 5.09538e-05 7.03114e-05 -0.000232072
internal_weight=1.56377e+06 1.50755e+06 82682 75813 1.42487e+06 56216 28885 13649 25454 68344 14387 53957 27331 20920 14443 1.39942e+06 169483 159319 1.22993e+06 863540 10164 366392 16438 15236
internal_count=1563767 1507551 82682 75813 1424869 56216 28885 13649 25454 68344 14387 53957 27331 20920 14443 1399415 169483 159319 1229932 863540 10164 366392 16438 15236
is_linear=0
shrinkage=0.003


Tree=53
num_leaves=29
num_cat=0
split_feature=33 57 23 68 15 43 1 21 43 32 82 69 33 41 13 68 89 68 13 56 27 17 78 58 76 58 1 7
split_gain=140.514 162.947 154.797 190.777 225.621 175.075 144.688 127.154 167.962 125.099 118.648 116.346 111.21 118.46 146.039 107.767 141.149 126.568 103.546 116.169 97.4055 132.16 207.915 90.3218 87.1944 86.5749 113.017 60.4007
threshold=0.71679687500000011 0.50952148437500011 -0.62915039062499989 0.041915893554687507 0.51562500000000011 0.31420898437500006 0.10610961914062501 0.074737548828125014 -0.33825683593749994 0.013374328613281252 -0.1050671339035034 0.18096923828125003 -1.3242187499999998 0.059921264648437507 -0.44531249999999994 0.030685424804687503 0.0009553045965731145 0.032241821289062507 1.1137695312500002 0.39636230468750006 0.013145446777343752 -0.0040264129638671866 0.700109362602234 2.1220703125000004 0.019947052001953128 2.1123046875000004 0.074951171875000014 0.0009334087371826173
decision_type=2 2 2 2 2 2 2 2 2 2 2 2 2 2 2 2 2 2 2 2 2 2 2 2 2 2 2 2
left_child=6 7 3 27 5 -5 9 -2 -9 12 25 -4 13 -1 -15 16 -14 -17 19 -13 21 22 -8 -23 -25 -11 -27 -3
right_child=1 2 11 4 -6 -7 20 8 -10 10 -12 18 15 14 -16 17 -18 -19 -20 -21 -22 23 -24 24 -26 26 -28 -29
leaf_value=0.0002947078872452096 0.00072358062963733222 0.00030532837874978501 0.00044534507240264376 5.3493300148376914e-05 -0.00031728584586234858 0.00047336915730124371 0.00038400765539134787 -9.9392649443547077e-05 0.00058735171546217253 0.00015111190767939036 -0.00058716917920279509 -3.3678094784781937e-05 -6.5079868755494956e-05 0.00012412463799425604 -0.00027090132321388988 0.00028039570889809367 -0.00061000987298550572 6.1757512123652955e-06 -0.00035899536933095712 0.00017103222479660768 -0.00050407159478906103 -0.00056040828951403631 -0.00030640128297477359 0.0001307527341216956 -0.00040681845466194609 -0.00057110635376966595 5.1396661274859908e-06 0.00077409502735236824
leaf_weight=5128 5333 5036 5062 25816 9336 13595 8849 7943 5247 7549 5757 136442 18061 10835 36965 15251 5518 1148910 7297 30427 7071 6920 6898 5730 5001 5487 6777 5205
leaf_count=5128 5333 5036 5062 25816 9336 13595 8849 7943 5247 7549 5757 136442 18061 10835 36965 15251 5518 1148910 7297 30427 7071 6920 6898 5730 5001 5487 6777 5205
internal_value=2.38485e-06 6.65332e-05 4.5385e-05 0.000178546 9.98058e-05 0.000199163 -1.0223e-05 0.000336808 0.000176159 -4.57235e-06 -0.000211867 1.48336e-06 -2.83307e-07 -0.000134701 -0.000181287 5.71744e-06 -0.000194643 9.79192e-06 -1.16653e-05 3.72899e-06 -0.00018658 -0.000118057 8.15478e-05 -0.000295587 -0.000121216 -0.000100415 -0.000255211 0.000548761
internal_weight=1.56345e+06 256739 238216 58988 48747 39411 1.30671e+06 18523 13190 1.26624e+06 25570 179228 1.24067e+06 52928 47800 1.18774e+06 23579 1.16416e+06 174166 166869 40469 33398 15747 17651 10731 19813 12264 10241
internal_count=1563446 256739 238216 58988 48747 39411 1306707 18523 13190 1266238 25570 179228 1240668 52928 47800 1187740 23579 1164161 174166 166869 40469 33398 15747 17651 10731 19813 12264 10241
is_linear=0
shrinkage=0.003


Tree=54
num_leaves=24
num_cat=0
split_feature=33 40 43 22 82 18 65 42 16 22 63 23 62 79 81 16 7 74 74 56 7 72 89
split_gain=140.38 123.355 141.172 197.677 163.595 156.499 137.936 127.991 111.413 148.905 112.93 111.016 193.957 156.87 110.336 196.68 109.965 92.4406 124.153 150.356 100.744 113.07 89.475
threshold=-1.2875976562499998 0.14062500000000003 -0.98022460937499989 0.027282714843750003 -0.091792881488800035 0.57812500000000011 0.074066162109375014 0.016204833984375003 0.092437744140625014 0.027923583984375003 -103.90624999999999 -0.92382812499999989 -288.49999999999994 0.29318314790725714 -0.0057152798399329177 0.071533203125000014 -0.0043201446533203116 0.36022949218750006 0.35388183593750006 0.37634277343750006 0.0031528472900390629 0.34558105468750006 0.0016335831023752692
decision_type=2 2 2 2 2 2 2 2 2 2 2 2 2 2 2 2 2 2 2 2 2 2 2
left_child=14 -2 3 4 5 -3 -6 8 10 -10 -4 12 -9 -13 17 -16 -17 18 19 -1 -19 -22 -18
right_child=1 2 7 -5 6 -7 -8 11 9 -11 -12 13 -14 -15 15 16 22 20 -20 -21 21 -23 -24
leaf_value=-0.0004936111682077493 0.00043951489598872701 0.00013242063380569804 9.7322446016089297e-05 0.00038475214920673278 -0.00012855605873822703 -0.00032625650316994535 -0.00043955872061272736 0.00042697535711321992 0.00012394922599806771 -0.00037700239589652274 7.0090473439997145e-06 -0.00023556023957660695 -9.0660764714062841e-05 -2.5830580014239439e-05 0.00042395471680563811 -0.00052252570715329569 0.0002970441586191695 -0.00031798464497037403 -0.00072714242245636737 0.00012262750208776168 0.00043089388004020364 -0.00017323554222219094 -0.00026314159154053942
leaf_weight=7724 5957 33745 145380 7583 68088 8247 15766 11159 150050 5442 868676 43454 15395 122131 7629 5008 5044 8816 6020 6484 5144 5869 5021
leaf_count=7724 5957 33745 145380 7583 68088 8247 15766 11159 150050 5442 868676 43454 15395 122131 7629 5008 5044 8816 6020 6484 5144 5869 5021
internal_value=6.43603e-06 1.22516e-05 1.05199e-05 -8.25697e-05 -0.000111012 4.17779e-05 -0.000187484 1.9647e-05 3.14363e-05 0.000106186 1.99651e-05 -5.20933e-05 0.000127655 -8.09783e-05 -0.000132458 3.45642e-05 -0.000164016 -0.000226967 -0.000369183 -0.000213491 -8.0766e-05 0.000110282 1.77518e-05
internal_weight=1.56383e+06 1.50107e+06 1.49512e+06 133429 125846 41992 83854 1.36169e+06 1.16955e+06 155492 1.01406e+06 192139 26554 165585 62759 22702 15073 40057 20228 14208 19829 11013 10065
internal_count=1563832 1501073 1495116 133429 125846 41992 83854 1361687 1169548 155492 1014056 192139 26554 165585 62759 22702 15073 40057 20228 14208 19829 11013 10065
is_linear=0
shrinkage=0.003


Tree=55
num_leaves=29
num_cat=0
split_feature=33 7 91 87 26 41 63 10 91 60 38 56 82 3 80 76 43 91 43 41 82 63 65 91 91 48 13 82
split_gain=181.192 163.373 179.05 180.186 185.209 162.906 159.334 152.78 146.201 141.201 124.847 120.404 110.162 107.289 104.852 144.371 98.6948 72.4014 72.1934 141.239 110.092 108.177 103.402 87.0582 71.3035 71.4744 65.0992 35.118
threshold=-1.3242187499999998 0.026695251464843753 -1.7220196723937986 0.0040492890402674684 0.094940185546875014 0.041900634765625007 -77.281249999999986 0.39062500000000006 -1.8231654167175291 21.500000000000004 0.21954345703125003 0.38220214843750006 -0.057560101151466363 -0.83496093749999989 -0.07375743985176085 0.020397186279296878 -0.71411132812499989 -1.7539095878601072 -0.023544311523437497 0.067230224609375014 -0.043923281133174889 -94.781249999999986 0.059768676757812507 -1.8622865676879881 -2.1021962165832515 13.621093750000002 -0.039245605468749993 -0.083852663636207567
decision_type=2 2 2 2 2 2 2 2 2 2 2 2 2 2 2 2 2 2 2 2 2 2 2 2 2 2 2 2
left_child=18 2 3 8 7 26 11 -5 10 13 -2 -3 14 -7 15 -8 -11 -10 19 20 -1 23 -21 24 25 -20 -4 -26
right_child=1 6 5 4 -6 9 12 -9 17 16 -12 -13 -14 -15 -16 -17 -18 -19 21 22 -22 -23 -24 -25 27 -27 -28 -29
leaf_value=-0.00059373520271824754 -1.3447390212974892e-05 0.00024669341088213965 0.0005176630155323673 0.0005375035813615051 0.00054974510350785737 -9.4793177909349726e-05 0.00036575494720215811 8.1724111822213807e-05 0.00026274312618962262 -1.0884789478659472e-05 -0.00056332121534332302 -0.00032736162339318242 -8.4562450977878964e-05 -8.9527917336503795e-06 0.00061885171679463506 -8.8973255057159167e-05 0.00053264204209007042 -0.00018522341775572288 0.00011534172306643682 -6.811482455436285e-05 -8.3181000771560118e-06 -0.00064895461138001474 0.00050223441776248005 0.0001602389373507018 -0.00058734094074321791 -0.00035888860726755885 0.00012598200758094592 -0.00024068827410562337
leaf_weight=5114 6459 5091 6505 6868 8841 148804 20960 134211 8621 5193 8667 8903 7474 1092727 7901 8908 7029 5085 6379 6060 6496 5227 5284 5364 6028 5034 9266 5006
leaf_count=5114 6459 5091 6505 6868 8841 148804 20960 134211 8621 5193 8667 8903 7474 1092727 7901 8908 7029 5085 6379 6060 6496 5227 5284 5364 6028 5034 9266 5006
internal_value=3.5533e-07 6.58432e-06 2.63034e-07 8.91307e-05 0.000130896 -1.22558e-05 0.000160872 0.000104277 -0.000127742 -1.60779e-05 -0.000330148 -0.000118253 0.000247277 -1.9248e-05 0.000312994 0.00023029 0.000303489 9.64073e-05 -0.000167065 -3.75709e-05 -0.000269052 -0.000256649 0.000199619 -0.000180856 -0.000262714 -9.51303e-05 0.000289781 -0.000433643
internal_weight=1.5635e+06 1.50751e+06 1.44828e+06 178752 149920 1.26952e+06 59237 141079 28832 1.25375e+06 15126 13994 45243 1.24153e+06 37769 29868 12222 13706 55992 22954 11610 33038 11344 27811 22447 11413 15771 11034
internal_count=1563505 1507513 1448276 178752 149920 1269524 59237 141079 28832 1253753 15126 13994 45243 1241531 37769 29868 12222 13706 55992 22954 11610 33038 11344 27811 22447 11413 15771 11034
is_linear=0
shrinkage=0.003


Tree=56
num_leaves=23
num_cat=0
split_feature=33 60 76 81 74 10 91 80 7 87 87 91 22 41 31 2 86 45 60 82 21 40
split_gain=109.737 113.276 126.459 114.083 140.199 242.253 110.079 176.409 169.681 163.385 222.926 134.868 127.449 100.937 95.5164 87.9518 158.385 95.9108 78.2729 76.3047 58.262 55.4741
threshold=-1.3242187499999998 21.500000000000004 0.023990631103515628 -0.00092215021140873421 0.36291503906250006 0.35937500000000006 -1.7220196723937986 -0.034616328775882714 0.0073585510253906259 0.0040843207389116296 0.0052943630144000062 -1.653959274291992 0.010478973388671877 0.063690185546875014 0.044799804687500007 -0.0072860717773437491 0.0077090561389923104 1.2343750000000002 23.500000000000004 -0.076408416032791124 0.075042724609375014 0.51562500000000011
decision_type=2 2 2 2 2 2 2 2 2 2 2 2 2 2 2 2 2 2 2 2 2 2
left_child=14 3 18 6 5 13 9 8 -8 12 -11 -9 -2 -5 15 -1 17 -17 -3 20 -16 -21
right_child=1 2 -4 4 -6 -7 7 11 -10 10 -12 -13 -14 -15 19 16 -18 -19 -20 21 -22 -23
leaf_value=0.00025825941859695354 -0.00023155470242713591 0.00072269072600726939 -9.3776150351077066e-05 7.8925287184337692e-05 0.00062318984180802922 -0.00029231486075102423 -2.1203578329776128e-05 -0.00055875417785368627 5.5679967639884018e-05 0.00038434059679853284 6.3539932317812446e-05 -0.00010976762379119174 0.00028961837965229328 0.000556474995113957 -0.00067469256108365551 5.3048947194278778e-05 0.00033124495944989037 -0.00044016342305597847 0.00019525262236122907 -0.00026947806187579943 -0.00024077668925517886 8.936148637402668e-05
leaf_weight=8107 22838 5031 5776 8058 5387 9198 844255 6571 372149 23046 124018 62963 5086 7853 5092 5499 5358 9804 5201 8889 6396 6750
leaf_count=8107 22838 5031 5776 8058 5387 9198 844255 6571 372149 23046 124018 62963 5086 7853 5092 5499 5358 9804 5201 8889 6396 6750
internal_value=5.17943e-06 1.00229e-05 0.000260252 7.31985e-06 0.00018862 9.32831e-05 3.52266e-06 -6.08556e-06 2.32097e-06 7.40939e-05 0.000114039 -0.000152939 -0.000135935 0.000316627 -0.000125229 -4.67256e-06 -0.000108589 -0.000263738 0.000459075 -0.000252591 -0.00043727 -0.000115014
internal_weight=1.56332e+06 1.50743e+06 16008 1.49142e+06 30496 25109 1.46093e+06 1.28594e+06 1.2164e+06 174988 147064 69534 27924 15911 55895 28768 20661 15303 10232 27127 11488 15639
internal_count=1563325 1507430 16008 1491422 30496 25109 1460926 1285938 1216404 174988 147064 69534 27924 15911 55895 28768 20661 15303 10232 27127 11488 15639
is_linear=0
shrinkage=0.003


Tree=57
num_leaves=31
num_cat=0
split_feature=42 23 80 23 69 6 69 33 8 91 8 84 78 69 56 67 33 1 62 3 77 7 58 22 82 6 59 59 74 82
split_gain=134.535 133.509 124.632 131.774 237.483 156.12 180.426 122.916 126.918 165.165 126.833 120.642 231.994 117.529 138.879 116.718 185.758 138.377 114.969 114.405 135.31 190.961 123.309 116.453 112.068 111.16 96.3264 92.7632 89.0381 103.972
threshold=0.014488220214843752 -1.2460937499999998 -0.12749540805816648 1.2255859375000002 0.22698974609375003 0.090423583984375014 0.38464355468750006 -1.3242187499999998 0.42309570312500006 -1.7220196723937986 0.62573242187500011 0.033673420548439033 0.69654044508934032 0.33215332031250006 0.33996582031250006 -51.515624999999993 0.45397949218750006 0.086639404296875014 -302.49999999999994 -0.90063476562499989 0.41536614298820501 -0.024887084960937497 2.1611328125000004 0.0093612670898437517 -0.12944293022155759 0.069671630859375014 0.20928955078125003 0.21917724609375003 0.37561035156250006 -0.045040443539619439
decision_type=2 2 2 2 2 2 2 2 2 2 2 2 2 2 2 2 2 2 2 2 2 2 2 2 2 2 2 2 2 2
left_child=2 18 11 7 -5 6 -6 28 9 -9 -10 13 -13 14 -1 17 -17 -15 -2 26 22 -22 24 -23 -21 -14 -3 -16 29 -4
right_child=1 19 3 4 5 -7 -8 8 10 -11 -12 12 25 15 27 16 -18 -19 -20 20 21 23 -24 -25 -26 -27 -28 -29 -30 -31
leaf_value=-0.00017755415992213065 0.00053461671741478808 0.00011466339758880073 -0.00022426469239679301 0.00066236705887411031 7.4351035847887654e-05 0.00046105359296992127 -0.00049481157121106071 8.4286396146268294e-05 0.00014362111628115799 -4.0688281300922159e-05 1.0017796404357256e-05 0.00081184592441070917 0.00043402744747251957 -0.00040962898558020831 4.5931125627513551e-05 0.00035115604701165508 -7.2271461011531372e-05 0.00013190675182423784 -1.0410482229753714e-06 -7.729567563486076e-05 0.00039991836852922951 2.0266295013778115e-05 -0.00060481092361924056 -0.00017673862874366609 -0.00050456673422496416 -0.00012636229823581555 -0.00031592150732389691 0.00025926086113032236 -0.0004858948747639818 0.00013990163314762379
leaf_weight=11426 5799 5552 21715 6794 37446 7641 5685 111740 91943 638713 209581 5705 5108 12942 30212 12736 34001 6238 9277 41629 9583 93477 5515 37866 6281 8122 28094 46804 6670 10348
leaf_count=11426 5799 5552 21715 6794 37446 7641 5685 111740 91943 638713 209581 5705 5108 12942 30212 12736 34001 6238 9277 41629 9583 93477 5515 37866 6281 8122 28094 46804 6670 10348
internal_value=-5.25253e-07 -6.53748e-05 1.14064e-05 8.58348e-08 0.000139848 6.87631e-05 -1.64005e-06 -7.30274e-06 -1.18409e-06 -2.20712e-05 5.07912e-05 8.63751e-05 0.000311754 5.85443e-05 0.000129951 -3.73153e-05 4.36174e-05 -0.000233732 0.000207165 -8.34791e-05 -5.545e-05 -6.67388e-06 -0.00018386 -3.66212e-05 -0.000134245 9.16327e-05 -0.000244741 0.000175743 -0.000173053 -0.000106664
internal_weight=1.56464e+06 243073 1.32157e+06 1.14828e+06 57566 50772 43131 1.09071e+06 1.05198e+06 750453 301524 173294 18935 154359 88442 65917 46737 19180 15076 227997 194351 140926 53425 131343 47910 13230 33646 77016 38733 32063
internal_count=1564643 243073 1321570 1148276 57566 50772 43131 1090710 1051977 750453 301524 173294 18935 154359 88442 65917 46737 19180 15076 227997 194351 140926 53425 131343 47910 13230 33646 77016 38733 32063
is_linear=0
shrinkage=0.003


Tree=58
num_leaves=26
num_cat=0
split_feature=30 60 21 41 60 32 21 2 71 76 6 23 2 48 37 2 83 32 46 1 83 41 48 59 18
split_gain=136.55 115.317 105.709 221.636 134.28 208.213 139.615 130.09 161.953 127.281 105.778 104.626 186.598 151.43 103.867 96.7582 96.5171 96.5089 96.2685 91.232 89.2919 82.2125 71.629 70.5178 88.3252
threshold=0.70312500000000011 5.5000000000000009 0.095611572265625014 0.097503662109375014 21.500000000000004 -0.017196655273437497 0.094757080078125014 0.029243469238281253 1.9936523437500002 0.017871856689453128 0.077789306640625014 1.0532226562500002 0.0084762573242187517 9.1367187500000018 -0.011661529541015623 -0.00057315826416015614 -0.040973186492919915 -0.0059776306152343741 0.30236816406250006 0.067230224609375014 -0.084920078516006456 0.058349609375000007 14.207031250000002 0.23870849609375003 -0.057052612304687493
decision_type=2 2 2 2 2 2 2 2 2 2 2 2 2 2 2 2 2 2 2 2 2 2 2 2 2
left_child=2 14 4 9 6 -6 7 8 -1 17 -9 12 -11 -13 -2 -7 -8 -4 23 -5 22 -19 -20 -16 -25
right_child=1 -3 3 19 5 15 16 10 -10 11 -12 13 -14 -15 18 -17 -18 21 20 -21 -22 -23 -24 24 -26
leaf_value=-1.2472518537561339e-05 0.00055414954919959735 -0.00019552074224727552 -0.00036513915925976683 -0.00060460923639425767 -0.00024090079018352332 0.00019483211201077902 3.5406262480477098e-05 -0.00030272185471418733 0.00012808280064077616 0.00014893043382965341 6.6702630282079665e-06 -0.0002201599635834098 0.00067460298899673493 0.00015167249649407022 0.00057079019658958896 0.00074588117348614613 -0.00047377146604649919 0.00032093514788953845 -0.00011998078729059486 -9.3951643931722352e-05 -0.00030454815071586798 -6.8352185167086998e-05 0.00032599797963243899 0.00040818815914470124 -5.4664956203275526e-05
leaf_weight=1200922 6624 7268 7062 5193 5158 5683 5054 24063 78509 19801 16895 11323 8722 72212 5773 5892 9764 6387 5605 7884 5977 19648 7454 7407 7296
leaf_count=1200922 6624 7268 7062 5193 5158 5683 5054 24063 78509 19801 16895 11323 8722 72212 5773 5892 9764 6387 5605 7884 5977 19648 7454 7407 7296
internal_value=4.78729e-06 0.000153728 -4.89524e-07 7.28515e-05 -9.07816e-06 0.000257196 -1.24342e-05 -9.17283e-06 -3.83837e-06 0.000106606 -0.000175394 0.000154854 0.00031147 0.000101068 0.000209051 0.000479318 -0.000301032 -5.67232e-05 0.000149944 -0.000299788 -3.79603e-06 2.80118e-05 0.000135124 0.000292196 0.000179691
internal_weight=1.56358e+06 53404 1.51017e+06 158232 1.35194e+06 16733 1.33521e+06 1.32039e+06 1.27943e+06 145155 40958 112058 28523 83535 46136 11575 14818 33097 39512 13077 19036 26035 13059 20476 14703
internal_count=1563576 53404 1510172 158232 1351940 16733 1335207 1320389 1279431 145155 40958 112058 28523 83535 46136 11575 14818 33097 39512 13077 19036 26035 13059 20476 14703
is_linear=0
shrinkage=0.003


Tree=59
num_leaves=31
num_cat=0
split_feature=43 21 84 76 3 11 8 91 62 84 0 10 12 47 8 75 56 30 30 62 80 80 74 89 28 63 88 74 70 32
split_gain=151.935 134.182 144.482 139.287 171.167 131.426 215.953 168.13 160.251 132.896 137.201 126.173 110.943 110.796 116.49 106.487 103.631 134.962 114.875 98.302 97.8698 96.4028 95.5227 102.772 92.8867 90.0749 89.7277 70.7707 67.7543 64.6973
threshold=0.80004882812500011 0.054824829101562507 0.027691110968589786 0.024173736572265628 -0.78051757812499989 0.093597412109375014 1.1069335937500002 -1.3219423294067381 -474.49999999999994 0.038278579711914069 0.23437500000000003 0.35937500000000006 0.0036296844482421879 0.20062255859375003 -0.82055664062499989 -0.054306030273437493 0.32800292968750006 0.39062500000000006 0.48437500000000006 -220.49999999999997 -0.16540768742561338 -0.055068328976631158 0.31286621093750006 0.0011536772362887862 0.98193359375000011 -59.296874999999993 0.0035371817648410801 0.34216308593750006 0.17816162109375003 -0.015975952148437497
decision_type=2 2 2 2 2 2 2 2 2 2 2 2 2 2 2 2 2 2 2 2 2 2 2 2 2 2 2 2 2 2
left_child=5 2 -2 4 20 9 7 8 -7 16 -11 -4 21 26 -15 -14 17 -1 -19 -10 -3 -6 -18 -24 29 -26 -9 -22 -8 -12
right_child=1 3 11 -5 12 6 28 13 19 10 24 -13 15 14 -16 -17 22 18 -20 -21 27 -23 23 -25 25 -27 -28 -29 -30 -31
leaf_value=-0.0004890776379592851 0.00059194213523809137 7.804965432039726e-05 0.0002220027779965233 -0.0005390788856405801 -0.00012260415230791425 0.00023005834183467816 0.00058865345429742397 -0.00026743177999814869 -0.00030815936771621188 0.00058176699931574826 0.00044750430735784099 -0.00033783634083681753 0.00038313211906583987 0.00028674120858082598 -1.5227914137372734e-05 1.262895441603198e-05 0.00041287542986113675 0.00027198189140111874 -0.00031043074454342067 0.00012649143855310904 -0.00023485431122119928 0.00025464024174728852 6.1011462978931156e-05 -4.4567498422746309e-07 0.00018796620614470232 -0.00035812765310405551 0.00017583620851698608 -0.00054855067492799931 0.0001007662241701376 4.1135461226801494e-05
leaf_weight=8198 5045 5862 9477 6160 94993 6424 5259 21405 50188 6993 7830 5728 8218 14147 59533 43502 5481 6614 5482 5110 18723 6422 361650 758089 5042 5683 5007 10049 5003 6389
leaf_count=8198 5045 5862 9477 6160 94993 6424 5259 21405 50188 6993 7830 5728 8218 14147 59533 43502 5481 6614 5482 5110 18723 6422 361650 758089 5042 5683 5007 10049 5003 6389
internal_value=-2.48894e-07 -7.44587e-05 0.000157383 -9.87363e-05 -8.4011e-05 1.15334e-05 -6.58861e-05 -9.27209e-05 -0.000215729 2.28523e-05 0.000213428 1.02718e-05 -4.08555e-05 -1.6728e-05 4.3062e-05 7.21254e-05 1.75209e-05 -0.000194425 7.64693e-06 -0.000267838 -0.000274157 -9.84882e-05 2.13604e-05 1.94072e-05 0.000108254 -0.000102035 -0.000183054 -0.000345937 0.000354063 0.000266474
internal_weight=1.56371e+06 214179 20250 193929 187769 1.34953e+06 172076 161814 61722 1.17745e+06 31937 15205 153135 100092 73680 51720 1.14551e+06 20294 12096 55298 34634 101415 1.12522e+06 1.11974e+06 24944 10725 26412 28772 10262 14219
internal_count=1563706 214179 20250 193929 187769 1349527 172076 161814 61722 1177451 31937 15205 153135 100092 73680 51720 1145514 20294 12096 55298 34634 101415 1125220 1119739 24944 10725 26412 28772 10262 14219
is_linear=0
shrinkage=0.003


Tree=60
num_leaves=31
num_cat=0
split_feature=32 33 38 84 46 57 16 57 3 61 46 89 23 6 91 73 18 46 80 16 87 10 91 3 8 23 85 84 38 88
split_gain=140.034 127.507 261.538 181.671 179.08 161.378 147.403 143.307 199.973 241.171 173.235 193.63 162.854 135.664 130.478 174.77 134.925 122.044 115.376 141.168 114.213 193.382 105.913 100.198 99.1727 111.782 166.965 160.373 150.264 96.437
threshold=-0.024948120117187497 -0.59594726562499989 0.63012695312500011 0.037703476846218116 0.33020019531250006 0.54028320312500011 0.090545654296875014 0.54077148437500011 -0.79223632812499989 0.35742187500000006 0.31823730468750006 0.0011385597754269841 1.7021484375000002 0.066192626953125014 -1.3300929069519041 0.31091308593750006 0.91430664062500011 0.28649902343750006 -0.073409065604209886 0.094757080078125014 0.0086396373808383959 0.67187500000000011 -1.2339768409729002 -0.42895507812499994 0.17822265625000003 -0.083251953124999986 0.015211489051580431 0.029135197401046756 -0.10525512695312499 0.0027609635144472127
decision_type=2 2 2 2 2 2 2 2 2 2 2 2 2 2 2 2 2 2 2 2 2 2 2 2 2 2 2 2 2 2
left_child=24 2 3 20 5 23 7 10 9 -9 12 -12 -3 -7 15 16 -8 -10 22 -20 21 -2 -16 -4 -1 28 27 -27 -26 -17
right_child=1 6 4 -5 -6 13 14 8 17 -11 11 -13 -14 -15 18 29 -18 -19 19 -21 -22 -23 -24 -25 25 26 -28 -29 -30 -31
leaf_value=-0.00022436261685217617 9.6088327446014997e-05 -4.2792498428763648e-05 -0.0005553868046674678 0.00049426026442301566 -0.00050522007457301261 -0.00023560530995586659 -0.00015812203532555142 -0.00019965592919628269 0.00023492128852298688 0.00010554050039969501 0.00020081686672614914 -0.00028871885602016495 0.00038011965014059186 0.00033242777292336024 0.00035948054375710772 -0.00010028371007551548 0.00037551086948357326 3.0625035521779507e-05 0.00046223852781562976 0.00011391512863919659 -0.00016396657008695622 0.00053507386174610173 3.0696299589348174e-05 -9.5104039703059352e-05 -0.00056105215173706847 0.00024935687559368041 0.0004209399464012923 -0.00047868263855312061 4.9105940684836326e-05 -0.00050283359815693105
leaf_weight=40203 163679 418963 5208 11030 8684 5148 7397 72083 27978 34336 8535 46733 8259 13589 9548 14261 9830 420691 16161 29681 13634 9467 102831 21806 6099 5283 9682 5422 8739 8542
leaf_count=40203 163679 418963 5208 11030 8684 5148 7397 72083 27978 34336 8535 46733 8259 13589 9548 14261 9830 420691 16161 29681 13634 9467 102831 21806 6099 5283 9682 5422 8739 8542
internal_value=3.28593e-06 9.68143e-06 7.11346e-05 0.0001218 -0.000112864 -3.74516e-05 -2.86651e-06 -1.71897e-05 1.56803e-05 -0.000101178 -5.50008e-05 -0.000212894 -3.45298e-05 0.000175938 7.2067e-05 -8.07944e-05 0.000146787 4.3414e-05 0.000110768 0.000237451 9.95526e-05 0.000120385 5.89254e-05 -0.000185563 -0.000122733 -6.43391e-06 0.000137484 -0.000120407 -0.00020377 -0.000252616
internal_weight=1.5635e+06 1.48807e+06 252245 197810 54435 45751 1.23583e+06 1.03758e+06 555088 106419 482490 55268 427222 18737 198251 40030 17227 448669 158221 45842 186780 173146 112379 27014 75428 35225 20387 10705 14838 22803
internal_count=1563502 1488074 252245 197810 54435 45751 1235829 1037578 555088 106419 482490 55268 427222 18737 198251 40030 17227 448669 158221 45842 186780 173146 112379 27014 75428 35225 20387 10705 14838 22803
is_linear=0
shrinkage=0.003


Tree=61
num_leaves=27
num_cat=0
split_feature=33 6 91 91 59 77 45 56 21 72 77 21 62 21 36 20 85 58 56 16 76 32 72 67 80 57
split_gain=160.721 134.108 191.17 160.803 142.23 245.254 140.608 133.487 130.387 123.295 152.173 148.953 121.062 111.472 111.282 105.861 127.51 88.5121 85.6919 81.9081 144.237 121.516 92.6027 77.9499 58.1943 43.6366
threshold=-1.3242187499999998 0.084777832031250014 -1.670077323913574 -1.5659070014953611 0.24041748046875003 0.44536860287189489 2.6406250000000004 0.45471191406250006 0.091400146484375014 0.30993652343750006 0.42894215881824499 0.082672119140625014 -384.49999999999994 0.043563842773437507 0.087036132812500014 0.76562500000000011 0.0079898107796907442 2.1044921875000004 0.32556152343750006 0.098052978515625014 0.020420074462890628 -0.030517578124999997 0.34167480468750006 -97.218749999999986 -0.048506319522857659 0.52172851562500011
decision_type=2 2 2 2 2 2 2 2 2 2 2 2 2 2 2 2 2 2 2 2 2 2 2 2 2 2
left_child=19 2 9 4 8 -6 7 13 -4 17 11 -11 -12 -3 -15 16 -5 18 -2 20 -1 22 23 -22 -23 -26
right_child=1 6 3 15 5 -7 -8 -9 -10 10 12 -13 -14 14 -16 -17 -18 -19 -20 -21 21 24 -24 -25 25 -27
leaf_value=0.00022544147129604537 8.171861394555552e-05 0.00037976116129071483 -0.00016521664544894612 0.00019732765836069305 -0.0001666328727272564 0.00057815399121801043 -0.00039334343756019591 0.00044140759816619181 -0.00063577684919247448 0.00016308864859163711 8.5759356820375184e-05 0.00058213132658483974 -0.0001847795136664511 6.7824143811396703e-05 -5.5221688179334101e-05 0.00038768886410864956 -2.5977358956489413e-05 0.00019629241398755516 -0.00036772465415291786 -0.00046212741949830377 -0.0001735160527973396 -0.00062921561020460605 -0.00040791765165264828 0.00021528862681001278 -0.00043566678533138101 -5.0254946417816834e-05
leaf_weight=9075 5453 8917 73775 23624 10966 6118 6227 7889 5630 41248 93820 9313 17594 320716 83252 5694 769586 5691 12392 6883 8186 5817 5103 10456 5494 5069
leaf_count=9075 5453 8917 73775 23624 10966 6118 6227 7889 5630 41248 93820 9313 17594 320716 83252 5694 769586 5691 12392 6883 8186 5817 5103 10456 5494 5069
internal_value=-2.6026e-07 5.60944e-06 -1.21731e-05 -3.03343e-05 -0.000145952 0.000101897 5.06163e-05 5.72783e-05 -0.000199338 7.54531e-05 0.000104939 0.00024127 4.29097e-05 4.98336e-05 4.24588e-05 -1.63538e-05 -1.93027e-05 -0.000127056 -0.000230696 -0.000157808 -0.000114383 -0.00019161 -5.39972e-05 4.45434e-05 -0.00038956 -0.00025292
internal_weight=1.56399e+06 1.5079e+06 1.0809e+06 895393 96489 17084 427001 420774 79405 185511 161975 50561 111414 412885 403968 798904 793210 23536 17845 56083 49200 40125 23745 18642 16380 10563
internal_count=1563988 1507905 1080904 895393 96489 17084 427001 420774 79405 185511 161975 50561 111414 412885 403968 798904 793210 23536 17845 56083 49200 40125 23745 18642 16380 10563
is_linear=0
shrinkage=0.003


Tree=62
num_leaves=30
num_cat=0
split_feature=31 91 87 10 45 41 26 23 16 75 6 32 48 30 87 15 8 36 8 58 81 23 65 43 83 46 81 62 36
split_gain=153.911 137.1 179.346 205.128 166.114 160.794 148.929 169.846 159.896 145.801 142.988 190.882 220.772 174.539 141.388 130.42 128.786 127.178 122.156 117.681 107.243 93.3449 157.62 107.681 124.454 142.877 108.798 51.2505 49.4342
threshold=0.052734375000000007 -1.7040987014770506 0.0040160035714507112 0.39062500000000006 2.6406250000000004 0.094299316406250014 0.099212646484375014 -0.62915039062499989 0.062377929687500007 -0.056015014648437493 0.10275268554687501 -0.011043548583984373 10.074218750000002 0.23437500000000003 0.0035721715539693837 0.29687500000000006 1.4389648437500002 0.090118408203125014 -0.57592773437499989 2.1884765625000004 0.0013366609346121552 0.90844726562500011 0.068206787109375014 -0.73559570312499989 -0.0043531693518161765 0.28796386718750006 -0.0048683211207389823 -350.49999999999994 0.064575195312500014
decision_type=2 2 2 2 2 2 2 2 2 2 2 2 2 2 2 2 2 2 2 2 2 2 2 2 2 2 2 2 2
left_child=21 2 14 -4 9 10 7 8 -7 -5 13 12 -12 17 15 -2 -13 -3 -6 -9 -15 23 -23 -1 25 -25 -27 -17 -26
right_child=1 5 3 4 18 6 -8 19 -10 -11 11 16 -14 20 -16 27 -18 -19 -20 -21 -22 22 -24 24 28 26 -28 -29 -30
leaf_value=0.00013901736884171475 -0.00036216463963303284 0.00045087434679891053 0.00055955297595611188 -0.00025048385697534715 0.00023658998237465913 -0.0003180388300417301 -0.00046149162619095772 -0.00016140951579369616 0.00022008708215301106 0.00015912648310490148 0.00026687580418220766 0.00046074031519299005 -0.00057008029052853357 -6.1646928370972273e-06 -0.00054589434932759799 0.00039468744280990692 0.00012006094768374806 -0.00010150585800857472 -0.00026491944107964624 0.00022074867042000594 0.00030344426798456948 -0.0001452596981030006 0.00051823175810906659 0.00026440573527332497 -0.00030236805644920779 -0.00028729954825233321 7.5952817938738774e-05 -1.6231313060522283e-05 -0.00071403886130167924
leaf_weight=8937 6254 12948 8875 8252 5730 6042 9356 93665 26064 125594 5177 16364 6056 1065609 6213 5082 25644 5220 17495 7774 10065 8524 5051 6475 5770 34712 9385 5761 5153
leaf_count=8937 6254 12948 8875 8252 5730 6042 9356 93665 26064 125594 5177 16364 6056 1065609 6213 5082 25644 5220 17495 7774 10065 8524 5051 6475 5770 34712 9385 5761 5153
internal_value=1.23737e-06 8.33465e-06 8.37152e-05 0.000118336 9.30659e-05 -2.7302e-06 -9.75888e-05 -7.17679e-05 0.000118145 0.000133705 9.09454e-06 0.000160765 -0.000185398 1.69821e-06 -0.000162208 -2.04138e-05 0.00025355 0.000292479 -0.000140705 -0.000131933 -3.23977e-06 -0.000123597 0.000103597 -0.000167471 -0.000212166 -0.000148851 -0.000209993 0.000178209 -0.000501292
internal_weight=1.56325e+06 1.47924e+06 189256 165946 157071 1.28998e+06 142901 133545 32106 133846 1.14708e+06 53241 11233 1.09384e+06 23310 17097 42008 18168 23225 101439 1.07567e+06 84007 13575 70432 61495 50572 44097 10843 10923
internal_count=1563247 1479240 189256 165946 157071 1289984 142901 133545 32106 133846 1147083 53241 11233 1093842 23310 17097 42008 18168 23225 101439 1075674 84007 13575 70432 61495 50572 44097 10843 10923
is_linear=0
shrinkage=0.003


Tree=63
num_leaves=31
num_cat=0
split_feature=8 11 46 59 91 36 43 33 75 3 11 33 66 8 86 33 5 33 1 26 27 33 33 86 40 30 16 91 47 8
split_gain=108.595 152.401 141.799 119.056 169.204 127.194 139.647 108.385 158.482 156.095 159.283 147.753 113.584 103.012 101.257 125.546 141.165 101.872 99.3526 124.48 146.752 120.963 218.331 95.6915 94.317 143.046 109.469 94.0496 93.6113 134.632
threshold=1.1069335937500002 0.090362548828125014 0.28137207031250006 0.22198486328125003 -0.93730664253234852 0.073211669921875014 -0.43322753906249994 0.67382812500000011 -0.026268005371093747 -0.82055664062499989 0.063934326171875014 0.54980468750000011 -2.5634765624999996 0.65332031250000011 0.0028522708453238015 1.0029296875000002 0.42187500000000006 1.5566406250000002 0.10610961914062501 0.056365966796875007 -0.0040264129638671866 -0.59594726562499989 -0.74902343749999989 0.0097714066505432146 0.54687500000000011 0.51562500000000011 0.075775146484375014 -1.7158141136169431 0.21002197265625003 0.39050292968750006
decision_type=2 2 2 2 2 2 2 2 2 2 2 2 2 2 2 2 2 2 2 2 2 2 2 2 2 2 2 2 2 2
left_child=7 3 -3 4 5 -2 -7 11 9 23 -11 18 -12 28 -10 16 -16 -17 21 -20 -21 22 -1 -9 25 26 -5 -23 -13 -30
right_child=1 2 -4 24 -6 6 -8 8 14 10 12 13 -14 -15 15 17 -18 -19 19 20 -22 27 -24 -25 -26 -27 -28 -29 29 -31
leaf_value=-2.8372954896360476e-06 -0.00040839045804469686 5.2840294471891623e-06 0.00060039341586158872 2.8846862418361928e-05 0.00033402627305342602 -0.00040522750505777346 0.00013127113984530526 3.4027753970291045e-05 0.00014182680478716102 -4.6080443773708806e-05 9.0059272975795546e-07 -0.00033807073483016947 0.00020453175876615967 -0.00051291288728091175 -0.00013150703367293112 -0.00038684271750940598 0.00043250815678557916 -9.4929488731172638e-07 -0.0005827173059401305 0.00016767392753017906 -0.00025830180526908905 8.5059898317417076e-05 0.00018361828190469428 -0.00043579185292469511 0.00044651337520014721 -0.00024213146371690879 0.00038494809704886084 -3.4098513301091876e-05 -0.00011069887562218139 0.00038823160796607338
leaf_weight=210494 12139 5866 9250 17951 7388 6039 15026 7800 13657 43875 31519 13321 113088 6423 12810 20579 5684 8768 5374 11923 18375 64762 77167 7680 7795 9085 13622 737377 43424 5382
leaf_count=210494 12139 5866 9250 17951 7388 6039 15026 7800 13657 43875 31519 13321 113088 6423 12810 20579 5684 8768 5374 11923 18375 64762 77167 7680 7795 9085 13622 737377 43424 5382
internal_value=-1.92223e-08 9.35176e-05 0.000371004 4.60489e-05 -7.37046e-05 -0.000165157 -2.37224e-05 -6.70075e-06 4.81173e-05 8.83603e-05 0.000112167 -1.88911e-05 0.000160179 -0.000154009 -8.5278e-05 -0.000150269 4.32328e-05 -0.000271944 -1.06484e-05 -0.000166219 -9.06699e-05 -5.54142e-06 4.72271e-05 -0.000200362 0.000146319 8.78109e-05 0.000183215 -2.44687e-05 -0.00011614 -5.49988e-05
internal_weight=1.56364e+06 104161 15116 89045 40592 33204 21065 1.45948e+06 265460 203962 188482 1.19402e+06 144607 68550 61498 47841 18494 29347 1.12547e+06 35672 30298 1.0898e+06 287661 15480 48453 40658 31573 802139 62127 48806
internal_count=1563643 104161 15116 89045 40592 33204 21065 1459482 265460 203962 188482 1194022 144607 68550 61498 47841 18494 29347 1125472 35672 30298 1089800 287661 15480 48453 40658 31573 802139 62127 48806
is_linear=0
shrinkage=0.003


Tree=64
num_leaves=21
num_cat=0
split_feature=41 30 64 6 45 47 82 21 8 74 74 21 80 82 63 40 48 70 57 11
split_gain=171.535 133.548 143.091 130.027 170.344 169.79 144.063 121.888 118.305 128.783 114.275 110.231 108.208 104.951 98.4902 88.6928 82.4848 94.2287 75.9177 62.0342
threshold=0.041900634765625007 0.70312500000000011 0.051681518554687507 0.082427978515625014 2.6406250000000004 0.27355957031250006 -0.083009511232376085 0.069030761718750014 0.26513671875000006 0.37756347656250006 0.32434082031250006 0.087036132812500014 -0.035415619611740105 -0.071317434310913072 -40.796874999999993 0.60937500000000011 12.683593750000002 0.11581420898437501 0.53930664062500011 0.069671630859375014
decision_type=2 2 2 2 2 2 2 2 2 2 2 2 2 2 2 2 2 2 2 2
left_child=14 3 7 8 5 12 -7 15 9 10 -2 19 -5 -11 -1 -3 -10 -18 -4 -9
right_child=1 2 18 4 -6 6 -8 11 16 13 -12 -13 -14 -15 -16 -17 17 -19 -20 -21
leaf_value=6.5436362637189308e-05 -0.00011056107076310805 0.00024202441895460828 -0.00038725742099269525 4.4868852726722632e-05 -0.00040052139865937947 0.00015164943147444085 0.00075708094321548882 -0.00020010773845348213 2.4912612150593679e-06 -7.9850962079757511e-05 -2.1827056184378658e-06 0.00048221667768727483 -0.00010090139564858394 -0.00041057826473766878 0.00050270018373656819 0.00077704081106835777 -6.1433999362482301e-05 -0.00057907205860469946 0.00010760655264285478 0.0001314980263778624
leaf_weight=9101 97947 6193 5861 439584 7931 11749 5005 6985 7626 26130 818704 6202 51070 12847 9423 5183 5063 8460 5180 17833
leaf_count=9101 97947 6193 5861 439584 7931 11749 5005 6985 7626 26130 818704 6202 51070 12847 9423 5183 5063 8460 5180 17833
internal_value=3.18012e-06 -2.68511e-07 0.000146949 -5.55029e-06 3.30014e-05 3.98551e-05 0.000335932 0.00022608 -2.58911e-05 -2.09658e-05 -1.37741e-05 0.00012787 2.96788e-05 -0.000189632 0.000289374 0.000490429 -0.000247296 -0.000387142 -0.000156205 3.77394e-05
internal_weight=1.56408e+06 1.54555e+06 53437 1.49212e+06 515339 507408 16754 42396 976777 955628 916651 31020 490654 38977 18524 11376 21149 13523 11041 24818
internal_count=1564077 1545553 53437 1492116 515339 507408 16754 42396 976777 955628 916651 31020 490654 38977 18524 11376 21149 13523 11041 24818
is_linear=0
shrinkage=0.003


Tree=65
num_leaves=18
num_cat=0
split_feature=31 60 58 23 23 76 62 85 62 56 75 38 91 13 72 2 91
split_gain=127.798 122.474 120.557 95.0905 141.211 117.607 100.809 94.5639 135.436 90.6672 112.915 226.354 111.328 105.985 135.828 83.2273 46.6635
threshold=0.051971435546875007 21.500000000000004 2.2080078125000004 -0.80541992187499989 -0.10525512695312499 0.021442413330078128 -483.49999999999994 0.017019618302583698 -242.49999999999997 0.44226074218750006 -0.060043334960937493 0.88891601562500011 -1.7040987014770506 0.85864257812500011 0.36462402343750006 -0.0011382102966308592 -1.9795098304748533
decision_type=2 2 2 2 2 2 2 2 2 2 2 2 2 2 2 2 2
left_child=3 2 9 -1 5 -5 -6 8 -8 10 11 -2 -12 14 -11 -3 -7
right_child=1 15 -4 4 6 16 7 -9 -10 13 12 -13 -14 -15 -16 -17 -18
leaf_value=0.00017481656632715832 -4.1287242926256848e-05 4.3626849466072433e-05 0.00035253974877956062 -0.00070044854147803331 -0.00043741174583721725 -4.8010670513805377e-06 -4.6560746745293742e-05 -0.00028484081802435948 0.00039895694365843737 0.00010377428955837131 7.9519617903229311e-05 -0.00057006670215578505 7.3947243405292106e-07 -6.188021741044804e-05 0.00066966079825314499 0.00048349625934915021 -0.00035332173530086634
leaf_weight=9064 42573 7274 9171 6211 5489 6023 23993 8623 8146 9306 186419 8695 1200743 9552 6426 8229 8026
leaf_count=9064 42573 7274 9171 6211 5489 6023 23993 8623 8146 9306 186419 8695 1200743 9552 6426 8229 8026
internal_value=8.20309e-06 1.43169e-05 1.15152e-05 -0.000112063 -0.000151362 -0.000359579 -5.95748e-05 -7.74939e-06 6.72481e-05 9.35458e-06 6.21768e-06 -0.000131903 1.13316e-05 0.000187088 0.00033769 0.000278712 -0.000204996
internal_weight=1.56396e+06 1.48839e+06 1.47288e+06 75575 66511 20260 46251 40762 32139 1.46371e+06 1.43843e+06 51268 1.38716e+06 25284 15732 15503 14049
internal_count=1563963 1488388 1472885 75575 66511 20260 46251 40762 32139 1463714 1438430 51268 1387162 25284 15732 15503 14049
is_linear=0
shrinkage=0.003


Tree=66
num_leaves=31
num_cat=0
split_feature=67 65 56 43 80 32 79 16 41 47 75 2 13 38 63 48 12 8 82 56 80 76 43 75 40 3 46 1 69 32
split_gain=141.012 192.347 154.361 151.335 133.23 131.36 140.887 130.413 141.41 140.64 125.865 149.699 163.19 172.055 155.112 225.999 185.805 247.653 184.018 121.8 121.159 119.566 104.676 127.934 122.594 246.517 160.615 128.931 126.761 120.885
threshold=-34.984374999999993 0.046279907226562507 0.36071777343750006 -0.19512939453124997 -0.076799646019935594 0.014942169189453127 0.32515159249305731 0.10653686523437501 0.047714233398437507 0.24163818359375003 -0.042526245117187493 0.030044555664062503 -0.56127929687499989 0.41430664062500006 -62.171874999999993 11.613281250000002 0.015983581542968753 1.0292968750000002 -0.047996319830417626 0.41650390625000006 -0.0042198225855827323 0.019184112548828128 -1.3535156249999998 -0.034317016601562493 0.26562500000000006 -0.54516601562499989 0.33264160156250006 0.055923461914062507 0.26135253906250006 -0.0018734931945800779
decision_type=2 2 2 2 2 2 2 2 2 2 2 2 2 2 2 2 2 2 2 2 2 2 2 2 2 2 2 2 2 2
left_child=10 4 3 -3 5 -2 -7 8 -4 -10 11 14 -13 -14 16 18 20 -18 -16 -9 -1 -17 23 -12 25 27 -27 -24 29 -26
right_child=1 2 7 -5 -6 6 -8 19 9 -11 22 12 13 -15 15 21 17 -19 -20 -21 -22 -23 24 -25 28 26 -28 -29 -30 -31
leaf_value=2.6909856070564886e-05 0.00081223573541162083 0.00058855941698029339 0.00024950818398279922 3.2843179006152163e-05 6.2510472206919504e-05 0.0005117281150618159 -3.2507825592495748e-05 -3.8849157238133863e-05 -2.7249141924172094e-05 -0.00039985304376713242 -0.00051223712033308694 -0.00053068823303765024 0.00015123971718447159 -0.00049142705018878196 0.00014015401640124164 0.00087842336211822086 -0.00021921812792293044 0.00046364851204326406 -0.00040405355543165182 0.00049975780235929595 0.00044350378405933681 0.0002405010916866203 0.00021154029969739177 3.9160684521855985e-06 7.6231877997962876e-05 0.0001890428535128291 -0.00040368670502734987 0.00081759592259329674 -8.4523634129534273e-05 -3.9483888424025754e-05
leaf_weight=458405 5473 8334 15268 9271 17555 9928 7450 6644 127178 9723 8971 8734 12975 5157 63030 5251 48957 5202 6039 8621 6271 5434 7731 8252 121172 8763 7587 5361 298518 246107
leaf_count=458405 5473 8334 15268 9271 17555 9928 7450 6644 127178 9723 8971 8734 12975 5157 63030 5251 48957 5202 6039 8621 6271 5434 7731 8252 121172 8763 7587 5361 298518 246107
internal_value=2.97988e-06 7.23711e-05 3.13631e-05 0.000297751 0.000259625 0.000410124 0.000279561 3.19253e-06 -2.33897e-05 -5.39848e-05 -8.71737e-06 2.23365e-05 -0.000196324 -3.32368e-05 3.21816e-05 0.000155269 1.32347e-05 -0.000152895 9.20562e-05 0.000266605 3.26262e-05 0.000559238 -3.59782e-05 -0.000266339 -3.0234e-05 0.000158886 -8.67874e-05 0.000464028 -3.86196e-05 -1.2968e-06
internal_weight=1.56336e+06 225445 185039 17605 40406 22851 17378 167434 152169 136901 1.33792e+06 625455 26866 18132 598589 79754 518835 54159 69069 15265 464676 10685 712462 17223 695239 29442 16350 13092 665797 367279
internal_count=1563362 225445 185039 17605 40406 22851 17378 167434 152169 136901 1337917 625455 26866 18132 598589 79754 518835 54159 69069 15265 464676 10685 712462 17223 695239 29442 16350 13092 665797 367279
is_linear=0
shrinkage=0.003


Tree=67
num_leaves=26
num_cat=0
split_feature=3 7 6 57 41 57 21 13 21 74 60 31 8 7 3 8 82 12 84 32 16 69 83 41 72
split_gain=134.293 127.984 133.602 114.899 103.632 131.425 164.656 144.57 127.47 130.011 125.03 152.861 113.985 112.848 106.051 87.1307 85.9299 82.3823 127.747 78.7097 73.0232 93.1818 129.053 65.4001 61.8311
threshold=1.5170898437500002 0.0009334087371826173 0.085296630859375014 0.59204101562500011 0.092071533203125014 0.54077148437500011 0.093536376953125014 -1.1083984374999998 0.054824829101562507 0.32580566406250006 21.500000000000004 0.059722900390625007 1.1069335937500002 -0.024887084960937497 0.12237548828125001 0.40649414062500006 -0.29030644893646235 0.0057373046875000009 0.032020926475524909 -0.012725830078124998 0.079193115234375014 0.28430175781250006 -0.056463956832885735 0.073120117187500014 0.30847167968750006
decision_type=2 2 2 2 2 2 2 2 2 2 2 2 2 2 2 2 2 2 2 2 2 2 2 2 2
left_child=3 19 -3 4 5 10 15 -8 17 14 12 -12 -1 -11 -10 -7 -5 18 -6 -2 21 22 -18 -21 -23
right_child=1 2 -4 16 8 6 7 -9 9 13 11 -13 -14 -15 -16 -17 20 -19 -20 23 -22 24 -24 -25 -26
leaf_value=-1.7423015650431501e-05 -0.00064564888875223009 0.00040577641470823103 -0.00019982484982208055 0.00013802549371925684 3.3251215859848649e-05 2.7389318315823798e-05 -0.00016960361561449408 0.00032472726970407247 -0.00016721318842987255 0.00029561404120732079 -0.00015990783092804524 0.0004572520064957002 0.00011120656724364049 -5.6358095925783204e-05 -0.0006472370445089801 0.00012416273565927445 -0.00036902838809335371 -4.9190552731790264e-05 0.00069389292153930156 -2.0342119552595233e-05 6.2660383390724116e-05 -0.00069080928094038155 0.00011688176426703664 -0.00040945863210667659 -0.00025221559196104694
leaf_weight=646449 5116 5488 7837 8636 5241 399274 6252 33797 19266 8558 5265 11120 68479 154682 5221 105886 9801 7204 5218 7720 8075 5647 9704 7753 6196
leaf_count=646449 5116 5488 7837 8636 5241 399274 6252 33797 19266 8558 5265 11120 68479 154682 5221 105886 9801 7204 5218 7720 8075 5647 9704 7753 6196
internal_value=8.25835e-06 -0.000178185 5.07612e-05 1.24025e-05 1.7088e-05 2.71514e-05 6.24014e-05 0.000247328 -4.54405e-05 -6.83927e-05 8.66903e-07 0.000259173 -5.08847e-06 -3.7736e-05 -0.000271778 4.76944e-05 -0.00013181 0.000197513 0.000366296 -0.000325886 -0.00019112 -0.000256483 -0.000127918 -0.000216693 -0.00046538
internal_weight=1.56388e+06 33914 13325 1.52997e+06 1.48191e+06 1.27652e+06 545209 40049 205390 187727 731313 16385 714928 163240 24487 505160 48059 17663 10459 20589 39423 31348 19505 15473 11843
internal_count=1563885 33914 13325 1529971 1481912 1276522 545209 40049 205390 187727 731313 16385 714928 163240 24487 505160 48059 17663 10459 20589 39423 31348 19505 15473 11843
is_linear=0
shrinkage=0.003


Tree=68
num_leaves=31
num_cat=0
split_feature=41 23 56 63 57 74 46 46 37 13 18 10 17 66 18 1 17 41 1 31 15 81 61 18 59 8 57 15 41 1
split_gain=119.194 152.487 134.936 198.047 139.928 137.933 128.743 155.932 124.504 120.857 118.342 144.833 181.007 140.71 125.205 143.496 138.482 111.697 111.873 146.76 112.32 103.988 104.784 98.3855 115.48 103.28 100.374 95.2538 191.487 80.6336
threshold=0.091400146484375014 -1.4423828124999998 0.36975097656250006 -36.359374999999993 0.58959960937500011 0.32824707031250006 0.28332519531250006 0.29846191406250006 0.038208007812500007 0.13043212890625003 0.42199707031250006 0.60937500000000011 0.0098648071289062517 -1.2602539062499998 -0.18170166015624997 0.10671997070312501 -0.0081977844238281233 0.097503662109375014 0.064117431640625014 0.079681396484375014 0.45312500000000006 -0.048522129654884331 -0.81103515624999989 -0.89892578124999989 0.20306396484375003 1.1069335937500002 0.56860351562500011 0.45312500000000006 0.094512939453125014 0.084991455078125014
decision_type=2 2 2 2 2 2 2 2 2 2 2 2 2 2 2 2 2 2 2 2 2 2 2 2 2 2 2 2 2 2
left_child=2 -2 3 4 6 -5 -1 -8 10 23 14 12 -12 -13 16 -16 -4 27 19 -19 -20 -6 -23 26 -25 -26 -3 29 -29 -11
right_child=1 9 8 5 21 -7 7 -9 -10 17 11 13 -14 -15 15 -17 -18 18 20 -21 -22 22 -24 24 25 -27 -28 28 -30 -31
leaf_value=0.00050011016576720086 0.00033067066014728105 -0.00054141823507467283 -3.5782304359421588e-05 0.00061613203041405997 -0.00046263205729054339 0.0001108983404692647 -0.00018823793801495822 7.8563179155842708e-05 0.00041581410668922302 -0.00031916028114040927 0.00027050561605955308 -0.00053127140003591112 3.6113845771902117e-05 -5.0618260232397042e-05 -6.2279902988913478e-05 -0.00042893839412826607 9.459869763798745e-05 -0.00035003506265494412 0.00010934549658467925 0.00029150799710541086 0.000518965057813321 7.1643021974561566e-05 -0.00033665745719354379 -0.00031038060883969759 -7.9629712994678712e-05 0.00034110998297848596 -0.00011427556770445998 0.0003214490447530182 -0.00030492897676770718 6.864629329737622e-05
leaf_weight=5961 8563 9634 208764 9404 6896 10070 21265 256024 6167 18169 33595 6168 247547 43926 315680 9812 112876 8453 23301 5044 8064 18694 7996 19164 102222 5437 10216 10795 7263 6515
leaf_count=5961 8563 9634 208764 9404 6896 10070 21265 256024 6167 18169 33595 6168 247547 43926 315680 9812 112876 8453 23301 5044 8064 18694 7996 19164 102222 5437 10216 10795 7263 6515
internal_value=8.05128e-07 -6.02663e-05 1.2037e-05 6.39079e-05 4.58001e-05 0.000356777 6.75185e-05 5.8042e-05 -5.68646e-06 -7.46904e-05 -8.38555e-06 3.7725e-05 6.42087e-05 -0.000110741 -3.19895e-05 -7.34612e-05 9.98865e-06 1.34731e-05 0.000117906 -0.000109902 0.000215974 -0.000137021 -5.14789e-05 -0.000127321 -9.64232e-05 -5.80847e-05 -0.00032326 -9.61591e-05 6.92254e-05 -0.00021694
internal_weight=1.56368e+06 242840 1.32084e+06 336310 316836 19474 283250 277289 984535 234277 978368 331236 281142 50094 647132 325492 321640 87604 44862 13497 31365 33586 26690 146673 126823 107659 19850 42742 18058 24684
internal_count=1563685 242840 1320845 336310 316836 19474 283250 277289 984535 234277 978368 331236 281142 50094 647132 325492 321640 87604 44862 13497 31365 33586 26690 146673 126823 107659 19850 42742 18058 24684
is_linear=0
shrinkage=0.003


Tree=69
num_leaves=31
num_cat=0
split_feature=41 23 1 88 58 46 31 66 38 21 74 37 85 86 87 25 6 26 43 45 59 6 67 22 37 91 43 59 82 87
split_gain=156.941 156.367 124.998 160.835 120.222 162.386 144.37 215.441 138.736 132.028 140.939 125.505 108.728 108.666 146.951 173.235 138.788 123.613 109.918 114.531 240.93 149.497 105.814 116.825 103.901 100.276 96.1214 83.143 70.3726 83.4074
threshold=0.091400146484375014 -1.4423828124999998 0.10671997070312501 0.002621705643832684 2.0908203125000004 0.33728027343750006 0.063690185546875014 0.94653320312500011 -0.43591308593749994 0.064575195312500014 0.33996582031250006 -0.0069446563720703116 0.012402683496475221 0.0026913685724139218 0.0015013280790299179 0.23437500000000003 0.076446533203125014 0.10977172851562501 0.35107421875000006 1.0781250000000002 0.24298095703125003 0.089935302734375014 -31.007812499999996 0.00036072731018066412 0.0042076110839843759 -0.89931797981262196 -0.87963867187499989 0.25573730468750006 -0.18591123819351194 0.001334263011813164
decision_type=2 2 2 2 2 2 2 2 2 2 2 2 2 2 2 2 2 2 2 2 2 2 2 2 2 2 2 2 2 2
left_child=2 -2 13 24 5 12 7 11 -9 -7 -11 -6 -3 18 28 16 -16 -17 19 21 -21 -1 23 -8 -4 -20 -5 -24 29 -15
right_child=1 4 3 26 6 9 22 8 -10 10 -12 -13 -14 14 15 17 -18 -19 25 20 -22 -23 27 -25 -26 -27 -28 -29 -30 -31
leaf_value=-0.00024666196538134736 0.00032440812591313353 -0.00013577692252117728 0.0002648553528481972 -0.00068277323951040003 0.00059787222450768561 -0.00038265313220709916 -4.539818764079462e-05 0.00014507331593860361 -0.0004795379548461932 0.00042415624420225545 -0.00023935736404465257 0.00013185837691304268 -0.00066183191919596662 0.0002780660952586355 -2.4269459331946452e-05 5.6661277473428296e-06 0.00053877428333457586 0.00028052561498831987 0.00058958343307011685 1.2716754643914366e-05 0.00038780307942515806 0.00019244053570054674 0.00039009478936555985 -0.00021672138076660926 -0.00023177980728895809 0.00011317181227606361 -0.00021299584822073302 -8.2591320634262843e-05 -0.00026467234092861203 -0.00024960132599613949
leaf_weight=19197 8569 5545 9555 5150 6681 6992 79017 5385 7657 6533 5007 22719 9971 5528 6457 1099667 9975 14826 7341 48165 22570 10841 6657 65533 6148 8668 16163 6583 25639 5076
leaf_count=19197 8569 5545 9555 5150 6681 6992 79017 5385 7657 6533 5007 22719 9971 5528 6457 1099667 9975 14826 7341 48165 22570 10841 6657 65533 6148 8668 16163 6583 25639 5076
internal_value=-1.27639e-06 -7.13531e-05 1.16111e-05 -0.000160025 -8.59606e-05 -0.000250513 -5.78686e-05 9.72921e-05 -0.000222496 -6.0259e-05 0.000136686 0.000239425 -0.000475907 1.65714e-05 7.83726e-06 1.38702e-05 0.000318716 9.3474e-06 0.000103783 6.6925e-05 0.000132777 -8.8073e-05 -9.96385e-05 -0.000123165 7.01777e-05 0.000333936 -0.00032917 0.000156215 -0.000179935 2.55063e-05
internal_weight=1.56382e+06 242849 1.32097e+06 37016 234280 34048 200232 42442 13042 18532 11540 29400 15516 1.28395e+06 1.16717e+06 1.13092e+06 16432 1.11449e+06 116782 100773 70735 30038 157790 144550 15703 16009 21313 13240 36243 10604
internal_count=1563815 242849 1320966 37016 234280 34048 200232 42442 13042 18532 11540 29400 15516 1283950 1167168 1130925 16432 1114493 116782 100773 70735 30038 157790 144550 15703 16009 21313 13240 36243 10604
is_linear=0
shrinkage=0.003


Tree=70
num_leaves=31
num_cat=0
split_feature=12 23 89 7 8 41 47 62 7 45 81 90 2 6 23 76 88 28 6 6 12 7 3 17 1 1 89 47 47 60
split_gain=153.805 190.674 183.327 154.361 259.908 181.257 150.472 145.709 145.033 141.371 130.273 124.478 150.565 138.5 117.455 150.435 135.916 109.353 168.481 155.301 178.212 173.87 102.799 99.1782 141.729 121.292 90.8176 114.302 134.676 94.1055
threshold=0.020072937011718753 0.15582275390625003 0.0016540316864848139 0.0055751800537109384 0.26513671875000006 0.093078613281250014 0.27673339843750006 -433.49999999999994 -0.024887084960937497 2.6406250000000004 -0.023583076894283291 -0.12326613068580626 -0.00033688545227050776 0.080230712890625014 -0.77270507812499989 0.021198272705078128 0.0037519540637731556 0.72583007812500011 0.079193115234375014 0.081451416015625014 0.012004852294921877 0.0022287368774414067 -0.40051269531249994 0.0095214843750000017 0.068328857421875014 0.077301025390625014 0.0016335831023752692 0.24652099609375003 0.23724365234375003 13.500000000000002
decision_type=2 2 2 2 2 2 2 2 2 2 2 2 2 2 2 2 2 2 2 2 2 2 2 2 2 2 2 2 2 2
left_child=2 10 3 4 5 7 17 -1 -7 14 23 -3 22 -14 15 -5 -16 18 -4 21 -21 -19 -13 24 -2 -26 27 28 -12 -28
right_child=1 11 6 9 -6 8 -8 -9 -10 -11 26 12 13 -15 16 -17 -18 19 -20 20 -22 -23 -24 -25 25 -27 29 -29 -30 -31
leaf_value=8.1677279144142897e-05 -0.00061398911118507385 0.00015562948578214624 -2.1719074707256723e-06 0.00032151644223032207 -0.00034589597488950439 0.00018118640460644688 0.00057158322113979698 -2.1904630034450157e-05 -0.0001604478962834909 -0.00033098400099482547 0.00014459838252627307 -0.00029407963741007084 -0.00069550914436633017 -0.00010065568405066531 2.228913521692288e-05 4.1631933622321029e-05 0.00048501183801843214 9.9650691995420773e-05 0.00074515421683723864 -0.00014257950520410708 0.0004503883891331746 0.00058008442680377345 0.00010608681297232233 0.00018006342736992577 0.0002203209965575506 -0.00030259359903981757 -0.00035901518206895547 -0.00011021065181060033 0.00067414889364724655 0.0001453554322438119
leaf_weight=158326 7000 6009 5314 30499 22093 12406 6009 534804 106882 8795 27169 16655 11982 5026 362459 39798 5705 77068 5450 40193 5046 7343 8754 5688 6279 10600 7710 12227 5063 5728
leaf_count=158326 7000 6009 5314 30499 22093 12406 6009 534804 106882 8795 27169 16655 11982 5026 362459 39798 5705 77068 5450 40193 5046 7343 8754 5688 6279 10600 7710 12227 5063 5728
internal_value=8.29382e-07 -9.55767e-05 1.00083e-05 -1.48302e-06 -2.5584e-05 -1.68319e-05 0.000110534 1.7641e-06 -0.000124796 4.34813e-05 -1.18896e-05 -0.000246391 -0.000303575 -0.000521341 5.10664e-05 0.000163347 2.95892e-05 9.04109e-05 0.000379588 6.61284e-05 -7.55918e-05 0.000142081 -0.000156337 -0.000173575 -0.000258211 -0.000107917 7.08371e-05 0.000136114 0.000229608 -0.00014454
internal_weight=1.56408e+06 135890 1.42819e+06 1.28177e+06 834511 812418 146423 693130 119288 447256 87464 48426 42417 17008 438461 70297 368164 140414 10764 129650 45239 84411 25409 29567 23879 16879 57897 44459 32232 13438
internal_count=1564080 135890 1428190 1281767 834511 812418 146423 693130 119288 447256 87464 48426 42417 17008 438461 70297 368164 140414 10764 129650 45239 84411 25409 29567 23879 16879 57897 44459 32232 13438
is_linear=0
shrinkage=0.003


Tree=71
num_leaves=27
num_cat=0
split_feature=67 56 41 66 1 65 83 81 38 59 16 78 16 79 33 1 30 21 65 33 6 86 88 8 76 38
split_gain=162.675 170.782 149.588 148.614 121.435 120.668 149.951 179.087 147.988 149.408 131.703 116.191 138.709 122.084 108.835 193.616 114.079 105.559 99.0061 104.008 97.1987 88.0824 84.9847 82.6376 79.6789 73.9692
threshold=-34.984374999999993 0.35876464843750006 0.081817626953125014 1.0380859375000002 0.10610961914062501 0.045349121093750007 -0.02565471455454826 -0.048181116580963128 0.44067382812500006 0.21746826171875003 0.10653686523437501 0.70061644911766063 0.072967529296875014 0.29229758679866796 1.1630859375000002 0.062622070312500014 0.73437500000000011 0.075592041015625014 0.030685424804687503 -0.12658691406249997 0.061431884765625007 0.017528086900711063 0.002054837998002768 0.26513671875000006 0.018619537353515628 -0.11062622070312499
decision_type=2 2 2 2 2 2 2 2 2 2 2 2 2 2 2 2 2 2 2 2 2 2 2 2 2 2
left_child=4 2 3 -2 14 6 7 21 9 -7 -11 12 -6 -13 16 -16 18 -14 22 -20 -17 -3 -1 24 -10 -22
right_child=1 5 -4 -5 11 8 -8 -9 23 10 -12 13 17 -15 15 20 -18 -19 19 -21 25 -23 -24 -25 -26 -27
leaf_value=-9.1442822066580928e-05 0.00089636527034135563 0.00041339257303031119 -5.040236559918341e-05 0.00019193890384552667 0.00025221811341756176 0.00035963015331477222 0.00057157069917045762 -0.00026805933462078645 0.00015976223736162168 -6.5626035241028328e-05 0.0002736950545553745 -0.00017368368890058043 3.1195200007894767e-06 -0.00077600042438814062 -0.00056607443220763054 -0.00037710162119377125 0.00032843997547696741 -0.00058087985072577549 2.4618549809595157e-05 -3.0285464821561133e-05 -0.00019651747438359388 1.3516422069824495e-05 -0.00049256213025370083 2.2016543257857127e-05 0.0006278243694717308 0.0002288707449365018
leaf_weight=19377 5763 12407 5114 5116 7992 8902 7887 8146 6576 130677 11076 7594 6110 5026 8522 5437 9132 5018 629901 612266 5510 8225 6228 8793 6603 10620
leaf_count=19377 5763 12407 5114 5116 7992 8902 7887 8146 6576 130677 11076 7594 6110 5026 8522 5437 9132 5018 629901 612266 5510 8225 6228 8793 6603 10620
internal_value=4.44401e-08 7.46092e-05 0.000372444 0.000569865 -1.25081e-05 5.16832e-05 0.00020774 0.000106393 1.84366e-05 -1.51648e-05 -3.89386e-05 -0.000195563 -4.74829e-05 -0.000417775 -8.04806e-06 -0.000186083 -3.83858e-06 -0.000263054 -6.25776e-06 -2.44398e-06 -3.4014e-05 0.000254815 -0.000190545 0.000247856 0.000397235 8.32428e-05
internal_weight=1.56402e+06 225285 15993 10879 1.33873e+06 209292 36665 28778 172627 150655 141753 31740 19120 12620 1.30699e+06 30089 1.2769e+06 11128 1.26777e+06 1.24217e+06 21567 20632 25605 21972 13179 16130
internal_count=1564018 225285 15993 10879 1338733 209292 36665 28778 172627 150655 141753 31740 19120 12620 1306993 30089 1276904 11128 1267772 1242167 21567 20632 25605 21972 13179 16130
is_linear=0
shrinkage=0.003


Tree=72
num_leaves=31
num_cat=0
split_feature=33 7 55 35 23 17 33 75 84 43 33 43 83 70 41 41 91 38 33 23 75 31 67 57 8 23 33 32 75 55
split_gain=177.476 132.326 184.772 162.743 215.78 187.972 149.806 168.925 209.116 163.552 153.29 287.454 150.106 131.914 130.385 126.554 124.087 178.896 167.484 115.514 105.3 84.7509 143.711 113.921 83.0364 135.242 112.832 82.4744 80.6897 75.8345
threshold=-1.3242187499999998 0.025459289550781253 0.30383300781250006 0.48437500000000006 -0.10525512695312499 0.0069694519042968759 -0.59594726562499989 -0.049758911132812493 0.020853951573371891 -0.37255859374999994 -0.74902343749999989 0.80004882812500011 -0.070886120200157152 0.18109130859375003 0.095306396484375014 0.080718994140625014 -1.7158141136169431 0.66113281250000011 -0.51733398437499989 0.73803710937500011 -0.057754516601562493 0.046173095703125007 -70.281249999999986 0.49572753906250006 0.073638916015625014 0.10855102539062501 -1.6542968749999998 0.0040378570556640634 -0.037094116210937493 0.32263183593750006
decision_type=2 2 2 2 2 2 2 2 2 2 2 2 2 2 2 2 2 2 2 2 2 2 2 2 2 2 2 2 2 2
left_child=21 6 3 4 13 -6 7 8 15 -10 12 -12 -9 -3 16 -2 17 -8 -18 20 -16 23 29 -1 26 -26 -25 -4 -21 -23
right_child=1 2 27 -5 5 -7 14 10 9 -11 11 -13 -14 -15 19 -17 18 -19 -20 28 -22 22 -24 24 25 -27 -28 -29 -30 -31
leaf_value=-0.00039176235173269108 -0.00067582033611338391 0.00095827371621080859 -0.00016223865328899537 -0.00015231539035051537 -6.4281843983557158e-05 0.00058696621262044389 0.00022854235918457643 0.00048428650227047473 -0.00020650928155348044 0.00010761933137881699 0.0003413131066314008 -0.00025131477459842944 3.2926442965600774e-05 0.00038746667561125915 -0.00046947638973405094 -5.9199156894886128e-05 -0.00022034107674073793 -0.00015087813187059145 1.6344373526506574e-06 -0.00053711947442635017 -4.3281829079520228e-05 -0.00071718421057952739 -1.0467970546158389e-06 -0.00039432475333650211 -6.3512309722399757e-05 0.00055975694721522088 0.00014830834466660991 0.00020558489839732073 -8.539780326386052e-05 -0.00026585392245577662
leaf_weight=7320 6589 5973 18598 6889 13162 5613 45217 6993 20185 56279 49311 8582 102205 9751 5430 5463 31479 14771 978617 8604 92991 6760 8760 7046 7291 5371 6588 7669 6095 6917
leaf_count=7320 6589 5973 18598 6889 13162 5613 45217 6993 20185 56279 49311 8582 102205 9751 5430 5463 31479 14771 978617 8604 92991 6760 8760 7046 7291 5371 6588 7669 6095 6917
internal_value=6.49039e-06 1.26622e-05 0.000142225 0.000266892 0.000350801 0.000132494 6.56052e-06 7.24064e-05 -3.35318e-05 2.45341e-05 0.000128513 0.000253181 6.2248e-05 0.000608982 -7.66906e-06 -0.000399102 2.57399e-06 0.000135021 -5.30442e-06 -0.000104482 -6.72481e-05 -0.00015911 -0.000301489 -6.34661e-05 2.90594e-05 0.000203182 -0.000132952 -5.44753e-05 -0.000351654 -0.000492515
internal_weight=1.56252e+06 1.50647e+06 67655 41388 34499 18775 1.43881e+06 255607 88516 76464 167091 57893 109198 15724 1.1832e+06 12052 1.07008e+06 59988 1.0101e+06 113120 98421 56053 22437 33616 26296 12662 13634 26267 14699 13677
internal_count=1562519 1506466 67655 41388 34499 18775 1438811 255607 88516 76464 167091 57893 109198 15724 1183204 12052 1070084 59988 1010096 113120 98421 56053 22437 33616 26296 12662 13634 26267 14699 13677
is_linear=0
shrinkage=0.003


Tree=73
num_leaves=19
num_cat=0
split_feature=41 13 75 43 8 41 22 65 6 12 63 3 60 81 82 8 80 75
split_gain=123.363 113.521 150.359 90.9918 141.258 248.1 102.629 199.072 90.9495 159.212 156.178 135.592 92.324 137.759 85.2044 156.744 141.522 84.979
threshold=0.041900634765625007 -0.35314941406249994 -0.034439086914062493 -1.2832031249999998 -0.11666870117187499 0.049697875976562507 0.010478973388671877 0.064117431640625014 0.11184692382812501 0.0097618103027343767 -69.156249999999986 -0.18170166015624997 21.500000000000004 -0.00050188950262963761 -0.029915034770965573 -0.55639648437499989 -0.0042198225855827323 -0.035903930664062493
decision_type=2 2 2 2 2 2 2 2 2 2 2 2 2 2 2 2 2 2
left_child=1 -1 -3 4 17 6 7 -6 12 10 -10 -12 14 -14 16 -16 -5 -2
right_child=3 2 -4 8 5 -7 -8 -9 9 -11 11 -13 13 -15 15 -17 -18 -19
leaf_value=0.00062726133791729804 -0.00057038922786447309 -0.00014441297530343381 0.0005048604514265772 1.0323680795225219e-06 0.00036171069543268199 -0.00038658832230566961 0.00055460577698133876 -0.00038752275050378218 -0.00035728849426598988 0.00066128640561869409 0.00061712165141203086 -4.1980513944580221e-05 0.00049256982874635029 -7.0401445936716839e-05 -0.00048415275234981906 -3.4557258316030676e-05 0.00036843921592554581 -0.00014416321557950094
leaf_weight=5020 7987 8409 5061 1414758 7833 9694 5246 5242 5452 5001 5039 6170 8311 7272 8961 30450 9399 8973
leaf_count=5020 7987 8409 5061 1414758 7833 9694 5246 5242 5452 5001 5039 6170 8311 7272 8961 30450 9399 8973
internal_value=3.88983e-06 0.000246818 0.000101457 9.68251e-07 -0.000131841 -7.83181e-07 0.000204344 6.06683e-05 4.95669e-06 0.000197488 5.51581e-05 0.000257155 2.12393e-06 0.000231079 -3.29429e-07 -0.00013775 3.48284e-06 -0.000347053
internal_weight=1.56428e+06 18490 13470 1.54579e+06 44975 28015 18321 13075 1.50081e+06 21662 16661 11209 1.47915e+06 15583 1.46357e+06 39411 1.42416e+06 16960
internal_count=1564278 18490 13470 1545788 44975 28015 18321 13075 1500813 21662 16661 11209 1479151 15583 1463568 39411 1424157 16960
is_linear=0
shrinkage=0.003


Tree=74
num_leaves=27
num_cat=0
split_feature=33 60 7 72 6 59 23 8 35 8 67 82 21 43 3 56 40 35 62 20 21 85 28 38 81 1
split_gain=206.313 151.791 117.212 142.38 114.31 160.726 143.554 137.458 125.306 214.895 133.76 124.119 169.933 155.588 112.076 106.483 99.7368 110.727 108.164 98.3304 121.434 86.9374 85.2073 80.0506 69.3894 45.1238
threshold=-1.2875976562499998 21.500000000000004 -0.0043201446533203116 0.32922363281250006 0.082611083984375014 0.20306396484375003 1.5209960937500002 0.23516845703125003 0.20312500000000003 -0.24945068359374997 -21.007812499999996 -0.082127243280410753 0.045059204101562507 -0.56469726562499989 0.32067871093750006 0.37268066406250006 0.39062500000000006 0.29687500000000006 -372.49999999999994 0.67187500000000011 0.086517333984375014 0.015160441398620607 -0.30126953124999994 -0.040481567382812493 -0.00092215021140873421 0.082427978515625014
decision_type=2 2 2 2 2 2 2 2 2 2 2 2 2 2 2 2 2 2 2 2 2 2 2 2 2 2
left_child=2 4 3 -1 7 11 15 8 9 -2 -10 12 -6 -13 24 -7 17 -4 22 20 -9 -19 -18 -24 -3 -5
right_child=1 14 16 25 5 6 -8 19 10 -11 -12 13 -14 -15 -16 -17 18 21 -20 -21 -22 -23 23 -25 -26 -27
leaf_value=-8.2532516588910851e-05 -0.00050345182008279803 0.00033574190945822961 -0.00026610150956540092 -0.00037822424974546051 0.00055704272576412263 9.9805923139647702e-05 0.00038603165206149958 -0.00020386448609449218 -1.9252286913647342e-05 0.00011727515774026499 0.00016437341156654047 1.7469392205428425e-05 4.117935752725086e-05 0.00068325007954262416 0.00064973185428114817 -2.131139883215447e-05 0.00022461991025535117 -4.2862569751850934e-05 -0.00051740668110549447 -0.00056831020849786571 0.00026215445457953125 0.00047830942446559603 6.7481895416086668e-05 -0.0004168182003318157 -0.00014451524842380896 -0.00076620389057448126
leaf_weight=9178 12081 5690 5278 5557 6431 80555 8831 33742 882101 8484 37109 5153 48060 8086 5109 343719 5555 5035 7100 5267 5823 6585 5167 7387 5005 5945
leaf_count=9178 12081 5690 5278 5557 6431 80555 8831 33742 882101 8484 37109 5153 48060 8086 5109 343719 5555 5035 7100 5267 5823 6585 5167 7387 5005 5945
internal_value=-9.93189e-06 -2.87986e-06 -0.000178274 -0.000362707 -6.00071e-06 3.08949e-05 9.62646e-06 -2.47694e-05 -1.70172e-05 -0.000248045 -1.18221e-05 0.000166683 0.00010297 0.000426183 0.000288647 1.7027e-06 -8.70493e-05 9.09698e-05 -0.000206266 -0.000186873 -0.00013479 0.000254044 -8.21058e-05 -0.000218531 0.000111736 -0.000583634
internal_weight=1.56403e+06 1.50125e+06 62787 20680 1.48544e+06 500835 433105 984607 939775 20565 919210 67730 54491 13239 15804 424274 42107 16898 25209 44832 39565 11620 18109 12554 10695 11502
internal_count=1564033 1501246 62787 20680 1485442 500835 433105 984607 939775 20565 919210 67730 54491 13239 15804 424274 42107 16898 25209 44832 39565 11620 18109 12554 10695 11502
is_linear=0
shrinkage=0.003


Tree=75
num_leaves=31
num_cat=0
split_feature=8 31 60 63 8 67 91 67 23 22 13 56 20 38 76 81 13 82 30 8 84 35 3 20 48 74 70 48 69 5
split_gain=148.366 156.759 140.229 133.684 147.973 147.231 125.938 136.211 152.815 119.085 118.415 141.688 116.28 203.638 142.515 132.454 110.478 119.924 109.837 96.4323 147.624 143.514 129.934 107.974 95.0392 88.4999 85.9189 163.397 85.6155 82.1081
threshold=1.1069335937500002 0.051971435546875007 21.500000000000004 -76.718749999999986 1.2412109375000002 -50.203124999999993 -2.0191307067871089 -90.281249999999986 -0.84790039062499989 -0.010791778564453123 0.41247558593750006 0.37976074218750006 0.32812500000000006 0.32263183593750006 0.020977020263671878 -0.013032685965299605 0.17346191406250003 -0.086069524288177476 0.48437500000000006 -0.28930664062499994 0.033120572566986091 0.26562500000000006 0.69580078125000011 0.35937500000000006 10.980468750000002 0.36926269531250006 0.15740966796875003 12.941406250000002 0.32800292968750006 0.42187500000000006
decision_type=2 2 2 2 2 2 2 2 2 2 2 2 2 2 2 2 2 2 2 2 2 2 2 2 2 2 2 2 2 2
left_child=1 19 6 4 18 28 16 9 -9 -8 11 -6 14 15 25 -14 17 -3 -2 22 26 -22 24 -23 -1 -7 27 -21 -5 -4
right_child=3 2 29 5 10 12 7 8 -10 -11 -12 -13 13 -15 -16 -17 -18 -19 -20 20 21 23 -24 -25 -26 -27 -28 -29 -30 -31
leaf_value=0.00012902776971604812 0.00043355500582460628 0.00030953292202773113 1.0460551516590148e-05 0.0007567980932567858 0.00012329308074232525 0.00077783325819601081 -0.00046429192098804416 8.3361280097854406e-05 -1.6147850669913277e-05 -5.0939305855582893e-05 0.00025129777286907672 -0.00041213185273652667 0.00023171134078477876 -0.00053994673787511509 -6.1357320479068809e-05 -0.0002500521570720695 0.00049514190119478985 -0.00026334568240603137 -0.00012270947620562542 0.00018771856164766479 -0.00027924922493934631 8.2220659222426412e-05 -0.00068401358737260446 0.00060750261984562947 -0.00033729466388788729 0.00023442351478413965 -0.00050290913291810193 -0.0004312584529709972 0.0002829507266546449 0.00047068239349572943
leaf_weight=6048 8457 7198 5747 5232 6230 5535 10720 157437 1173601 14993 5045 15123 20106 5078 5945 6796 8168 5889 5040 7954 6150 10629 5983 5196 10924 5410 7327 7244 10259 8798
leaf_count=6048 8457 7198 5747 5232 6230 5535 10720 157437 1173601 14993 5045 15123 20106 5078 5945 6796 8168 5889 5040 7954 6150 10629 5983 5196 10924 5410 7327 7244 10259 8798
internal_value=-8.94489e-07 -8.70481e-06 -1.85819e-06 0.000108385 -2.80362e-05 0.00019286 -4.96123e-06 -8.55859e-06 -4.3724e-06 -0.000224401 -0.000158522 -0.000256069 0.000111611 5.04225e-06 0.000312175 0.000109533 0.00022363 5.1702e-05 0.000226462 -0.000149836 -6.80765e-05 0.000106644 -0.000307349 0.000257424 -0.000171337 0.000513786 -0.000238249 -0.000108202 0.000446818 0.000290153
internal_weight=1.56426e+06 1.46001e+06 1.39255e+06 104256 39895 64361 1.37801e+06 1.35675e+06 1.33104e+06 25713 26398 21353 48870 31980 16890 26902 21255 13087 13497 67455 44500 21975 22955 15825 16972 10945 22525 15198 15491 14545
internal_count=1564262 1460006 1392551 104256 39895 64361 1378006 1356751 1331038 25713 26398 21353 48870 31980 16890 26902 21255 13087 13497 67455 44500 21975 22955 15825 16972 10945 22525 15198 15491 14545
is_linear=0
shrinkage=0.003


Tree=76
num_leaves=30
num_cat=0
split_feature=1 33 33 31 47 26 38 15 42 1 76 86 12 6 10 22 85 80 43 85 86 80 8 10 41 43 41 5 76
split_gain=154.589 154.644 130.605 181.459 119.953 109.129 114.896 174.708 104.507 195.973 169.952 129.251 145.536 171.189 153.586 116.802 111.823 127.178 100.029 100.817 97.8519 93.8442 79.8966 75.4594 117.416 195.037 65.7225 60.0201 59.1154
threshold=0.10610961914062501 0.65209960937500011 -1.3242187499999998 0.044799804687500007 0.26037597656250006 0.083465576171875014 0.13726806640625003 0.32812500000000006 0.017021179199218753 0.063934326171875014 0.024173736572265628 0.0024744495749473576 0.016235351562500003 0.094940185546875014 0.20312500000000003 0.017997741699218753 0.01744162663817406 1.0000000180025095e-35 0.61035156250000011 0.012694466859102251 0.0022440589964389805 -0.1538077890872955 -0.10916137695312499 0.29687500000000006 0.075958251953125014 0.66821289062500011 0.096954345703125014 0.32812500000000006 0.020908355712890628
decision_type=2 2 2 2 2 2 2 2 2 2 2 2 2 2 2 2 2 2 2 2 2 2 2 2 2 2 2 2 2
left_child=2 5 3 23 18 6 7 -2 11 15 21 16 14 -14 -13 26 20 -18 19 -5 -4 -11 -9 -1 -25 -26 -10 -7 -8
right_child=1 -3 8 4 -6 27 28 22 9 10 -12 12 13 -15 -16 -17 17 -19 -20 -21 -22 -23 -24 24 25 -27 -28 -29 -30
leaf_value=0.00029509653267702067 0.00036493220236710695 0.00021816247335250537 0.00013235811219315267 -9.0616798016213495e-05 9.4771902052062391e-05 -0.00027781737991767173 -0.00017723856851147282 -0.00050322892234005317 -0.00037807312287240988 -0.00012605325918624242 -0.00050842398636841103 -0.00031372950730262634 -0.00010735834668419296 0.00025558882039415724 3.0874986545534036e-05 -0.00061237611706683949 -0.00022896390355093237 0.00031805486956718845 -0.00074328801494147909 -0.0005902699203131867 0.0004306393402706043 7.2916181236277374e-05 2.6227728471110834e-05 0.00022394022144730936 -0.0005858816569687715 0.00019311685694329956 -9.2727178308607986e-05 -0.00072525505151694626 -0.0006160537872835775
leaf_weight=7308 7240 7855 70560 9569 5187 5923 6267 5084 9635 27441 5455 11673 130546 12751 1035167 5996 13923 5164 5870 5805 11457 94605 5059 7736 6600 5022 29050 5195 5013
leaf_count=7308 7240 7855 70560 9569 5187 5923 6267 5084 9635 27441 5455 11673 130546 12751 1035167 5996 13923 5164 5870 5805 11457 94605 5059 7736 6600 5022 29050 5195 5013
internal_value=3.62477e-06 -0.000164472 8.91541e-06 -0.000137103 -0.00031277 -0.000240383 -0.000141612 1.17355e-05 1.42224e-05 -5.51827e-05 4.77738e-06 2.34808e-05 1.47273e-05 -7.49065e-05 2.70028e-05 -0.000225912 0.000126406 -8.00813e-05 -0.000412254 -0.000281874 0.000174499 2.8113e-05 -0.000241475 3.7533e-05 -6.07188e-05 -0.000250492 -0.000164588 -0.000491489 -0.000375954
internal_weight=1.56416e+06 47636 1.51652e+06 53097 26431 39781 28663 17383 1.46342e+06 172182 127501 1.29124e+06 1.19014e+06 143297 1.04684e+06 44681 101104 19087 21244 15374 82017 122046 10143 26666 19358 11622 38685 11118 11280
internal_count=1564156 47636 1516520 53097 26431 39781 28663 17383 1463423 172182 127501 1291241 1190137 143297 1046840 44681 101104 19087 21244 15374 82017 122046 10143 26666 19358 11622 38685 11118 11280
is_linear=0
shrinkage=0.003


Tree=77
num_leaves=31
num_cat=0
split_feature=43 82 3 5 71 23 38 36 80 50 43 65 57 7 45 56 60 13 6 2 62 89 82 55 67 16 32 57 69 1
split_gain=105.769 107.167 139.301 160.086 222.491 187.714 190.886 174.094 164.196 162.797 127.104 126.638 122.541 107.193 188.974 237.715 202.22 128.507 119.974 131.327 102.092 98.8361 96.9708 99.0041 96.6928 129.059 128.134 88.3834 82.1226 78.4293
threshold=1.5151367187500002 -0.10314396023750304 -0.79223632812499989 0.39062500000000006 1.9467773437500002 0.65209960937500011 -0.31799316406249994 0.095855712890625014 -0.07375743985176085 0.26806640625000006 -0.54516601562499989 0.069000244140625014 0.56860351562500011 0.0073585510253906259 2.6406250000000004 0.37145996093750006 15.500000000000002 -0.42443847656249994 0.079498291015625014 -0.0089111328124999983 -154.49999999999997 0.00085695623420178901 -0.19614017009735105 0.30358886718750006 -76.406249999999986 0.063934326171875014 -0.010379791259765623 0.54956054687500011 0.31481933593750006 0.054885864257812507
decision_type=2 2 2 2 2 2 2 2 2 2 2 2 2 2 2 2 2 2 2 2 2 2 2 2 2 2 2 2 2 2
left_child=1 2 10 4 7 8 -7 -4 -5 -6 12 20 -1 18 15 17 -17 -15 24 29 -12 -2 -23 -24 25 -3 -26 -21 -13 -20
right_child=21 13 3 5 9 6 -8 -9 -10 -11 11 28 -14 14 -16 16 -18 -19 19 27 -22 22 23 -25 26 -27 -28 -29 -30 -31
leaf_value=0.00045587375456582332 -0.00048511587443206733 0.00019241364244632758 -9.825816556359526e-06 5.0069165601282183e-05 -0.00024935885023697461 -0.00013553514613793617 0.0004014297192891749 -0.0002343151283728812 0.0002863136596012631 0.00016791377819009773 -0.00011915300484143177 0.00023676867743254115 -0.00012902884609217248 0.00072513642821393158 -0.00046379487403735037 5.6839927493518859e-05 -0.00026523854923645449 0.00015978008544552649 -0.00026230256782966302 -0.00020993968103670411 -0.00045770690277574381 0.00019358977010481041 -0.00034970449185377071 0.00010921507468461617 9.2145141889122555e-05 -0.00031539227244765174 -3.1939008113503e-05 0.00018572749052644759 -0.00011377219033417979 0.00014010435156113735
leaf_weight=7687 6608 5821 157517 264257 9289 7337 30659 38640 29337 81852 62688 13972 5440 6712 6433 202381 19110 7876 5382 77260 9120 8169 12503 6310 96919 18989 328409 5363 10424 21229
leaf_count=7687 6608 5821 157517 264257 9289 7337 30659 38640 29337 81852 62688 13972 5440 6712 6433 202381 19110 7876 5382 77260 9120 8169 12503 6310 96919 18989 328409 5363 10424 21229
internal_value=7.15773e-06 1.08181e-05 3.71618e-05 5.46012e-05 2.76117e-06 9.95024e-05 0.000297659 -5.41437e-05 7.3765e-05 0.000125159 -6.15173e-05 -9.93413e-05 0.00021434 -1.31072e-05 3.95604e-05 5.34671e-05 2.89442e-05 0.000423069 -3.59439e-05 -0.000125084 -0.000162728 -0.000159116 -7.77809e-05 -0.000196016 -1.42895e-05 -0.000195955 -3.64908e-06 -0.000184064 8.71355e-05 5.80414e-05
internal_weight=1.56369e+06 1.5301e+06 728219 618888 287298 331590 37996 196157 293594 91141 109331 96204 13127 801884 242512 236079 221491 14588 559372 109234 71808 33590 26982 18813 450138 24810 425328 82623 24396 26611
internal_count=1563693 1530103 728219 618888 287298 331590 37996 196157 293594 91141 109331 96204 13127 801884 242512 236079 221491 14588 559372 109234 71808 33590 26982 18813 450138 24810 425328 82623 24396 26611
is_linear=0
shrinkage=0.003


Tree=78
num_leaves=29
num_cat=0
split_feature=33 71 62 84 56 17 1 26 61 48 31 16 31 59 72 31 76 78 21 23 78 21 11 56 28 46 56 8
split_gain=144.691 133.616 163.439 161.288 124.35 163.495 129.378 177.376 123.682 118.237 114.742 111.761 109.926 178.087 133.073 113.263 163.788 106.733 116.104 97.475 92.8773 88.1517 84.0121 80.1684 77.1666 74.5491 68.0981 52.4066
threshold=-1.3242187499999998 2.0029296875000004 -12.499999999999998 0.031704105436801917 0.33605957031250006 0.00077199935913085948 0.10671997070312501 0.072479248046875014 6.0683593750000009 14.378906250000002 0.046173095703125007 0.084136962890625014 0.096588134765625014 0.25817871093750006 0.33996582031250006 0.085845947265625014 0.018482208251953128 0.69599533081054699 0.073120117187500014 -0.22100830078124997 0.68391484022140514 0.092742919921875014 0.068237304687500014 0.37756347656250006 0.26721191406250006 0.32531738281250006 0.39709472656250006 0.17822265625000003
decision_type=2 2 2 2 2 2 2 2 2 2 2 2 2 2 2 2 2 2 2 2 2 2 2 2 2 2 2 2
left_child=10 2 4 -4 5 9 8 -8 -6 -2 17 -7 13 15 22 16 -3 18 -1 -17 -12 -15 -14 -19 27 26 -22 -20
right_child=1 12 3 -5 6 11 7 -9 -10 -11 20 -13 14 21 -16 19 -18 23 24 -21 25 -23 -24 -25 -26 -27 -28 -29
leaf_value=-0.00055376637791480483 -0.00015556132385462877 -0.00014146385245110459 4.6212473118476861e-05 0.00075118118608323808 8.2386091906615843e-06 0.00049399047935107948 3.8314080684941136e-05 -0.00041769325526669321 0.00026262249616467787 -0.00061447255348158112 3.7029791803765431e-05 -0.00010161826904307639 0.00020130525469096879 -0.00048706947149172405 -2.8447831554997461e-05 -0.00038260328555791572 0.0002855385619706451 -4.2766973369881506e-05 -9.4982831549653523e-05 0.00016119353720572144 -0.0008034028634066714 -2.9904790834528239e-05 0.00068396187977267774 0.00042643140773872853 -0.00033006119704355019 -0.00016282082396538433 -0.00031233567358332704 0.00033218958202702059
leaf_weight=5113 41101 10032 6706 5094 1292052 5442 15622 14966 17334 5687 5310 5748 5659 6372 6784 6170 40456 6893 5166 5550 5453 9215 7886 6120 5174 6601 5065 5005
leaf_count=5113 41101 10032 6706 5094 1292052 5442 15622 14966 17334 5687 5310 5748 5659 6372 6784 6170 40456 6893 5166 5550 5453 9215 7886 6120 5174 6601 5065 5005
internal_value=6.0987e-06 1.16589e-05 4.2046e-06 0.000354299 1.22435e-06 -0.000134678 7.11416e-06 -0.000185434 1.1626e-05 -0.000212533 -0.000143639 0.000189852 0.000118642 6.71151e-05 0.000314533 0.000138968 0.000200581 -3.21273e-05 -0.000166936 -0.000125903 -0.000309168 -0.000218708 0.000485265 0.000179466 -3.52926e-05 -0.000416143 -0.000572095 0.00011641
internal_weight=1.56378e+06 1.50788e+06 1.40975e+06 11800 1.39795e+06 57978 1.33997e+06 30588 1.30939e+06 46788 55900 11190 98124 77795 20329 62208 50488 33471 20458 11720 22429 15587 13545 13013 15345 17119 10518 10171
internal_count=1563776 1507876 1409752 11800 1397952 57978 1339974 30588 1309386 46788 55900 11190 98124 77795 20329 62208 50488 33471 20458 11720 22429 15587 13545 13013 15345 17119 10518 10171
is_linear=0
shrinkage=0.003


Tree=79
num_leaves=27
num_cat=0
split_feature=41 80 1 36 84 76 38 32 41 13 32 76 21 16 75 62 23 76 90 16 67 0 13 78 15 41
split_gain=142.581 148.417 149.291 174.275 147.936 202.324 138.676 169.743 195.357 149.974 127.017 125.328 133.675 121.823 119.631 163.319 126.92 116.787 140.826 108.974 106.863 146.231 126.04 93.9619 92.5848 72.9116
threshold=0.093078613281250014 -0.12749540805816648 0.10610961914062501 0.085754394531250014 0.033863574266433723 0.020664215087890628 -1.3583984374999998 -1.0000000180025095e-35 0.075592041015625014 0.58959960937500011 0.0049114227294921884 0.016330718994140628 0.095611572265625014 0.072967529296875014 -0.026008605957031247 -72.499999999999986 -1.4423828124999998 0.024173736572265628 -0.048478901386260979 0.076141357421875014 -50.703124999999993 0.23437500000000003 1.0239257812500002 0.67734745144844066 0.45312500000000006 0.078704833984375014
decision_type=2 2 2 2 2 2 2 2 2 2 2 2 2 2 2 2 2 2 2 2 2 2 2 2 2 2
left_child=1 4 6 10 20 -6 7 8 -3 -9 13 -8 -13 -4 15 16 -2 18 -18 -16 23 -22 -23 -1 -25 -7
right_child=14 2 3 -5 5 25 11 9 -10 -11 -12 12 -14 -15 19 -17 17 -19 -20 -21 21 22 -24 24 -26 -27
leaf_value=-0.00030495461089521752 0.0003452562959122068 0.00032373711043849293 4.7610959467776198e-05 -0.00067946941147174213 0.00080863657412312908 -0.00011814219204858802 -0.00043355040329735026 0.00020833529424572078 -0.00033504810197448854 0.00077764618455650777 0.00026088065652356019 -6.4108375069259696e-06 0.00010776418121054339 -0.00043774259092133251 -0.00053824733182738062 0.00041059336714622228 -0.00014293776179714093 -0.00046251912401016693 3.1916264752100618e-05 -6.7689243883345805e-05 -0.00020929651708420904 0.00014927545357151963 0.00061600624765964398 -2.6501532771979426e-05 0.00025920971763720372 0.00035757620722536525
leaf_weight=8710 6446 7179 8354 5558 5814 5642 5820 15414 9038 5669 6539 1000508 101566 10359 8870 6643 92302 6813 75130 8815 9489 70213 5542 58074 12281 5785
leaf_count=8710 6446 7179 8354 5558 5814 5642 5820 15414 9038 5669 6539 1000508 101566 10359 8870 6643 92302 6813 75130 8815 9489 70213 5542 58074 12281 5785
internal_value=3.48524e-06 1.46232e-05 2.29526e-06 -0.000203439 9.44329e-05 0.000358009 7.84756e-06 0.000187518 -4.32179e-05 0.000364366 -9.63971e-05 1.78214e-06 4.12024e-06 -0.000221966 -7.02369e-05 -4.78856e-05 -6.49591e-05 -8.03239e-05 -6.45051e-05 -0.000305399 6.65748e-05 0.000140192 0.000184187 -1.28728e-05 2.36687e-05 0.000123706
internal_weight=1.56257e+06 1.35755e+06 1.176e+06 30810 181550 17241 1.14519e+06 37300 16217 21083 25252 1.10789e+06 1.10207e+06 18713 205019 187334 180691 174245 167432 17685 164309 85244 75755 79065 70355 11427
internal_count=1562573 1357554 1176004 30810 181550 17241 1145194 37300 16217 21083 25252 1107894 1102074 18713 205019 187334 180691 174245 167432 17685 164309 85244 75755 79065 70355 11427
is_linear=0
shrinkage=0.003


Tree=80
num_leaves=31
num_cat=0
split_feature=1 33 78 17 13 8 11 76 75 58 17 62 3 61 76 11 5 75 21 58 38 13 37 33 33 75 41 59 47 77
split_gain=118.144 128.668 142.5 205.326 149.645 97.0489 128.85 148.21 130.39 153.337 133.684 119.963 106.719 211.421 210.573 134.241 131.389 138.54 154.29 121.792 217.323 112.585 111.169 115.774 109.723 106.612 94.9434 67.7084 59.8745 37.2293
threshold=0.10610961914062501 0.58837890625000011 0.70061644911766063 -0.0040264129638671866 0.32666015625000006 1.1069335937500002 0.087615966796875014 0.020359039306640628 -0.035171508789062493 2.1240234375000004 -0.011386871337890623 -410.49999999999994 -0.83496093749999989 1.5175781250000002 0.021915435791015628 0.063385009765625014 0.70312500000000011 -0.045700073242187493 0.074615478515625014 2.1083984375000004 -0.52172851562499989 -0.16937255859374997 0.043807983398437507 -1.3242187499999998 1.3139648437500002 -0.050857543945312493 0.073883056640625014 0.22308349609375003 0.21795654296875003 0.41301678121089941
decision_type=2 2 2 2 2 2 2 2 2 2 2 2 2 2 2 2 2 2 2 2 2 2 2 2 2 2 2 2 2 2
left_child=5 2 3 27 28 12 8 25 9 10 -7 -11 13 19 21 -16 22 26 -19 20 -1 -15 23 -14 -21 -8 -18 -2 -5 -4
right_child=1 -3 29 4 -6 6 7 -9 -10 11 -12 -13 16 14 15 -17 17 18 -20 24 -22 -23 -24 -25 -26 -27 -28 -29 -30 -31
leaf_value=-0.00037671023977649715 0.00048301881943027883 0.00018427037131056056 -0.00033671311633357655 0.00010906506438373975 -0.00071420099131370854 -0.00042136291280042872 0.00040640180557010349 0.00070391840902455337 0.0004484725860071529 0.00055553582001412682 -8.7046324916087294e-06 6.6202231077611921e-05 -0.00013980013371208484 0.00059556482473252623 0.00028032831810178974 -0.00022930030683975558 -0.00065629059524527225 0.00034916546212785521 -0.00025594945442755955 -0.00018076597365982282 6.2070347029455838e-05 0.00015970787407115612 0.00045859424968754944 2.0773672377873579e-05 -0.00062253006256144977 -0.00011148657892417596 -0.00018420440427487943 -5.8737743832497675e-06 -0.00032113070728876031 -0.00068320896272784887
leaf_weight=12822 5064 8731 6983 5807 5220 10711 6915 5990 6508 5017 20406 38307 41778 7148 6061 18961 6323 7027 8006 64262 47424 20670 5010 1154683 5420 7232 9802 5031 5665 5064
leaf_count=12822 5064 8731 6983 5807 5220 10711 6915 5990 6508 5017 20406 38307 41778 7148 6061 18961 6323 7027 8006 64262 47424 20670 5010 1154683 5420 7232 9802 5031 5665 5064
internal_value=3.81093e-06 -0.000143254 -0.000217175 -9.45606e-05 -0.000298155 8.4328e-06 9.81886e-05 0.000312317 4.46022e-05 8.73954e-06 -0.000151643 0.000124017 2.01606e-06 -6.56137e-05 9.42614e-05 -0.00010523 1.20484e-05 -0.000179972 2.73426e-05 -0.000130655 -3.17837e-05 0.000273436 1.70426e-05 1.51555e-05 -0.00021597 0.000142731 -0.000372225 0.000241704 -0.00010431 -0.000486789
internal_weight=1.56405e+06 47565 38834 26787 16692 1.51648e+06 101086 20137 80949 74441 31117 43324 1.4154e+06 182768 52840 25022 1.23263e+06 31158 15033 129928 60246 27818 1.20147e+06 1.19646e+06 69682 14147 16125 10095 11472 12047
internal_count=1564048 47565 38834 26787 16692 1516483 101086 20137 80949 74441 31117 43324 1415397 182768 52840 25022 1232629 31158 15033 129928 60246 27818 1201471 1196461 69682 14147 16125 10095 11472 12047
is_linear=0
shrinkage=0.003


Tree=81
num_leaves=24
num_cat=0
split_feature=41 42 23 80 1 58 38 22 82 72 41 41 75 89 41 48 69 89 28 83 13 75 78
split_gain=207.787 98.4179 247.066 177.381 137.398 135.29 131.882 127.661 127.437 149.858 208.415 138.283 118.02 114.624 114.472 113.244 139.182 96.2086 173.515 89.9484 83.3568 140.16 66.1573
threshold=0.041900634765625007 0.011192321777343752 -1.3896484374999998 -0.12749540805816648 0.065582275390625014 2.0263671875000004 -1.0844726562499998 0.017997741699218753 -0.12874606251716611 0.32946777343750006 0.048812866210937507 0.086883544921875014 -0.048049926757812493 0.0012483168393373492 0.088653564453125014 7.5253906250000009 0.33215332031250006 0.0016944590024650099 0.82275390625000011 -0.07139201462268828 -0.30126953124999994 -0.034805297851562493 0.68666294217109691
decision_type=2 2 2 2 2 2 2 2 2 2 2 2 2 2 2 2 2 2 2 2 2 2 2
left_child=20 3 13 5 7 -2 12 19 17 10 -10 -11 -6 -3 -8 -7 -17 18 -5 -4 -1 -22 -9
right_child=1 2 4 8 6 15 14 22 9 11 -12 -13 -14 -15 -16 16 -18 -19 -20 -21 21 -23 -24
leaf_value=0.00063129753908898033 -0.00036851994616737149 0.00012040136551950126 0.0001152249451947218 -9.6518295373946019e-05 -0.00055007398316903489 0.00050593518060085187 -0.00030302680971025861 -0.00023822910584435033 -0.00050682970857746719 -2.3041497813347651e-05 7.4155493320210268e-05 0.0002842632035591063 -9.0596329618830966e-05 0.00069297391094123699 1.5769871858758723e-05 0.00019083294762977889 7.0087386544244543e-07 -0.00048256552832782285 0.00029344308129321327 -0.00016448776423064551 -5.9283251516053605e-05 0.00057241403512811552 -0.0006992055851694764
leaf_weight=5385 5059 7580 12349 133893 7335 6644 10570 6114 5555 564380 324717 13394 15721 5345 202884 79127 61588 5089 11025 61804 8030 5096 5336
leaf_count=5385 5059 7580 12349 133893 7335 6644 10570 6114 5555 564380 324717 13394 15721 5345 202884 79127 61588 5089 11025 61804 8030 5096 5336
internal_value=4.87137e-06 1.07689e-06 -4.44197e-05 1.36722e-05 -6.07817e-05 0.000109319 -2.34791e-05 -0.000163696 -1.15322e-07 1.3269e-05 6.42332e-05 -1.58696e-05 -0.000238518 0.000360685 -1.51083e-07 0.000125963 0.000107676 -8.10905e-05 -6.66691e-05 -0.000117814 0.00031997 0.000188439 -0.00045725
internal_weight=1.56402e+06 1.54551e+06 335038 1.21047e+06 322113 152418 236510 85603 1.05805e+06 908046 330272 577774 23056 12925 213454 147359 140715 150007 144918 74153 18511 13126 11450
internal_count=1564020 1545509 335038 1210471 322113 152418 236510 85603 1058053 908046 330272 577774 23056 12925 213454 147359 140715 150007 144918 74153 18511 13126 11450
is_linear=0
shrinkage=0.003


Tree=82
num_leaves=24
num_cat=0
split_feature=32 13 80 91 6 67 65 21 3 60 3 20 84 43 11 5 13 40 80 33 62 89 28
split_gain=124.832 100.603 123.645 95.6171 171.718 113.763 165.295 155.623 105.517 97.9205 104.621 95.1264 160.009 98.1148 85.5367 141.213 111.234 154.518 162.893 125.102 96.4827 80.9278 118.44
threshold=-0.024192810058593747 0.51000976562500011 -0.024002172052860257 -2.0191307067871089 0.071563720703125014 -91.718749999999986 0.048843383789062507 0.064361572265625014 -0.46911621093749994 21.500000000000004 -0.070220947265624986 0.73437500000000011 0.019878767430782322 -1.2832031249999998 0.081115722656250014 0.35937500000000006 -0.38879394531249994 0.45312500000000006 -0.052513957023620599 -1.3583984374999998 -382.49999999999994 0.001396159175783396 -0.57592773437499989
decision_type=2 2 2 2 2 2 2 2 2 2 2 2 2 2 2 2 2 2 2 2 2 2 2
left_child=1 14 21 4 -2 6 -5 -8 -6 11 -11 13 -13 -7 16 -16 17 18 -1 20 -18 22 -3
right_child=3 2 -4 5 8 9 7 -9 -10 10 -12 12 -14 -15 15 -17 19 -19 -20 -21 -22 -23 -24
leaf_value=-0.00010703961744273164 0.00051587321735848063 -0.00056642443249593896 4.7936930113876187e-05 -0.00063966420996197572 -0.00033126822082861366 -0.00010746546160417536 -0.00038366609969647678 0.00020583929708253897 0.00024622707449204975 -1.0106049821433282e-05 0.00049344236904743483 6.5356135253700237e-05 0.00061328275371978053 1.9735280968146837e-05 -0.00017782521096033245 0.00046913552546608799 -0.00015408621495508441 -0.00032927487573305167 0.00050430016946463596 2.8443850960462907e-05 -0.00065585110815419181 -0.00069605640408679334 2.3413919586024872e-05
leaf_weight=7193 9523 5707 8302 5544 5357 56794 6885 9431 5856 6865 7979 20176 6205 1339939 5239 6988 6784 6278 8451 9806 7088 5468 6470
leaf_count=7193 9523 5707 8302 5544 5357 56794 6885 9431 5856 6865 7979 20176 6205 1339939 5239 6988 6784 6278 8451 9806 7088 5468 6470
internal_value=1.3705e-05 -9.88883e-05 -0.000253706 2.00821e-05 0.000221878 1.72007e-05 -0.0001971 -4.37411e-05 -3.01602e-05 2.0472e-05 0.000262054 1.79339e-05 0.000196062 1.45557e-05 -2.91036e-05 0.000192733 -8.88776e-05 6.50039e-05 0.000224316 -0.000231021 -0.000413326 -0.000395099 -0.000255388
internal_weight=1.56433e+06 83774 25947 1.48055e+06 20736 1.45982e+06 21860 16316 11213 1.43796e+06 14844 1.42311e+06 26381 1.39673e+06 57827 12227 45600 21922 15644 23678 13872 17645 12177
internal_count=1564328 83774 25947 1480554 20736 1459818 21860 16316 11213 1437958 14844 1423114 26381 1396733 57827 12227 45600 21922 15644 23678 13872 17645 12177
is_linear=0
shrinkage=0.003


Tree=83
num_leaves=31
num_cat=0
split_feature=67 16 56 26 21 63 69 7 81 41 21 7 70 3 31 22 67 46 73 46 90 69 78 7 76 26 87 60 69 89
split_gain=124.161 170.277 161.957 159.528 150.095 123.827 150.738 117.092 115.814 106.581 127.226 144.58 207.568 163.029 156.361 163.243 155.797 147.146 121.879 150.103 156.149 146.18 128.192 120.599 216.379 145.292 220.631 120.152 97.954 91.8688
threshold=-36.640624999999993 0.10604858398437501 0.36120605468750006 0.045959472656250007 0.070709228515625014 -33.734374999999993 0.39709472656250006 0.026046752929687503 -0.039624184370040887 0.091400146484375014 0.095611572265625014 -0.0053596496582031241 0.21057128906250003 -0.24237060546874997 0.078643798828125014 0.034805297851562507 -43.609374999999993 0.29016113281250006 0.30944824218750006 0.28088378906250006 0.017843920737504963 0.18096923828125003 0.71538671851158153 -0.024887084960937497 0.022190093994140628 0.055892944335937507 0.0033326186239719395 20.500000000000004 0.30993652343750006 0.0010253756772726776
decision_type=2 2 2 2 2 2 2 2 2 2 2 2 2 2 2 2 2 2 2 2 2 2 2 2 2 2 2 2 2 2
left_child=9 2 4 -4 28 -3 -7 8 -5 10 18 12 17 -14 15 -13 -16 -12 19 20 -1 -20 -21 24 -11 26 -25 -23 -2 -27
right_child=1 5 3 7 -6 6 -8 -9 -10 23 11 14 13 -15 16 -17 -18 -19 21 22 -22 27 -24 25 -26 29 -28 -29 -30 -31
leaf_value=2.3073094713405566e-05 0.00082607636611218703 0.00071695992324194847 0.00051266801488888383 0.00010441214768933639 1.4365679096191826e-05 -4.9131487481007757e-05 0.00057381078087931988 0.00023167858194776873 -6.1603360936508057e-05 0.00041007831765730229 0.00085198066171223883 -8.8156403574279173e-06 0.00027743985021328144 -0.00034986982235977473 0.00058346472666505225 -0.00055940307710427878 -8.7676094213860501e-05 0.00028640897382976866 0.00045931825711682404 2.3989426086287784e-05 0.00046361673454653414 -5.689050398270494e-05 -0.00015873434508429949 -0.00049886170770252426 -0.00033422082119766893 7.0881563170054523e-05 0.00012561320337521414 0.0003895941453752658 0.00025783059169586024 -9.3816264940790414e-05
leaf_weight=15227 5229 5322 5606 51409 9279 9281 5495 18504 142204 11244 5036 36806 7093 7644 7211 5482 5381 22591 5016 502837 13726 407498 37005 16491 5006 38700 7297 5399 5874 142348
leaf_count=15227 5229 5322 5606 51409 9279 9281 5495 18504 142204 11244 5036 36806 7093 7644 7211 5482 5381 22591 5016 502837 13726 407498 37005 16491 5006 38700 7297 5399 5874 142348
internal_value=4.02111e-06 6.41158e-05 4.16631e-05 1.7662e-05 0.000296708 0.000328593 0.000184833 4.34418e-06 -1.7491e-05 -7.87267e-06 4.37328e-06 0.000107846 0.000239283 -4.81072e-05 6.1335e-06 -8.13423e-05 0.000298232 0.000392205 -5.83423e-06 2.2744e-05 0.000232802 -4.47264e-05 1.1437e-05 -6.78876e-05 0.000180147 -8.76429e-05 -0.000307579 -5.09594e-05 0.000530433 -5.85915e-05
internal_weight=1.56324e+06 258203 238105 217723 20382 20098 14776 212117 193613 1.30504e+06 1.08395e+06 97244 42364 14737 54880 42288 12592 27627 986708 568795 28953 417913 539842 221086 16250 204836 23788 412897 11103 181048
internal_count=1563241 258203 238105 217723 20382 20098 14776 212117 193613 1305038 1083952 97244 42364 14737 54880 42288 12592 27627 986708 568795 28953 417913 539842 221086 16250 204836 23788 412897 11103 181048
is_linear=0
shrinkage=0.003


Tree=84
num_leaves=31
num_cat=0
split_feature=33 42 21 83 62 79 60 35 43 76 13 21 74 6 59 1 74 43 84 32 61 76 43 16 71 62 75 72 84 81
split_gain=164.713 152.431 124.808 156.629 136.622 133.381 187.284 132.646 170.089 125.09 147.034 118.94 115.501 248.466 157.84 144.954 119.66 113.521 112.572 107.257 161.482 80.0041 73.7679 132.293 88.2337 216.901 80.3667 163.359 67.6474 82.014
threshold=-1.3242187499999998 0.017021179199218753 0.095611572265625014 -0.048871189355850213 -18.499999999999996 0.30953837931156164 21.500000000000004 0.54687500000000011 -0.18640136718749997 0.017932891845703128 -1.0844726562499998 0.10275268554687501 0.32922363281250006 0.051330566406250007 0.22052001953125003 0.080230712890625014 0.33142089843750006 -0.77734374999999989 0.017867043614387516 0.019058227539062503 -0.93334960937499989 0.023044586181640628 -0.023544311523437497 0.070220947265625014 1.9194335937500002 -382.49999999999994 -0.054306030273437493 0.32849121093750006 0.0353463962674141 -0.011142369359731672
decision_type=2 2 2 2 2 2 2 2 2 2 2 2 2 2 2 2 2 2 2 2 2 2 2 2 2 2 2 2 2 2
left_child=22 2 4 7 5 18 -7 -4 -9 17 -11 12 14 -14 21 -16 -15 -5 -2 -6 -21 -3 23 -1 25 26 -24 -28 29 -25
right_child=1 11 3 9 19 6 -8 8 -10 10 -12 -13 13 16 15 -17 -18 -19 -20 20 -22 -23 24 28 -26 -27 27 -29 -30 -31
leaf_value=0.00035882874174722267 0.00025091095826895726 -0.00010644588833639308 0.00064443791881647135 0.00018035904745932526 -9.6874514876139195e-05 -3.7026023669394299e-05 0.00051236416687045177 0.00055870362644071703 -0.00013806880199713787 -0.00023518366956787153 0.00016384491905152129 -0.00043617446329416383 0.00059490912330632719 0.00036480642340610533 -0.00019717584603244878 -0.00069055101250619657 -6.4105987511148006e-05 -0.00022621861873582222 2.5339588022357307e-05 8.4918148529071077e-06 0.0006033180096952749 0.0003611007735936968 0.00019367710009290828 -0.00028351304890918589 8.0326779928064585e-05 -0.00065432213600449211 0.00011199418660293001 -0.00061496921250007097 -0.00044437378508375123 0.00021042332522972393
leaf_weight=5803 20491 8037 7964 8656 6339 541356 5543 5290 7525 9270 74138 7808 5686 6077 25438 6743 112212 20994 605230 6972 9908 5443 5369 5933 5910 10641 5528 5448 5181 5971
leaf_count=5803 20491 8037 7964 8656 6339 541356 5543 5290 7525 9270 74138 7808 5686 6077 25438 6743 112212 20994 605230 6972 9908 5443 5369 5933 5910 10641 5528 5448 5181 5971
internal_value=1.51812e-07 6.08169e-06 1.71048e-05 0.000103949 7.3774e-06 2.85544e-06 -3.13651e-05 0.000342707 0.000151656 5.98033e-05 0.000119268 -7.64829e-05 -5.96798e-05 -1.21243e-05 -0.00018849 -0.000302373 -4.17814e-05 -0.000107315 3.27655e-05 0.000234756 0.000359132 8.36106e-05 -0.00015978 -2.8777e-05 -0.000250565 -0.00032306 -0.000104732 -0.000251133 -0.000161751 -3.60675e-05
internal_weight=1.5629e+06 1.50712e+06 1.32968e+06 133837 1.19584e+06 1.17262e+06 546899 20779 12815 113058 83408 177444 169636 123975 45661 32181 118289 29650 625721 23219 16880 13480 55784 22888 32896 26986 16345 10976 17085 11904
internal_count=1562904 1507120 1329676 133837 1195839 1172620 546899 20779 12815 113058 83408 177444 169636 123975 45661 32181 118289 29650 625721 23219 16880 13480 55784 22888 32896 26986 16345 10976 17085 11904
is_linear=0
shrinkage=0.003


Tree=85
num_leaves=26
num_cat=0
split_feature=60 31 3 8 41 83 7 74 22 46 30 6 41 38 40 80 23 80 42 61 89 27 35 89 58
split_gain=173.078 189.489 146.416 146 128.931 126.72 142.864 227.893 120.395 119.936 112.46 143.571 128.445 109.573 103.754 172.915 177.964 101.93 184.108 93.5529 152.136 149.565 92.6893 73.5556 88.9653
threshold=21.500000000000004 0.059722900390625007 -0.055511474609374993 1.1069335937500002 0.093078613281250014 -0.10356026887893675 -0.024887084960937497 0.32434082031250006 0.022888183593750003 0.31384277343750006 0.48437500000000006 0.10104370117187501 0.078399658203125014 0.12976074218750003 0.70312500000000011 -0.054250486195087426 -0.052520751953124993 -0.090425908565521226 -0.0017566680908203123 -0.74731445312499989 0.0012483168393373492 -0.011661529541015623 0.45312500000000006 0.0012260419316589834 2.0927734375000004
decision_type=2 2 2 2 2 2 2 2 2 2 2 2 2 2 2 2 2 2 2 2 2 2 2 2 2
left_child=3 -2 -3 4 14 -6 7 -7 -8 10 11 -5 13 -12 19 16 -16 18 -11 21 -21 -1 -13 -19 -25
right_child=1 2 -4 9 5 6 8 -9 -10 17 12 22 -14 -15 15 -17 -18 23 -20 20 -22 -23 -24 24 -26
leaf_value=-1.6985383100594011e-05 -0.00014668581287751592 0.00015680878340673587 0.00080434151389288189 0.00068095287813982612 0.00033963219946988817 -0.00027316869461642412 -9.7481447666060211e-05 0.00046277866995312749 -0.00042491009682444502 0.00054614696643538632 4.0229423766735878e-05 0.00025521699753863828 0.00028385404569989872 -0.00048904462255663797 0.00033417696929778737 0.00060328304068849926 -0.00024905776028979717 -0.00046474505469758503 -0.00023004681481783666 -0.00012284360672112693 -2.351160957545998e-06 9.3231480799215263e-05 -9.6860043639470717e-05 0.00020114687962759879 -0.00032975177342081305
leaf_weight=233890 5987 6038 6592 6068 6203 6085 160161 9706 10702 5562 8694 37353 8797 5800 9368 6707 9269 6016 5266 109667 669727 210426 8148 5802 5381
leaf_count=233890 5987 6038 6592 6068 6203 6085 160161 9706 10702 5562 8694 37353 8797 5800 9368 6707 9269 6016 5266 109667 669727 210426 8148 5802 5381
internal_value=4.54705e-06 0.0002913 0.00049844 1.07263e-06 -6.72109e-06 -7.88942e-05 -9.29774e-05 0.00017925 -0.000118226 0.000110198 0.000172808 0.000250825 -2.62335e-07 -0.000173468 4.42804e-06 0.000194038 4.43276e-05 -5.7053e-05 0.000170009 4.85529e-07 -1.9319e-05 3.5222e-05 0.000192095 -0.000200161 -5.49677e-05
internal_weight=1.56342e+06 18617 12630 1.5448e+06 1.44191e+06 192857 186654 15791 170863 102887 74860 51569 23291 14494 1.24905e+06 25344 18637 28027 10828 1.22371e+06 779394 444316 45501 17199 11183
internal_count=1563415 18617 12630 1544798 1441911 192857 186654 15791 170863 102887 74860 51569 23291 14494 1249054 25344 18637 28027 10828 1223710 779394 444316 45501 17199 11183
is_linear=0
shrinkage=0.003


Tree=86
num_leaves=26
num_cat=0
split_feature=30 7 87 46 47 16 84 6 59 59 41 89 43 91 57 67 74 74 21 74 60 78 65 22 11
split_gain=121.065 92.1074 159.348 116.201 133.205 189.048 121.725 173.11 89.2468 108.042 88.9416 141.835 136.206 133.373 207.862 164.849 131.867 145.077 126.238 140.372 116.671 104.96 83.3078 73.6741 63.3509
threshold=0.73437500000000011 0.026695251464843753 0.0056057404726743707 0.30383300781250006 0.21624755859375003 0.083831787109375014 0.032020926475524909 0.10903930664062501 0.23870849609375003 0.25524902343750006 0.089508056640625014 0.00077099073678255092 0.30529785156250006 -1.2745242118835447 0.50756835937500011 -55.015624999999993 0.32434082031250006 0.34191894531250006 0.095611572265625014 0.33435058593750006 20.500000000000004 0.70560866594314586 0.037994384765625007 0.0079383850097656267 0.069030761718750014
decision_type=2 2 2 2 2 2 2 2 2 2 2 2 2 2 2 2 2 2 2 2 2 2 2 2 2
left_child=1 10 3 4 5 -3 -5 -8 -2 22 12 23 18 14 -14 -15 21 -18 20 -20 -1 -13 -10 24 -12
right_child=8 2 -4 6 -6 -7 7 -9 9 -11 11 16 13 15 -16 -17 17 -19 19 -21 -22 -23 -24 -25 -26
leaf_value=-3.327732652400615e-05 0.00046665846030468023 -2.8231063004954696e-05 -0.00039696200265184315 0.00023345299592686299 0.0005959592685204361 0.00049783168892185263 0.00019289043353956962 -0.0005001252588275484 0.00016137281511769151 0.00035549734988734271 7.4622993460544805e-05 -0.00054634989519076397 -0.00053509020454213703 0.00044095726884068676 3.7114653651187848e-05 9.6170812791431635e-05 8.6286734169598291e-05 -7.289038214051788e-05 0.00054080287022046758 5.516514078662743e-05 0.00020566228255142107 -0.0001303610841296731 -0.00035192210238432005 -0.00058098454082361332 -0.00033211429654862295
leaf_weight=848304 7694 17495 5131 9941 8019 9371 5588 7497 5444 7715 5385 6352 5858 15788 139262 58620 84102 132721 5555 102451 18701 36295 5764 5875 9321
leaf_count=848304 7694 17495 5131 9941 8019 9371 5588 7497 5444 7715 5385 6352 5858 15788 139262 58620 84102 132721 5555 102451 18701 36295 5764 5875 9321
internal_value=-3.84886e-06 -7.32721e-06 0.000104877 0.000149948 0.000258878 0.000156428 -1.54886e-05 -0.000204952 0.000196367 8.45919e-05 -1.2131e-05 -6.02401e-05 -8.48035e-07 6.66463e-05 1.36641e-05 0.000169822 -4.11658e-05 -1.11369e-05 -1.60499e-05 8.06198e-05 -2.81004e-05 -0.000193453 -0.00010338 -0.000299353 -0.000183678
internal_weight=1.56425e+06 1.53763e+06 63042 57911 34885 26866 23026 13085 26617 18923 1.47459e+06 280051 1.19454e+06 219528 145120 74408 259470 216823 975011 108006 867005 42647 11208 20581 14706
internal_count=1564249 1537632 63042 57911 34885 26866 23026 13085 26617 18923 1474590 280051 1194539 219528 145120 74408 259470 216823 975011 108006 867005 42647 11208 20581 14706
is_linear=0
shrinkage=0.003


Tree=87
num_leaves=31
num_cat=0
split_feature=41 12 3 21 76 41 42 12 41 76 82 69 33 60 67 41 76 41 76 85 2 16 33 72 76 36 38 20 63 2
split_gain=208.472 139.303 133.49 131.76 129.338 122.554 131.146 123.434 117.539 115.57 108.285 100.447 112.598 123.03 135.033 131.513 110.871 127.843 304.709 99.748 90.067 103.192 90.0436 88.0479 170.72 86.7949 202.41 81.7042 140.281 53.647
threshold=0.091400146484375014 0.0036296844482421879 1.5170898437500002 0.052734375000000007 0.023868560791015628 0.097503662109375014 0.018745422363281253 0.024414062500000003 0.099395751953125014 0.019550323486328128 -0.14701151847839353 0.36975097656250006 -1.3242187499999998 20.500000000000004 -53.421874999999993 0.080902099609375014 0.022739410400390628 0.049697875976562507 0.018527984619140628 0.01690788567066193 0.014694213867187502 0.072784423828125014 -0.68530273437499989 0.31286621093750006 0.020893096923828128 0.056640625000000007 -0.82324218749999989 0.45312500000000006 -64.968749999999986 -0.0041618347167968741
decision_type=2 2 2 2 2 2 2 2 2 2 2 2 2 2 2 2 2 2 2 2 2 2 2 2 2 2 2 2 2 2
left_child=2 3 11 8 25 6 10 23 -2 -4 -3 12 20 15 -15 -14 17 18 -13 -19 21 -1 -12 -7 -25 29 -27 28 -11 -5
right_child=1 5 9 4 -6 7 -8 -9 -10 27 22 16 13 14 -16 -17 -18 19 -20 -21 -22 -23 -24 24 -26 26 -28 -29 -30 -31
leaf_value=0.00017104072966001892 -0.00014591665804956057 -0.00031650824255403346 0.00013284526226317061 -0.00012000733923221924 -0.00049494473893252604 -0.00014424951544590356 -0.00040520913770664526 -0.00023628956864200828 0.00046186621221530833 0.00015620650080866658 -0.00021509739978231002 -6.1388975400477648e-05 -1.4294303883192048e-05 0.0005979731750871064 6.7196460920862863e-05 5.7293304847054909e-05 -0.00030340611322002725 0.0001556636648962965 0.00086268013759591112 -7.6619332602299387e-05 -0.00050921860321571954 -0.00021685676506217504 0.00020390584337487414 0.00012274794678850592 0.00063262249798908758 0.00039741432376443341 -0.00014331895629181833 -0.00059181864421628148 -0.00041683404932468831 -0.00050014062442607285
leaf_weight=8901 5443 7742 7317 5393 9863 5946 10006 7283 5858 6408 6233 6300 820298 6440 12761 321357 5533 54524 6425 23854 5600 19603 16989 23457 7833 6490 115555 6151 9357 9035
leaf_count=8901 5443 7742 7317 5393 9863 5946 10006 7283 5858 6408 6233 6300 820298 6440 12761 321357 5533 54524 6425 23854 5600 19603 16989 23457 7833 6490 115555 6151 9357 9035
internal_value=-7.00062e-06 -8.77126e-05 7.86161e-06 -0.000140568 -0.000164684 9.79966e-06 -0.000108468 0.000118638 0.000170422 -0.00019226 -1.158e-05 1.24055e-05 4.87803e-06 9.87572e-06 0.000247394 5.85968e-06 0.000105386 0.000130519 0.000408273 8.49618e-05 -0.000164768 -9.55528e-05 9.10014e-05 0.000188505 0.000251996 -0.000140471 -0.000114263 -0.000300911 -0.000184394 -0.000359856
internal_weight=1.56396e+06 243126 1.32083e+06 157637 146336 85489 40970 44519 11301 29233 30964 1.2916e+06 1.19496e+06 1.16086e+06 19201 1.14166e+06 96636 91103 12725 78378 34104 28504 23222 37236 31290 136473 122045 21916 15765 14428
internal_count=1563955 243126 1320829 157637 146336 85489 40970 44519 11301 29233 30964 1291596 1194960 1160856 19201 1141655 96636 91103 12725 78378 34104 28504 23222 37236 31290 136473 122045 21916 15765 14428
is_linear=0
shrinkage=0.003


Tree=88
num_leaves=31
num_cat=0
split_feature=8 63 8 21 43 22 40 63 41 1 47 82 73 21 23 61 18 3 84 41 47 55 43 75 62 71 26 3 72 48
split_gain=144.126 221.722 287.318 165.096 137.75 112.738 120.907 112.444 111.241 118.511 121.112 120.929 158.34 127.146 107.473 105.185 146.137 148.2 126.073 104.194 103.32 157.058 157.345 151.181 123.472 149.453 112.363 108.649 129.32 96.0719
threshold=1.1069335937500002 -77.281249999999986 1.2412109375000002 0.076324462890625014 0.84033203125000011 0.0037498474121093754 0.54687500000000011 -73.156249999999986 0.041900634765625007 0.046401977539062507 0.23699951171875003 -0.094814926385879503 0.33361816406250006 0.11721801757812501 1.4901161193847659e-07 1.6093750000000002 0.87524414062500011 -0.66552734374999989 0.034840121865272529 0.066070556640625014 0.24237060546875003 0.29943847656250006 1.3540039062500002 -0.043869018554687493 -498.49999999999994 1.5913085937500002 0.058349609375000007 -0.78051757812499989 0.32580566406250006 12.253906250000002
decision_type=2 2 2 2 2 2 2 2 2 2 2 2 2 2 2 2 2 2 2 2 2 2 2 2 2 2 2 2 2 2
left_child=4 2 3 -2 8 6 -4 -3 -1 10 -10 12 -11 -13 -12 16 17 -9 19 -17 21 27 26 -24 -22 -26 -23 28 -6 -27
right_child=1 7 5 -5 20 -7 -8 15 9 11 14 13 -14 -15 -16 18 -18 -19 -20 -21 24 22 23 -25 25 29 -28 -29 -30 -31
leaf_value=0.00025113753915531221 7.1677676681452774e-06 0.00060599796104814758 -0.00028184269713826761 0.00068315688899201052 -0.00010682822966083691 -0.00056737482828721924 0.00024407946924830592 -0.00020634415767719768 -0.00046489434142536783 2.850252127200491e-05 -0.00028957185640812462 -1.9790278517386649e-05 0.00035704453187119253 -0.0004825258104142023 0.00019858478399071568 8.090487133195709e-05 0.00072991165113647706 0.00028855210741191316 0.00029177312875147633 -0.00048642974495274752 0.00014515886214898612 0.00040484522312498819 1.0833040259880829e-05 0.00065008611871319294 -0.00057164578082408493 -0.00026002984453337395 -6.8382127103184325e-05 -7.8421642171885546e-05 -0.00072316669087960897 0.00017917384008351336
leaf_weight=16292 7786 5991 13248 5486 6976 7219 5490 6678 9548 619594 7811 593462 13391 5293 8239 5771 5182 28004 7586 5734 7141 5066 6016 7366 11120 17796 35777 77658 5422 5901
leaf_count=16292 7786 5991 13248 5486 6976 7219 5490 6678 9548 619594 7811 593462 13391 5293 8239 5771 5182 28004 7586 5734 7141 5066 6016 7366 11120 17796 35777 77658 5422 5901
internal_value=2.14587e-06 0.000109897 -6.80823e-05 0.000289608 -5.55016e-06 -0.000251382 -0.000127276 0.00021734 5.59557e-06 2.39424e-06 -0.000199241 6.60046e-06 3.55082e-05 -2.39608e-05 -3.93068e-05 0.000176886 0.000264394 0.000192941 -6.26702e-06 -0.000203605 -8.17344e-05 -4.35602e-05 8.39003e-05 0.000364916 -0.000212588 -0.000286168 -8.83949e-06 -0.000120315 -0.00038 -0.000150367
internal_weight=1.56404e+06 104175 39229 13272 1.45987e+06 25957 18738 64946 1.27363e+06 1.25734e+06 25598 1.23174e+06 632985 598755 16050 58955 39864 34682 19091 11505 186239 144281 54225 13382 41958 34817 40843 90056 12398 23697
internal_count=1564044 104175 39229 13272 1459869 25957 18738 64946 1273630 1257338 25598 1231740 632985 598755 16050 58955 39864 34682 19091 11505 186239 144281 54225 13382 41958 34817 40843 90056 12398 23697
is_linear=0
shrinkage=0.003


Tree=89
num_leaves=27
num_cat=0
split_feature=30 74 71 12 30 84 76 74 3 84 33 75 17 84 8 74 30 8 85 31 60 6 75 16 57 36
split_gain=176.432 126.934 120.244 164.85 121.825 151.75 133.21 202.36 180.735 116.465 121.503 115.68 121.87 113.371 108.934 133.11 187.955 106.555 103.69 102.798 102.488 109.346 82.8953 144.395 78.645 76.5387
threshold=0.73437500000000011 0.32043457031250006 1.9272460937500002 0.016235351562500003 0.35937500000000006 0.032359614968299873 0.018482208251953128 0.36560058593750006 1.0590820312500002 0.037224352359771735 -1.2875976562499998 -0.035171508789062493 -0.00030243396759033198 0.030544504523277286 0.50415039062500011 0.31286621093750006 0.57812500000000011 -0.13037109374999997 0.01690788567066193 0.071990966796875014 13.500000000000002 0.050613403320312507 -0.013591766357421873 0.077606201171875014 0.52172851562500011 0.065826416015625014
decision_type=2 2 2 2 2 2 2 2 2 2 2 2 2 2 2 2 2 2 2 2 2 2 2 2 2 2
left_child=1 14 3 9 6 13 7 -4 -8 10 -3 12 -2 -6 15 22 19 -13 -11 -17 21 -5 23 -1 -7 -22
right_child=11 2 4 20 5 24 8 -9 -10 18 -12 17 -14 -15 -16 16 -18 -19 -20 -21 25 -23 -24 -25 -26 -27
leaf_value=-4.8841801845372593e-05 0.00019385098456866791 -0.00015933391922366314 -0.00057019892166108161 0.00023667206080280707 0.00032597419211487656 0.00071155667390436809 0.00013193762005313074 -2.0624625815449304e-06 -0.0002000338645438637 0.00054431837156404127 1.1500087991253068e-05 0.00026090344443974151 0.00078149506049860417 -0.00012785595332878355 0.00022937329879508245 -0.00062495061815762132 0.00024217794563403792 -0.00028260787404933067 8.9029263257179746e-07 -0.00025065816230331826 0.00041964363871791008 -0.00013695560640548002 -0.00036980694318649438 0.000501862943834987 0.00028423714452523771 -6.5925832683696032e-05
leaf_weight=25989 7515 38745 7261 7346 8138 5969 102884 24170 17138 6765 1058231 8284 5520 12336 7469 9050 5501 5200 5856 24815 5694 135911 5031 5028 11452 5846
leaf_count=25989 7515 38745 7261 7346 8138 5969 102884 24170 17138 6765 1058231 8284 5520 12336 7469 9050 5501 5200 5856 24815 5694 135911 5031 5028 11452 5846
internal_value=4.20654e-06 1.17689e-08 6.52556e-06 -4.03495e-06 7.70095e-05 0.000228907 3.88774e-05 -0.000134702 8.44082e-05 8.76241e-06 5.45229e-06 0.000246357 0.000446759 5.324e-05 -0.000114108 -0.000148385 -0.000268763 5.07651e-05 0.000294163 -0.000352229 -9.57139e-05 -0.000117645 -1.65475e-05 4.17559e-05 0.000433876 0.000175208
internal_weight=1.56314e+06 1.53662e+06 1.45374e+06 1.26439e+06 189348 37895 151453 31431 120022 1.1096e+06 1.09698e+06 26519 13035 20474 82883 75414 39366 13484 12621 33865 154797 143257 36048 31017 17421 11540
internal_count=1563144 1536625 1453742 1264394 189348 37895 151453 31431 120022 1109597 1096976 26519 13035 20474 82883 75414 39366 13484 12621 33865 154797 143257 36048 31017 17421 11540
is_linear=0
shrinkage=0.003


Tree=90
num_leaves=28
num_cat=0
split_feature=41 3 76 83 82 1 88 43 43 28 87 87 71 41 40 11 84 31 62 26 70 77 23 37 17 62 36
split_gain=145.128 161.348 147.326 126.112 124.59 122.403 179.433 176.241 189.009 121.652 119.148 155.992 107.273 100.56 100.76 212.609 107.682 97.918 121.766 118.772 90.5766 105.764 89.87 87.536 89.9744 86.2059 64.6765
threshold=0.093078613281250014 -1.1948242187499998 0.024814605712890628 -0.029465049505233761 -0.084290236234664903 0.10275268554687501 0.0026287063956260685 -0.92382812499999989 -0.57666015624999989 -0.47839355468749994 0.0012672459706664088 0.0014360784552991392 1.9467773437500002 0.041900634765625007 0.32812500000000006 0.072967529296875014 0.032359614968299873 0.054824829101562507 -220.49999999999997 0.097930908203125014 0.19903564453125003 0.46507686376571661 1.2680664062500002 0.0037498474121093754 -0.0038766860961914058 -72.499999999999986 0.060653686523437507
decision_type=2 2 2 2 2 2 2 2 2 2 2 2 2 2 2 2 2 2 2 2 2 2 2 2 2 2 2
left_child=5 3 4 -2 22 10 9 -8 -9 23 13 20 -10 -1 16 -16 -15 18 -13 -19 -12 -22 25 24 -7 -3 -6
right_child=1 2 -4 -5 26 6 7 8 12 -11 11 17 -14 14 15 -17 -18 19 -20 -21 21 -23 -24 -25 -26 -27 -28
leaf_value=0.00050574595812053911 -0.00062401761022923307 -5.854848301596135e-05 -0.00053979466435466895 -8.3290965582465408e-05 4.6401624029682974e-05 0.00042665846305858356 -0.00066880031615083445 0.00033852992494088106 -0.00013849896322400192 0.00046095092031900385 -0.0005264453897982211 -0.00014768265500535808 -0.00059980697465961694 -0.0001515228395971765 0.0007399731205500966 -4.1720846293962162e-05 0.00010407352839651055 1.4297131095197915e-05 0.00027514537510227961 0.00014275400554434209 -0.00029591893294766774 0.00020904236398788526 -0.00042231771290271696 -0.00028189626452807166 -9.4115122939711392e-05 0.00027607507279506639 0.00043380125387363586
leaf_weight=5412 8011 155838 5214 7513 8569 5015 7274 5668 15966 5588 6666 54694 6289 17833 6096 6311 85946 1022910 6809 69063 10064 5812 5747 7816 7105 7153 7027
leaf_count=5412 8011 155838 5214 7513 8569 5015 7274 5668 15966 5588 6666 54694 6289 17833 6096 6311 85946 1022910 6809 69063 10064 5812 5747 7816 7105 7153 7027
internal_value=2.88377e-06 -7.14857e-05 -4.73053e-05 -0.000364535 -3.30899e-05 1.4116e-05 -0.000117422 -0.00025601 -0.000146474 7.39407e-05 2.02798e-05 1.10316e-05 -0.000270959 0.00010964 9.07698e-05 0.000345199 6.00492e-05 1.58709e-05 -0.000100501 2.24339e-05 -0.000235571 -0.000110908 -5.68406e-05 -3.62963e-05 0.000123098 -4.3703e-05 0.000222602
internal_weight=1.56341e+06 205072 189548 15524 184334 1.35834e+06 60721 35197 27923 25524 1.29762e+06 1.17602e+06 22255 121598 116186 12407 103779 1.15348e+06 61503 1.09197e+06 22542 15876 168738 19936 12120 162991 15596
internal_count=1563409 205072 189548 15524 184334 1358337 60721 35197 27923 25524 1297616 1176018 22255 121598 116186 12407 103779 1153476 61503 1091973 22542 15876 168738 19936 12120 162991 15596
is_linear=0
shrinkage=0.003


Tree=91
num_leaves=31
num_cat=0
split_feature=41 58 59 74 75 6 15 40 70 88 1 20 85 20 36 21 36 36 20 86 89 55 57 6 58 18 85 85 85 63
split_gain=145.555 165.368 160.11 147.587 157.498 167.365 112.547 137.813 186.231 110.323 105.987 140.229 118.62 115.686 104.515 103.399 157.201 130.405 123.502 217.294 170.004 114.436 198.942 102.52 112.852 101.644 98.0577 172.74 121.561 115.125
threshold=0.091400146484375014 2.0908203125000004 0.21746826171875003 0.34167480468750006 -0.028312683105468747 0.062622070312500014 0.54687500000000011 0.48437500000000006 0.18463134765625003 0.002668554894626141 0.10275268554687501 0.45312500000000006 0.012368954718112947 0.23437500000000003 0.069488525390625014 0.095611572265625014 0.059722900390625007 0.055801391601562507 0.51562500000000011 0.011494457721710207 0.0016944590024650099 0.33557128906250006 0.54565429687500011 0.064575195312500014 2.1318359375000004 -0.26232910156249994 0.013637963682413103 0.010789960622787477 0.013963365927338602 -97.906249999999986
decision_type=2 2 2 2 2 2 2 2 2 2 2 2 2 2 2 2 2 2 2 2 2 2 2 2 2 2 2 2 2 2
left_child=10 3 6 4 5 -2 7 8 -3 -7 15 13 -13 -12 -9 17 -17 21 19 -19 -20 25 -23 24 -18 -1 27 29 -28 -4
right_child=1 2 26 -5 -6 9 -8 14 -10 -11 11 12 -14 -15 -16 16 23 18 20 -21 -22 22 -24 -25 -26 -27 28 -29 -30 -31
leaf_value=0.00045668255892247295 0.00044835645765791592 -0.00025058935978752834 -0.00018347813063255482 -0.00049691544563080635 -0.00050767031457206056 0.00016508844043763764 -0.00015594265911495828 0.0005927507901095769 0.00027498935638496609 -0.00042289215565884981 -0.00037199700433080345 -0.00014524590890445496 -0.00073656338338979406 3.5071092492589146e-05 0.00018290385415816907 -0.00013418939472615557 0.00014863271642788292 -1.7112759779380124e-06 -4.7905367170371997e-05 0.00012253683810490947 0.00026667535252442839 -0.00035463708184351828 0.00022045292929555454 9.3956001667370729e-05 0.00053476301105591091 0.00013981439766350105 0.00042234904120247235 -0.00024822498478503782 -3.4139913110268711e-05 0.00013027111503936849
leaf_weight=11987 5939 13657 17541 13424 6262 5014 13466 7355 10756 6493 7383 7631 5062 39114 23192 20946 17155 480902 392027 171885 15997 9926 11671 79970 11325 37690 6185 55869 31818 25996
leaf_count=11987 5939 13657 17541 13424 6262 5014 13466 7355 10756 6493 7383 7631 5062 39114 23192 20946 17155 480902 392027 171885 15997 9926 11671 79970 11325 37690 6185 55869 31818 25996
internal_value=4.72693e-06 -6.27402e-05 -2.94449e-05 -0.000246732 -0.00010358 4.35289e-05 8.90401e-05 0.000149239 -1.88501e-05 -0.000167474 1.71428e-05 -0.000106821 -0.000384979 -3.02246e-05 0.000283197 2.29673e-05 0.000103271 1.37804e-05 5.42841e-06 3.10182e-05 -3.55096e-05 0.000137906 -4.42752e-05 0.000149216 0.00030351 0.000217038 -8.84691e-05 -0.000137983 4.10673e-05 3.73118e-06
internal_weight=1.56364e+06 242967 205835 37132 23708 17446 68426 54960 24413 11507 1.32067e+06 59190 12693 46497 30547 1.26148e+06 129396 1.13208e+06 1.06081e+06 652787 408024 71274 21597 108450 28480 49677 137409 99406 38003 43537
internal_count=1563638 242967 205835 37132 23708 17446 68426 54960 24413 11507 1320671 59190 12693 46497 30547 1261481 129396 1132085 1060811 652787 408024 71274 21597 108450 28480 49677 137409 99406 38003 43537
is_linear=0
shrinkage=0.003


Tree=92
num_leaves=21
num_cat=0
split_feature=30 62 3 75 59 81 67 60 31 36 18 75 21 86 56 85 75 81 15 78
split_gain=124.933 130.115 130.021 124.086 117.266 114.571 113.24 111.992 122.563 99.0518 139.488 93.9808 160.658 129.92 91.0265 102.602 136.747 68.4416 57.0462 56.0466
threshold=0.73437500000000011 -18.499999999999996 1.5170898437500002 -0.056015014648437493 0.23870849609375003 -0.0026714941486716266 -31.804687499999996 21.500000000000004 0.059722900390625007 0.078765869140625014 -0.12658691406249997 -0.039993286132812493 0.054824829101562507 0.020510695874691013 0.43640136718750006 0.014842022210359575 -0.024971008300781247 -0.025349907577037808 0.48437500000000006 0.69289124011993419
decision_type=2 2 2 2 2 2 2 2 2 2 2 2 2 2 2 2 2 2 2 2
left_child=1 2 7 9 -2 14 19 11 -9 10 -4 12 -1 -13 15 -3 -17 -5 -10 -6
right_child=4 5 3 17 6 -7 -8 8 18 -11 -12 13 -14 -15 -16 16 -18 -19 -20 -21
leaf_value=0.00018851354382407498 0.00052377611485772847 5.8527463626030868e-05 0.00051804152952569858 -0.0001459540731211318 -0.00029473884351771256 -0.00020860476135876137 0.00040046393447866789 -0.00011528257097790057 0.00061323418803388657 -0.00027515082194413503 -0.00017427659241175912 -2.789780363747289e-05 1.3276167759733586e-05 0.00043404250981106174 -5.8711875957005262e-05 0.00072752286193152179 0.00012565020565578013 -0.00059275513961000838 0.00019294959677820621 0.00010720695494625218
leaf_weight=50168 7635 6903 5008 5254 5868 5295 6544 5757 6189 8228 5299 655934 744198 5426 5901 9060 5478 7675 5650 6467
leaf_count=50168 7635 6903 5008 5254 5868 5295 6544 5757 6189 8228 5299 655934 744198 5426 5901 9060 5478 7675 5650 6467
internal_value=8.77409e-06 5.24603e-06 1.17536e-06 -0.00018934 0.000212562 0.000192354 8.46045e-05 5.25655e-06 0.000242477 -3.1458e-05 0.000163855 2.3727e-06 2.43656e-05 -2.40429e-05 0.00027048 0.000360933 0.000503142 -0.000413701 0.000415955 -8.4839e-05
internal_weight=1.56394e+06 1.53742e+06 1.50479e+06 31464 26514 32637 18879 1.47332e+06 17596 18535 10307 1.45573e+06 794366 661360 27342 21441 14538 12929 11839 12335
internal_count=1563937 1537423 1504786 31464 26514 32637 18879 1473322 17596 18535 10307 1455726 794366 661360 27342 21441 14538 12929 11839 12335
is_linear=0
shrinkage=0.003


Tree=93
num_leaves=31
num_cat=0
split_feature=41 56 56 48 3 47 7 50 80 11 56 48 28 38 56 47 76 63 3 71 71 48 83 85 78 38 67 75 50 86
split_gain=128.158 132.584 167.738 130.058 125.93 135.173 162.49 154.275 123.21 131.968 153.531 144.811 181.051 161.755 208.778 149.616 138.425 122.418 173.9 119.726 233.321 106.805 118.113 158.985 108.696 139.613 103.373 102.084 77.2894 187.698
threshold=0.094299316406250014 0.40930175781250006 0.42028808593750006 11.238281250000002 -0.96362304687499989 0.24237060546875003 -0.019050598144531247 0.55639648437500011 -0.12749540805816648 0.071990966796875014 0.33605957031250006 15.457031250000002 -0.052520751953124993 0.69506835937500011 0.38171386718750006 0.25451660156250006 0.016330718994140628 -61.484374999999993 -1.3212890624999998 1.9584960937500002 1.8686523437500002 10.074218750000002 -0.013958171010017393 0.013427712023258211 0.69068989157676708 0.88891601562500011 -21.914062499999996 -0.036514282226562493 0.35217285156250006 0.0031567402184009556
decision_type=2 2 2 2 2 2 2 2 2 2 2 2 2 2 2 2 2 2 2 2 2 2 2 2 2 2 2 2 2 2
left_child=8 3 -3 21 -5 7 -7 -6 17 11 -11 13 -13 14 -10 -15 -12 18 -1 20 -20 24 23 -23 27 -26 -18 -2 29 -19
right_child=1 2 -4 4 5 6 -8 -9 9 10 16 12 -14 15 -16 -17 26 28 19 -21 -22 22 -24 -25 25 -27 -28 -29 -30 -31
leaf_value=0.00053631719046102219 -0.00066024377796272313 0.00043953944373187386 -0.00010705216313785887 -0.00031184444616046028 0.00029774576044504724 0.00033425518332123416 -0.00026082092311956959 -0.0001101851408045041 0.00015004617068618771 -0.00038478509465906673 -0.00045779280550457921 3.0993609330022094e-05 -0.00070077996705707754 -3.0115834021196485e-05 -1.0100253023980838e-06 -0.00046831620368783199 -2.2317534095872072e-05 0.00019970998125076094 6.5148934121351614e-06 0.00028817320124613225 -0.0004323901271536774 -0.00034161148207660668 -0.00070759723172828101 0.00016161834987762726 7.0962885448593125e-05 -0.00037121042366750171 0.00014665774117575287 -8.9322560368538352e-05 0.00027898807443828223 -0.00015030053456094314
leaf_weight=5068 5071 9591 10493 10338 24302 5199 18715 12614 176914 10338 6303 7267 5125 54918 153977 7942 738233 47122 62274 9334 13113 25364 5396 7196 32349 7914 33989 6277 31026 19392
leaf_count=5068 5071 9591 10493 10338 24302 5199 18715 12614 176914 10338 6303 7267 5125 54918 153977 7942 738233 47122 62274 9334 13113 25364 5396 7196 32349 7914 33989 6277 31026 19392
internal_value=6.5583e-07 -7.44278e-05 0.000154854 -0.000103155 -7.38707e-06 4.47821e-05 -0.000130596 0.000158437 1.0482e-05 -7.34409e-07 -2.33547e-05 4.31965e-05 -0.000274836 5.32728e-05 7.97745e-05 -8.61358e-05 -1.85065e-05 8.19955e-05 2.04143e-06 -3.05135e-05 -7.0301e-05 -0.000179158 -0.000299784 -0.00023024 -9.00376e-05 -1.6654e-05 -1.48621e-05 -0.000347985 0.000155519 9.75928e-05
internal_weight=1.56315e+06 180819 20084 160735 71168 60830 23914 36916 1.38234e+06 1.19501e+06 788863 406143 12392 393751 330891 62860 778525 187329 89789 84721 75387 89567 37956 32560 51611 40263 772222 11348 97540 66514
internal_count=1563154 180819 20084 160735 71168 60830 23914 36916 1382335 1195006 788863 406143 12392 393751 330891 62860 778525 187329 89789 84721 75387 89567 37956 32560 51611 40263 772222 11348 97540 66514
is_linear=0
shrinkage=0.003


Tree=94
num_leaves=27
num_cat=0
split_feature=60 8 63 8 43 73 91 82 12 70 12 67 22 80 63 74 6 35 83 56 7 75 67 83 84 87
split_gain=145.453 138.016 167.753 180.025 153.52 127.531 127.415 119.578 180.298 107.588 105.45 142.241 141.568 128.881 154.196 141.978 125.827 122.867 112.216 100.138 96.8813 94.8858 112.836 91.3759 113.289 90.5598
threshold=21.500000000000004 1.1069335937500002 -76.718749999999986 1.2412109375000002 -0.43322753906249994 0.30969238281250006 -1.5000619888305662 -0.042731523513793938 0.011257171630859377 0.16326904296875003 0.016235351562500003 -21.914062499999996 0.034805297851562507 1.0000000180025095e-35 -66.656249999999986 0.32238769531250006 0.077423095703125014 0.23437500000000003 -0.054921552538871758 0.37097167968750006 0.029296875000000003 -0.034805297851562493 -54.453124999999993 -0.0032033678144216533 0.031627304852008827 0.00099895638413727305
decision_type=2 2 2 2 2 2 2 2 2 2 2 2 2 2 2 2 2 2 2 2 2 2 2 2 2 2
left_child=1 10 3 6 -5 19 -3 8 25 -6 12 16 13 15 -15 -1 17 -12 -18 -2 -10 22 -14 24 -13 -4
right_child=5 2 7 4 9 -7 -8 -9 20 -11 11 23 21 14 -16 -17 18 -19 -20 -21 -22 -23 -24 -25 -26 -27
leaf_value=-0.00011263423157828634 0.00034821916547047975 0.00049755669749900096 -0.0001343293867564753 -0.00060568941540171115 7.3113063358525352e-05 0.00055598315645709361 -8.9841892844235187e-05 -0.00018174146465335531 0.00027933772105604549 -0.00041247485636332847 -0.00044873938287561872 5.6122153783599552e-05 -0.00070217922567000681 0.00048396706564580311 -8.7677133972889349e-05 1.1589921985598301e-05 0.00014805368170485892 -1.0551228427754244e-05 -0.00024501393048746934 -0.00022486483043125845 0.00084822363472072406 4.1194676420357096e-05 -0.00014365696683014143 -0.00016765776530082037 0.00059541283282014794 0.00022124290997309738
leaf_weight=89289 5229 7328 7680 6081 14428 7786 5967 6516 5156 5628 6015 7984 5858 10714 6949 1123953 7270 99062 59853 5561 5892 6739 7323 5214 6183 38222
leaf_count=89289 5229 7328 7680 6081 14428 7786 5967 6516 5156 5628 6015 7984 5858 10714 6949 1123953 7270 99062 59853 5561 5892 6739 7323 5214 6183 38222
internal_value=2.79896e-06 -3.81566e-07 0.000105714 -4.78968e-05 -0.000192257 0.000265966 0.000235221 0.000201078 0.000245121 -6.45202e-05 -7.95696e-06 -7.34802e-05 2.08389e-06 6.15352e-06 0.000259843 2.43907e-06 -0.00010092 -3.60376e-05 -0.000202284 5.35078e-05 0.000587617 -0.000248163 -0.000395298 0.000169588 0.000294012 0.000161588
internal_weight=1.56388e+06 1.5453e+06 102898 39432 26137 18576 13295 63466 56950 20056 1.44241e+06 191581 1.25082e+06 1.2309e+06 17663 1.21324e+06 172200 105077 67123 10790 11048 19920 13181 19381 14167 45902
internal_count=1563880 1545304 102898 39432 26137 18576 13295 63466 56950 20056 1442406 191581 1250825 1230905 17663 1213242 172200 105077 67123 10790 11048 19920 13181 19381 14167 45902
is_linear=0
shrinkage=0.003


Tree=95
num_leaves=26
num_cat=0
split_feature=8 76 35 23 3 48 48 12 41 85 7 60 81 74 18 83 0 57 3 13 12 36 16 8 67
split_gain=149.062 156.318 187.429 209.342 206.383 194.11 132.273 153.686 112.898 146.577 152.689 148.283 134.768 131.122 130.285 127.973 106.068 146.61 96.8058 95.0585 87.3422 89.0312 120.617 65.089 61.1268
threshold=1.1069335937500002 0.022098541259765628 0.45312500000000006 -0.90551757812499989 0.43041992187500006 9.6992187500000018 10.105468750000002 -0.015914916992187497 0.041900634765625007 0.01690788567066193 -0.015869140624999997 21.500000000000004 -0.0019077137112617491 0.32287597656250006 -1.3559570312499998 -0.010176388546824454 0.23437500000000003 0.52465820312500011 0.065948486328125014 -0.10916137695312499 -0.0085220336914062483 0.082427978515625014 0.078216552734375014 -1.0405273437499998 -32.953124999999993
decision_type=2 2 2 2 2 2 2 2 2 2 2 2 2 2 2 2 2 2 2 2 2 2 2 2 2
left_child=8 2 3 -2 18 -6 -3 -8 19 11 23 13 -13 14 -10 -15 -12 -18 -5 -1 -4 22 -22 -11 -21
right_child=1 6 20 4 5 -7 7 -9 9 10 16 12 -14 15 -16 -17 17 -19 -20 24 21 -23 -24 -25 -26
leaf_value=0.00052864626234789983 0.00078422597673706909 0.00026528744635815758 0.00022363177360750695 0.00016793741767507725 0.0001703401393074208 0.00094780559100703142 0.00012170482333173456 -0.00052135248285104701 0.00018613461244308986 -0.00023293101662333687 0.00019708749171622178 0.00056017648599206388 -3.196262122148171e-05 -1.3427637541648779e-05 -0.00015645582053286925 9.1248404723684611e-05 -7.2181924014045785e-05 -0.00063355280791943319 -0.00021083266952787551 -0.00017710907089661237 0.00029237045471542793 -0.00033900663886169227 -0.00030778936095557477 -0.00069080719318643981 0.00028668361849921569
leaf_weight=6109 6171 5305 8950 28248 6052 5528 5235 9009 11192 5421 9127 7712 6190 1166914 87468 115421 23375 5010 7637 5009 7179 9728 5045 6018 5027
leaf_count=6109 6171 5305 8950 28248 6052 5528 5235 9009 11192 5421 9127 7712 6190 1166914 87468 115421 23375 5010 7637 5009 7179 9728 5045 6018 5027
internal_value=-4.04735e-06 0.000105583 0.000161467 0.000268527 0.000199972 0.00054642 -0.000135672 -0.000285813 -1.18699e-05 -1.46671e-05 -0.000175853 -8.99842e-06 0.000298176 -1.2112e-05 -0.000117443 -3.99953e-06 -8.27768e-05 -0.000173141 8.69662e-05 0.000236832 -2.4621e-05 -0.000126391 4.41892e-05 -0.000477716 5.57396e-05
internal_weight=1.56408e+06 104087 84538 53636 47465 11580 19549 14244 1.45999e+06 1.44385e+06 48951 1.3949e+06 13902 1.381e+06 98660 1.28234e+06 37512 28385 35885 16145 30902 21952 12224 11439 10036
internal_count=1564080 104087 84538 53636 47465 11580 19549 14244 1459993 1443848 48951 1394897 13902 1380995 98660 1282335 37512 28385 35885 16145 30902 21952 12224 11439 10036
is_linear=0
shrinkage=0.003


Tree=96
num_leaves=26
num_cat=0
split_feature=33 7 71 91 48 57 72 17 65 61 10 59 40 72 80 90 80 23 10 83 43 6 8 6 23
split_gain=187.802 122.27 193.259 120.89 143.798 105.266 147.767 139.851 104.713 142.394 124.94 97.7086 128.666 98.9687 96.7537 144.509 95.6415 101.737 136.869 104.261 112.119 88.8725 115.588 81.526 62.4963
threshold=-1.3242187499999998 0.026695251464843753 1.4643554687500002 -1.9980068206787107 15.316406250000002 0.54077148437500011 0.31018066406250006 0.0089035034179687517 0.084655761718750014 1.7963867187500002 0.29687500000000006 0.22686767578125003 0.54687500000000011 0.32263183593750006 -0.055489301681518548 0.086464464664459242 -0.024002172052860257 -0.20196533203124997 0.32812500000000006 -0.040973186492919915 0.12493896484375001 0.072296142578125014 0.34472656250000006 0.074371337890625014 -0.70629882812499989
decision_type=2 2 2 2 2 2 2 2 2 2 2 2 2 2 2 2 2 2 2 2 2 2 2 2 2
left_child=16 3 -3 14 5 7 -7 -5 9 10 -4 12 -6 -13 23 -16 17 24 -19 -20 -21 -18 -23 -2 -1
right_child=1 2 8 4 11 6 -8 -9 -10 -11 -12 13 -14 -15 15 -17 21 18 19 20 -22 22 -24 -25 -26
leaf_value=-0.00020970653598092838 0.00021952662555842727 -0.00035765974425934 9.3962328354097129e-07 -5.0972567431392481e-05 0.00024571407373509302 -6.4847178739177916e-05 5.2212432564698844e-05 3.5625344828371022e-05 0.00055948849517549828 -0.0001859399348096638 0.00036149235954603047 -0.00074261284143116338 -0.00028361469434756638 -0.00015373635391745065 0.000647036970143691 2.0460547974769107e-05 -0.0003039986969082164 0.00024737757620715351 5.3433659493160218e-05 -0.00011734953195153555 -0.00066464721129670754 0.00049385398239684295 -9.1833913342672136e-05 -0.0002761960817548635 -0.00064800047318720375
leaf_weight=5006 6994 6153 13508 490505 6709 118611 532045 255030 6334 9047 23953 5026 10429 5281 7691 5775 5393 6052 6306 6324 7237 5126 7165 5056 7440
leaf_count=5006 6994 6153 13508 490505 6709 118611 532045 255030 6334 9047 23953 5026 10429 5281 7691 5775 5393 6052 6306 6324 7237 5126 7165 5056 7440
internal_value=1.53868e-06 7.88068e-06 0.000141641 2.4259e-06 -1.24938e-06 2.9852e-06 3.08664e-05 -2.13487e-05 0.000200346 0.000150338 0.00023183 -0.000215901 -7.61754e-05 -0.000445267 0.000206688 0.000380456 -0.00016882 -0.000252772 -0.000144748 -0.000264841 -0.000412149 1.37114e-05 0.000154443 1.09675e-05 -0.000474788
internal_weight=1.5642e+06 1.50815e+06 58995 1.44915e+06 1.42364e+06 1.39619e+06 650656 745535 52842 46508 37461 27445 17138 10307 25516 13466 56049 38365 25919 19867 13561 17684 12291 12050 12446
internal_count=1564196 1508147 58995 1449152 1423636 1396191 650656 745535 52842 46508 37461 27445 17138 10307 25516 13466 56049 38365 25919 19867 13561 17684 12291 12050 12446
is_linear=0
shrinkage=0.003


Tree=97
num_leaves=31
num_cat=0
split_feature=8 13 75 43 40 81 30 68 12 3 13 59 33 72 76 90 85 22 1 36 8 82 57 72 8 72 2 2 3 11
split_gain=134.096 140.522 143.492 133.542 182.839 147.353 190.519 165.157 160.743 145.907 142.851 132.577 129.826 164.774 124.875 128.008 119.465 144.225 142.555 114.551 210.104 128.438 104.294 102.445 98.0155 162.831 101.258 110.93 103.396 71.7883
threshold=1.1069335937500002 0.48364257812500006 -0.044723510742187493 0.65332031250000011 0.70312500000000011 -0.011387905105948446 0.26562500000000006 0.051681518554687507 0.015983581542968753 1.0590820312500002 -0.37976074218749994 0.25329589843750006 0.85058593750000011 0.31677246093750006 0.022129058837890628 0.029409885406494144 0.011076541617512705 -0.00030243396759033198 0.061325073242187507 0.068511962890625014 -0.036132812499999993 -0.10710805654525755 0.53735351562500011 0.35656738281250006 -1.1948242187499998 0.31262207031250006 -0.010585784912109373 -0.0086975097656249983 -0.66552734374999989 0.065093994140625014
decision_type=2 2 2 2 2 2 2 2 2 2 2 2 2 2 2 2 2 2 2 2 2 2 2 2 2 2 2 2 2 2
left_child=3 12 23 4 5 6 7 -1 -8 10 -7 -11 13 -2 15 -15 17 19 -19 20 -5 -21 -20 -3 25 -18 28 -28 -26 -16
right_child=1 2 -4 16 -6 9 8 -9 -10 11 -12 -13 -14 14 29 -17 24 18 22 21 -22 -23 -24 -25 26 -27 27 -29 -30 -31
leaf_value=3.500203886765975e-05 0.00044169616031480006 0.00067171391554966071 -2.8597338767356897e-05 -4.7580847422257341e-05 0.00047025618914579295 0.0002185610793022912 9.5249506514346635e-06 -0.00065753157254086426 -0.00011518541019859654 -0.00022896056093612931 5.0032204449136879e-05 0.00030348526109764571 0.00039163177190136561 -7.4810680894085414e-05 -6.8306658450796281e-05 0.00023903691990476969 -0.00027539755837574455 -0.00051768316013158238 0.00013994453825598243 0.00013276382150589783 0.00069806687502883998 -0.00020417577703004194 -0.00016066439074728341 0.00015036914945087176 -0.00017262101789694282 0.00039851743053673016 0.00033817528405203024 -0.00010820545336310954 -0.00050231467681680704 -0.00054838890421449844
leaf_weight=5241 7050 9557 7165 6372 7638 62889 809049 7450 105001 22933 161208 5059 8864 38021 5299 16774 5282 6567 16639 36628 7165 13990 27290 5338 34785 7981 5195 94411 11350 5930
leaf_count=5241 7050 9557 7165 6372 7638 62889 809049 7450 105001 22933 161208 5059 8864 38021 5299 16774 5282 6567 16639 36628 7165 13990 27290 5338 34785 7981 5195 94411 11350 5930
internal_value=4.24858e-06 0.000108278 0.000320248 -3.16785e-06 1.06121e-05 7.59431e-06 -9.90074e-06 -0.000373498 -4.81212e-06 7.18888e-05 9.74033e-05 -0.000131994 5.08885e-05 9.07707e-06 -3.77158e-05 2.15257e-05 -6.28948e-05 1.09225e-05 -0.000108891 0.00010525 0.000349308 3.94202e-05 -4.67434e-05 0.000487126 -0.000116095 0.000130078 -0.000138571 -8.46084e-05 -0.000254642 -0.000324439
internal_weight=1.56412e+06 103998 22060 1.46012e+06 1.18647e+06 1.17883e+06 926741 12691 914050 252089 224097 27992 81938 73074 66024 54795 273655 114651 50496 64155 13537 50618 43929 14895 159004 13263 145741 99606 46135 11229
internal_count=1564121 103998 22060 1460123 1186468 1178830 926741 12691 914050 252089 224097 27992 81938 73074 66024 54795 273655 114651 50496 64155 13537 50618 43929 14895 159004 13263 145741 99606 46135 11229
is_linear=0
shrinkage=0.003


Tree=98
num_leaves=31
num_cat=0
split_feature=23 76 83 8 43 12 71 80 58 56 43 69 66 57 17 83 59 66 3 84 66 12 31 66 56 6 56 73 36 31
split_gain=128.428 217.189 263.715 179.895 134.281 136.17 173.644 196.558 187.213 126.024 118.593 114.96 110.23 182.666 151.734 109.405 130.067 129.942 104.031 178.064 165.955 97.8936 178.356 136.731 106.168 207.997 102.592 96.6795 74.5972 69.6058
threshold=-0.84790039062499989 0.021221160888671878 -0.07926276326179503 1.1503906250000002 1.6206054687500002 0.016235351562500003 1.9350585937500002 -0.048506319522857659 2.1708984375000004 0.38049316406250006 1.3540039062500002 0.27795410156250006 0.39672851562500006 0.56420898437500011 -0.0088768005371093733 -0.0090333335101604444 0.21820068359375003 4.3066406250000009 -0.21929931640624997 0.032855063676834113 -0.44128417968749994 0.013145446777343752 0.054824829101562507 1.8178710937500002 0.37756347656250006 0.082305908203125014 0.44348144531250006 0.30187988281250006 0.078277587890625014 0.076629638671875014
decision_type=2 2 2 2 2 2 2 2 2 2 2 2 2 2 2 2 2 2 2 2 2 2 2 2 2 2 2 2 2 2
left_child=1 2 27 18 5 21 8 29 9 -7 11 12 14 -14 -3 16 -13 -17 20 -20 -4 24 -23 -24 25 -2 -26 -1 -10 -8
right_child=4 10 3 -5 -6 6 7 -9 28 -11 -12 15 13 -15 -16 17 -18 -19 19 -21 -22 22 23 -25 26 -27 -28 -29 -30 -31
leaf_value=0.00085701763856329985 1.4055959249555652e-06 0.00022813801977624156 -0.00031372718571450164 0.00058613535167555434 -0.00025729565734889612 -0.00028775394065020987 4.4661625889400845e-05 -0.00034430350001322626 -0.00021582442918670512 -4.329872305828646e-05 0.00039721558373075191 -0.00035653652071862427 5.4282953962036406e-05 0.00059712293655018968 -0.00025001940238931168 0.00029757853443814977 2.4439131989657049e-05 -0.00029617803764829455 7.1050087455620117e-05 0.00062627334556146247 0.00027497343737919734 -0.0004174366599948965 0.00010369880078562001 0.00050686416872648709 -3.0985734124330054e-05 0.00016420977225844354 0.00022334940613443833 0.00029546728909775387 -0.00061900472550340284 0.00033792401951534819
leaf_weight=6376 348395 8951 12573 6640 19458 23821 13342 7212 7925 92135 5979 23638 25799 7027 17492 9083 12197 5098 34835 6018 6439 5057 50495 8826 664927 88485 14488 5078 8908 16035
leaf_count=6376 348395 8951 12573 6640 19458 23821 13342 7212 7925 92135 5979 23638 25799 7027 17492 9083 12197 5098 34835 6018 6439 5057 50495 8826 664927 88485 14488 5078 8908 16035
internal_value=-2.79112e-07 7.2104e-05 0.000194294 0.000121409 -1.04961e-05 -6.92025e-06 -8.64408e-05 9.63558e-05 -0.000136844 -9.37222e-05 -1.06361e-05 -3.32925e-05 5.6058e-05 0.000171948 -8.79126e-05 -0.000139073 -0.000227158 8.35467e-05 6.89713e-05 0.000154169 -0.00011395 4.49403e-06 0.000118152 0.000164435 -2.07074e-06 3.44097e-05 -2.55302e-05 0.000612773 -0.000431582 0.000205338
internal_weight=1.56273e+06 193223 77959 66505 1.36951e+06 1.35005e+06 169378 36589 132789 115956 115264 109285 59269 32826 26443 50016 35835 14181 59865 40853 19012 1.18067e+06 64378 59321 1.1163e+06 436880 679415 11454 16833 29377
internal_count=1562732 193223 77959 66505 1369509 1350051 169378 36589 132789 115956 115264 109285 59269 32826 26443 50016 35835 14181 59865 40853 19012 1180673 64378 59321 1116295 436880 679415 11454 16833 29377
is_linear=0
shrinkage=0.003


Tree=99
num_leaves=28
num_cat=0
split_feature=33 8 91 42 21 78 69 3 58 11 2 55 32 40 58 8 38 2 83 45 67 83 31 11 72 59 13
split_gain=161.606 134.451 131.115 132.426 126.408 197.634 138.115 126.386 122.009 121.934 178.67 114.635 222.916 150.17 107.507 113.444 112.121 108.393 135.442 100.825 100.247 92.043 84.2479 167.327 82.4588 80.9482 78.7464
threshold=-1.2875976562499998 1.1069335937500002 -2.0191307067871089 0.017021179199218753 0.095611572265625014 0.67365515232086193 0.41320800781250006 -1.1948242187499998 2.1474609375000004 0.087615966796875014 0.0055046081542968759 0.30627441406250006 -0.011043548583984373 0.35937500000000006 2.1123046875000004 0.64916992187500011 0.24517822265625003 -0.013973236083984373 -0.026931017637252804 1.5468750000000002 -49.890624999999993 -0.099524214863777147 0.070709228515625014 0.073699951171875014 0.32580566406250006 0.21697998046875003 0.17346191406250003
decision_type=2 2 2 2 2 2 2 2 2 2 2 2 2 2 2 2 2 2 2 2 2 2 2 2 2 2 2
left_child=8 2 25 4 6 -6 -4 19 14 11 20 22 -13 -14 15 17 -16 -1 -19 -5 -11 -9 23 -3 -24 26 -2
right_child=1 9 3 7 5 -7 -8 21 -10 10 -12 12 13 -15 16 -17 -18 18 -20 -21 -22 -23 24 -25 -26 -27 -28
leaf_value=0.00021516391929984676 -0.00010155520627589315 0.00062859184988239369 -4.7656401194755557e-06 -0.00012514702872525483 -7.2279692309449288e-05 0.0001817678768538497 0.00041922076443245846 0.00028032805997298414 0.00024414756539102534 0.00046457294618849909 0.00080908544432079605 -0.00046678133491099736 0.00038381957333354533 -0.00012147435988401221 -0.00059941301429929908 0.000215674362171784 -0.0001346130780595769 4.4554073350297869e-05 -0.00042484524940377717 -0.00066793463984061486 -4.8559412484865817e-05 -7.4541657615503139e-05 -0.00020913252930007453 -9.5933476091306984e-06 0.00015010176004098409 0.0005111574897561544 0.00038133725846243476
leaf_weight=5001 7156 8134 1088349 6858 40914 84053 6859 6793 6364 5567 5037 9231 8923 12724 9680 8043 9083 8338 16239 5578 8625 145165 7304 6706 25731 6683 5143
leaf_count=5001 7156 8134 1088349 6858 40914 84053 6859 6793 6364 5567 5037 9231 8923 12724 9680 8043 9083 8338 16239 5578 8625 145165 7304 6706 25731 6683 5143
internal_value=2.14457e-06 8.3822e-06 8.77984e-07 -2.5257e-06 8.24571e-06 9.86018e-05 -2.07229e-06 -8.24304e-05 -0.000146895 0.000115766 0.000329315 6.32731e-05 -7.90923e-05 8.76175e-05 -0.000191386 -9.84017e-05 -0.000376314 -0.000184246 -0.000266061 -0.000371993 0.000154566 -5.85039e-05 0.000155068 0.00034207 7.0284e-05 0.000247859 0.00010182
internal_weight=1.56428e+06 1.50153e+06 1.40355e+06 1.38457e+06 1.22018e+06 124967 1.09521e+06 164394 62748 97982 19229 78753 30878 21647 56384 37621 18763 29578 24577 12436 14192 151958 47875 14840 33035 18982 12299
internal_count=1564281 1501533 1403551 1384569 1220175 124967 1095208 164394 62748 97982 19229 78753 30878 21647 56384 37621 18763 29578 24577 12436 14192 151958 47875 14840 33035 18982 12299
is_linear=0
shrinkage=0.003


Tree=100
num_leaves=30
num_cat=0
split_feature=23 56 47 6 57 60 57 70 81 8 81 57 70 56 65 41 66 2 43 40 3 8 8 22 57 57 31 33 2
split_gain=142.067 179.834 178.249 208.691 169.864 150.894 150.787 142.04 139.617 209.203 191.781 146.987 138.891 131.836 140.901 131.492 123.363 195.287 119.927 112.74 108.049 102.608 97.2279 84.3832 77.322 74.4527 65.942 169.583 37.5793
threshold=-0.84790039062499989 0.33386230468750006 0.25207519531250006 0.083831787109375014 0.55444335937500011 21.500000000000004 0.51440429687500011 0.18420410156250003 -0.00092215021140873421 -0.55639648437499989 -0.0026714941486716266 0.52709960937500011 0.23760986328125003 0.33068847656250006 0.047637939453125007 0.069793701171875014 -0.45825195312499994 -0.011211395263671873 -1.2832031249999998 0.32812500000000006 0.20916748046875003 0.69580078125000011 -0.55639648437499989 -0.011432647705078123 0.49475097656250006 0.53833007812500011 0.058410644531250007 -0.26745605468749994 -0.022033691406249997
decision_type=2 2 2 2 2 2 2 2 2 2 2 2 2 2 2 2 2 2 2 2 2 2 2 2 2 2 2 2 2
left_child=2 12 13 7 -5 8 24 26 10 -10 18 -11 19 -1 15 -15 17 -16 -3 -2 -18 -6 -12 -21 -7 -17 -4 -28 -25
right_child=1 5 3 4 21 6 -8 -9 9 11 22 -13 -14 14 16 25 20 -19 -20 23 -22 -23 -24 28 -26 -27 27 -29 -30
leaf_value=0.00060167497939247073 -0.00065262535757028175 -0.00015558401100878907 -0.00057801819228855522 0.00062868812005578689 0.00029067011543165055 0.00023734805378713956 -0.00013259264334825117 0.00017355452356767042 -0.00023417496900466478 0.00019611747789669649 -0.00055631110215957451 0.00074842503106290739 0.00017543069820369703 0.00063433391681798617 -0.00062618339480762192 -7.6819350902998401e-05 0.00024931769218792594 1.0146057046020982e-05 6.4473035698450602e-07 -0.00048500949965108516 1.6414443010820952e-06 -0.00029155345012473437 -0.00015164625355731421 -0.0002997850430897464 0.00075316235879612468 0.00026756178331693295 0.00012785714982435054 -0.00036902380548328034 1.0761931651968848e-05
leaf_weight=5215 6458 45795 5013 5859 5296 5505 5122 8312 7675 17529 7049 5716 6563 7217 5220 7356 32670 23562 1213128 6712 30709 5402 21683 5001 5129 23729 9167 18623 11202
leaf_count=5215 6458 45795 5013 5859 5296 5505 5122 8312 7675 17529 7049 5716 6563 7217 5220 7356 32670 23562 1213128 6712 30709 5402 21683 5001 5129 23729 9167 18623 11202
internal_value=2.7928e-06 -7.95077e-06 7.8897e-05 -6.07416e-05 0.00022277 -2.30285e-06 0.000288611 -0.000175175 -5.80068e-06 0.000193085 -1.05911e-05 0.000334555 -0.000217074 0.000138253 0.000119282 0.000271975 5.55976e-05 -0.000107029 -5.0502e-06 -0.000305072 0.000129503 -3.3035e-06 -0.00025251 -0.000204712 0.000490835 0.000186082 -0.000263799 -0.000205248 -8.63382e-05
internal_weight=1.56362e+06 1.37027e+06 193350 57672 16557 1.33433e+06 15756 41115 1.31858e+06 30920 1.28766e+06 23245 35936 135678 130463 38302 92161 28782 1.25892e+06 29373 63379 10698 28732 22915 10634 31085 32803 27790 16203
internal_count=1563617 1370267 193350 57672 16557 1334331 15756 41115 1318575 30920 1287655 23245 35936 135678 130463 38302 92161 28782 1258923 29373 63379 10698 28732 22915 10634 31085 32803 27790 16203
is_linear=0
shrinkage=0.003


Tree=101
num_leaves=31
num_cat=0
split_feature=41 56 41 1 88 36 23 13 91 84 88 72 31 33 46 75 91 31 18 48 66 70 36 26 62 43 63 12 82 75
split_gain=144.634 135.358 170.778 141.997 165.754 174.982 133.689 149.909 140.801 245.432 131.999 122.14 150.028 170.613 137.745 149.772 143.938 109.077 122.786 119.157 109.059 98.8792 98.2533 98.0207 90.7526 97.8567 109.424 88.112 84.0358 78.892
threshold=0.093078613281250014 0.33605957031250006 0.086700439453125014 0.10610961914062501 0.0026753330603241925 0.081115722656250014 -1.1840820312499998 0.13043212890625003 -1.8417544364929197 0.026313319802284244 0.0021554240956902508 0.32775878906250006 0.10610961914062501 -0.099304199218749986 0.30627441406250006 -0.026268005371093747 -1.3753185272216795 0.078643798828125014 0.082336425781250014 10.074218750000002 0.46179199218750006 0.23443603515625003 0.066772460937500014 0.084320068359375014 -477.49999999999994 1.0419921875000002 -52.296874999999993 -0.0050468444824218741 -0.13371759653091428 -0.032363891601562493
decision_type=2 2 2 2 2 2 2 2 2 2 2 2 2 2 2 2 2 2 2 2 2 2 2 2 2 2 2 2 2 2
left_child=1 2 21 11 5 10 -2 8 9 -8 -5 12 13 -3 16 -16 -13 19 -19 -10 -6 27 -22 -14 -9 29 -27 28 -1 -26
right_child=6 3 -4 4 20 -7 7 24 17 -11 -12 14 23 -15 15 -17 -18 18 -20 -21 22 -23 -24 -25 25 26 -28 -29 -30 -31
leaf_value=-0.00032607279828251019 0.00018840590714940442 0.00011291953592502553 0.00020846237042066823 -8.4291413279091759e-05 -0.00072364945412612368 -0.00031834900337533603 0.00058564879752193708 -0.00033852028607483313 -9.6605756832139779e-05 -0.00027224588259546189 0.00056297652992267353 -6.5979193706259135e-05 0.00016790838513989253 -5.0043656958160447e-06 -3.6745746067471035e-05 -0.00033636597304543241 6.1376740416935693e-05 -0.00021631085598288209 8.9816766791045666e-05 -0.00038593098873507373 4.091616656024485e-05 0.00010095435250135468 -0.0004157013244397718 0.00068855847565810018 -2.3354522243190894e-06 7.4063694449689105e-05 0.00053966028001851886 -0.0005581549178908131 0.00011726675936908345 -0.00037205093151966361
leaf_weight=14203 15187 188476 8938 5059 5026 7199 5690 6153 19231 6143 6286 106440 9151 266409 362905 15566 319030 30532 19100 38782 7323 5824 9924 5032 20983 31234 5226 9701 5205 6804
leaf_count=14203 15187 188476 8938 5059 5026 7199 5690 6153 19231 6143 6286 106440 9151 266409 362905 15566 319030 30532 19100 38782 7323 5824 9924 5032 20983 31234 5226 9701 5205 6804
internal_value=-7.36636e-06 3.85217e-06 -0.000159879 9.33122e-06 -0.000164626 4.48766e-05 -8.16078e-05 -0.000103292 -0.000167953 0.000141731 0.00027613 1.49214e-05 5.33864e-05 4.387e-05 -7.52532e-06 -4.91543e-05 2.9508e-05 -0.000202096 -9.85593e-05 -0.000290352 -0.000338475 -0.00025445 -0.000222705 0.000356158 6.52904e-06 4.00495e-05 0.000142094 -0.00032566 -0.000207183 -9.38745e-05
internal_weight=1.56276e+06 1.3577e+06 43871 1.31383e+06 40817 18544 205065 189878 119478 11833 11345 1.27301e+06 469068 454885 803941 378471 425470 107645 49632 58013 22273 34933 17247 14183 70400 64247 36460 29109 19408 27787
internal_count=1562762 1357697 43871 1313826 40817 18544 205065 189878 119478 11833 11345 1273009 469068 454885 803941 378471 425470 107645 49632 58013 22273 34933 17247 14183 70400 64247 36460 29109 19408 27787
is_linear=0
shrinkage=0.003


Tree=102
num_leaves=31
num_cat=0
split_feature=8 47 33 13 31 16 74 56 36 33 84 36 20 87 73 59 40 35 75 48 20 90 23 89 75 75 75 84 6 89
split_gain=147.83 141.569 172.709 122.232 118.436 109.291 104.659 177.014 165.203 182.747 130.659 123.011 134.805 119.896 103.837 109.767 96.1371 267.571 149.703 141.824 112.987 92.7309 89.4467 88.7079 75.229 111.548 81.8587 100.687 73.764 87.8188
threshold=1.1069335937500002 0.22808837890625003 0.16162109375000003 0.43041992187500006 0.051971435546875007 0.070037841796875014 0.32287597656250006 0.37438964843750006 0.10913085937500001 -0.34460449218749994 0.033571720123291023 0.10815429687500001 0.51562500000000011 0.0021161418408155446 0.29333496093750006 0.20245361328125003 0.51562500000000011 0.48437500000000006 -0.042404174804687493 9.6132812500000018 0.35937500000000006 0.05244106054306031 -0.36315917968749994 0.0012928154319524767 -0.048965454101562493 -0.046310424804687493 -0.053085327148437493 0.032272987067699439 0.10903930664062501 0.0011536772362887862
decision_type=2 2 2 2 2 2 2 2 2 2 2 2 2 2 2 2 2 2 2 2 2 2 2 2 2 2 2 2 2 2
left_child=4 16 3 28 24 -4 10 8 9 -8 11 12 -6 21 22 -16 17 18 19 -2 -20 -12 -9 -18 26 -26 -1 -28 29 -3
right_child=1 2 5 -5 6 -7 7 14 -10 -11 13 -13 -14 -15 15 -17 23 -19 20 -21 -22 -23 -24 -25 25 -27 27 -29 -30 -31
leaf_value=-0.00012895458815158776 0.00019434867616221737 -0.00039807744512280211 6.1879474829377033e-06 0.00026081809812559989 -0.00026605453498609752 0.00059581276572246258 0.00019039304061761134 -1.4820493820012575e-05 -0.00035099836944067205 3.6280845258419557e-05 0.000154564298611943 0.00026484749573501794 0.00018210857726987822 0.00041495311955326521 0.00010129891677280245 -1.9841641684770236e-05 0.00021943606063085452 -0.00031042275603357659 0.00024639403780676286 0.00063024871175602155 -0.00037706320484094972 -0.00017062851718768087 -0.00051288607127229454 0.00069888228894479122 0.00032852242457070984 -0.00011012530253806137 -0.00074010422285052308 -0.00014081374647925053 -0.00048900284256889626 4.2794835831167235e-05
leaf_weight=26531 17979 6492 5849 5403 51136 5384 89216 6120 8435 308552 13950 5197 6777 6537 73420 798102 8657 9514 5200 10762 5070 17910 6823 5865 6537 24301 5075 5037 7133 10569
leaf_count=26531 17979 6492 5849 5403 51136 5384 89216 6120 8435 308552 13950 5197 6777 6537 73420 798102 8657 9514 5200 10762 5070 17910 6823 5865 6537 24301 5075 5037 7133 10569
internal_value=4.74114e-06 0.000114034 -2.35762e-05 -0.000143759 -3.04402e-06 0.00029156 2.90951e-06 1.02067e-05 6.20412e-05 7.08861e-05 -8.97936e-05 -0.000173648 -0.000213387 4.81246e-05 -1.36033e-05 -9.62589e-06 0.000203048 0.000138436 0.000248418 0.00035919 -6.20567e-05 -2.82037e-05 -0.000279299 0.000416525 -0.000125691 -1.638e-05 -0.000217391 -0.000445887 -0.000234811 -0.000126307
internal_weight=1.56353e+06 103877 40830 29597 1.45966e+06 11233 1.39218e+06 1.29067e+06 406203 397768 101507 63110 57913 38397 884465 871522 63047 48525 39011 28741 10270 31860 12943 14522 67481 30838 36643 10112 24194 17061
internal_count=1563533 103877 40830 29597 1459656 11233 1392175 1290668 406203 397768 101507 63110 57913 38397 884465 871522 63047 48525 39011 28741 10270 31860 12943 14522 67481 30838 36643 10112 24194 17061
is_linear=0
shrinkage=0.003


Tree=103
num_leaves=25
num_cat=0
split_feature=41 41 1 88 72 12 72 82 3 48 18 72 84 75 89 33 75 69 1 82 61 18 6 41
split_gain=158.159 166.518 194.566 236.037 145.971 145.332 126.055 124.946 122.621 122.422 140.168 119.061 118.875 165.229 130.761 110.129 108.362 95.9027 86.3004 211.637 104.254 77.6317 125.351 67.4707
threshold=0.041900634765625007 0.054824829101562507 0.064849853515625014 0.0032702321186661725 0.33581542968750006 -0.0067806243896484366 0.33264160156250006 -0.067869216203689561 1.5170898437500002 10.886718750000002 0.68994140625000011 0.32775878906250006 0.017762504518032077 -0.045822143554687493 0.00096575100906193267 0.65209960937500011 -0.034805297851562493 0.19244384765625003 0.059616088867187507 -0.077324807643890367 -0.81103515624999989 -0.44665527343749994 0.078155517578125014 0.052062988281250007
decision_type=2 2 2 2 2 2 2 2 2 2 2 2 2 2 2 2 2 2 2 2 2 2 2 2
left_child=5 2 6 9 23 -1 -2 -8 12 10 -4 -10 13 14 -3 -11 -7 -15 19 -14 -20 -13 -23 -5
right_child=1 8 3 4 -6 16 7 -9 11 15 -12 21 18 17 -16 -17 -18 -19 20 -21 -22 22 -24 -25
leaf_value=0.00069701387411541689 0.00046379300617358155 0.00028338870270405248 0.00030252116064982747 -0.00073306605070015739 -0.00010350691569897991 -0.0001054529316069723 -0.00037518478599760585 0.00027088147966036378 -0.00049319163622735989 -0.00028054393482370772 -0.00027553714194029785 0.00022157359054574403 -0.00010892713072916787 0.00021332003622349184 -0.00027405423944864491 0.00015784740337055746 0.00044743861479671921 0.00065810544390456 5.4361077206354716e-05 0.00014786742760200205 -2.9863897811577277e-06 -0.0003917135208431739 0.00015674633751079636 -0.00032859229932190369
leaf_weight=5292 7168 5696 12553 10522 8523 8073 5229 5351 7877 23079 5291 6064 132972 26617 10845 6562 5144 5174 462744 36799 743745 9416 6118 6116
leaf_count=5292 7168 5696 12553 10522 8523 8073 5229 5351 7877 23079 5291 6064 132972 26617 10845 6562 5144 5174 462744 36799 743745 9416 6118 6116
internal_value=6.81512e-06 3.50242e-06 -0.000121361 -0.00019012 -0.000424437 0.000281735 0.000159573 -4.89499e-05 1.12725e-05 -6.53309e-05 0.000130538 -0.000179926 1.52408e-05 0.000161321 -8.15457e-05 -0.000183287 0.000111474 0.000287546 1.00993e-05 -5.32109e-05 1.90117e-05 -6.39284e-05 -0.000176084 -0.000587236
internal_weight=1.56297e+06 1.54446e+06 90394 72646 25161 18509 17748 10580 1.45407e+06 47485 17844 29475 1.42459e+06 48332 16541 29641 13217 31791 1.37626e+06 169771 1.20649e+06 21598 15534 16638
internal_count=1562970 1544461 90394 72646 25161 18509 17748 10580 1454067 47485 17844 29475 1424592 48332 16541 29641 13217 31791 1376260 169771 1206489 21598 15534 16638
is_linear=0
shrinkage=0.003


Tree=104
num_leaves=24
num_cat=0
split_feature=6 33 87 74 33 33 37 16 1 18 18 26 31 73 35 74 62 20 38 33 43 74 48
split_gain=150.675 167.627 119.316 117.042 118.06 139.456 207.821 139.771 128.525 110.991 208.89 166.333 107.238 133.227 103.069 119 144.202 107.456 101.342 92.3434 88.4048 81.9954 61.5764
threshold=0.10372924804687501 0.82446289062500011 0.0053608529269695291 0.39904785156250006 -1.2875976562499998 -0.59594726562499989 0.011810302734375002 0.10864257812500001 0.092254638671875014 0.41247558593750006 0.34472656250000006 0.081756591796875014 0.046173095703125007 0.31262207031250006 0.35937500000000006 0.38391113281250006 -182.49999999999997 0.32812500000000006 0.73510742187500011 -1.6542968749999998 0.71752929687500011 0.36022949218750006 10.503906250000002
decision_type=2 2 2 2 2 2 2 2 2 2 2 2 2 2 2 2 2 2 2 2 2 2 2
left_child=3 2 14 4 12 6 7 -6 -8 10 -7 -11 13 20 15 16 -2 -16 21 -15 -1 -14 -19
right_child=1 -3 -4 -5 5 9 8 -9 -10 11 -12 -13 18 19 17 -17 -18 22 -20 -21 -22 -23 -24
leaf_value=-3.2964295487718964e-06 -0.00046749816218770495 0.00057309014528242666 -0.00032326785855685264 0.00033650537663111385 0.00012048657563850412 -2.704128844717043e-05 -3.7631482486758445e-05 -0.00036891098391547 -0.00042733040817672085 -1.7683457327772464e-05 -0.00025442500965721005 0.00012815260690838735 -0.0003558219007359455 -0.00056684571795616128 0.00059743012647910662 0.00037935167186835348 6.3698567417959636e-05 -8.6365177909434584e-05 -0.00065649978088461647 -6.6941873136502014e-06 0.00044055900278489567 1.3441385888580656e-05 0.00033678525559266832
leaf_weight=13989 6154 7080 5666 8676 185643 821147 49302 5310 8914 225897 37949 102132 11989 5307 7005 6479 17315 5945 5156 5197 5577 9786 6283
leaf_count=13989 6154 7080 5666 8676 185643 821147 49302 5310 8914 225897 37949 102132 11989 5307 7005 6479 17315 5945 5156 5197 5577 9786 6283
internal_value=-2.95263e-06 0.000141947 8.53501e-05 -8.93595e-06 -1.09653e-05 -5.6465e-06 5.88629e-05 0.000106691 -9.79324e-05 -1.91904e-05 -3.7114e-05 2.77479e-05 -0.000144743 -2.14048e-05 0.000132986 2.26748e-05 -7.69835e-05 0.000303748 -0.000281869 -0.00029238 0.000124815 -0.000190567 0.000132027
internal_weight=1.5639e+06 61927 54847 1.50197e+06 1.4933e+06 1.43629e+06 249169 190953 58216 1.18712e+06 859096 328029 57001 30070 49181 29948 23469 19233 26931 10504 19566 21775 12228
internal_count=1563898 61927 54847 1501971 1493295 1436294 249169 190953 58216 1187125 859096 328029 57001 30070 49181 29948 23469 19233 26931 10504 19566 21775 12228
is_linear=0
shrinkage=0.003


Tree=105
num_leaves=28
num_cat=0
split_feature=91 1 88 89 12 63 82 2 13 70 12 46 66 10 11 84 76 75 37 59 85 45 41 42 69 18 68
split_gain=107.479 139.365 216.541 254.38 112.431 199.916 180.967 171.904 209.097 169.133 118.293 135.218 134.497 105.668 104.205 93.9467 168.991 102.411 89.0952 100.675 91.3524 75.1386 68.0439 77.9221 72.0806 51.9937 51.9689
threshold=-0.1335504353046417 0.10610961914062501 0.002621705643832684 0.0010081767104566099 0.016235351562500003 -80.031249999999986 -0.15951299667358396 0.0082893371582031267 1.0419921875000002 0.14129638671875003 0.013633728027343752 0.31872558593750006 1.7866210937500002 0.42187500000000006 0.10671997070312501 0.035619392991065986 0.019001007080078128 -0.024406433105468747 0.033523559570312507 0.22845458984375003 0.012205522507429125 1.0781250000000002 0.059616088867187507 -0.0014176368713378904 0.34167480468750006 -0.29943847656249994 0.046066284179687507
decision_type=2 2 2 2 2 2 2 2 2 2 2 2 2 2 2 2 2 2 2 2 2 2 2 2 2 2 2
left_child=1 4 3 25 10 7 13 8 -6 -9 18 12 -12 -7 -8 16 17 21 19 -1 -20 -2 -4 -24 -25 -3 -13
right_child=15 2 22 -5 5 6 14 9 -10 -11 11 26 -14 -15 -16 -17 -18 -19 20 -21 -22 -23 23 24 -26 -27 -28
leaf_value=4.1033165868990992e-05 4.1483464577719687e-05 2.3436348524785811e-05 -0.00065262547516848908 0.00050475803977311265 -0.00036574639382431167 0.00060682854908611047 -8.2508810709799142e-05 -0.00013592128999600613 1.1222588102312854e-05 -0.00084579385947042697 0.00015898409716002653 0.00012715982245057767 0.00062307058153063103 3.898918523227154e-05 0.00013205683068721414 -0.00018329026228906573 0.00068129666396549767 -0.0002434844501449199 6.6250545447910469e-05 -1.3901611451289877e-05 -0.00033901295340170272 0.00044556459723516602 -5.4039709485214281e-05 -0.00068668629919773532 -0.00018583081283526202 -0.00037801799305453381 -0.00024082417287562822
leaf_weight=534802 8794 5108 5384 7325 20554 6642 82799 5702 36890 6434 35129 5482 6623 5269 26911 5577 6025 5292 8010 684310 13123 7767 8451 5246 5206 6594 9013
leaf_count=534802 8794 5108 5384 7325 20554 6642 82799 5702 36890 6434 35129 5482 6623 5269 26911 5577 6025 5292 8010 684310 13123 7767 8451 5246 5206 6594 9013
internal_value=1.72728e-06 -1.95369e-06 -0.000169501 7.00284e-05 2.93549e-06 -6.49572e-05 8.44275e-06 -0.000193083 -0.000124062 -0.000516103 1.29522e-05 0.000147389 0.000233914 0.000358053 -2.98052e-05 0.000169684 0.000240699 0.000116674 6.84394e-06 1.01987e-05 -0.000185818 0.000232532 -0.000356671 -0.000269386 -0.000441342 -0.000204067 -0.000101735
internal_weight=1.56446e+06 1.53101e+06 43314 19027 1.48769e+06 191201 121621 69580 57444 12136 1.29649e+06 56247 41752 11911 109710 33455 27878 21853 1.24024e+06 1.21911e+06 21133 16561 24287 18903 10452 11702 14495
internal_count=1564462 1531007 43314 19027 1487693 191201 121621 69580 57444 12136 1296492 56247 41752 11911 109710 33455 27878 21853 1240245 1219112 21133 16561 24287 18903 10452 11702 14495
is_linear=0
shrinkage=0.003


Tree=106
num_leaves=23
num_cat=0
split_feature=67 30 59 59 6 33 30 63 3 30 80 2 12 62 43 1 11 75 18 75 56 48
split_gain=157.683 146.335 182.948 127.396 114.921 147.834 156.439 114.434 105.425 95.8438 104.171 100.036 95.3146 194.47 91.0805 67.3893 85.9044 97.0075 79.8672 57.8664 48.5964 44.2825
threshold=-93.218749999999986 0.73437500000000011 0.23944091796875003 0.25524902343750006 0.10324096679687501 0.83813476562500011 0.42187500000000006 -76.718749999999986 -0.10089111328124999 0.64062500000000011 -0.1148143708705902 0.0077438354492187509 0.015983581542968753 -66.499999999999986 0.80004882812500011 0.073760986328125014 0.062896728515625014 -0.045700073242187493 -0.80249023437499989 -0.035293579101562493 0.34729003906250006 11.464843750000002
decision_type=2 2 2 2 2 2 2 2 2 2 2 2 2 2 2 2 2 2 2 2 2 2
left_child=15 4 -3 19 9 6 7 -6 -8 12 -11 -12 14 -14 -2 16 -1 -18 -17 -4 -19 -20
right_child=1 2 3 -5 5 -7 8 -9 -10 10 11 -13 13 -15 -16 18 17 20 21 -21 -22 -23
leaf_value=0.000217223478640008 2.5660564402690306e-05 0.00059972042732724877 7.8553235423517952e-05 0.00035472609951389921 -9.38670102238863e-05 0.00052498337350919484 3.4833163240927886e-05 0.00024880399512656397 -0.00052367172678825194 -0.00038808282388045506 -0.000102644948746576 0.00010712059241623607 -9.2254397237482628e-05 0.00021787885999800937 -5.2623614400529403e-05 -2.9909462211822654e-05 0.00011575716476528058 -0.0001594828536108489 -0.00064377561657521707 -0.00035683222457469452 -0.00054909730396910728 -0.00028340312642179371
leaf_weight=6643 956729 8081 5231 7645 11951 7309 6464 32406 5626 9148 95234 25965 166748 20329 155400 6235 6430 6359 5594 5618 5354 7306
leaf_count=6643 956729 8081 5231 7645 11951 7309 6464 32406 5626 9148 95234 25965 166748 20329 155400 6235 6430 6359 5594 5618 5354 7306
internal_value=7.64675e-07 5.89094e-06 0.000226132 6.0544e-05 1.95665e-06 0.000126474 7.40363e-05 0.000156476 -0.000227227 -3.60511e-06 -8.11245e-05 -5.76547e-05 4.17791e-06 -5.84549e-05 1.4718e-05 -0.00017624 -7.25004e-05 -0.000179191 -0.000309541 -0.000148105 -0.000340716 -0.000443426
internal_weight=1.5638e+06 1.51988e+06 26575 18494 1.49331e+06 63756 56447 44357 12090 1.42955e+06 130347 121199 1.29921e+06 187077 1.11213e+06 43921 24786 18143 19135 10849 11713 12900
internal_count=1563805 1519884 26575 18494 1493309 63756 56447 44357 12090 1429553 130347 121199 1299206 187077 1112129 43921 24786 18143 19135 10849 11713 12900
is_linear=0
shrinkage=0.003


Tree=107
num_leaves=31
num_cat=0
split_feature=8 12 71 82 13 73 22 56 81 83 91 91 83 87 64 13 56 11 32 74 16 6 3 21 13 40 84 43 57 12
split_gain=147.268 156.321 220.896 248.489 166.925 162.348 154.44 140.913 155.644 140.616 139.964 157.162 180.161 150.801 138.744 136.532 132.803 123.348 155.799 159.171 183.875 173.319 142.435 136.804 119.072 113.008 195.201 112.952 103.838 91.4247
threshold=1.1069335937500002 0.016235351562500003 1.9350585937500002 -0.064748302102088914 0.71752929687500011 0.30383300781250006 0.034805297851562507 0.38928222656250006 -0.046539291739463799 -0.047469735145568841 -1.5479855537414549 -1.4665303230285642 -0.058317169547080987 0.0028198128566145901 0.058883666992187507 1.1362304687500002 0.39953613281250006 0.087249755859375014 0.016433715820312503 0.33605957031250006 0.085144042968750014 0.099151611328125014 0.33532714843750006 0.064849853515625014 -0.18334960937499997 0.26562500000000006 0.0353463962674141 0.84033203125000011 0.51147460937500011 0.018104553222656253
decision_type=2 2 2 2 2 2 2 2 2 2 2 2 2 2 2 2 2 2 2 2 2 2 2 2 2 2 2 2 2 2
left_child=1 4 10 25 6 -6 14 9 -9 -7 13 15 -13 -3 27 -12 -8 18 19 -2 21 -21 23 -19 -22 -4 -27 -1 -15 -25
right_child=17 2 3 -5 5 7 16 8 -10 -11 11 12 -14 28 -16 -17 -18 22 -20 20 24 -23 -24 29 -26 26 -28 -29 -30 -31
leaf_value=9.2353368197680727e-06 0.0004706622769446585 -0.00070664005498994481 0.0005220235339117896 -0.00027035684911075894 0.00061868700960013019 -0.00035243671098419044 5.144220828915624e-05 0.00050088102376391629 5.651457355695417e-05 0.0002307431203218487 -8.0205389965090136e-05 0.00031279662252604352 -0.00015941373778861708 -0.00058411033998508066 0.00035438182551190657 0.00059193823713465628 -0.00045261037831345065 0.00057595695892171046 0.00041143992693040736 0.00025410666863580057 3.7613624866501519e-05 -0.00021292110104024201 0.00074832619051926768 0.00022872076634298039 0.00053907309441383205 0.00029163348006061449 -0.00037862968226772366 -7.7032622180997739e-05 -0.00013748569422477721 -0.00031206586432428932
leaf_weight=1027678 6033 6500 9307 11341 6276 9428 7478 11409 18570 6018 5374 7799 92535 5515 9801 5364 12498 5074 9667 8605 11638 40222 5017 6173 6639 15534 5121 157432 29013 5002
leaf_count=1027678 6033 6500 9307 11341 6276 9428 7478 11409 18570 6018 5374 7799 92535 5515 9801 5364 12498 5074 9667 8605 11638 40222 5017 6173 6639 15534 5121 157432 29013 5002
internal_value=-9.06547e-07 -8.68151e-06 -8.80986e-05 0.000106275 3.45115e-06 0.000170232 -3.65983e-06 0.00010705 0.000226729 -0.000125198 -0.000140916 -8.5464e-05 -0.000122434 -0.000290465 7.24267e-07 0.000257917 -0.000264602 0.000108072 5.55585e-05 8.02174e-06 -3.42105e-05 -0.000130264 0.000311326 0.000172647 0.000221708 0.00024926 0.000124431 -2.23018e-06 -0.000210304 -1.39596e-05
internal_weight=1.56406e+06 1.45999e+06 193403 41303 1.26659e+06 51701 1.21489e+06 45425 29979 15446 152100 111072 100334 41028 1.19491e+06 10738 19976 104070 82804 73137 67104 48827 21266 16249 18277 29962 20655 1.18511e+06 34528 11175
internal_count=1564061 1459991 193403 41303 1266588 51701 1214887 45425 29979 15446 152100 111072 100334 41028 1194911 10738 19976 104070 82804 73137 67104 48827 21266 16249 18277 29962 20655 1185110 34528 11175
is_linear=0
shrinkage=0.003


Tree=108
num_leaves=31
num_cat=0
split_feature=41 80 76 40 88 2 21 3 18 70 74 71 75 16 2 38 21 69 11 85 40 71 78 11 36 90 69 27 40 3
split_gain=104.345 158.102 210.966 168.259 227.676 151.913 196.281 137.498 174.211 174.898 156.852 121.328 177.86 123.788 116.65 128.822 118.144 113.832 238.489 199.925 199.009 180.871 159.157 206.651 153.456 107.812 106.674 105.897 104.305 129.049
threshold=0.089508056640625014 -0.12749540805816648 0.016330718994140628 0.70312500000000011 0.0028961300849914555 -0.010585784912109373 0.094299316406250014 0.10537719726562501 -0.80249023437499989 0.12338256835937501 0.32482910156250006 1.9702148437500002 -0.052413940429687493 0.082916259765625014 0.027442932128906253 0.46704101562500006 0.095611572265625014 0.33215332031250006 0.090545654296875014 0.014974288642406465 0.32812500000000006 1.9506835937500002 0.69773781299591076 0.075042724609375014 0.078643798828125014 -0.059974551200866692 0.28723144531250006 -0.0053596496582031241 0.60937500000000011 -0.94702148437499989
decision_type=2 2 2 2 2 2 2 2 2 2 2 2 2 2 2 2 2 2 2 2 2 2 2 2 2 2 2 2 2 2
left_child=1 17 -3 14 -5 6 28 8 27 -10 26 13 -13 -12 16 -16 -4 21 19 20 -19 22 23 -1 -21 -11 -9 -7 -2 -30
right_child=5 2 3 4 -6 7 -8 10 9 25 11 12 -14 -15 15 -17 -18 18 -20 24 -22 -23 -24 -25 -26 -27 -28 -29 29 -31
leaf_value=0.00048966647910474496 -0.00016248155678557938 -0.00052829263815804136 2.6889989623323627e-07 4.9629914012632487e-06 0.00077282982608418407 0.0001176694672822208 -0.00051763413189529048 -0.00010035015396328353 -0.00021888318396212712 6.053911047164174e-05 -9.2692639898871832e-06 -0.00010985956098729956 0.00051691587132875498 -0.00025733622905382689 -8.1190628837368245e-05 -0.00055704169590804504 0.00010841659393925269 -0.00033073229589184426 0.00032676693727040678 -7.567118394240108e-05 0.00011307149276954529 0.00069524978436184283 2.9334405230151283e-06 7.6130555900711969e-05 0.00050734975982613228 0.00030152682922332942 -0.00070708482465954873 -0.00039588351811431185 -0.00017221391724767888 0.00032419507084337467
leaf_weight=20098 52831 6515 950236 8124 5975 5666 11343 5018 10424 29604 65182 8104 8037 24971 30301 6074 100430 27564 17338 8305 13485 5617 38780 23659 7813 38437 5418 9698 8606 10195
leaf_count=20098 52831 6515 950236 8124 5975 5666 11343 5018 10424 29604 65182 8104 8037 24971 30301 6074 100430 27564 17338 8305 13485 5617 38780 23659 7813 38437 5418 9698 8606 10195
internal_value=6.90652e-06 1.86866e-05 5.85717e-06 9.06521e-06 0.000333527 -4.40625e-05 -0.000152697 -1.20071e-06 8.42581e-05 0.000141471 -6.99069e-05 -3.52645e-05 0.000203488 -7.8189e-05 4.82662e-06 -0.000161959 1.06157e-05 0.000105993 1.96167e-05 -7.39459e-05 -0.000185018 0.000178891 0.000142952 0.000266755 0.000208327 0.000196918 -0.000419067 -0.000206957 -9.42678e-05 9.72591e-05
internal_weight=1.56385e+06 1.27031e+06 1.10766e+06 1.10114e+06 14099 293534 82975 210559 93829 78465 116730 106294 16141 90153 1.08704e+06 36375 1.05067e+06 162659 74505 57167 41049 88154 82537 43757 16118 68041 10436 15364 71632 18801
internal_count=1563848 1270314 1107655 1101140 14099 293534 82975 210559 93829 78465 116730 106294 16141 90153 1087041 36375 1050666 162659 74505 57167 41049 88154 82537 43757 16118 68041 10436 15364 71632 18801
is_linear=0
shrinkage=0.003


Tree=109
num_leaves=31
num_cat=0
split_feature=41 3 61 90 89 16 23 63 31 45 6 16 65 59 71 23 23 11 6 57 46 23 58 46 3 76 26 73 60 73
split_gain=139.722 148.393 123.287 180.705 165.566 171.265 131.279 129.526 201.832 199.541 166.531 148.459 174.664 172.475 106.954 116.203 172.825 112.645 159.162 105.259 104.18 104.006 113.853 151.173 128.859 123.379 95.9138 93.171 88.5111 76.7769
threshold=0.093078613281250014 -1.1948242187499998 -0.81103515624999989 -0.030890017747879025 0.0012483168393373492 0.051330566406250007 1.2465820312500002 -97.593749999999986 0.064117431640625014 2.6406250000000004 0.068908691406250014 0.087036132812500014 0.039566040039062507 0.28674316406250006 1.9389648437500002 0.31225585937500006 0.85229492187500011 0.090545654296875014 0.059310913085937507 0.50268554687500011 0.26696777343750006 -1.3896484374999998 2.0888671875000004 0.33679199218750006 0.76977539062500011 0.021327972412109378 0.10015869140625001 0.31872558593750006 -6.4999999999999991 0.31042480468750006
decision_type=2 2 2 2 2 2 2 2 2 2 2 2 2 2 2 2 2 2 2 2 2 2 2 2 2 2 2 2 2 2
left_child=2 28 3 14 5 -4 19 8 10 -10 -6 13 -13 -9 15 20 -17 18 -16 -7 -1 -3 23 -23 26 -25 -24 -19 -2 -26
right_child=1 21 4 -5 7 6 -8 11 9 -11 -12 12 -14 -15 17 16 -18 27 -20 -21 -22 22 24 25 29 -27 -28 -29 -30 -31
leaf_value=-0.00031093685913451412 -6.4334188385719267e-05 0.00027774961799048386 -0.0006098714458058252 0.00048864281480166729 -0.00025261328666425901 -0.00048031584772117135 0.0003677946704809982 -5.0903802101128399e-05 0.00027829028711834976 -0.00020212596660805127 7.0405456542557571e-05 0.00060358728804438602 4.7450800913944623e-05 0.00028929230530091955 0.00052672424730893235 -0.00012612077944130939 9.3345402205201132e-05 0.00070394507557763766 -1.0044642701796007e-06 -8.5006216415685671e-05 6.9152397655698441e-05 -0.00055187731462379651 1.6991071199745553e-05 -0.00040251132681266497 -0.00034458913528161844 0.00017849888571188743 -0.00032460852270673038 0.0002135690723553085 -0.0005325996650473409 6.9398446561339029e-05
leaf_weight=6554 5868 8179 5765 8152 19893 6303 5410 436570 55549 8972 50926 5155 156088 13739 5957 88764 50639 5176 34103 116346 267677 9457 128254 5440 17135 8003 7750 10712 9570 5224
leaf_count=6554 5868 8179 5765 8152 19893 6303 5410 436570 55549 8972 50926 5155 156088 13739 5957 88764 50639 5176 34103 116346 267677 9457 128254 5440 17135 8003 7750 10712 9570 5224
internal_value=-1.28686e-06 -7.42967e-05 9.72907e-06 4.85284e-05 -1.13203e-05 -0.000108453 -8.54216e-05 6.09558e-06 9.00391e-05 0.000211276 -2.05585e-05 -1.24933e-05 6.55938e-05 -4.04624e-05 4.07856e-05 2.41148e-05 -4.63886e-05 0.000163773 7.8586e-05 -0.000105696 5.99584e-05 -5.11505e-05 -6.61361e-05 -0.000263384 -3.7465e-05 -5.78554e-05 -2.69871e-06 0.000376728 -0.000356171 -0.000247986
internal_weight=1.56333e+06 204880 1.35845e+06 477734 880716 133824 128059 746892 135340 64521 70819 611552 161243 450309 469582 413634 139403 55948 40060 122649 274231 189442 181263 22900 158363 13443 136004 15888 15438 22359
internal_count=1563330 204880 1358450 477734 880716 133824 128059 746892 135340 64521 70819 611552 161243 450309 469582 413634 139403 55948 40060 122649 274231 189442 181263 22900 158363 13443 136004 15888 15438 22359
is_linear=0
shrinkage=0.003


Tree=110
num_leaves=31
num_cat=0
split_feature=28 8 8 18 18 89 20 16 66 65 61 18 72 87 84 2 26 27 80 85 86 23 1 3 47 18 59 47 47 69
split_gain=89.5198 120.923 156.117 139.096 139.597 111.056 131.928 98.0754 199.028 170.75 153.795 136.363 173.493 172.392 178.893 153.717 172.013 149.034 146.449 105.699 125.179 101.807 92.8574 210.098 116.826 111.924 96.7002 86.1484 101.301 111.49
threshold=-0.82812499999999989 0.18585205078125003 0.33532714843750006 -0.20471191406249997 0.42199707031250006 0.00096046738326549541 0.60937500000000011 0.084442138671875014 4.3066406250000009 0.082702636718750014 5.5957031250000009 -0.15435791015624997 0.30700683593750006 0.0010673629585653546 0.034962549805641181 0.030044555664062503 0.10690307617187501 0.021743774414062503 -0.039057463407516473 0.015160441398620607 0.0020978157408535485 -0.26953124999999994 0.069030761718750014 -0.14849853515624997 0.24798583984375003 0.96337890625000011 0.20513916015625003 0.26989746093750006 0.21978759765625003 0.27087402343750006
decision_type=2 2 2 2 2 2 2 2 2 2 2 2 2 2 2 2 2 2 2 2 2 2 2 2 2 2 2 2 2 2
left_child=1 5 3 -3 -5 22 -7 11 9 -9 -10 12 -2 14 -14 16 18 -15 -13 -11 -21 -12 24 -24 -1 -25 -26 28 -4 -30
right_child=7 2 27 4 -6 6 -8 8 10 19 21 15 13 17 -16 -17 -18 -19 -20 20 -22 -23 23 25 26 -27 -28 -29 29 -31
leaf_value=-0.00047619276505811518 -0.00011790814030270973 -8.8024159181773417e-05 9.8612287742448843e-05 0.00084738359652595401 0.00014595212887874093 -0.00051326575450552311 1.6451100186134954e-05 4.8075109078661647e-05 -0.00066418983090576664 -7.3886492648310035e-06 -0.00038547438386409499 -2.9745575539541736e-05 0.00052233693337272978 9.9811407602424967e-06 9.0239081768114186e-05 -0.00046448917436401997 0.0003588592877357385 0.00022488574453117434 -0.00020431792535873045 0.00016519017135639119 0.00075053613797883582 0.00015422163083872388 0.00035104723511832965 -0.00014626088662903305 -0.00035690210319186394 0.00025022792852945005 0.00017563776379906992 0.00029122110919004853 4.0988295535704085e-05 -0.00025524288501244986
leaf_weight=10682 70929 5593 23010 5058 5157 12453 6374 355260 5634 5560 5307 321023 12710 435061 26553 7858 9245 31021 49893 6123 7185 7432 10960 53162 5198 7192 7198 6583 18398 30004
leaf_count=10682 70929 5593 23010 5058 5157 12453 6374 355260 5634 5560 5307 321023 12710 435061 26553 7858 9245 31021 49893 6123 7185 7432 10960 53162 5198 7192 7198 6583 18398 30004
internal_value=-9.37084e-07 -5.90295e-05 2.06222e-05 0.000291486 0.000498117 -0.000124982 -0.000334787 7.93046e-06 4.79027e-05 6.28969e-05 -0.00025611 -8.34293e-06 2.09299e-05 4.04363e-05 0.000231087 -5.18123e-05 -4.31622e-05 2.43297e-05 -5.32766e-05 0.000340247 0.00048446 -7.18641e-05 -8.28247e-05 -2.91666e-05 -0.000247794 -9.86781e-05 -4.87406e-05 -3.45793e-05 -6.49779e-05 -0.000142791
internal_weight=1.56382e+06 207022 93803 15808 10215 113219 18827 1.35679e+06 392501 374128 18373 964293 576274 505345 39263 388019 380161 466082 370916 18868 13308 12739 94392 71314 23078 60354 12396 77995 71412 48402
internal_count=1563816 207022 93803 15808 10215 113219 18827 1356794 392501 374128 18373 964293 576274 505345 39263 388019 380161 466082 370916 18868 13308 12739 94392 71314 23078 60354 12396 77995 71412 48402
is_linear=0
shrinkage=0.003


Tree=111
num_leaves=27
num_cat=0
split_feature=41 23 27 7 72 66 8 82 30 59 59 54 41 16 46 79 59 7 82 15 0 83 11 0 18 71
split_gain=119.256 128.235 157.451 181.116 263.408 135.726 123.143 117.513 109.814 156.569 113.709 107.961 195.716 125.624 114.089 189.836 171.039 149.055 140.549 114.919 107.94 107.388 103.261 101.799 70.1061 48.8457
threshold=0.093078613281250014 -1.2460937499999998 0.022888183593750003 -0.024887084960937497 0.31286621093750006 2.1279296875000004 0.25891113281250006 -0.122064471244812 0.73437500000000011 0.23870849609375003 0.25524902343750006 0.10067749023437501 0.061874389648437507 0.071807861328125014 0.32019042968750006 0.28329566121101385 0.22241210937500003 0.019096374511718753 -0.027568727731704708 0.23437500000000003 0.51562500000000011 -0.0032033678144216533 0.081115722656250014 0.26562500000000006 -0.087158203124999986 1.8178710937500002
decision_type=2 2 2 2 2 2 2 2 2 2 2 2 2 2 2 2 2 2 2 2 2 2 2 2 2 2
left_child=8 22 3 4 -3 6 -5 -4 11 -10 24 14 13 -13 17 19 -17 18 -1 -16 23 -19 -2 -14 -11 -15
right_child=1 2 7 5 -6 -7 -8 -9 9 10 -12 12 20 25 15 16 -18 21 -20 -21 -22 -23 -24 -25 -26 -27
leaf_value=-2.6448565121236212e-05 0.00043741298326503887 -0.00024422415633488018 -0.00072350376496483476 -0.00016521279498152229 0.00061294469914251312 0.00037539467580475588 9.9603827882558448e-06 -0.00011679114022930764 0.0005746833123518746 9.8412018123812596e-05 0.00034070282508354561 0.00014415968202611306 0.00041900161544807245 -0.00055672806253810755 0.00011784743943976775 -3.0016548405641143e-06 0.00012261491298202806 6.7394243678473977e-05 -0.00030823321202351229 -0.00039402208675983988 0.00054831547398250088 0.00047936266787820808 -0.00010318910710144257 8.4299323012009108e-05 -0.00038116523127584839 -0.00016212912696301533
leaf_weight=737139 7806 5294 5759 107167 7992 5347 54435 5728 7290 5482 7398 8330 10404 5028 5473 205020 186002 87830 16184 13712 7298 5995 5266 37298 5327 6551
leaf_count=737139 7806 5294 5759 107167 7992 5347 54435 5728 7290 5482 7398 8330 10404 5028 5473 205020 186002 87830 16184 13712 7298 5995 5266 37298 5327 6551
internal_value=1.54562e-06 -6.59195e-05 -8.55532e-05 -6.3722e-05 0.00027212 -9.05957e-05 -0.000106237 -0.000424585 1.17256e-05 0.000206362 5.65544e-05 7.98545e-06 0.00011855 -0.000135837 1.38949e-06 4.24504e-05 5.67679e-05 -1.84958e-05 -3.25424e-05 -0.000248145 0.000210712 9.41995e-05 0.000220504 0.000158023 -0.000139266 -0.000336777
internal_weight=1.56256e+06 204794 191722 180235 13286 166949 161602 11487 1.35776e+06 25497 18207 1.33226e+06 74909 19909 1.25736e+06 410207 391022 847148 753323 19185 55000 93825 13072 47702 10809 11579
internal_count=1562555 204794 191722 180235 13286 166949 161602 11487 1357761 25497 18207 1332264 74909 19909 1257355 410207 391022 847148 753323 19185 55000 93825 13072 47702 10809 11579
is_linear=0
shrinkage=0.003


Tree=112
num_leaves=31
num_cat=0
split_feature=67 42 46 28 65 71 28 80 7 87 13 62 43 13 70 73 85 82 42 69 40 23 65 40 18 41 65 40 85 61
split_gain=177.477 154.904 154.627 216.074 149.445 176.932 161.969 153.139 160.358 156.054 130.756 124.628 120.49 174.843 117.13 261.239 234.68 218.081 128.808 128.356 116.947 125.697 118.349 112.364 110.181 104.021 152.387 97.8774 146.488 234.364
threshold=-34.984374999999993 0.015213012695312502 0.31896972656250006 0.60131835937500011 0.046981811523437507 1.9233398437500002 -0.88989257812499989 -0.13366645574569699 0.019912719726562503 0.0012672459706664088 -0.83374023437499989 -122.49999999999999 -1.2832031249999998 -0.37976074218749994 0.16412353515625003 0.28796386718750006 0.012890161946415903 -0.075976371765136705 0.021865844726562503 0.36608886718750006 0.48437500000000006 0.63916015625000011 0.040634155273437507 0.54687500000000011 -0.44665527343749994 0.049697875976562507 0.067962646484375014 0.70312500000000011 0.0076579488813877114 -0.20037841796874997
decision_type=2 2 2 2 2 2 2 2 2 2 2 2 2 2 2 2 2 2 2 2 2 2 2 2 2 2 2 2 2 2
left_child=1 12 14 24 5 20 -6 10 11 -10 -8 -9 13 -1 15 -3 18 -17 -16 -18 22 23 -2 -22 -4 26 -15 -14 -29 -30
right_child=4 2 3 -5 6 -7 7 8 9 -11 -12 -13 27 25 16 17 19 -19 -20 -21 21 -23 -24 -25 -26 -27 -28 28 29 -31
leaf_value=0.00017697216151013324 -0.00035502590324225472 0.0006670587237573751 -0.00032269136732040576 -0.00076211198186216177 -0.00042508849588728702 0.00073553852874942705 0.0006114021519161777 0.0001340778487673878 0.00060978124684650406 7.6208490818840526e-05 0.00015283650187050809 -8.4888049170253146e-05 1.2746254101981081e-05 3.1314413800539304e-05 -0.00048381698056575384 -5.0895510062868562e-05 0.00010894616303686284 0.00057647695449431565 -0.00012711399208480682 -0.00024048942080213284 0.00051838563476724832 0.00072252941263276484 0.00017841596917973624 2.8896389659410486e-06 -2.63623116413166e-05 -0.0005323324949155139 -0.00053073562920505639 0.00059568488843710044 -0.00031113782444760287 0.0004105253038164739
leaf_weight=10638 5988 5808 19330 5768 6126 5688 6753 32348 7310 14863 31219 83755 1067998 13629 16195 54886 40447 5384 20894 12241 5775 5060 9620 10807 27012 9246 6264 6325 7805 8208
leaf_count=10638 5988 5808 19330 5768 6126 5688 6753 32348 7310 14863 31219 83755 1067998 13629 16195 54886 40447 5384 20894 12241 5775 5060 9620 10807 27012 9246 6264 6325 7805 8208
internal_value=1.02149e-05 -2.90368e-06 -7.81281e-05 -0.000219435 8.80897e-05 0.000247116 5.05337e-05 6.7297e-05 2.08928e-05 0.000254065 0.00023578 -2.38181e-05 1.09449e-05 -0.000151028 -3.07719e-05 6.50343e-05 -0.000101281 6.01059e-06 -0.000283751 2.746e-05 0.000170765 0.000313002 -2.7196e-05 0.000184452 -0.000150395 -0.000270969 -0.000147436 1.68672e-05 0.000212959 5.90269e-05
internal_weight=1.56339e+06 1.33808e+06 207965 52110 225312 42938 182374 176248 138276 22173 37972 116103 1.13011e+06 39777 155855 66078 89777 60270 37089 52688 37250 21642 15608 16582 46342 29139 19893 1.09034e+06 22338 16013
internal_count=1563390 1338078 207965 52110 225312 42938 182374 176248 138276 22173 37972 116103 1130113 39777 155855 66078 89777 60270 37089 52688 37250 21642 15608 16582 46342 29139 19893 1090336 22338 16013
is_linear=0
shrinkage=0.003


Tree=113
num_leaves=24
num_cat=0
split_feature=33 3 6 46 74 91 38 8 3 13 2 60 91 74 17 80 58 68 5 82 84 23 41
split_gain=148.818 101.415 142.111 107.346 187.811 109.116 240.009 201.341 162.903 107.777 118.978 103.616 90.9417 85.9047 83.7157 80.696 112.177 109.41 140.108 106.492 105.553 59.4404 59.0327
threshold=-1.3242187499999998 1.5170898437500002 0.059310913085937507 0.26037597656250006 0.33850097656250006 -1.7040987014770506 0.66113281250000011 -0.63500976562499989 -1.0908203124999998 1.0766601562500002 0.015213012695312502 21.500000000000004 -1.5568799972534177 0.36193847656250006 0.00036072731018066412 -0.098395749926567064 2.1123046875000004 0.058853149414062507 0.32812500000000006 -0.078636661171913133 0.027691110968589786 0.44726562500000006 0.067230224609375014
decision_type=2 2 2 2 2 2 2 2 2 2 2 2 2 2 2 2 2 2 2 2 2 2 2
left_child=15 3 -3 4 -2 6 7 -5 -8 10 -6 12 -7 -4 -15 -1 17 20 -19 -18 -17 -21 -13
right_child=1 2 13 5 9 11 8 -9 -10 -11 -12 22 -14 14 -16 16 19 18 -20 21 -22 -23 -24
leaf_value=0.00015785757366687465 -0.00034792515392641964 -0.00054306203405351118 -0.00027000305687034529 0.00034392616562224903 0.00017631542543936117 -6.7886123608012206e-05 -0.00059087185537635598 7.6228949540037733e-05 -4.6944319122502278e-05 -9.7683683321218978e-05 0.00055486638673324883 9.7280883332759007e-05 6.9737849283612828e-06 0.00030250078531954239 -0.00013749497829346644 -3.7593035138795767e-05 -0.00066938202337938452 -0.00023489839019171348 0.00032397228508310709 -0.00038513967671913917 -0.000575222036126161 2.4077752541902427e-05 0.00051661484231099503
leaf_weight=6814 5901 6643 9841 32107 25854 169651 5545 118120 40764 7943 10507 7424 1046046 7848 7541 7507 6689 6831 9585 7031 5767 5767 5065
leaf_count=6814 5901 6643 9841 32107 25854 169651 5545 118120 40764 7943 10507 7424 1046046 7848 7541 7507 6689 6831 9585 7031 5767 5767 5065
internal_value=5.37033e-06 1.10177e-05 -0.000156141 1.46404e-05 0.00015084 9.83065e-06 7.5443e-05 0.000133633 -0.000113207 0.000217906 0.000286925 -6.74015e-07 -3.47767e-06 -5.25236e-05 8.7396e-05 -0.000146358 -0.000188745 -7.22124e-05 9.14017e-05 -0.000365018 -0.000273725 -0.000201982 0.000270097
internal_weight=1.56279e+06 1.5068e+06 31873 1.47493e+06 50205 1.42472e+06 196536 150227 46309 44304 36361 1.22819e+06 1.2157e+06 25230 15389 55991 49177 29690 16416 19487 13274 12798 12489
internal_count=1562791 1506800 31873 1474927 50205 1424722 196536 150227 46309 44304 36361 1228186 1215697 25230 15389 55991 49177 29690 16416 19487 13274 12798 12489
is_linear=0
shrinkage=0.003


Tree=114
num_leaves=31
num_cat=0
split_feature=41 76 21 7 65 3 6 27 1 88 58 43 32 60 86 12 86 13 13 77 10 45 59 59 63 46 62 56 6 82
split_gain=141.236 144.815 160.602 145.314 167.378 148.247 127.465 111.863 111.157 161.73 122.142 113.51 108.568 105.372 96.1307 153.433 173.138 164.182 156.691 234.304 118.871 82.7653 229.835 140.204 127.651 93.8078 111.868 62.7202 48.666 39.4338
threshold=0.093078613281250014 0.024921417236328128 0.055282592773437507 -0.024887084960937497 0.063323974609375014 -1.1948242187499998 0.083160400390625014 0.0068092346191406259 0.10671997070312501 0.0026147523894906048 2.1279296875000004 -0.86425781249999989 -0.0049076080322265616 -6.4999999999999991 0.0026913685724139218 0.016235351562500003 0.0032291840761899952 1.0419921875000002 0.71752929687500011 0.44289289414882665 0.23437500000000003 1.0781250000000002 0.24298095703125003 0.23522949218750003 -50.890624999999993 0.26696777343750006 -15.499999999999998 0.39147949218750006 0.089935302734375014 -0.091365098953247056
decision_type=2 2 2 2 2 2 2 2 2 2 2 2 2 2 2 2 2 2 2 2 2 2 2 2 2 2 2 2 2 2
left_child=8 2 7 4 -4 13 -7 12 14 10 -10 -11 -2 -5 21 18 -17 -18 20 -20 -16 25 23 -23 -24 28 -27 -13 -1 -29
right_child=1 -3 3 5 -6 6 -8 -9 9 11 -12 27 -14 -15 15 16 17 -19 19 -21 -22 22 24 -25 -26 26 -28 29 -30 -31
leaf_value=3.0686576587982801e-05 0.00038757654657963864 -0.00056192121506403402 0.00052830039388682614 -8.1406490406775559e-05 -0.00013418121497107906 -0.00014671325056951143 4.1590781017562913e-05 0.00053088228706476225 -0.00016559511195753039 -0.00069241400321787565 0.00035488336859013249 -0.00045492057621989405 -0.00014954560754390863 -0.00063360115608717543 -0.00019421908803848138 -0.00055341806730160913 -0.00019879179216093161 1.5134404660412154e-05 0.00062778217181628029 8.6979352717183892e-05 1.5069405827160899e-05 9.8668828749963632e-05 0.00076063095035335709 -0.00034486591128762948 0.00026241037166442474 -2.1086213534069131e-05 -0.00050526130641144419 0.00011184976785951804 0.00040669926647139958 -0.00024272276069413682
leaf_weight=7734 5209 5269 6944 5102 6631 105994 46494 5965 8630 5394 7490 5389 9260 8001 24948 6695 50721 88504 8658 41062 981600 49689 6089 7264 19225 18181 5527 5674 5088 5435
leaf_count=7734 5209 5269 6944 5102 6631 105994 46494 5965 8630 5394 7490 5389 9260 8001 24948 6695 50721 88504 8658 41062 981600 49689 6089 7264 19225 18181 5527 5674 5088 5435
internal_value=-2.23628e-06 -7.5645e-05 -6.25334e-05 -9.12924e-05 0.000206082 -0.000115781 -8.93092e-05 0.000188843 8.83484e-06 -0.000150895 7.69371e-05 -0.000318244 4.51573e-05 -0.000420835 1.34422e-05 5.39379e-06 -8.57575e-05 -6.28877e-05 1.7993e-05 0.000182223 9.86326e-06 9.48167e-05 0.000147531 4.15934e-05 0.000384773 -2.39756e-05 -0.000135609 -0.000192476 0.000181888 -6.22402e-05
internal_weight=1.56387e+06 204869 199600 179166 13575 165591 152488 20434 1.359e+06 38012 16120 21892 14469 13103 1.32098e+06 1.20219e+06 145920 139225 1.05627e+06 49720 1.00655e+06 118797 82267 56953 25314 36530 23708 16498 12822 11109
internal_count=1563866 204869 199600 179166 13575 165591 152488 20434 1358997 38012 16120 21892 14469 13103 1320985 1202188 145920 139225 1056268 49720 1006548 118797 82267 56953 25314 36530 23708 16498 12822 11109
is_linear=0
shrinkage=0.003


Tree=115
num_leaves=25
num_cat=0
split_feature=62 84 84 1 27 88 0 41 41 71 23 56 40 47 20 78 42 38 40 50 17 6 91 74
split_gain=133.727 144.862 199.223 131.967 162.674 133.199 117.806 155.568 109.506 109.063 98.0354 183.24 149.896 220.506 116.113 110.841 99.2527 90.7071 89.8342 103.731 71.9521 122.707 60.6417 59.8485
threshold=-24.499999999999996 0.035484552383422859 0.032855063676834113 0.10610961914062501 -0.0040264129638671866 0.0020111231133341794 0.73437500000000011 0.071289062500000014 0.060928344726562507 2.0419921875000004 -0.84790039062499989 0.33386230468750006 0.60937500000000011 0.24884033203125003 0.45312500000000006 0.72089311480522167 0.030281066894531253 0.24517822265625003 0.67187500000000011 0.62133789062500011 -0.011009216308593748 0.069671630859375014 0.078193306922912612 0.36413574218750006
decision_type=2 2 2 2 2 2 2 2 2 2 2 2 2 2 2 2 2 2 2 2 2 2 2 2
left_child=3 2 22 6 5 -5 10 -8 -6 -4 12 15 14 -14 -1 -12 -13 -7 19 -9 -10 -22 23 -2
right_child=1 -3 9 4 8 17 7 18 20 -11 11 16 13 -15 -16 -17 -18 -19 -20 -21 21 -23 -24 -25
leaf_value=2.1889278187055412e-05 4.4804890583271017e-06 -0.00019244623947294913 0.0008878363925364694 -0.00031881247473061292 -0.0007339419252779878 0.000346110503865276 0.00011871225282002934 -0.00082680796426505185 -0.00048735292354889484 0.00029436257384253198 -0.00033006427050768199 8.4711614462861078e-06 0.00044611903270085654 -0.00025726818947887666 0.0004293559800262434 2.7385807134604544e-05 -0.00017249859577823056 -0.00014610558319027008 -6.3981938479727154e-05 -0.00022525946999451629 -0.00040015155861897726 0.00025731698612616505 -0.00011044695807609022 0.00045261067224551093
leaf_weight=147274 5310 7461 5448 7095 5050 9749 8782 5361 5920 5902 23924 1216658 18575 5037 6476 11545 27801 5052 5475 5084 5003 5021 8223 5324
leaf_count=147274 5310 7461 5448 7095 5050 9749 8782 5361 5920 5902 23924 1216658 18575 5037 6476 11545 27801 5052 5475 5084 5003 5021 8223 5324
internal_value=3.63446e-06 0.000179976 0.000272295 -7.33093e-07 -0.000164589 1.64689e-05 4.0198e-06 -0.000201002 -0.000352608 0.000584496 7.5086e-06 -1.65316e-06 7.35878e-05 0.000295618 3.93198e-05 -0.000213966 4.41479e-06 0.00017825 -0.000377006 -0.000538923 -0.000228005 -7.15382e-05 8.22888e-05 0.000230967
internal_weight=1.56255e+06 37668 30207 1.52488e+06 42890 21896 1.48199e+06 24702 20994 11350 1.45729e+06 1.27993e+06 177362 23612 153750 35469 1.24446e+06 14801 15920 10445 15944 10024 18857 10634
internal_count=1562550 37668 30207 1524882 42890 21896 1481992 24702 20994 11350 1457290 1279928 177362 23612 153750 35469 1244459 14801 15920 10445 15944 10024 18857 10634
is_linear=0
shrinkage=0.003


Tree=116
num_leaves=23
num_cat=0
split_feature=30 8 74 76 33 59 46 75 25 31 38 22 59 1 23 67 41 23 47 30 74 86
split_gain=170.708 130.374 160.295 224.536 120.283 110.225 109.309 124.308 121.881 121.395 103.355 130.751 102.266 96.7257 122.643 147.493 98.2863 100.369 94.7602 90.9176 88.768 72.2016
threshold=0.73437500000000011 1.1069335937500002 0.33605957031250006 0.022098541259765628 -1.2875976562499998 0.23870849609375003 0.28747558593750006 -0.049118041992187493 0.39062500000000006 0.046173095703125007 0.64233398437500011 -0.018539428710937497 0.25048828125000006 0.10897827148437501 -0.59692382812499989 -48.171874999999993 0.093078613281250014 0.87939453125000011 0.22747802734375003 0.23437500000000003 0.34265136718750006 0.0066367350518703469
decision_type=2 2 2 2 2 2 2 2 2 2 2 2 2 2 2 2 2 2 2 2 2 2
left_child=1 4 -3 10 6 -2 -1 9 -9 -8 11 -4 -7 16 -15 -16 19 -18 -5 -6 -14 -12
right_child=5 2 3 18 13 12 7 8 -10 -11 21 -13 20 14 15 -17 17 -19 -20 -21 -22 -23
leaf_value=0.00022888237615929739 0.00054145438458991473 0.00050202379808139924 0.00054467170851198762 3.1806292996170606e-05 0.00017328125290706954 -0.00013760288149720893 -0.00016016835823714221 0.00034515486828464104 -0.00015669166421737013 -0.00057078271439930895 0.00011728834197655191 0.00012263824936868361 3.9356361814215247e-05 -0.00047919188033070483 -0.00037688056841957059 0.0001456356453497067 -4.4586356451829516e-05 -0.00028428911885001594 -0.00048313437135501334 3.3781467878457589e-06 0.0005848523527864761 -0.00034992083588195912
leaf_weight=6097 7588 8070 7307 5114 28968 8161 15534 5674 17636 11160 5452 62435 5508 8450 7697 12823 159874 17345 8514 1141050 5167 6357
leaf_count=6097 7588 8070 7307 5114 28968 8161 15534 5674 17636 11160 5452 62435 5508 8450 7697 12823 159874 17345 8514 1141050 5167 6357
internal_value=-7.97348e-08 -4.20123e-06 9.87041e-05 6.40165e-05 -1.16256e-05 0.000238542 -0.000147664 -0.000193941 -3.35822e-05 -0.000333324 0.00012364 0.000167572 0.0001143 -6.06968e-06 -0.000177282 -5.12361e-05 -2.37518e-06 -6.81939e-05 -0.000291075 7.59916e-06 0.000306369 -0.000135045
internal_weight=1.56198e+06 1.53556e+06 103249 95179 1.43231e+06 26424 56101 50004 23310 26694 81551 69742 18836 1.37621e+06 28970 20520 1.34724e+06 177219 13628 1.17002e+06 10675 11809
internal_count=1561981 1535557 103249 95179 1432308 26424 56101 50004 23310 26694 81551 69742 18836 1376207 28970 20520 1347237 177219 13628 1170018 10675 11809
is_linear=0
shrinkage=0.003


Tree=117
num_leaves=31
num_cat=0
split_feature=41 23 58 46 31 38 3 12 1 59 56 67 56 72 33 31 16 46 46 23 65 89 10 63 3 8 89 59 32 22
split_gain=171.318 178.797 114.706 149.384 126.083 152.045 123.395 131.116 169.868 117.468 107.348 162.333 204.89 148.593 151.743 190.751 160.247 118.123 177.215 124.668 124.04 117.375 116.258 126.044 103.756 97.7784 175.514 105.29 96.1916 89.3399
threshold=0.091400146484375014 -1.4423828124999998 2.0908203125000004 0.33728027343750006 0.061264038085937507 -0.34741210937499994 -0.46911621093749994 0.0036296844482421879 0.078979492187500014 0.19598388671875003 0.36975097656250006 -34.984374999999993 0.36120605468750006 0.30798339843750006 0.057815551757812507 0.061553955078125007 0.061553955078125007 0.29455566406250006 0.29406738281250006 0.82690429687500011 0.033370971679687507 0.00079723075032234203 0.73437500000000011 -109.28124999999999 -0.94702148437499989 0.30114746093750006 0.0013867001980543139 0.21856689453125003 0.013561248779296877 0.0095214843750000017
decision_type=2 2 2 2 2 2 2 2 2 2 2 2 2 2 2 2 2 2 2 2 2 2 2 2 2 2 2 2 2 2
left_child=10 -2 3 4 -3 -6 29 8 -8 -9 11 13 -13 25 15 -15 -16 18 21 22 -21 -12 23 -19 -23 27 -27 -1 -22 -4
right_child=1 2 6 -5 5 -7 7 9 -10 -11 17 12 -14 14 16 -17 -18 19 -20 20 28 24 -24 -25 -26 26 -28 -29 -30 -31
leaf_value=-0.00039359354697532693 0.00035034087099591784 -0.00084691805083577233 -0.00010194417768821153 -6.8309406582950643e-05 -0.00062137559562755647 0.00010226726120274242 7.5581828269721384e-05 0.00048309536508687415 -0.00018574309994396124 5.355174022092003e-05 0.00038337932392970987 0.00050370790478245387 -4.8029019475233882e-05 -9.5244618072491162e-05 0.00020456022366173378 0.00022055118964944419 -4.4349897481682801e-05 0.00011178598507860854 0.00045743958463773451 0.00047752492862680924 1.3566897318897973e-05 -0.00021120319570893303 -0.00030257110813240045 -5.0406974560406569e-05 3.460506694070224e-05 -0.00020789957630771783 0.0005138104724970318 -7.162393942829869e-05 0.00036194198931758191 -0.00035849444298566372
leaf_weight=11786 8527 5148 42058 18593 5290 5025 37546 6541 55188 42031 8201 15474 9887 21428 29387 86442 110452 47134 8924 6323 78423 16192 15074 495926 300920 5970 5979 39869 7748 17195
leaf_count=11786 8527 5148 42058 18593 5290 5025 37546 6541 55188 42031 8201 15474 9887 21428 29387 86442 110452 47134 8924 6323 78423 16192 15074 495926 300920 5970 5979 39869 7748 17195
internal_value=-7.57798e-07 -7.39253e-05 -8.94878e-05 -0.000250223 -0.000467116 -0.000271252 -6.2083e-05 -1.38579e-05 -7.99708e-05 0.00011227 1.27084e-05 5.89446e-05 0.000289269 4.00944e-05 7.33041e-05 0.000157789 8.06707e-06 -3.10168e-06 4.27301e-05 -2.66491e-05 7.5307e-05 3.12167e-05 -4.35557e-05 -3.63117e-05 2.19913e-05 -8.91543e-05 0.000154494 -0.000145706 4.5274e-05 -0.000176873
internal_weight=1.56468e+06 243142 234615 34056 15463 10315 200559 141306 92734 48572 1.32154e+06 336674 25361 311313 247709 107870 139839 984865 334237 650628 92494 325313 558134 543060 317112 63604 11949 51655 86171 59253
internal_count=1564681 243142 234615 34056 15463 10315 200559 141306 92734 48572 1321539 336674 25361 311313 247709 107870 139839 984865 334237 650628 92494 325313 558134 543060 317112 63604 11949 51655 86171 59253
is_linear=0
shrinkage=0.003


Tree=118
num_leaves=31
num_cat=0
split_feature=41 2 6 66 22 25 80 76 1 21 36 60 47 21 21 31 1 2 5 48 80 23 58 63 73 83 15 48 56 10
split_gain=175.059 147.155 141.993 136.761 124.85 116.356 113.373 153.762 130.118 133.112 196.795 185.62 109.664 108.454 140.534 97.8395 174.217 118.706 124.812 154.499 129.927 111.243 88.0229 143.822 105.629 84.4737 122.782 83.2881 78.923 86.4755
threshold=0.089508056640625014 -0.013053894042968748 0.083709716796875014 -3.8486328124999996 0.017166137695312503 0.23437500000000003 -0.12749540805816648 0.016330718994140628 0.10324096679687501 0.095611572265625014 0.059722900390625007 21.500000000000004 0.24542236328125003 0.059890747070312507 0.076141357421875014 0.071289062500000014 0.086639404296875014 0.011810302734375002 0.26562500000000006 11.058593750000002 -0.15049529075622556 0.26513671875000006 2.1337890625000004 -90.843749999999986 0.29162597656250006 -0.10148309171199797 0.67187500000000011 11.667968750000002 0.32556152343750006 0.26562500000000006
decision_type=2 2 2 2 2 2 2 2 2 2 2 2 2 2 2 2 2 2 2 2 2 2 2 2 2 2 2 2 2 2
left_child=6 4 3 5 28 -3 15 -8 9 11 -11 -9 22 -10 -15 16 27 18 19 -17 -20 -19 24 -24 -4 -5 -27 -1 -2 -30
right_child=1 2 12 25 -6 -7 7 8 13 10 -12 -13 -14 14 -16 17 -18 21 20 -21 -22 -23 23 -25 -26 26 -28 -29 29 -31
leaf_value=-0.00045069913326764187 0.00017609315408743042 -0.00010103815456962314 0.00067938662010690444 0.00025368759195127695 -0.00049735905764475155 -0.00060658683987057716 -0.00045213962974652983 -1.2844424931532609e-06 -0.0004919929127773149 -0.00016662691111343721 0.00018077442934456947 0.00032927850009621803 -0.00025778281491261549 0.00013901077248383299 -0.00024691055745404926 0.00055141086448675812 0.00029018168179924914 -0.00013534487097254089 2.9102589679138916e-06 -5.1283584638668102e-05 0.00023464382280900871 0.0002481305800505093 -0.00027158564551189477 0.00016515868960951028 0.00016200005497076886 -4.3819739923679403e-05 -0.00050783494874170638 2.3748111939686206e-05 -0.0005277164598834832 -0.00012999381833222806
leaf_weight=9388 6507 9061 5075 7994 9854 7454 6462 943873 7055 17772 82321 15440 6874 14491 20246 13954 6947 25427 42928 5239 44097 9186 8839 28107 11621 134300 5238 5116 5423 46597
leaf_count=9388 6507 9061 5075 7994 9854 7454 6462 943873 7055 17772 82321 15440 6874 14491 20246 13954 6947 25427 42928 5239 44097 9186 8839 28107 11621 134300 5238 5116 5423 46597
internal_value=1.32945e-06 -6.4765e-05 -2.76273e-05 -7.34379e-05 -0.000186507 -0.000331494 1.65797e-05 5.72658e-06 8.45422e-06 1.49373e-05 0.000118987 4.06969e-06 9.64725e-05 -0.000155532 -8.59815e-05 9.06088e-05 -9.77891e-05 0.000119354 0.000169035 0.000387484 0.000120468 -3.31521e-05 0.000142264 6.02205e-05 0.000322376 -4.43457e-05 -6.15892e-05 -0.000284331 -0.00013341 -0.000172389
internal_weight=1.56289e+06 292944 224563 164047 68381 16515 1.26994e+06 1.10766e+06 1.1012e+06 1.05941e+06 100093 959313 60516 41792 34737 162282 21451 140831 106218 19193 87025 34613 53642 36946 16696 147532 139538 14504 58527 52020
internal_count=1562886 292944 224563 164047 68381 16515 1269942 1107660 1101198 1059406 100093 959313 60516 41792 34737 162282 21451 140831 106218 19193 87025 34613 53642 36946 16696 147532 139538 14504 58527 52020
is_linear=0
shrinkage=0.003


Tree=119
num_leaves=27
num_cat=0
split_feature=8 33 86 91 21 76 13 65 89 75 41 3 90 33 3 38 41 50 63 59 83 21 89 82 8 8
split_gain=172.472 191.52 163.552 161.308 120.362 113.312 186.77 113.004 121.02 230.299 131.775 112.053 324.606 150.064 126.939 125.37 112.303 105.619 104.426 108.82 91.7099 88.9779 82.9075 81.7022 72.7854 51.1939
threshold=1.1069335937500002 -1.3242187499999998 0.0040531856939196595 -2.0191307067871089 0.049728393554687507 0.022129058837890628 -0.96191406249999989 0.078216552734375014 0.0013184202834963801 -0.044845581054687493 0.066070556640625014 -0.83496093749999989 0.050279319286346442 0.68090820312500011 1.0991210937500002 0.71752929687500011 0.11398315429687501 0.39306640625000006 -130.18749999999997 0.20031738281250003 -0.0054710917174816123 0.066070556640625014 0.0015627280808985235 -0.073664501309394823 -0.20843505859374997 0.16864013671875003
decision_type=2 2 2 2 2 2 2 2 2 2 2 2 2 2 2 2 2 2 2 2 2 2 2 2 2 2
left_child=1 2 20 21 -2 7 -7 8 10 -10 -6 12 17 16 -15 -14 -13 -5 -4 25 -1 -3 -8 -23 -21 -20
right_child=4 3 18 11 5 6 22 -9 9 -11 -12 13 15 14 -16 -17 -18 -19 19 24 -22 23 -24 -25 -26 -27
leaf_value=0.00039944172574822931 0.00051805333818898927 -7.8499279484264747e-05 2.6376507453466755e-05 -4.8458006249807315e-05 -0.00015483157661830041 0.00034701570088831136 -0.0005890079955473452 -0.00027295626136754125 0.00068160146429548595 6.0443585915721767e-05 0.00018139962569399933 -5.6754301430018564e-06 0.00017517562302578007 5.7825271205985027e-05 0.0003403134239011714 -0.00028151983655375675 -0.00031809813596390106 -0.00023121282617667661 -0.0008252077622130184 -0.00047072106376566306 -0.00011896102661145269 0.00053739098321135424 -7.9620138107169987e-05 7.8889976038703103e-05 -9.3995306245984976e-05 -0.00039288924247683852
leaf_weight=5457 6327 5091 7754 46382 14067 5003 5856 5475 10297 11159 40443 985663 46295 204384 15303 6033 10365 73825 5115 7189 6790 9960 5630 5422 12768 5340
leaf_count=5457 6327 5091 7754 46382 14067 5003 5856 5475 10297 11159 40443 985663 46295 204384 15303 6033 10365 73825 5115 7189 6790 9960 5630 5422 12768 5340
internal_value=2.36717e-06 -6.05888e-06 -0.000187559 4.49196e-07 0.000120187 9.39801e-05 -0.000132228 0.000139885 0.000169959 0.000360324 9.45062e-05 -3.45839e-06 -7.49797e-05 6.69729e-06 7.76488e-05 0.000122086 -8.95821e-06 -0.000160796 -0.000284175 -0.000363181 0.000113392 0.000264147 -0.000342168 0.000377327 -0.000231371 -0.000610211
internal_weight=1.56339e+06 1.45914e+06 50413 1.40872e+06 104257 97930 16489 81441 75966 21456 54510 1.38825e+06 172535 1.21572e+06 219687 52328 996028 120207 38166 30412 12247 20473 11486 15382 19957 10455
internal_count=1563393 1459136 50413 1408723 104257 97930 16489 81441 75966 21456 54510 1388250 172535 1215715 219687 52328 996028 120207 38166 30412 12247 20473 11486 15382 19957 10455
is_linear=0
shrinkage=0.003


Tree=120
num_leaves=28
num_cat=0
split_feature=8 41 33 23 1 60 21 81 23 78 42 78 16 33 23 74 72 75 63 62 8 81 43 82 11 69 75
split_gain=144.786 151.454 162.184 141.159 155.014 127.994 126.21 168.585 159.872 115.418 147.574 125.925 112.77 98.754 203.432 97.6857 139.52 114.962 126.239 117.403 95.1404 93.6269 87.6347 87.1355 120.137 77.4405 47.9285
threshold=1.1069335937500002 0.093078613281250014 -1.3242187499999998 1.2255859375000002 0.059616088867187507 21.500000000000004 0.095611572265625014 -0.03647200018167495 0.58422851562500011 0.70638647675514232 0.024368286132812503 0.69896098971366893 0.072967529296875014 0.86230468750000011 -0.21545410156249997 0.33557128906250006 0.32189941406250006 -0.044845581054687493 -76.718749999999986 -252.49999999999997 -0.28930664062499994 -0.00092215021140873421 1.4901161193847659e-07 -0.1359867453575134 0.080230712890625014 0.31896972656250006 -0.029197692871093747
decision_type=2 2 2 2 2 2 2 2 2 2 2 2 2 2 2 2 2 2 2 2 2 2 2 2 2 2 2
left_child=1 2 12 4 23 6 8 -8 -4 11 -11 -6 22 15 -15 -2 -17 18 -18 -19 -14 -7 -1 24 -3 -22 -25
right_child=13 3 5 -5 9 21 7 -9 -10 10 -12 -13 20 14 -16 16 17 19 -20 -21 25 -23 -24 26 -26 -27 -28
leaf_value=0.00031210661684824694 0.00043604244815224566 -0.00032051261104681651 1.3305326888323302e-05 -0.00045561741917078268 -4.0127669562917091e-05 0.00050930363554131902 0.00029533044361826572 3.7568909028161389e-05 -9.5447155005403216e-05 -0.00029994690727713882 2.2453670870716425e-05 0.00018499345243621685 -0.00054372056746044379 0.00080266949256472956 -4.1650748350925651e-05 -0.00035558325552778131 -1.7775694897841976e-06 0.00017565799778462574 0.00027471624936401234 -0.00028835478780624553 -0.00033343762961984244 3.1689428884294237e-05 -0.00018830614137309258 -0.00068915398824577554 0.00016604189418476518 5.2210689382026321e-05 -0.00027048258485155434
leaf_weight=6064 6365 12543 947198 8646 71812 7934 30096 93850 139483 26325 24717 32359 8763 5154 5006 6807 26310 8013 34050 12354 10653 6864 6346 5160 7072 8264 5022
leaf_count=6064 6365 12543 947198 8646 71812 7934 30096 93850 139483 26325 24717 32359 8763 5154 5006 6807 26310 8013 34050 12354 10653 6864 6346 5160 7072 8264 5022
internal_value=2.69495e-06 -5.01827e-06 6.94001e-06 -8.31272e-05 -6.54831e-05 1.30892e-05 9.68733e-06 0.000100345 -6.61302e-07 -2.7363e-05 -0.000144086 2.99128e-05 -0.000180586 0.000110755 0.000390308 8.01238e-05 5.37753e-05 8.86901e-05 0.000154393 -0.000105832 -0.000286816 0.000289464 5.67549e-05 -0.000263296 -0.000145138 -0.000165576 -0.000487294
internal_weight=1.56323e+06 1.45917e+06 1.26552e+06 193656 185010 1.22542e+06 1.21063e+06 123946 1.08668e+06 155213 51042 104171 40090 104059 10160 93899 87534 80727 60360 20367 27680 14798 12410 29797 19615 18917 10182
internal_count=1563230 1459171 1265515 193656 185010 1225425 1210627 123946 1086681 155213 51042 104171 40090 104059 10160 93899 87534 80727 60360 20367 27680 14798 12410 29797 19615 18917 10182
is_linear=0
shrinkage=0.003


Tree=121
num_leaves=26
num_cat=0
split_feature=31 80 47 68 83 7 5 33 33 90 21 11 3 90 75 83 3 83 41 75 6 21 31 45 8
split_gain=120.03 121.535 187.834 214.442 139.449 113.804 162.967 129.674 113.113 147.314 126.993 101.909 98.348 162.636 109.351 89.4387 126.922 132.38 174.693 83.8796 78.921 99.6957 60.7144 59.3167 39.1967
threshold=0.051971435546875007 -0.013499250635504721 0.27746582031250006 0.067962646484375014 -0.0012934042606502769 0.026695251464843753 0.70312500000000011 -0.44885253906249994 -0.35974121093749994 0.25796312093734747 0.081665039062500014 0.089752197265625014 -0.83496093749999989 0.021798558533191684 -0.017112731933593747 -0.018544349819421765 0.92260742187500011 -0.0043531693518161765 0.079925537109375014 -0.055709838867187493 0.066772460937500014 0.084442138671875014 0.049728393554687507 2.2031250000000004 0.31225585937500006
decision_type=2 2 2 2 2 2 2 2 2 2 2 2 2 2 2 2 2 2 2 2 2 2 2 2 2
left_child=11 4 3 23 5 12 7 -7 10 -10 -5 15 13 -2 -14 19 17 18 -17 -1 -13 24 -21 -3 -22
right_child=1 2 -4 8 -6 6 -8 -9 9 -11 -12 20 14 -15 -16 16 -18 -19 -20 22 21 -23 -24 -25 -26
leaf_value=4.5572789146958463e-05 -0.00013993528493590988 0.00067714044239339927 0.00063148820310052201 -0.00012320849739117122 -0.00043276233494877634 -7.0231226570244431e-05 -0.00036747915654041126 0.00028448233781349182 -0.00066603739135266736 3.3918395787941384e-05 0.00041343343909829852 -0.00061561360598341405 6.2967870859561596e-06 4.8357118179966638e-05 0.00036343328858539367 0.00059513587960463988 -0.0003503336729352824 -0.00015550459118105839 3.9809693515933881e-07 -0.00047467226105954002 -0.00016304119177699836 0.00015472385347590188 -7.0796408743019985e-05 0.00021888718710129585 -0.00053924326507366084
leaf_weight=8490 107353 5008 6443 9613 6502 12434 5063 36023 5051 5682 6620 5119 1202459 66979 7666 8566 5676 8977 9126 9220 5004 5089 5292 5345 5124
leaf_count=8490 107353 5008 6443 9613 6502 12434 5063 36023 5051 5682 6620 5119 1202459 66979 7666 8566 5676 8977 9126 9220 5004 5089 5292 5345 5124
internal_value=1.03945e-06 6.96954e-06 0.000162542 8.01085e-05 2.24539e-06 4.24229e-06 0.00013985 0.000193506 -6.10764e-05 -0.000298592 9.68315e-05 -0.000115426 -1.00974e-06 -6.76064e-05 8.58905e-06 -4.84811e-05 5.32001e-05 0.000140073 0.000290081 -0.000191075 -0.000296496 -0.000185827 -0.000328886 0.000444913 -0.000356782
internal_weight=1.56392e+06 1.48824e+06 43762 37319 1.44448e+06 1.43798e+06 53520 48457 26966 10733 16233 75683 1.38446e+06 174332 1.21012e+06 55347 32345 26669 17692 23002 20336 15217 14512 10353 10128
internal_count=1563924 1488241 43762 37319 1444479 1437977 53520 48457 26966 10733 16233 75683 1384457 174332 1210125 55347 32345 26669 17692 23002 20336 15217 14512 10353 10128
is_linear=0
shrinkage=0.003


Tree=122
num_leaves=31
num_cat=0
split_feature=72 33 17 17 16 63 32 71 26 58 21 43 58 42 7 23 84 48 26 21 23 22 91 62 38 2 7 71 38 58
split_gain=110.971 122.192 132.049 158.683 138.57 99.9404 154.43 131.895 118.848 120.983 99.3669 199.28 112.843 87.7939 196.562 210.255 181.776 148.865 143.93 101.718 151.891 133.583 85.7027 83.2576 69.3615 81.5978 92.2092 74.3434 67.0656 56.238
threshold=0.30798339843750006 -0.74902343749999989 0.00077199935913085948 0.010303497314453127 0.043395996093750007 -108.78124999999999 -0.020202636718749997 1.0112304687500002 0.053939819335937507 2.0654296875000004 0.053359985351562507 0.67456054687500011 2.0712890625000004 0.017021179199218753 -0.024887084960937497 0.87939453125000011 0.035915076732635505 7.6972656250000009 0.080596923828125014 0.095611572265625014 0.38818359375000006 0.038146972656250007 -1.0607078075408933 -21.499999999999996 1.0620117187500002 0.0053691864013671884 -0.0057678222656249991 1.7475585937500002 0.42309570312500006 2.0693359375000004
decision_type=2 2 2 2 2 2 2 2 2 2 2 2 2 2 2 2 2 2 2 2 2 2 2 2 2 2 2 2 2 2
left_child=1 29 4 28 -3 6 24 -8 -9 -10 11 -6 -12 17 -15 16 -16 18 -7 20 -19 -21 -17 -20 25 27 -27 -2 -4 -1
right_child=5 2 3 -5 10 13 7 8 9 -11 12 -13 -14 14 15 22 -18 19 23 21 -22 -23 -24 -25 -26 26 -28 -29 -30 -31
leaf_value=-0.00015827932063317612 0.00016306159368442713 0.00026061246201504755 0.00013324254010921597 -0.00021050535966078519 -0.00019043689746595701 0.0005338057317133525 -0.00026242467569207611 -0.00019475750955489447 0.00060651008242870014 0.00018361560431736333 -0.00046387340494633629 0.00053906503637654406 -0.00013790050628985872 0.00036472817453295936 -9.2482652801383086e-05 -0.00025695180956053558 0.00041573424399488697 1.3609651136134704e-05 -0.00016719069885551383 0.00011462945187870527 -7.1550035194163384e-05 -0.00021706464817093697 -0.00073569783937282981 0.00032579341097555166 -0.00033837232428628048 -0.00050619678213546706 5.6507031218536213e-07 -0.0002247651901373414 0.00059821300840193442 -0.00059667552820371077
leaf_weight=5017 22033 8120 5206 6071 9291 9282 6223 6684 6582 72017 11989 5159 46464 8438 97962 8778 6673 792180 7203 115129 247246 11980 5547 5238 6560 5231 8205 5475 6107 5678
leaf_count=5017 22033 8120 5206 6071 9291 9282 6223 6684 6582 72017 11989 5159 46464 8438 97962 8778 6673 792180 7203 115129 247246 11980 5547 5238 6560 5231 8205 5475 6107 5678
internal_value=8.75256e-07 -9.13593e-05 -5.8058e-05 0.00017851 -0.000108973 7.79878e-06 8.42681e-05 0.000156256 0.000187078 0.000219755 -0.000150438 7.19278e-05 -0.000205437 -2.86625e-07 -7.50986e-05 -0.000106576 -5.97056e-05 7.73992e-06 0.000253231 3.14712e-06 -6.65203e-06 8.32213e-05 -0.000446149 4.13118e-05 -5.44371e-05 -8.2318e-06 -0.000199013 8.53367e-05 0.000387286 -0.000394396
internal_weight=1.56377e+06 109102 98407 17384 81023 1.45467e+06 139010 91506 85283 78599 72903 14450 58453 1.31566e+06 127398 118960 104635 1.18826e+06 21723 1.16654e+06 1.03943e+06 127109 14325 12441 47504 40944 13436 27508 11313 10695
internal_count=1563768 109102 98407 17384 81023 1454666 139010 91506 85283 78599 72903 14450 58453 1315656 127398 118960 104635 1188258 21723 1166535 1039426 127109 14325 12441 47504 40944 13436 27508 11313 10695
is_linear=0
shrinkage=0.003


Tree=123
num_leaves=22
num_cat=0
split_feature=33 40 21 50 41 86 21 43 88 65 65 48 76 76 7 72 41 90 61 83 63
split_gain=141.731 120.465 98.6894 212.243 166.08 168.215 138.502 112.7 158.277 97.3019 132.862 94.8777 93.5007 144.637 87.7994 134.694 92.8649 105.437 139.133 82.6951 71.3709
threshold=-1.3242187499999998 0.14062500000000003 0.095611572265625014 0.35937500000000006 0.094512939453125014 0.0058759972453117379 0.094299316406250014 -1.2832031249999998 0.0024539083242416386 0.065582275390625014 0.045837402343750007 7.6972656250000009 0.021915435791015628 0.017932891845703128 -0.0043201446533203116 0.32873535156250006 0.089324951171875014 0.13232517242431643 1.8950195312500002 -0.015464350581169127 -109.84374999999999
decision_type=2 2 2 2 2 2 2 2 2 2 2 2 2 2 2 2 2 2 2 2 2
left_child=14 -2 6 12 5 -5 7 8 -3 10 -8 -9 13 -4 15 -1 17 18 20 -17 -16
right_child=1 2 3 4 -6 -7 9 11 -10 -11 -12 -13 -14 -15 16 19 -18 -19 -20 -21 -22
leaf_value=-1.7926639847492512e-05 0.00042848128630288887 0.00019362027603283264 -0.00022906942915911437 0.00069830321748301667 -0.00027542598916375393 0.00016875328774327962 -2.5524186214004325e-05 0.00020133272972123892 -0.00023643165852101495 0.00010790058697778213 -0.00056300463125329126 -2.5749919834934479e-07 -0.00038607413079018758 9.5615404081314726e-05 0.00024282495760660045 -0.00026294913053379304 -0.00032298296307745457 0.00027453161727728555 -0.00050527342637098397 -0.00079756077292862291 -0.00020206172896851081
leaf_weight=7753 5883 9647 18948 5730 6892 75773 6897 21268 36882 5496 10289 1261213 6948 35008 7674 5267 9412 9549 5545 5350 5476
leaf_count=7753 5883 9647 18948 5730 6892 75773 6897 21268 36882 5496 10289 1261213 6948 35008 7674 5267 9412 9549 5545 5350 5476
internal_value=-1.87526e-06 3.63789e-06 1.94432e-06 7.51119e-05 0.000168926 0.000206793 -6.14225e-06 -2.16627e-06 -0.000147044 -0.000238076 -0.000348701 3.10101e-06 -6.11025e-05 -1.86186e-05 -0.000149899 -0.000319368 -6.65987e-05 1.96765e-05 -0.000111266 -0.000537273 5.74359e-05
internal_weight=1.5629e+06 1.50687e+06 1.50099e+06 149299 88395 81503 1.35169e+06 1.32901e+06 46529 22682 17186 1.28248e+06 60904 53956 56026 18370 37656 28244 18695 10617 13150
internal_count=1562900 1506874 1500991 149299 88395 81503 1351692 1329010 46529 22682 17186 1282481 60904 53956 56026 18370 37656 28244 18695 10617 13150
is_linear=0
shrinkage=0.003


Tree=124
num_leaves=19
num_cat=0
split_feature=60 74 74 73 7 21 55 85 33 63 33 63 41 31 3 43 6 35
split_gain=135.426 145.55 128.707 134.923 127.399 181.563 191.872 125.737 125.094 127.619 107.407 144.024 109.487 103.065 123.719 87.3082 57.491 73.2734
threshold=21.500000000000004 0.32434082031250006 0.32531738281250006 0.29382324218750006 0.019096374511718753 0.048812866210937507 0.31408691406250006 0.016065858304500583 1.9096679687500002 -108.78124999999999 -0.25415039062499994 -97.593749999999986 0.093078613281250014 0.059722900390625007 -0.055511474609374993 0.60278320312500011 0.058547973632812507 0.42187500000000006
decision_type=2 2 2 2 2 2 2 2 2 2 2 2 2 2 2 2 2 2
left_child=1 7 3 -3 8 -6 -7 10 9 -4 16 15 -13 -2 -15 -12 -1 -18
right_child=13 2 4 -5 5 6 -8 -9 -10 -11 11 12 -14 14 -16 -17 17 -19
leaf_value=-7.9578845484010239e-05 -7.3577493251964992e-05 1.8996462614804905e-05 7.4564737517090272e-05 0.00067534669301578317 0.00053683322074009332 0.00012701137330002753 -0.00012694326713916102 0.00027363585027222783 0.00041616388983797278 -2.3714965015393516e-05 -5.2036265110753508e-05 -7.3467182689631929e-05 -0.00033249298463856544 9.0969210314136131e-05 0.00068864013076589694 0.00035776976442457873 -0.00017768443434771063 -0.00060122543214022415
leaf_weight=6235 5954 6184 132763 5089 7425 98295 36696 7175 6031 1132661 9612 50290 20694 5991 6478 8976 6498 8724
leaf_count=6235 5954 6184 132763 5089 7425 98295 36696 7175 6031 1132661 9612 50290 20694 5991 6478 8976 6498 8724
internal_value=-4.57266e-06 -7.63254e-06 7.61066e-07 0.000318627 -1.79568e-06 8.32605e-05 5.79334e-05 -0.000108746 -1.13286e-05 -1.33988e-05 -0.000133681 -8.78103e-05 -0.000149343 0.00025042 0.000404485 0.000146711 -0.000323872 -0.000422763
internal_weight=1.56177e+06 1.54335e+06 1.42514e+06 11273 1.41387e+06 142416 134991 118204 1.27146e+06 1.26542e+06 111029 89572 70984 18423 12469 18588 21457 15222
internal_count=1561771 1543348 1425144 11273 1413871 142416 134991 118204 1271455 1265424 111029 89572 70984 18423 12469 18588 21457 15222
is_linear=0
shrinkage=0.003


Tree=125
num_leaves=31
num_cat=0
split_feature=67 56 43 6 1 90 8 36 69 62 17 72 23 15 26 1 82 37 48 83 74 73 21 12 36 31 47 17 23 1
split_gain=162.913 153.463 287.143 149.987 148.889 145.437 146.185 138.125 121.241 124.905 117.072 121.096 114.629 112.79 141.28 123.882 111.298 105.257 130.402 111.353 103.399 96.5549 97.4352 96.1683 167.515 106.957 91.0546 86.6973 81.9603 79.7279
threshold=-34.984374999999993 0.35876464843750006 0.19097900390625003 0.096740722656250014 0.10610961914062501 -0.023622572422027584 -0.67089843749999989 0.089508056640625014 0.37219238281250006 -118.49999999999999 -0.00080847740173339833 0.32604980468750006 0.36315917968750006 0.57812500000000011 0.093078613281250014 0.087738037109375014 -0.15728908777236936 -0.0050048828124999991 9.2929687500000018 -0.0057356106117367736 0.37463378906250006 0.33581542968750006 0.10183715820312501 -0.0050468444824218741 0.061874389648437507 0.092742919921875014 0.20184326171875003 0.0009334087371826173 -0.68286132812499989 0.080230712890625014
decision_type=2 2 2 2 2 2 2 2 2 2 2 2 2 2 2 2 2 2 2 2 2 2 2 2 2 2 2 2 2 2
left_child=4 2 16 5 8 6 12 10 9 21 11 -6 -3 14 -7 -15 -2 27 19 -19 -20 22 -1 25 -25 -5 -8 -10 -11 -29
right_child=1 3 -4 23 7 13 26 -9 17 28 -12 -13 -14 15 -16 -17 -18 18 20 -21 -22 -23 -24 24 -26 -27 -28 29 -30 -31
leaf_value=-9.7673507302845129e-06 0.00093333578606977815 0.00014713877378710484 -0.00021043036481443488 -0.00021783037697878098 -0.00031528401521988859 -0.00018002820210568488 0.00021977267816347158 -0.00058018885538529106 -0.00027019913640209393 8.2787430001870135e-05 -0.00036125561311886768 0.00025297759214790096 0.0007715316065911111 0.00026932193677733798 7.2559034362686898e-05 -0.00026120678790741498 0.0003165986165877461 0.00026949884468963986 0.00081351134278069201 -0.00021787847067047142 0.00023618707236568756 -0.00032558801113739025 0.00013927818661753325 0.00068176668516430972 0.00014086315546527292 0.00032251405670227334 -3.2068048936373927e-05 0.00035256564336643781 -0.00032087473396401995 -0.00011732788901520139
leaf_weight=1182614 5510 5489 5302 7038 5003 58586 21428 7063 7902 5933 9670 9877 5117 16830 30110 5084 5254 11656 5182 6490 6174 8403 40738 8549 12919 6028 32264 6657 18533 6188
leaf_count=1182614 5510 5489 5302 7038 5003 58586 21428 7063 7902 5933 9670 9877 5117 16830 30110 5084 5254 11656 5182 6490 6174 8403 40738 8549 12919 6028 32264 6657 18533 6188
internal_value=2.19409e-06 7.67685e-05 0.000358427 5.50021e-05 -1.03788e-05 1.92748e-05 0.000132626 -0.000213486 -5.44816e-06 -1.12328e-05 -0.000106061 6.10857e-05 0.000452778 -4.66769e-05 -9.42962e-05 0.000145613 0.000637986 0.000138903 0.00025374 9.49473e-05 0.000504435 -7.00782e-06 -4.79311e-06 0.000235375 0.000358424 3.20137e-05 6.86611e-05 -2.48288e-05 -0.000223048 0.00012704
internal_weight=1.56359e+06 225508 16066 209442 1.33808e+06 174908 64298 31613 1.30647e+06 1.25622e+06 24550 14880 10606 110610 88696 21914 10764 50249 29502 18146 11356 1.23176e+06 1.22335e+06 34534 21468 13066 53692 20747 24466 12845
internal_count=1563591 225508 16066 209442 1338083 174908 64298 31613 1306470 1256221 24550 14880 10606 110610 88696 21914 10764 50249 29502 18146 11356 1231755 1223352 34534 21468 13066 53692 20747 24466 12845
is_linear=0
shrinkage=0.003


Tree=126
num_leaves=31
num_cat=0
split_feature=42 56 7 58 23 77 58 7 23 61 85 84 87 84 87 71 8 7 28 40 43 72 0 71 8 41 15 11 3 59
split_gain=103.564 124.856 181.64 117.366 131.685 197.743 165.374 164.566 148.312 142.041 126.366 119.793 112.485 221.345 162.876 205.742 157.473 133.15 122.016 106.005 150.462 152.957 167.035 104.253 132.91 97.4935 229.639 91.5754 63.2504 33.2093
threshold=0.017021179199218753 0.36975097656250006 0.026695251464843753 2.0908203125000004 -0.92382812499999989 0.41536614298820501 2.1259765625000004 -0.020713806152343747 0.87939453125000011 1.2797851562500002 0.014886014163494112 0.029949132353067402 0.0010327307973057034 0.035915076732635505 0.002080970443785191 1.8139648437500002 -1.0634765624999998 -0.0074501037597656241 -0.67968749999999989 0.14062500000000003 -0.99951171874999989 0.32434082031250006 0.64062500000000011 1.5952148437500002 -0.30676269531249994 0.058349609375000007 0.42187500000000006 0.093597412109375014 0.32067871093750006 0.21221923828125003
decision_type=2 2 2 2 2 2 2 2 2 2 2 2 2 2 2 2 2 2 2 2 2 2 2 2 2 2 2 2 2 2
left_child=1 2 12 10 6 9 -5 11 -9 28 23 -7 13 18 16 -16 -14 -15 -1 -3 21 -21 -23 -2 -25 26 -22 -27 -6 -8
right_child=3 19 -4 4 5 7 29 8 -10 -11 -12 -13 14 17 15 -17 -18 -19 -20 20 25 22 -24 24 -26 27 -28 -29 -30 -31
leaf_value=9.8495519837039108e-05 -0.00047188518142242148 0.0004274167801867743 0.00062324021367078078 0.0005149803868372782 -6.9548969632038295e-05 2.541660088280859e-05 -0.00022171453730283913 1.1769362986764985e-05 -0.00032854452839949989 -0.00070167803946441466 -0.00062170388337632579 0.00065125777686508434 -0.00050376237912789579 -0.00024890863330837156 5.3970378105432983e-05 0.00064589762710888477 -4.5976792909376071e-05 0.0002569207122156789 0.0006568132426309093 -0.00060193943866936083 3.8832295507998778e-05 -4.2574631315726688e-05 -0.00043563269628067941 0.00022042383454635154 -0.0002925583207513646 1.5825382606094832e-05 0.00074486133100605805 -7.1561605101730374e-05 -0.00037064420591440982 0.00011977329102383064
leaf_weight=5280 6042 5046 5037 8493 18403 5306 5024 82197 13304 5399 5901 5639 8056 9655 264001 5294 39741 8909 10732 5298 18421 92991 10772 9631 8431 754676 5255 125834 9480 5037
leaf_count=5280 6042 5046 5037 8493 18403 5306 5024 82197 13304 5399 5901 5639 8056 9655 264001 5294 39741 8909 10732 5298 18421 92991 10772 9631 8431 754676 5255 125834 9480 5037
internal_value=5.81364e-06 1.48506e-05 6.3143e-05 -6.01529e-05 -2.74778e-05 -5.9047e-05 0.000209308 4.12726e-06 -3.5933e-05 -0.000260505 -0.000231856 0.000350835 5.49458e-05 0.000217182 3.71925e-05 6.58424e-05 -0.000124025 -6.08149e-06 0.00047446 -2.07068e-06 -4.25151e-06 -0.00010946 -8.37595e-05 -0.000134242 -1.93189e-05 8.44924e-06 0.000198013 3.33017e-06 -0.000172878 -5.12538e-05
internal_weight=1.56328e+06 1.375e+06 356705 188287 158282 139728 18554 106446 95501 33282 30005 10945 351668 34576 317092 269295 47797 18564 16012 1.01829e+06 1.01325e+06 109061 103763 24104 18062 904186 23676 880510 27883 10061
internal_count=1563285 1374998 356705 188287 158282 139728 18554 106446 95501 33282 30005 10945 351668 34576 317092 269295 47797 18564 16012 1018293 1013247 109061 103763 24104 18062 904186 23676 880510 27883 10061
is_linear=0
shrinkage=0.003


Tree=127
num_leaves=21
num_cat=0
split_feature=60 80 81 80 87 3 6 47 41 43 63 90 83 47 11 47 21 21 78 40
split_gain=149.643 142.315 132.209 153.708 138.567 136.386 121.802 193.148 116.426 177.358 189.191 140.054 140.554 113.89 109.21 99.1184 78.6448 88.3877 78.1545 63.2222
threshold=21.500000000000004 -0.0076000839471817008 -0.00092215021140873421 -0.036951817572116845 0.0091166347265243548 -1.6596679687499998 0.063079833984375014 0.27673339843750006 0.063690185546875014 -0.13696289062499997 -84.406249999999986 0.20135426521301272 -0.0062706135213375083 0.21893310546875003 0.041748046875000007 0.25012207031250006 0.078460693359375014 0.089752197265625014 0.69302597641944896 0.29687500000000006
decision_type=2 2 2 2 2 2 2 2 2 2 2 2 2 2 2 2 2 2 2 2
left_child=2 -2 3 4 5 15 -4 16 11 13 -11 12 -5 -10 -7 -1 19 -18 -3 -8
right_child=1 18 6 8 -6 14 7 -9 9 10 -12 -13 -14 -15 -16 -17 17 -19 -20 -21
leaf_value=-0.00044890744497901513 0.00057901695356908634 0.0003029199185016683 -0.00012299816688577969 -0.00026967945736845674 0.00039347864785080512 -0.00024209241912181355 -0.00019843592755364867 0.00075442408227733085 0.00051583819629303946 -2.7593969211091092e-05 -0.00044507097987426549 -0.00069064776766941595 0.00019581054331611829 3.7137505951004448e-05 7.7496434722618395e-06 2.5975359480811957e-05 0.00060816339830334267 7.4398759473378245e-05 -0.00020364836813561402 0.00022413456145182898
leaf_weight=10255 7694 5304 9538 26914 8065 15833 7258 5751 5002 26752 15303 5290 7369 36449 1342525 6384 5240 5919 5466 5521
leaf_count=10255 7694 5304 9538 26914 8065 15833 7258 5751 5002 26752 15303 5290 7369 36449 1342525 6384 5240 5919 5466 5521
internal_value=2.47331e-06 0.000270218 -7.42976e-07 -5.22632e-06 3.81759e-06 1.5036e-06 0.000170973 0.000265511 -0.000106775 -4.31457e-05 -0.000180201 -0.000240597 -0.000169346 9.6006e-05 4.81988e-06 -0.000267639 0.000145402 0.000328217 4.63176e-05 -1.55471e-05
internal_weight=1.56383e+06 18464 1.54537e+06 1.50614e+06 1.38306e+06 1.375e+06 39227 29689 123079 83506 42055 39573 34283 41451 1.35836e+06 16639 23938 11159 10770 12779
internal_count=1563832 18464 1545368 1506141 1383062 1374997 39227 29689 123079 83506 42055 39573 34283 41451 1358358 16639 23938 11159 10770 12779
is_linear=0
shrinkage=0.003


Tree=128
num_leaves=27
num_cat=0
split_feature=41 3 76 23 8 57 13 83 80 84 35 27 59 59 47 28 23 37 18 69 46 1 38 1 91 43
split_gain=144.106 137.208 122.919 136.403 121.141 119.966 170.476 152.412 205.713 194.867 167.477 165.293 155.905 154.563 149.107 143.775 131.147 203.113 131.319 117.503 112.991 102.19 102.002 99.398 95.161 84.5767
threshold=0.093078613281250014 -1.1948242187499998 0.024616241455078128 -1.3896484374999998 1.1503906250000002 0.54418945312500011 1.4418945312500002 -0.013058912009000776 -0.13813877105712888 0.029799118638038639 0.32812500000000006 0.019912719726562503 0.22369384765625003 0.22589111328125003 0.20587158203125003 0.75415039062500011 1.2973632812500002 -0.0069446563720703116 0.29406738281250006 0.28112792968750006 0.29553222656250006 0.10610961914062501 -1.1625976562499998 0.084136962890625014 -1.814669609069824 0.31420898437500006
decision_type=2 2 2 2 2 2 2 2 2 2 2 2 2 2 2 2 2 2 2 2 2 2 2 2 2 2
left_child=5 19 3 -3 24 7 14 9 10 16 -9 20 15 -14 25 -10 18 -18 -1 -2 -11 22 -16 -13 -5 -7
right_child=1 2 -4 4 -6 6 -8 8 12 11 -12 23 13 -15 21 -17 17 -19 -20 -21 -22 -23 -24 -25 -26 -27
leaf_value=-6.7866065529848194e-05 -0.00065619467578336148 0.00035875960835842814 -0.00046903394109377766 0.00012378162457873658 0.0002870977313728034 0.00012965894670748885 -0.00046147372615116031 0.00013901882468152362 0.00021348116686185651 -9.0388297799244495e-05 0.00080497395435491894 -7.8423726527035938e-05 -0.0005430060383219209 -1.0274740296268621e-05 0.00029741006444972292 -0.00026780181251450925 -0.0001890485493094176 0.00038426896842556094 2.8353938807538556e-05 -0.00012755310462416358 -0.00031281939231641919 -0.00032263440332671467 3.6035377053252847e-05 0.00036207887198304181 -0.00010377289323014771 0.00065493929803654119
leaf_weight=301439 6485 7157 6249 18511 8469 5678 5932 8632 49390 36358 5563 11953 5031 109702 13723 6211 8235 16718 221296 9043 47518 6866 485488 7377 149491 5382
leaf_count=301439 6485 7157 6249 18511 8469 5678 5932 8632 49390 36358 5563 11953 5031 109702 13723 6211 8235 16718 221296 9043 47518 6866 485488 7377 149491 5382
internal_value=-6.84097e-06 -8.08802e-05 -5.86072e-05 -4.43924e-05 -6.09367e-05 4.35895e-06 3.99831e-05 -1.79479e-05 5.8134e-05 -3.95228e-05 0.000403811 -0.000159034 2.91065e-05 -3.40873e-05 4.58233e-05 0.000159334 -1.69772e-05 0.000195063 -2.71344e-05 -0.000351117 -0.000216624 3.82514e-05 4.32785e-05 9.06857e-05 -7.86415e-05 0.000388848
internal_weight=1.5639e+06 205405 189877 183628 176471 1.35849e+06 523069 835423 184529 650894 14195 103206 170334 114733 517137 55601 547688 24953 522735 15528 83876 506077 499211 19330 168002 11060
internal_count=1563897 205405 189877 183628 176471 1358492 523069 835423 184529 650894 14195 103206 170334 114733 517137 55601 547688 24953 522735 15528 83876 506077 499211 19330 168002 11060
is_linear=0
shrinkage=0.003


Tree=129
num_leaves=31
num_cat=0
split_feature=74 2 72 36 31 75 83 91 0 82 82 86 8 43 58 23 58 21 5 65 91 41 41 77 33 8 82 84 40 16
split_gain=118.233 164.464 142.015 228.638 204.863 226.264 219.206 156.436 195.691 226.725 168.184 164.73 161.308 148.065 142.326 158.766 158.187 158.048 133.235 131.562 170.774 165.534 124.683 118.344 118.299 108.149 135.712 105.74 129.318 122.258
threshold=0.32116699218750006 0.0055046081542968759 0.32653808593750006 0.088317871093750014 0.069244384765625014 -0.049423217773437493 -0.072417914867401109 -1.3300929069519041 0.35937500000000006 -0.10710805654525755 -0.10908073186874388 0.020510695874691013 1.2661132812500002 -0.85107421874999989 2.1572265625000004 -0.29748535156249994 2.1494140625000004 0.062957763671875014 0.20312500000000003 0.046981811523437507 -1.2830717563629148 0.094512939453125014 0.063934326171875014 0.40167389810085302 -0.47680664062499994 1.4389648437500002 -0.059511810541152947 0.033120572566986091 0.60937500000000011 0.058547973632812507
decision_type=2 2 2 2 2 2 2 2 2 2 2 2 2 2 2 2 2 2 2 2 2 2 2 2 2 2 2 2 2 2
left_child=1 18 3 4 5 -2 -7 8 13 10 -10 -11 19 -4 16 17 22 -16 -1 21 -21 -9 -5 -6 -15 -14 -27 28 29 -20
right_child=2 -3 7 14 23 6 -8 12 9 11 -12 -13 25 24 15 -17 -18 -19 27 20 -22 -23 -24 -25 -26 26 -28 -29 -30 -31
leaf_value=-0.00041561371007440049 -0.00014132877295967099 -0.00040022987269455084 0.00023065338183263947 -0.00025527857472741378 0.00034434351365982577 0.00081191509986836951 0.00023383934730987905 0.00010887022709445245 8.1050197418696142e-05 -7.6526344139561715e-05 0.00064514117751969025 0.00041980902332273956 0.00044337172214061989 -0.00019283461455012879 4.4177134121760526e-05 -3.8372339269960234e-05 -0.00042726121781967952 0.000767250711248093 0.00011754154314176907 0.00024911795531110489 -3.7560158316850934e-05 -0.00029006476452523726 -4.4088198914940111e-06 3.9729481159189035e-05 -0.00054368982031338068 0.00021204665053523467 -0.00033221943281017818 0.00014306079599358894 0.00027498364162199628 -0.00028106993698798861
leaf_weight=7740 13138 13779 5578 22298 11909 6401 67160 144703 67905 286755 5020 6049 12300 33584 5133 16240 11279 5720 9467 19702 336590 9913 87444 261364 11656 19891 5100 27012 6894 25222
leaf_count=7740 13138 13779 5578 22298 11909 6401 67160 144703 67905 286755 5020 6049 12300 33584 5133 16240 11279 5720 9467 19702 336590 9913 87444 261364 11656 19891 5100 27012 6894 25222
internal_value=5.61849e-06 -9.98075e-05 1.20752e-05 5.26628e-05 9.3477e-05 0.000220456 0.000285175 -9.30357e-06 -5.31218e-05 -2.8854e-05 0.000120711 -6.61328e-05 2.39951e-05 -0.000227374 -4.65268e-05 0.000149655 -9.05334e-05 0.000428794 -4.51265e-05 1.00727e-05 -2.16422e-05 8.31221e-05 -5.5568e-05 5.31254e-05 -0.000284232 0.000214204 0.000100095 -2.77798e-06 -9.76297e-05 -0.000172259
internal_weight=1.56295e+06 90114 1.47283e+06 508086 359972 86699 73561 964746 416547 365729 72925 292804 548199 50818 148114 27093 121021 10853 76335 510908 356292 154616 109742 273273 45240 37291 24991 68595 41583 34689
internal_count=1562946 90114 1472832 508086 359972 86699 73561 964746 416547 365729 72925 292804 548199 50818 148114 27093 121021 10853 76335 510908 356292 154616 109742 273273 45240 37291 24991 68595 41583 34689
is_linear=0
shrinkage=0.003


Tree=130
num_leaves=28
num_cat=0
split_feature=30 59 59 33 18 91 74 87 87 69 18 86 41 75 75 37 21 58 75 13 2 12 23 11 57 89 70
split_gain=108.111 107.371 130.9 101.68 133.485 122.142 197.564 201.02 186.365 148.519 169.098 137.805 112.635 107.969 117.03 106.111 145.066 103.129 101.429 96.0528 93.34 86.7792 69.233 69.039 61.2211 60.8904 56.6148
threshold=0.73437500000000011 0.23870849609375003 0.25524902343750006 -1.3242187499999998 -0.80249023437499989 -1.7220196723937986 0.35852050781250006 0.0040160035714507112 0.0052943630144000062 0.23675537109375003 0.28833007812500006 0.016241054981946949 0.041900634765625007 -0.048202514648437493 -0.055709838867187493 -0.0060729980468749991 0.091400146484375014 2.0302734375000004 -0.045333862304687493 -0.30126953124999994 -0.00030243396759033198 -0.010612487792968748 -0.20196533203124997 0.082305908203125014 0.54711914062500011 0.0012901718728244307 0.17913818359375003
decision_type=2 2 2 2 2 2 2 2 2 2 2 2 2 2 2 2 2 2 2 2 2 2 2 2 2 2 2
left_child=3 -2 24 4 -1 6 7 21 -9 23 -11 12 19 14 22 20 -17 -14 -15 -7 -13 -5 -6 -8 -3 -16 -20
right_child=1 2 -4 5 13 11 9 8 -10 10 -12 15 17 18 25 16 -18 -19 26 -21 -22 -23 -24 -25 -26 -27 -28
leaf_value=0.00028263182704610319 0.00048627329778486562 -0.00036954478799933947 0.00036763280384271527 0.00011432812270059119 -0.00038430780849392488 0.00058496770504545392 -0.00052691870663512934 0.00042936947673254437 0.00011727240395045604 -0.00015594133392417365 0.00048273917594205627 -0.00012151278022104597 -0.00023709276427861181 0.00034236792335167029 -0.00022053843506771603 -0.00016214525617764614 0.00022466659090365803 3.1097035087287118e-06 -0.00028266415288115003 9.7552516963964519e-05 0.00011095219659127508 -0.00025397265120393766 2.2035703680654688e-05 -0.00012668585648633701 7.0604644853004237e-05 -0.00063833313894866338 0.00011316919054529895
leaf_weight=6199 7645 5321 7610 8815 5684 5076 8560 20632 102585 10949 5535 26213 16231 5346 5008 118307 9334 1075476 8898 12433 37890 16249 10829 7174 5927 9044 5023
leaf_count=6199 7645 5321 7610 8815 5684 5076 8560 20632 102585 10949 5535 26213 16231 5346 5008 118307 9334 1075476 8898 12433 37890 16249 10829 7174 5927 9044 5023
internal_value=-8.03451e-07 0.000188808 6.62876e-05 -4.08401e-06 -0.000129416 6.64645e-07 7.37737e-05 0.000120035 0.000169837 -0.000138851 6.01326e-05 -9.48361e-06 3.35628e-06 -0.000181137 -0.000291715 -8.37239e-05 -0.000133705 -4.82905e-07 -5.1175e-06 0.000241378 1.58514e-05 -0.000124502 -0.000119305 -0.000346383 -0.000139035 -0.000492046 -0.00014005
internal_weight=1.56399e+06 26503 18858 1.53749e+06 56031 1.48146e+06 180499 148281 123217 32218 16484 1.30096e+06 1.10922e+06 49832 30565 191744 127641 1.09171e+06 19267 17509 64103 25064 16513 15734 11248 14052 13921
internal_count=1563993 26503 18858 1537490 56031 1481459 180499 148281 123217 32218 16484 1300960 1109216 49832 30565 191744 127641 1091707 19267 17509 64103 25064 16513 15734 11248 14052 13921
is_linear=0
shrinkage=0.003


Tree=131
num_leaves=30
num_cat=0
split_feature=33 91 74 81 86 86 86 11 33 8 76 13 35 21 42 62 42 86 67 50 83 86 72 76 72 91 86 48 42
split_gain=126.67 114.221 199.867 142.847 135.794 166.019 207.661 133.611 132.874 114.422 133.097 146.709 139.34 126.833 128.526 101.462 147.895 120.457 88.3151 81.3474 122.222 105.658 104.555 117.932 117.173 80.0427 73.2528 64.9487 63.0634
threshold=-1.3242187499999998 -1.7283849716186521 0.35729980468750006 0.0013366609346121552 0.0095465034246444719 0.012407641857862474 0.011574178934097292 0.066375732421875014 -0.17602539062499997 0.42309570312500006 0.024234771728515628 -0.63671874999999989 0.20312500000000003 0.045059204101562507 0.028724670410156253 -528.49999999999989 -0.0025234222412109371 0.011494457721710207 -56.484374999999993 0.32812500000000006 -0.0054710917174816123 0.0070974044501781472 0.33435058593750006 0.021366119384765628 0.32849121093750006 -1.832031726837158 0.0056518893688917169 13.964843750000002 0.0037574768066406254
decision_type=2 2 2 2 2 2 2 2 2 2 2 2 2 2 2 2 2 2 2 2 2 2 2 2 2 2 2 2 2
left_child=19 2 4 9 7 6 -6 -2 -7 10 12 -12 -3 -11 -15 -4 27 -18 -5 20 -1 26 24 28 -23 -9 -21 -17 -24
right_child=1 3 15 18 5 8 -8 25 -10 13 11 -13 -14 14 -16 16 17 -19 -20 21 -22 22 23 -25 -26 -27 -28 -29 -30
leaf_value=0.00036240221356517662 0.00023304981155163683 -0.00027009550272043693 -0.00040041524277248841 0.00059332298850387735 0.00020225531533343269 0.00015486379492776205 0.00086823106416976045 -0.00044415919271472326 -0.00020742277079389867 0.00037267018919939071 -1.0030774285960228e-05 -0.00049145612195230972 -1.6296976335575857e-05 3.4624666534099533e-05 -0.00031585915191456322 -0.00052596322517425896 -0.00019008435705120154 0.00036204691094100772 0.00010756796229926831 -0.00021612662899160359 -0.00018795914601497409 -0.0001000654253232633 -0.00037719484046318789 0.000396022275967681 -0.00064542847611652368 -1.5820359092963451e-05 -0.0007256153403331874 -6.0183410458578038e-05 9.2512794359454501e-05
leaf_weight=6293 7963 19801 9003 5313 12887 87349 6226 8217 10084 9618 11255 11445 898129 358790 9571 5459 5553 9548 9071 5221 8312 9889 5045 5589 5468 7452 5080 5285 5082
leaf_count=6293 7963 19801 9003 5313 12887 87349 6226 8217 10084 9618 11255 11445 898129 358790 9571 5459 5553 9548 9071 5221 8312 9889 5045 5589 5468 7452 5080 5285 5082
internal_value=-2.20181e-06 3.00422e-06 7.50347e-05 -6.45852e-06 0.000125572 0.000167596 0.000422585 -8.1513e-05 0.000117194 -9.7125e-06 -2.74269e-05 -0.000253849 -2.18006e-05 3.43668e-05 2.54349e-05 -0.000128031 -3.1969e-05 0.0001591 0.000289848 -0.000142202 5.00323e-05 -0.000210018 -0.000121952 5.00572e-05 -0.000297166 -0.000241838 -0.000471945 -0.000299513 -0.000142883
internal_weight=1.564e+06 1.50802e+06 175026 1.33299e+06 140178 116546 19113 23632 97433 1.31861e+06 940630 22700 917930 377979 368361 34848 25845 15101 14384 55979 14605 41374 31073 15716 15357 15669 10301 10744 10127
internal_count=1563998 1508019 175026 1332993 140178 116546 19113 23632 97433 1318609 940630 22700 917930 377979 368361 34848 25845 15101 14384 55979 14605 41374 31073 15716 15357 15669 10301 10744 10127
is_linear=0
shrinkage=0.003


Tree=132
num_leaves=27
num_cat=0
split_feature=31 8 33 23 74 77 1 8 60 80 84 23 48 38 56 91 75 6 31 86 10 36 70 48 48 48
split_gain=126.285 109.69 145.372 272.284 127.898 177.299 141.114 129.687 120.901 110.901 94.5745 127.607 110.925 134.061 188.955 88.8782 150.635 150.66 124.666 104.789 136.791 129.585 78.7978 122.43 83.6079 70.5946
threshold=0.051971435546875007 1.0864257812500002 0.85058593750000011 -0.25634765624999994 0.33605957031250006 0.44344225525856024 0.074005126953125014 1.2412109375000002 21.500000000000004 1.0000000180025095e-35 0.033030033111572273 0.92260742187500011 11.597656250000002 -0.18640136718749997 0.40661621093750006 -1.7040987014770506 -0.049118041992187493 0.087036132812500014 0.074005126953125014 0.0024744495749473576 0.23437500000000003 0.043731689453125007 0.16668701171875003 11.238281250000002 12.183593750000002 12.941406250000002
decision_type=2 2 2 2 2 2 2 2 2 2 2 2 2 2 2 2 2 2 2 2 2 2 2 2 2 2
left_child=10 8 4 -4 -3 7 -7 -6 15 -10 22 12 13 -12 -15 16 17 -2 -18 21 -21 -17 23 -1 -25 -26
right_child=1 2 3 -5 5 6 -8 -9 9 -11 11 -13 -14 14 -16 19 18 -19 -20 20 -22 -23 -24 24 25 -27
leaf_value=0.00025030993169065013 -4.636750861327738e-06 0.00045438057150837252 0.0009008755893039948 -3.5686472399113822e-05 0.0001135717035247682 -2.8876349260986908e-05 0.00027453638611470144 -0.00031204902764493783 0.00048247607048223086 -5.0035952244842404e-05 -0.00049340098661017307 0.00037745789016339296 0.00018584698186947538 -0.00027013876436514546 0.00042211766164973035 0.0005081122189645943 0.00013004999454389318 -0.00043165345614269799 -0.00015883043461165913 -0.00022613544184089506 -1.9980391592748769e-05 4.5869317908766956e-05 -0.00050315391534397379 -0.00056925030947983768 0.00013341340313933762 -0.00027594324130173907
leaf_weight=5252 31375 6685 5352 5715 9749 27126 27937 18659 8616 5875 8787 6019 9183 10162 5325 5638 129051 9647 14922 29700 1038824 112803 7601 5612 5411 12190
leaf_count=5252 31375 6685 5352 5715 9749 27126 27937 18659 8616 5875 8787 6019 9183 10162 5325 5638 129051 9647 14922 29700 1038824 112803 7601 5612 5411 12190
internal_value=-3.03939e-06 3.04039e-06 9.83277e-05 0.000421246 5.82654e-05 2.60357e-05 0.000125283 -0.000166099 -3.92301e-06 0.00026772 -0.000122616 -2.10266e-05 -9.36262e-05 -0.000199681 -3.09345e-05 -6.81147e-06 5.43335e-05 -0.000105862 0.00010002 -1.6345e-05 -2.57312e-05 6.8283e-05 -0.000233445 -0.000159916 -0.000253406 -0.000150054
internal_weight=1.56322e+06 1.48767e+06 101223 11067 90156 83471 55063 28408 1.38645e+06 14491 75542 39476 33457 24274 15487 1.37196e+06 184995 41022 143973 1.18696e+06 1.06852e+06 118441 36066 28465 23213 17601
internal_count=1563216 1487674 101223 11067 90156 83471 55063 28408 1386451 14491 75542 39476 33457 24274 15487 1371960 184995 41022 143973 1186965 1068524 118441 36066 28465 23213 17601
is_linear=0
shrinkage=0.003


Tree=133
num_leaves=30
num_cat=0
split_feature=33 1 66 90 3 80 8 38 11 30 59 59 45 21 59 72 40 61 43 10 87 85 85 76 72 8 1 76 76
split_gain=126.019 100.401 136.275 124.687 99.9666 212.724 190.1 226.994 134.604 130.575 186.533 135.001 129.016 146.405 134.003 126.794 148.115 105.919 95.4945 119.677 153.121 88.6387 79.2292 73.7206 138.385 62.0898 61.7842 73.273 148.435
threshold=-1.3242187499999998 0.10671997070312501 -0.38061523437499994 -0.052395626902580254 -0.83496093749999989 -0.054250486195087426 0.22607421875000003 -0.076019287109374986 0.080902099609375014 0.73437500000000011 0.23870849609375003 0.25671386718750006 1.1718750000000002 0.10330200195312501 0.28674316406250006 0.33508300781250006 0.29687500000000006 -4.3105468749999991 -0.023544311523437497 0.29687500000000006 0.0030210223048925404 0.014036756008863451 0.015415951609611513 0.022647857666015628 0.33605957031250006 -0.10916137695312499 0.069671630859375014 0.021465301513671878 0.023014068603515628
decision_type=2 2 2 2 2 2 2 2 2 2 2 2 2 2 2 2 2 2 2 2 2 2 2 2 2 2 2 2 2
left_child=18 4 3 25 5 15 7 -7 -8 12 -11 -12 13 -6 -14 16 -2 -17 26 -20 -21 -4 -23 24 -22 -3 -1 -28 -29
right_child=1 2 21 -5 9 6 8 -9 -10 10 11 -13 14 -15 -16 17 -18 -19 19 20 23 22 -24 -25 -26 -27 27 28 -30
leaf_value=0.00029210907372478656 0.00028597301845667794 -0.00027848882472568225 -0.00055989316816052099 0.0004466044794618968 0.00016749931962683947 -0.00027101144867844388 0.0001396412490194903 0.00035023756728535637 0.0006645047906679608 0.00064908018051539561 -0.00013165243551630521 0.00043499118025453355 8.4668244505856313e-06 -0.00017051596340065988 0.00040285173447501333 0.00014408218439054907 -8.1143338901432449e-05 -0.00029173684128086432 0.00014726967357510303 -0.00064881701298498309 -0.00065730519031506195 0.00013030845906666648 -0.00033278005223096529 0.00013087152041998151 -3.4295062025388084e-05 0.00010960168077407213 -0.00035052734311241722 0.00044046348784359689 -0.00022906982099940611
leaf_weight=5403 10880 7755 7554 5046 87525 14030 9862 8365 7938 7075 10637 5747 1139781 13198 7707 5711 99767 38339 5933 8632 5271 5314 8594 5318 8000 6953 5640 5160 6780
leaf_count=5403 10880 7755 7554 5046 87525 14030 9862 8365 7938 7075 10637 5747 1139781 13198 7707 5711 99767 38339 5933 8632 5271 5314 8594 5318 8000 6953 5640 5160 6780
internal_value=5.36504e-06 1.05651e-05 -0.000135284 4.45108e-05 1.46729e-05 -4.85794e-05 0.00014562 -3.84366e-05 0.000376111 2.43698e-05 0.000245638 6.85417e-05 2.0192e-05 0.000123083 1.11505e-05 -9.90999e-05 -4.48189e-05 -0.000235035 -0.000134072 -0.000236847 -0.0003208 -0.00030021 -0.000156175 -0.000165826 -0.000284809 -9.55233e-05 1.45686e-05 -7.18999e-05 6.15314e-05
internal_weight=1.56392e+06 1.50778e+06 41216 19754 1.46656e+06 194892 40195 22395 17800 1.27167e+06 23459 16384 1.24821e+06 100723 1.14749e+06 154697 110647 44050 56137 33154 27221 21462 13908 18589 13271 14708 22983 17580 11940
internal_count=1563915 1507778 41216 19754 1466562 194892 40195 22395 17800 1271670 23459 16384 1248211 100723 1147488 154697 110647 44050 56137 33154 27221 21462 13908 18589 13271 14708 22983 17580 11940
is_linear=0
shrinkage=0.003


Tree=134
num_leaves=20
num_cat=0
split_feature=60 31 81 82 6 76 76 41 13 3 74 74 75 20 87 3 85 80 33
split_gain=108.291 182.672 116.482 171.635 130.015 153.936 185.055 109.207 108.566 113.874 103.549 130.553 147.369 124.754 130.253 95.698 94.6864 94.4202 74.5828
threshold=21.500000000000004 0.059722900390625007 -0.00092215021140873421 -0.029915034770965573 0.069671630859375014 0.024921417236328128 0.021862030029296878 0.072479248046875014 0.92871093750000011 0.25256347656250006 0.32434082031250006 0.33215332031250006 -0.027336120605468747 0.51562500000000011 0.0010992828756570818 -0.070220947265624986 0.016702547669410709 -0.040343306958675378 -0.49560546874999994
decision_type=2 2 2 2 2 2 2 2 2 2 2 2 2 2 2 2 2 2 2
left_child=2 -2 3 10 18 6 -6 8 9 -5 13 12 -12 14 -1 -3 -8 -13 -4
right_child=1 15 4 7 5 -7 16 -9 -10 -11 11 17 -14 -15 -16 -17 -18 -19 -20
leaf_value=8.3295803892008728e-05 -0.0002010057815547025 0.00015291361288852955 0.00010177882286777758 -0.00052563170775323464 0.00061236185078104638 0.00068667311752498459 0.00026602893484523309 -0.000615637401621365 0.00012637160619099935 3.0509820505440665e-05 4.4109607753568534e-05 6.6710490606431511e-06 0.00029659043872045293 0.00025300223555693729 -0.00017231823790660642 0.00067838529798719622 -0.00024128028903122145 -8.4859972094551632e-05 -0.00034819615583615187
leaf_weight=22943 5945 5937 8459 8288 5451 6406 5439 5438 8315 5460 87475 1139082 27219 8856 81363 6650 8136 111245 5318
leaf_count=22943 5945 5937 8459 8288 5451 6406 5439 5438 8315 5460 87475 1139082 27219 8856 81363 6650 8136 111245 5318
internal_value=2.7524e-06 0.000230097 1.05425e-08 -4.19806e-06 0.000161227 0.000287994 0.000150872 -0.000238591 -0.0001433 -0.000306135 1.78566e-07 7.41052e-06 0.000104234 -8.69867e-05 -0.000116068 0.000433691 -3.75613e-05 -1.47885e-06 -7.31716e-05
internal_weight=1.56342e+06 18532 1.54489e+06 1.50568e+06 39209 25432 19026 27501 22063 13748 1.47818e+06 1.36502e+06 114694 113162 104306 12587 13575 1.25033e+06 13777
internal_count=1563425 18532 1544893 1505684 39209 25432 19026 27501 22063 13748 1478183 1365021 114694 113162 104306 12587 13575 1250327 13777
is_linear=0
shrinkage=0.003


Tree=135
num_leaves=31
num_cat=0
split_feature=8 69 21 43 36 11 82 16 88 18 48 65 7 18 8 69 80 72 28 91 18 76 23 25 89 78 87 16 73 23
split_gain=128.929 106.337 143.108 140.147 129.67 160.037 104.367 161.491 148.702 231.081 178.745 155.536 149.459 128.144 115.607 105.699 241.632 164.755 124.826 172.124 118.024 103.939 103.521 235.886 209.054 137.134 125.114 110.617 108.447 80.8604
threshold=0.42309570312500006 0.41625976562500006 0.095611572265625014 0.86767578125000011 0.060653686523437507 0.051330566406250007 -0.061362877488136285 0.057434082031250007 0.003253981471061707 0.43811035156250006 7.8457031250000009 0.055191040039062507 0.014694213867187502 -0.21264648437499997 1.3598632812500002 0.34924316406250006 -0.0042198225855827323 0.36169433593750006 0.72583007812500011 -1.7283849716186521 0.075103759765625014 0.023731231689453128 0.58422851562500011 0.54687500000000011 0.0017037498764693739 0.70328742265701305 0.0010327307973057034 0.058944702148437507 0.29919433593750006 1.1337890625000002
decision_type=2 2 2 2 2 2 2 2 2 2 2 2 2 2 2 2 2 2 2 2 2 2 2 2 2 2 2 2 2 2
left_child=1 2 22 4 29 -6 7 14 10 13 -9 -12 -11 -10 21 16 18 -17 19 -8 -20 -2 25 27 -25 28 -27 -24 -1 -4
right_child=6 -3 3 -5 5 -7 15 8 9 12 11 -13 -14 -15 -16 17 -18 -19 20 -21 -22 -23 23 24 -26 26 -28 -29 -30 -31
leaf_value=0.00013934216933421658 -0.00022712184122498878 -0.00036722854278706897 0.00014999957855055932 -0.00020843796627822647 -0.00030214403731111179 0.00020367810227092832 -0.00036819574822874744 0.00047678240273873074 0.00027247407420919731 0.00098452095142472981 9.116500373189374e-05 -7.8991787225778261e-05 0.00028106003199365027 -3.9155590117291655e-05 0.00024328592264625016 -0.00038488711868728818 0.00058140674064278942 0.00022720346432306116 -2.235692802981666e-05 0.00012465530994498842 -0.00062610214216060384 0.00023049412328657141 0.00010595767759588063 -6.3529667177934133e-07 0.00064005645949093679 0.0001069262003327995 -0.00010976655628556574 -0.0002340125804921351 -2.4879664826256015e-06 -0.00026969736534697793
leaf_weight=52588 33016 7546 6515 12845 5956 82140 7854 8853 27212 5175 178701 66179 5843 20973 7341 15902 5943 5184 5814 32085 5758 5081 9662 39746 5081 27685 175772 75570 613364 10956
leaf_count=52588 33016 7546 6515 12845 5956 82140 7854 8853 27212 5175 178701 66179 5843 20973 7341 15902 5943 5184 5814 32085 5758 5081 9662 39746 5081 27685 175772 75570 613364 10956
internal_value=2.3422e-06 -1.46385e-05 -1.22258e-05 8.63452e-05 0.000122377 0.000169177 4.60752e-05 6.7779e-05 9.20466e-05 0.000227314 6.04079e-05 4.51665e-05 0.000617349 0.000137034 -9.91894e-05 -5.29184e-05 1.38464e-05 -0.000234042 -5.26346e-05 2.70587e-05 -0.000325559 -0.000165646 -2.39114e-05 -0.000102817 7.32481e-05 -1.20971e-05 -8.02425e-05 -0.000195394 8.73112e-06 -0.000113228
internal_weight=1.56234e+06 1.12543e+06 1.11788e+06 118412 105567 88096 436914 358374 312936 59203 253733 244880 11018 48185 45438 78540 57454 21086 51511 39939 11572 38097 999468 130059 44827 869409 203457 85232 665952 17471
internal_count=1562340 1125426 1117880 118412 105567 88096 436914 358374 312936 59203 253733 244880 11018 48185 45438 78540 57454 21086 51511 39939 11572 38097 999468 130059 44827 869409 203457 85232 665952 17471
is_linear=0
shrinkage=0.003


Tree=136
num_leaves=23
num_cat=0
split_feature=74 63 33 67 59 1 61 83 13 41 70 74 50 43 28 83 60 23 61 3 82 46
split_gain=121.155 126.452 121.517 120.044 217.722 116.067 119.024 108.511 104.069 104.145 103.398 118.398 136.874 103.943 100.151 241.473 140.286 115.989 103.707 86.5725 139.524 23.5582
threshold=0.32434082031250006 -35.484374999999993 0.71679687500000011 -40.578124999999993 0.27355957031250006 0.067047119140625014 2.1250000000000004 0.0028948439285159115 -1.5659179687499998 0.062622070312500014 0.25683593750000006 0.33215332031250006 0.31127929687500006 -0.98022460937499989 0.40478515625000006 -0.016393851488828656 2.5000000000000004 -0.59692382812499989 1.1718750000000002 -1.2895507812499998 -0.095260530710220323 0.28137207031250006
decision_type=2 2 2 2 2 2 2 2 2 2 2 2 2 2 2 2 2 2 2 2 2 2
left_child=1 3 7 4 8 6 19 10 -1 -10 11 12 -2 -13 16 18 17 -7 -16 -4 -21 -12
right_child=2 -3 5 -5 -6 14 -8 -9 9 -11 21 13 -14 -15 15 -17 -18 -19 -20 20 -22 -23
leaf_value=-0.00049774791045171206 0.000408663416857034 0.00026060039374335058 0.00020038542294813433 -0.00050140604972313515 0.00050531094151092676 0.00029518104571518564 0.00039002826669273777 0.00041110105300379193 0.00024974771701205561 -0.00012457976216822406 -0.00044460543826085712 -0.0001005074010133659 5.8981902649247946e-05 5.4534975666089624e-08 7.6173755812361337e-05 0.00043629393701435595 0.00054679519477596075 7.7405174401111101e-05 -0.00032047356292605402 -5.175955669260984e-05 -0.00047255940557846144 -0.00015274460494830712
leaf_weight=6097 11441 8600 7945 6701 5159 28673 5114 5617 7147 87938 5132 101696 79718 1013704 9399 7513 7578 94191 15836 34438 8841 5051
leaf_count=6097 11441 8600 7945 6701 5159 28673 5114 5617 7147 87938 5132 101696 79718 1013704 9399 7513 7578 94191 15836 34438 8841 5051
internal_value=2.76204e-06 -8.8119e-05 1.04346e-05 -0.000114856 -9.00494e-05 7.5405e-05 -4.19419e-05 -1.23886e-06 -0.000120874 -9.62109e-05 -3.17603e-06 -6.23011e-07 0.000103269 -9.12233e-06 0.000115917 -3.23303e-05 0.000153132 0.000128427 -0.000173021 -8.5744e-05 -0.000138611 -0.000302729
internal_weight=1.56353e+06 121642 1.44189e+06 113042 106341 219528 56338 1.22236e+06 101182 95085 1.21674e+06 1.20656e+06 91159 1.1154e+06 163190 32748 130442 122864 25235 51224 43279 10183
internal_count=1563529 121642 1441887 113042 106341 219528 56338 1222359 101182 95085 1216742 1206559 91159 1115400 163190 32748 130442 122864 25235 51224 43279 10183
is_linear=0
shrinkage=0.003


Tree=137
num_leaves=30
num_cat=0
split_feature=33 78 22 23 57 70 23 23 69 77 0 3 30 59 91 5 48 76 58 65 65 59 65 23 59 37 76 41 12
split_gain=115.987 113.279 156.348 183.471 173.363 170.132 139.401 164.85 119.362 113.071 119.778 111.547 100.544 274.869 102.009 96.1662 103.728 137.63 76.7404 133.48 132.861 117.138 114.945 96.0981 75.0305 182.669 68.769 66.0293 42.7791
threshold=-1.3242187499999998 0.67178559303283703 0.013561248779296877 0.81469726562500011 0.53002929687500011 0.15557861328125003 0.52880859375000011 -0.076019287109374986 0.30993652343750006 0.48253530263900762 0.73437500000000011 -0.71411132812499989 0.73437500000000011 0.23944091796875003 -1.9980068206787107 0.57812500000000011 12.300781250000002 0.018482208251953128 2.1123046875000004 0.043838500976562507 0.058853149414062507 0.19439697265625003 0.075073242187500014 0.47229003906250006 0.23339843750000003 0.0036296844482421879 0.021389007568359378 0.078216552734375014 0.013633728027343752
decision_type=2 2 2 2 2 2 2 2 2 2 2 2 2 2 2 2 2 2 2 2 2 2 2 2 2 2 2 2 2
left_child=18 2 4 -4 6 -5 7 -2 -7 10 12 -6 14 -14 -3 16 17 -11 19 -1 27 -22 -23 26 25 -12 -20 -21 -13
right_child=1 9 3 5 11 8 -8 -9 -10 15 24 28 13 -15 -16 -17 -18 -19 23 20 21 22 -24 -25 -26 -27 -28 -29 -30
leaf_value=0.00039243662768964616 0.00049078147595592737 0.0001978503414376844 -0.00039418095357777116 0.00055055303742102099 -0.00040887321565261428 -0.00037354987912018641 0.00072034863342077796 8.2352696017224501e-05 6.8588940823124283e-05 -0.00032670046848308655 0.00014211463153512152 -7.6957792478512163e-05 0.00070220956099733796 -6.6105103008387906e-06 4.7121226852426624e-06 0.00015138492934665707 -0.00050593859142506945 7.8939539776655431e-05 -0.00069274975610633248 -0.00012908553417651184 -0.00030426867117344495 0.0004981383566138814 -9.3956787515892063e-05 -2.3449309815611549e-05 -0.00042601058617066804 -0.00049781718687630448 -0.00024632983025050468 -0.0005901131840225206 0.00029871116494393097
leaf_weight=5330 14076 24997 9422 5560 5373 6511 6118 24008 32462 14947 11433 5246 6946 16341 1273608 8156 8074 15002 5233 5386 5722 6080 5596 8801 8355 6062 7882 5878 5511
leaf_count=5330 14076 24997 9422 5560 5373 6511 6118 24008 32462 14947 11433 5246 6946 16341 1273608 8156 8074 15002 5233 5386 5722 6080 5596 8801 8355 6062 7882 5878 5511
internal_value=5.45921e-06 1.04367e-05 0.000101194 -1.61577e-05 0.000205995 6.45259e-05 0.000302962 0.0002342 -6.04369e-06 2.98885e-06 7.99496e-06 -5.99576e-05 1.19565e-05 0.000206913 8.44481e-06 -0.000142817 -0.000206155 -0.000123921 -0.000128596 -3.9102e-05 -0.000120437 4.41116e-05 0.000215975 -0.000266595 -0.000193852 -8.11902e-05 -0.00042835 -0.000372744 0.000116483
internal_weight=1.56412e+06 1.50821e+06 114287 53955 60332 44533 44202 38084 38973 1.39392e+06 1.34774e+06 16130 1.32189e+06 23287 1.2986e+06 46179 38023 29949 55908 33992 28662 17398 11676 21916 25850 17495 13115 11264 10757
internal_count=1564116 1508208 114287 53955 60332 44533 44202 38084 38973 1393921 1347742 16130 1321892 23287 1298605 46179 38023 29949 55908 33992 28662 17398 11676 21916 25850 17495 13115 11264 10757
is_linear=0
shrinkage=0.003


Tree=138
num_leaves=23
num_cat=0
split_feature=38 41 38 11 28 36 2 7 7 57 74 36 76 41 76 59 22 22 85 5 28 10
split_gain=141.412 175.353 170.449 131.139 129.121 108.228 130.14 97.841 203.249 174.698 161.544 169.827 159.396 123.94 97.6513 158.258 148.277 166.129 138.844 112.22 88.2075 53.9126
threshold=0.60205078125000011 0.041900634765625007 0.55590820312500011 0.087036132812500014 0.31225585937500006 0.12286376953125001 0.029243469238281253 0.0073585510253906259 0.0028095245361328129 0.49401855468750006 0.33654785156250006 0.069671630859375014 0.022129058837890628 0.047714233398437507 0.023731231689453128 0.23815917968750003 -0.0088768005371093733 -0.0069446563720703116 0.014543849974870683 0.35937500000000006 -0.31860351562499994 0.35937500000000006
decision_type=2 2 2 2 2 2 2 2 2 2 2 2 2 2 2 2 2 2 2 2 2 2
left_child=1 21 7 4 20 6 14 8 13 -10 11 -9 -12 -3 16 19 18 -18 -2 -16 -4 -1
right_child=5 2 3 -5 -6 -7 -8 10 9 -11 12 -13 -14 -15 15 -17 17 -19 -20 -21 -22 -23
leaf_value=0.00054675026214049717 3.1955522248522993e-05 -0.00033582230508130077 0.00043766232691245448 -0.00014573901319009611 0.00072710244579698893 0.00035956762112266852 -0.00043579562751228101 0.00048376592234571428 -0.00053728359609495123 -8.5190332286671448e-05 5.3173021136028421e-05 7.8648924708765597e-05 -0.00014333610464714459 1.7432142831845874e-05 -0.00069940363531134891 0.00018042405012191293 -0.00039114747383674832 -5.6108836896003838e-05 0.00045888057764792287 -0.00015518672122525972 -4.5431237419296726e-05 0.00016032333518908575
leaf_weight=6754 74806 8958 6949 5593 6213 5530 7988 14794 8055 137464 291035 24984 42486 679890 6768 5286 14237 188777 7450 6919 6541 6400
leaf_count=6754 74806 8958 6949 5593 6213 5530 7988 14794 8055 137464 291035 24984 42486 679890 6768 5286 14237 188777 7450 6919 6541 6400
internal_value=3.72787e-06 1.81341e-05 1.44433e-05 0.000257674 0.000372346 -5.27548e-05 -6.01703e-05 9.32763e-06 -8.73476e-06 -0.000110567 4.96907e-05 0.000230153 2.8105e-05 1.27902e-05 -5.01682e-05 -0.000258008 -3.62594e-05 -7.97855e-05 7.11327e-05 -0.000427414 0.00020481 0.000361365
internal_weight=1.56388e+06 1.24612e+06 1.23296e+06 25296 19703 317761 312231 1.20767e+06 834367 145519 373299 39778 333521 688848 304243 18973 285270 203014 82256 13687 13490 13154
internal_count=1563877 1246116 1232962 25296 19703 317761 312231 1207666 834367 145519 373299 39778 333521 688848 304243 18973 285270 203014 82256 13687 13490 13154
is_linear=0
shrinkage=0.003


Tree=139
num_leaves=17
num_cat=0
split_feature=36 11 8 15 0 16 74 1 31 78 36 8 22 15 28 2
split_gain=90.4994 100.568 166.455 106.598 104.435 103.31 102.533 157.559 148.785 99.3973 108.561 92.7181 121.166 109.559 86.5994 92.2191
threshold=0.12286376953125001 0.093597412109375014 1.2661132812500002 0.20312500000000003 0.73437500000000011 0.067047119140625014 0.38977050781250006 0.085662841796875014 0.065826416015625014 0.68942666053771984 0.077850341796875014 -1.2558593749999998 0.00064563751220703136 0.45312500000000006 1.9096679687500002 0.030044555664062503
decision_type=2 2 2 2 2 2 2 2 2 2 2 2 2 2 2 2
left_child=1 4 3 -3 6 -6 14 -8 -9 -7 -11 12 -5 -13 15 -1
right_child=-2 2 -4 11 5 9 7 8 -10 10 -12 13 -14 -15 -16 -17
leaf_value=1.2671898164897211e-05 0.00038351582517128706 0.00023634674041565152 0.00038099214031779653 -0.00012947122019472021 -0.0005306014408749983 -0.00031143132611185056 -0.00012069344400897969 7.9582273882126137e-05 0.00076799334706148222 0.00040057501906982598 -0.00017927346117458789 -0.00017142771556126054 0.00047173035301578816 -1.0611966409297992e-05 0.00031944216156217187 -0.00015165417121802962
leaf_weight=1279446 5485 9025 7224 6243 5708 8962 6873 5250 6084 5658 5781 107605 5679 59041 8023 31393
leaf_count=1279446 5485 9025 7224 6243 5708 8962 6873 5250 6084 5658 5781 107605 5679 59041 8023 31393
internal_value=2.31356e-06 9.4699e-07 -6.27923e-05 -8.00758e-05 1.00601e-05 -0.000177486 1.37354e-05 0.000236709 0.000452601 -7.6581e-05 0.000108519 -9.61914e-05 0.000158451 -0.000114493 1.06395e-05 8.72522e-06
internal_weight=1.56348e+06 1.558e+06 194817 187593 1.36318e+06 26109 1.33707e+06 18207 11334 20401 11439 178568 11922 166646 1.31886e+06 1.31084e+06
internal_count=1563480 1557995 194817 187593 1363178 26109 1337069 18207 11334 20401 11439 178568 11922 166646 1318862 1310839
is_linear=0
shrinkage=0.003


Tree=140
num_leaves=28
num_cat=0
split_feature=33 3 6 74 78 12 12 7 69 79 42 56 46 13 13 16 74 76 2 50 40 7 83 27 80 36 41
split_gain=116.482 106.545 139.16 103.501 138.525 233.531 187.974 181.698 162.796 163.628 121.635 135.362 157.663 120.214 159.114 124.609 87.4691 82.2455 100.806 134.123 131.247 126.642 118.282 88.9796 62.2904 74.117 38.9983
threshold=-1.3242187499999998 1.5170898437500002 0.059310913085937507 0.32434082031250006 0.69248488545417797 0.0060367584228515634 0.016235351562500003 -0.024887084960937497 0.18096923828125003 0.30789044499397283 0.015953063964843753 0.34533691406250006 0.31750488281250006 -0.21929931640624997 -0.33642578124999994 0.049728393554687507 0.36193847656250006 0.024921417236328128 -0.0041618347167968741 0.34252929687500006 0.51562500000000011 -0.0043201446533203116 -0.014560330659151076 0.00082588195800781261 -0.11183896660804747 0.068145751953125014 0.086517333984375014
decision_type=2 2 2 2 2 2 2 2 2 2 2 2 2 2 2 2 2 2 2 2 2 2 2 2 2 2 2
left_child=17 3 -3 10 8 7 -7 -6 -5 -10 13 12 -12 14 -2 -15 -4 18 19 -1 21 -20 -23 -21 -18 -26 -22
right_child=1 2 16 4 5 6 -8 -9 9 -11 11 -13 -14 15 -16 -17 24 -19 20 23 26 22 -24 -25 25 -27 -28
leaf_value=0.00041568406813446138 1.4519152441253904e-05 -0.00055333763628622639 -0.00028501747807802171 0.0003761346345613204 0.00036893213890811552 0.0002589324464469054 -3.7466207294988144e-05 1.1631046167752216e-05 -0.00030897832638546597 -9.4608402693171329e-06 0.00013201858218563357 -0.00054319275794407562 -0.00032748942796137097 0.00025268886174702724 0.00055517176033247941 -0.0002585640222558388 0.00034571270286304481 0.00020191564863943738 -0.00069977262212077144 0.00012087817076426834 0.00019836593741921841 -0.00052676197673872727 6.2818646906990364e-07 -0.00040738651632132053 0.00019160769607593262 -0.00031053356267547315 -0.00016618577393389967
leaf_weight=5120 48682 6581 9885 9553 13088 73922 25997 446413 16673 770778 12334 8874 14555 5122 5348 24303 5027 5727 7917 5260 5064 6755 8665 6121 5237 5151 5306
leaf_count=5120 48682 6581 9885 9553 13088 73922 25997 446413 16673 770778 12334 8874 14555 5122 5348 24303 5027 5727 7917 5260 5064 6755 8665 6121 5237 5151 5306
internal_value=-1.85132e-06 3.14066e-06 -0.000168171 6.85297e-06 1.43035e-05 5.04858e-05 0.000181855 2.18861e-05 -1.10962e-05 -1.58411e-05 -7.78575e-05 -0.000223976 -0.000117005 -1.50481e-05 6.89608e-05 -0.000169016 -6.61981e-05 -0.000136157 -0.000175044 1.70728e-05 -0.000268866 -0.000393204 -0.00023231 -0.00016431 7.50543e-05 -5.79712e-05 1.20307e-05
internal_weight=1.56346e+06 1.50752e+06 31881 1.47564e+06 1.35642e+06 559420 99919 459501 797004 787451 119218 35763 26889 83455 54030 29425 25300 55935 50208 16501 33707 23337 15420 11381 15415 10388 10370
internal_count=1563458 1507523 31881 1475642 1356424 559420 99919 459501 797004 787451 119218 35763 26889 83455 54030 29425 25300 55935 50208 16501 33707 23337 15420 11381 15415 10388 10370
is_linear=0
shrinkage=0.003


Tree=141
num_leaves=31
num_cat=0
split_feature=42 88 1 16 21 85 43 69 68 75 16 41 82 28 73 78 18 57 87 67 67 89 6 41 59 57 38 1 75 77
split_gain=141.915 201.2 153.968 144.853 127.99 162.502 135.349 158.044 216.457 265.517 203.231 147.126 130.817 116.984 106.259 139.041 113.965 103.438 120.459 102.9 101.813 96.926 95.6218 93.9928 131.487 140.897 127.598 92.7143 86.9769 121.921
threshold=0.015213012695312502 0.0037184823304414753 0.061553955078125007 0.081878662109375014 0.095611572265625014 0.01194681227207184 -0.94262695312499989 0.25036621093750006 0.074066162109375014 -0.033218383789062493 0.060211181640625007 0.057571411132812507 -0.1055839955806732 0.68994140625000011 0.30944824218750006 0.68597090244293224 0.28833007812500006 0.51342773437500011 0.0067137405276298532 -30.554687499999996 -53.765624999999993 0.00077099073678255092 0.059310913085937507 0.047714233398437507 0.27429199218750006 0.50097656250000011 -0.33825683593749994 0.078521728515625014 -0.025505065917968747 0.43187730014324194
decision_type=2 2 2 2 2 2 2 2 2 2 2 2 2 2 2 2 2 2 2 2 2 2 2 2 2 2 2 2 2 2
left_child=4 2 22 -3 6 12 7 17 10 -10 -9 27 -6 19 16 -16 -13 -1 -19 21 -14 -4 -2 -7 26 -26 -25 -8 29 -24
right_child=1 3 13 -5 5 23 11 8 9 -11 -12 14 20 -15 15 -17 -18 18 -20 -21 -22 -23 28 24 25 -27 -28 -29 -30 -31
leaf_value=-0.00060859811348224911 0.00016936079962200508 -0.00048689177014684212 -0.00027236557428162865 7.6311839076707958e-05 0.00057569870724756078 0.00034846397428373808 0.00062419112400679286 0.00054895448627802917 -0.00059407171463842271 1.6616974800561158e-05 7.7622570315488577e-06 1.3636957514604556e-05 -0.00011498728610945799 0.00031549057992771433 1.0991059957925166e-05 -9.8053999258427852e-05 0.00011636698132083734 -0.0004923013785365786 -7.1333343185566421e-05 0.00030070053473561488 0.00028447863201112129 -1.4345131938949316e-05 1.5609370576414972e-05 -8.7265355810689464e-05 -0.00057320968051289406 -3.0223387276454648e-05 0.00016616369989895616 9.026366605772304e-05 -0.00061579892426554667 -0.00037757473153702056
leaf_weight=6111 5112 16180 14443 5465 9249 7872 5518 6815 11619 14126 64482 453099 8203 9766 320175 156653 123642 8248 23065 8343 18694 132487 12878 29446 6350 12945 45229 6194 5364 15693
leaf_count=6111 5112 16180 14443 5465 9249 7872 5518 6815 11619 14126 64482 453099 8203 9766 320175 156653 123642 8248 23065 8343 18694 132487 12878 29446 6350 12945 45229 6194 5364 15693
internal_value=-1.0922e-06 -7.06544e-05 -4.14035e-05 -0.000344995 1.06502e-05 9.7142e-05 6.95159e-07 -8.89555e-05 -2.49965e-05 -0.000260226 6.01891e-05 1.20187e-05 0.000269656 -1.28102e-06 8.28499e-06 -2.48467e-05 3.56766e-05 -0.000254295 -0.000183433 -2.13948e-05 0.000162676 -3.98762e-05 -0.000210552 3.57083e-05 9.16579e-06 -0.000210955 6.6248e-05 0.000344973 -0.000268112 -0.000200916
internal_weight=1.56347e+06 225731 204086 21645 1.33774e+06 137988 1.19975e+06 134466 97042 25745 71297 1.06528e+06 36146 165039 1.05357e+06 476828 576741 37424 31313 155273 26897 146930 39047 101842 93970 19295 74675 11712 33935 28571
internal_count=1563466 225731 204086 21645 1337735 137988 1199747 134466 97042 25745 71297 1065281 36146 165039 1053569 476828 576741 37424 31313 155273 26897 146930 39047 101842 93970 19295 74675 11712 33935 28571
is_linear=0
shrinkage=0.003


Tree=142
num_leaves=31
num_cat=0
split_feature=33 1 13 33 16 28 88 8 38 62 63 63 13 1 45 75 18 17 78 17 12 21 42 59 89 72 12 86 45 65
split_gain=154.756 174.716 133.418 131.727 172.811 140.968 154.002 140.861 143.45 121.968 119.984 168.838 162.071 141.35 175.286 116.009 160.069 141.447 91.9576 95.4123 151.814 116.4 90.1915 158.179 119.858 83.9084 80.2301 80.1307 76.966 54.6232
threshold=0.68090820312500011 0.10610961914062501 -1.5659179687499998 0.31604003906250006 0.10171508789062501 -0.81323242187499989 0.0021554240956902508 1.3598632812500002 -1.0844726562499998 -126.49999999999999 -76.156249999999986 -73.156249999999986 -0.60351562499999989 0.063690185546875014 2.3281250000000004 -0.043380737304687493 0.24517822265625003 0.0047492980957031259 0.70061644911766063 -0.0040264129638671866 0.0060367584228515634 0.082000732421875014 0.015213012695312502 0.22198486328125003 0.0009391701314598323 0.31823730468750006 -0.016502380371093747 0.0055728070437908181 2.4531250000000004 0.060348510742187507
decision_type=2 2 2 2 2 2 2 2 2 2 2 2 2 2 2 2 2 2 2 2 2 2 2 2 2 2 2 2 2 2
left_child=1 3 -2 5 7 6 9 8 -5 -1 12 -12 26 -14 -15 16 -13 -17 19 21 29 -3 24 -24 -7 -20 -4 -6 -8 -21
right_child=2 18 10 4 27 22 28 -9 -10 -11 11 15 13 14 -16 17 -18 -19 25 20 -22 -23 23 -25 -26 -27 -28 -29 -30 -31
leaf_value=-6.6815264896125424e-05 -0.00035752389261892783 0.0004207480681966923 0.0001801138076455111 0.00018370780550019058 0.00058147831656174119 0.0004848878115853924 -0.00049763939491353311 0.00034970136590465142 -0.00011684225581920996 0.00034367100609620095 -0.00032138363764569927 0.0003306579693097298 7.7449617937719199e-06 0.00076040331427254732 0.00020114427363431011 -2.7967510951994201e-05 -7.2696627518687739e-05 0.00014801645146299299 -0.00011316455108772167 0.00014823106546827124 -0.00064169380807610943 -0.00020696338115848553 6.1571727822833588e-05 -0.0001479176916223428 3.5104097690282677e-05 -0.00061616761072121203 -0.00031473641595781678 4.6529112645537918e-05 -6.2156258139020595e-05 -0.00026315160508061191
leaf_weight=102384 6329 5416 5862 15272 5019 5271 10851 6476 205515 6858 10230 29912 7642 10254 10025 111003 12516 65153 5022 6136 5644 5046 62363 67409 751387 7456 5741 5001 5528 5342
leaf_count=102384 6329 5416 5862 15272 5019 5271 10851 6476 205515 6858 10230 29912 7642 10254 10025 111003 12516 65153 5022 6136 5644 5046 62363 67409 751387 7456 5741 5001 5528 5342
internal_value=5.03371e-06 -8.74068e-06 6.96758e-05 -2.47945e-06 -6.60831e-05 1.2438e-05 -8.15751e-05 -8.31311e-05 -9.59792e-05 -4.0755e-05 7.98812e-05 5.34608e-05 0.000232314 0.000355796 0.000486275 7.11429e-05 0.00021178 3.71689e-05 -0.000203505 -0.000106118 -0.000243502 0.000118899 2.57688e-05 -4.72759e-05 3.8301e-05 -0.000416234 -6.53283e-05 0.000317582 -0.000351931 -4.38506e-05
internal_weight=1.56406e+06 1.2894e+06 274667 1.24933e+06 237283 1.01205e+06 125621 227263 220787 109242 268338 228814 39524 27921 20279 218584 42428 176156 40062 27584 17122 10462 886430 129772 756658 12478 11603 10020 16379 11478
internal_count=1564063 1289396 274667 1249334 237283 1012051 125621 227263 220787 109242 268338 228814 39524 27921 20279 218584 42428 176156 40062 27584 17122 10462 886430 129772 756658 12478 11603 10020 16379 11478
is_linear=0
shrinkage=0.003


Tree=143
num_leaves=28
num_cat=0
split_feature=6 8 48 86 70 83 11 84 10 38 87 91 86 76 80 6 11 69 69 67 17 77 43 56 38 74 61
split_gain=123.362 177.223 162.2 150.861 188.684 165.004 170.126 162.047 149.327 147.673 143.681 275.704 111.836 92.829 200.444 125.375 127.396 114.104 176.261 186.137 145.843 111.318 133.415 93.3961 79.4876 75.6284 91.5643
threshold=0.082427978515625014 0.27648925781250006 15.316406250000002 0.011494457721710207 0.17913818359375003 -0.013958171010017393 0.041748046875000007 0.030097037553787235 0.57812500000000011 0.91870117187500011 0.0052943630144000062 -1.734589099884033 0.014142040163278581 0.023593902587890628 -0.036192901432514184 0.089141845703125014 0.088104248046875014 0.34570312500000006 0.30261230468750006 -68.531249999999986 -0.011386871337890623 0.41698327660560613 0.33361816406250006 0.36901855468750006 -1.0200195312499998 0.35876464843750006 0.42028808593750006
decision_type=2 2 2 2 2 2 2 2 2 2 2 2 2 2 2 2 2 2 2 2 2 2 2 2 2 2 2
left_child=1 3 13 5 10 6 -1 -7 -8 -9 11 -5 -12 14 21 24 -17 18 19 -15 -20 22 -2 -23 -16 26 -3
right_child=2 25 -4 4 -6 7 8 9 -10 -11 12 -13 -14 17 15 16 -18 -19 20 -21 -22 23 -24 -25 -26 -27 -28
leaf_value=-0.00057859906040750642 -0.0002814938934775804 5.7343207682920791e-05 -0.00043113845999058346 0.00076382980013594908 0.00054145022953176107 0.00040724846084594726 -6.7858174267421457e-05 -2.5018891999058926e-05 -0.00038257887238524554 0.00030242483033074272 -8.2483104668109455e-05 4.8903235162739978e-05 2.938372879655816e-05 -0.00024502637973148592 -4.5303891445028373e-05 -0.000169898263881843 0.00027831442502050863 -0.00018861188827268196 0.00021539706246393448 0.00042935380614233382 0.00090805760897666563 0.00022407192163929646 4.3827137165312419e-05 4.850550557286808e-05 -0.00047438455460106148 -0.00062183057023245682 -0.00044692893890636181
leaf_weight=6151 19566 6491 6666 6428 6077 9275 367040 151428 13996 13400 108937 19000 306476 7981 5497 18180 8199 5658 5541 6672 5466 29300 26762 378667 13345 5203 6332
leaf_count=6151 19566 6491 6666 6428 6077 9275 367040 151428 13996 13400 108937 19000 306476 7981 5497 18180 8199 5658 5541 6672 5466 29300 26762 378667 13345 5203 6332
internal_value=-6.36945e-06 -2.56527e-05 3.04454e-05 -2.03648e-05 2.07587e-05 -5.31065e-05 -8.75916e-05 2.3591e-05 -7.95157e-05 1.76848e-06 1.34598e-05 0.000231915 3.52233e-08 3.63219e-05 2.63678e-05 -0.00016389 -3.00619e-05 0.0001945 0.00027938 6.28703e-05 0.000564446 4.53381e-05 -9.38781e-05 6.11664e-05 -0.000350104 -0.000319666 -0.000193198
internal_weight=1.56373e+06 1.02623e+06 537500 1.00821e+06 446918 561290 387187 174103 381036 164828 440841 25428 415413 530834 499516 45221 26379 31318 25660 14653 11007 454295 46328 407967 18842 18026 12823
internal_count=1563734 1026234 537500 1008208 446918 561290 387187 174103 381036 164828 440841 25428 415413 530834 499516 45221 26379 31318 25660 14653 11007 454295 46328 407967 18842 18026 12823
is_linear=0
shrinkage=0.003


Tree=144
num_leaves=31
num_cat=0
split_feature=23 40 87 56 74 63 6 59 84 83 59 20 59 61 66 12 87 48 62 12 37 77 67 45 83 50 22 70 2 74
split_gain=99.3481 169.668 237.244 164.849 131.82 151.21 154.764 129.078 129.015 144.961 99.3347 132.835 119.536 145.489 127.716 123.66 121.673 116.425 100.139 140.438 104.513 96.9854 148.533 131.239 131.345 92.9854 109.931 83.7378 70.3693 156.385
threshold=-0.84790039062499989 0.60937500000000011 0.006143558770418168 0.33386230468750006 0.35046386718750006 -56.140624999999993 0.091583251953125014 0.21917724609375003 0.032855063676834113 -0.033975794911384576 0.21539306640625003 0.64062500000000011 0.22845458984375003 2.0039062500000004 1.2719726562500002 0.037948608398437507 0.0075797252357006082 15.128906250000002 -518.49999999999989 0.0084152221679687517 0.019432067871093753 0.44776389002799993 -41.390624999999993 1.1406250000000002 -0.0070981923490762702 0.30175781250000006 -0.011432647705078123 0.10629272460937501 -0.022972106933593747 0.31286621093750006
decision_type=2 2 2 2 2 2 2 2 2 2 2 2 2 2 2 2 2 2 2 2 2 2 2 2 2 2 2 2 2 2
left_child=1 4 -3 25 21 8 -7 27 9 -6 11 18 13 14 -12 17 -15 -14 19 -5 -20 23 -23 -1 -25 -2 -27 -4 -28 -30
right_child=3 2 7 10 5 6 -8 -9 -10 -11 12 -13 15 16 -16 -17 -18 -19 20 -21 -22 22 -24 24 -26 26 28 -29 29 -31
leaf_value=0.00038817566135804433 5.4982999747197134e-05 0.0007946976267745083 0.00023095353170067803 1.9016183475461439e-05 0.00036659772319115911 -0.00033159880391208876 0.00027101771667251899 0.0004666278329762546 0.00071342706403537887 -8.7278224228036028e-05 8.4113059795151916e-05 -0.00044038148058436679 3.9529266169810919e-06 -2.3379741069432851e-05 0.00051704648968719299 -0.00045720423731732146 -0.00045771322769683751 -0.00027798727518651566 -3.3097601720913362e-05 0.00053555407538216496 -0.00021876297719814451 -0.00066082937778708106 3.0994437667229574e-05 -4.5614791716543549e-05 0.00042393103070317032 -0.00060745418781829456 -0.00045468735905587569 -0.00026359311180568814 0.00023680455950912891 -0.00040255591579056689
leaf_weight=7545 9211 6358 5288 21436 17122 8909 6584 6500 5198 9965 237783 7498 761397 33200 6200 5283 6938 13314 203614 5984 31420 5017 6131 95911 5579 7228 5586 7104 7404 6265
leaf_count=7545 9211 6358 5288 21436 17122 8909 6584 6500 5198 9965 237783 7498 761397 33200 6200 5283 6938 13314 203614 5984 31420 5017 6131 95911 5579 7228 5586 7104 7404 6265
internal_value=5.67089e-06 6.93367e-05 0.00029812 -3.31386e-06 3.47861e-05 0.000167905 -7.54115e-05 0.000127696 0.00028454 0.000199915 2.07664e-06 -4.93091e-05 1.51159e-05 6.77871e-05 9.53219e-05 -4.07632e-06 -9.94068e-05 -9.27684e-07 -3.79732e-05 0.000133279 -5.80003e-05 -1.82299e-05 -0.000283458 9.12251e-06 -1.94115e-05 -0.000204227 -0.000294251 -5.23973e-05 -0.000174148 -5.7033e-05
internal_weight=1.56297e+06 193211 25250 1.36976e+06 167961 47778 15493 18892 32285 27087 1.33407e+06 269952 1.06412e+06 284121 243983 779994 40138 774711 262454 27420 235034 120183 11148 109035 101490 35694 26483 12392 19255 13669
internal_count=1562972 193211 25250 1369761 167961 47778 15493 18892 32285 27087 1334067 269952 1064115 284121 243983 779994 40138 774711 262454 27420 235034 120183 11148 109035 101490 35694 26483 12392 19255 13669
is_linear=0
shrinkage=0.003


Tree=145
num_leaves=24
num_cat=0
split_feature=41 13 38 43 68 0 41 86 23 3 13 26 21 36 22 16 7 59 13 43 57 6 48
split_gain=127.669 140.434 134.638 115.206 151.754 157.271 147.848 148.826 142.881 139.402 157.569 177.805 152.755 170.915 139.944 108.507 94.5407 90.477 85.7564 88.8717 83.5729 74.6524 49.3491
threshold=0.041900634765625007 -0.30993652343749994 0.16363525390625003 -0.98022460937499989 0.074066162109375014 0.60937500000000011 0.057571411132812507 0.0032291840761899952 0.47229003906250006 -0.83496093749999989 0.79516601562500011 0.088317871093750014 0.10803222656250001 0.067718505859375014 0.023864746093750003 0.060791015625000007 0.019912719726562503 0.24700927734375003 -0.26953124999999994 -1.1582031249999998 0.53344726562500011 0.079925537109375014 10.003906250000002
decision_type=2 2 2 2 2 2 2 2 2 2 2 2 2 2 2 2 2 2 2 2 2 2 2
left_child=1 -1 -3 4 5 15 7 21 20 10 11 -8 14 -14 -11 -2 -17 -12 -7 -20 22 -5 -6
right_child=3 2 -4 6 8 18 9 -9 -10 12 17 -13 13 -15 -16 16 -18 -19 19 -21 -22 -23 -24
leaf_value=0.00065813770572980071 0.00033637477137449847 0.00036555076610649906 -0.00023871705256209858 0.00027531647289723418 -0.00039505994048827592 2.0260174871427718e-05 -9.2020151977561019e-05 0.00057197355844971944 6.8467848750402365e-05 1.7246615624987163e-05 -0.00017542565942448878 0.00014063915668493249 -0.00051872833699068729 -1.2032924063248862e-05 0.00020790227036477336 -5.6916889287796981e-05 0.00026794641969817636 -0.00056008913353800026 -0.00062941048739154461 -0.00011648320444482559 -0.00015191323739075768 -0.00020103405136811107 -0.00082296905377266915
leaf_weight=5339 8550 7014 6127 6066 5045 5627 111959 8249 6329 1156731 24180 40060 9863 15042 35621 67363 9057 7095 7534 5142 5236 5600 5295
leaf_count=5339 8550 7014 6127 6066 5045 5627 111959 8249 6329 1156731 24180 40060 9863 15042 35621 67363 9057 7095 7534 5142 5236 5600 5295
internal_value=5.41904e-06 0.000252618 8.41354e-05 2.44733e-06 -8.47633e-05 -3.65284e-05 1.01382e-05 0.000266156 -0.000310972 6.47899e-06 -7.06282e-05 -3.06577e-05 1.80946e-05 -0.000213969 2.29593e-05 1.79081e-05 -1.81155e-05 -0.000264197 -0.000287969 -0.000423883 -0.000464603 4.689e-05 -0.000619971
internal_weight=1.56412e+06 18480 13141 1.54564e+06 125178 103273 1.42047e+06 19915 21905 1.40055e+06 183294 152019 1.21726e+06 24905 1.19235e+06 84970 76420 31275 18303 12676 15576 11666 10340
internal_count=1564124 18480 13141 1545644 125178 103273 1420466 19915 21905 1400551 183294 152019 1217257 24905 1192352 84970 76420 31275 18303 12676 15576 11666 10340
is_linear=0
shrinkage=0.003


Tree=146
num_leaves=23
num_cat=0
split_feature=67 81 17 17 1 21 78 12 86 67 17 17 60 84 85 22 63 69 8 58 17 25
split_gain=111.234 144.793 130.031 120.333 120.204 146.967 189.943 114.844 180.968 155.355 105.777 174.288 134.431 105.693 197.847 105.773 82.7791 127.991 79.4718 116.909 60.805 59.6547
threshold=-36.640624999999993 -0.073598101735115037 0.031234741210937503 -0.029205322265624997 0.10610961914062501 0.076324462890625014 0.70061644911766063 0.016235351562500003 0.0014909624587744477 -73.531249999999986 0.029296875000000003 0.021903991699218753 19.500000000000004 0.019034154713153843 0.0081152785569429415 0.034805297851562507 -33.734374999999993 0.39709472656250006 0.34472656250000006 2.1279296875000004 -0.0051403045654296866 0.42187500000000006
decision_type=2 2 2 2 2 2 2 2 2 2 2 2 2 2 2 2 2 2 2 2 2 2
left_child=2 -2 4 -3 7 6 -6 13 -9 -10 11 12 -5 14 -1 -15 -12 -18 19 -4 -7 -13
right_child=1 3 18 10 5 20 -8 8 9 -11 16 21 -14 15 -16 -17 17 -19 -20 -21 -22 -23
leaf_value=3.9166525325530327e-05 0.00051400985844302094 0.00046640530505487999 -0.00033559807033524327 3.723425792484102e-05 0.0003066122614158409 -0.00024733486853471701 -0.0003139944808283299 0.0003915994878263839 -0.00031985325144926569 -5.2420672743062188e-05 0.00057243515401078551 -0.00036563252906542565 0.00051070672351016583 2.9125705385522545e-05 -0.00021272184040463179 -0.00024187475716476979 -8.4597197912707195e-05 0.00049861264489887167 -0.00055751038289750807 0.00018284666327491895 -0.00067452299959403427 -2.2167901975406578e-06
leaf_weight=64175 6203 6100 9770 202307 8616 7106 8944 7075 23356 117764 5264 12826 5446 978865 49740 13037 8990 5311 5119 6405 5345 5932
leaf_count=64175 6203 6100 9770 202307 8616 7106 8944 7075 23356 117764 5264 12826 5446 978865 49740 13037 8990 5311 5119 6405 5345 5932
internal_value=7.9838e-06 6.48423e-05 -3.27508e-06 5.35944e-05 5.89695e-07 -0.000186723 -9.47529e-06 5.08698e-06 -7.33083e-05 -9.68771e-05 4.31759e-05 2.48413e-05 4.98855e-05 1.55987e-05 -7.09085e-05 2.55398e-05 0.000254236 0.000133949 -0.000235233 -0.000130441 -0.000434633 -0.000251328
internal_weight=1.5637e+06 258379 1.30532e+06 252176 1.28402e+06 30011 17560 1.25401e+06 148195 141120 246076 226511 207753 1.10582e+06 113915 991902 19565 14301 21294 16175 12451 18758
internal_count=1563696 258379 1305317 252176 1284023 30011 17560 1254012 148195 141120 246076 226511 207753 1105817 113915 991902 19565 14301 21294 16175 12451 18758
is_linear=0
shrinkage=0.003


Tree=147
num_leaves=28
num_cat=0
split_feature=42 3 76 8 80 83 47 36 0 48 12 20 71 80 21 43 16 18 89 70 37 21 30 13 71 69 82
split_gain=105.879 159.254 158.797 132.038 133.498 141.572 124.859 124.027 97.4498 116.17 146.383 130.468 133.281 107.471 101.315 96.604 122.375 120.789 159.309 137.493 105.646 89.9641 83.3127 74.317 71.9566 198.041 55.1984
threshold=0.015213012695312502 -0.90063476562499989 0.024173736572265628 0.53027343750000011 -0.15049529075622556 -0.016393851488828656 0.21514892578125003 0.057830810546875007 0.26562500000000006 12.277343750000002 -0.0063133239746093741 0.23437500000000003 1.9897460937500002 -0.0076000839471817008 0.11965942382812501 0.18243408203125003 0.044799804687500007 0.85937500000000011 0.0015247948467731478 0.10726928710937501 0.016471862792968753 0.068328857421875014 0.51562500000000011 0.75659179687500011 1.7749023437500002 0.32043457031250006 -0.13298738002777097
decision_type=2 2 2 2 2 2 2 2 2 2 2 2 2 2 2 2 2 2 2 2 2 2 2 2 2 2 2
left_child=8 23 3 4 5 -3 -6 -5 9 11 -11 12 -1 21 15 17 -17 19 -19 -10 -18 -13 -9 24 26 -26 -2
right_child=1 2 -4 7 6 -7 -8 22 14 10 -12 13 -14 -15 -16 16 20 18 -20 -21 -22 -23 -24 -25 25 -27 -28
leaf_value=-0.00041830155992297294 -0.00049706920964844178 -0.00033964835111220703 -0.00041268607550315147 -0.00021150685730979952 -0.0001298669000155332 8.8564305194690308e-05 7.5017004837090557e-05 0.00015922439975803469 -0.00026186209993864159 0.00020832671550649747 -0.00045036918907697521 0.00041589206129288365 0.00016264456846128706 0.00059609386182640257 -0.00041775073844995075 0.0004807676413397652 5.1559027209064881e-05 0.00013943270037190131 -0.00013174489511338008 -2.299063655465561e-05 -0.00012078856095143833 0.00010735570015322907 0.00057163633520492722 -0.00056770744169636251 0.00037950894111989016 -0.00038125104432119357 -0.00013517167140613483
leaf_weight=7144 7997 24007 9219 6770 42721 9713 71316 23689 22253 5113 7214 9772 6898 5117 5126 5522 327030 83991 25296 729371 35387 62591 5361 5617 5809 6332 7327
leaf_count=7144 7997 24007 9219 6770 42721 9713 71316 23689 22253 5113 7214 9772 6898 5117 5126 5522 327030 83991 25296 729371 35387 62591 5361 5617 5809 6332 7327
internal_value=-3.64201e-06 -6.37043e-05 -3.06477e-05 -1.1248e-05 -5.08764e-05 -0.000216405 -1.78396e-06 0.000151905 6.5029e-06 9.47172e-05 -0.000177677 0.00013156 -0.000133785 0.00017976 -9.28122e-07 8.44454e-07 4.15254e-05 -1.65447e-05 7.66018e-05 -3.00967e-05 3.4702e-05 0.000149537 0.000237032 -0.00025568 -0.000190037 -1.713e-05 -0.00032603
internal_weight=1.5637e+06 225878 192796 183577 147757 33720 114037 35820 1.33782e+06 103849 12327 91522 14042 77480 1.23398e+06 1.22885e+06 367939 860911 109287 751624 362417 72363 29050 33082 27465 12141 15324
internal_count=1563703 225878 192796 183577 147757 33720 114037 35820 1337825 103849 12327 91522 14042 77480 1233976 1228850 367939 860911 109287 751624 362417 72363 29050 33082 27465 12141 15324
is_linear=0
shrinkage=0.003


Tree=148
num_leaves=24
num_cat=0
split_feature=33 91 81 5 87 72 87 60 12 7 61 60 45 5 10 2 71 56 83 61 75 7 73
split_gain=126.773 119.135 167.862 147.454 146.359 156.653 167.412 145.614 137.984 135.072 146.191 142.838 118.21 116.12 94.0044 72.4706 191.714 97.8882 57.8602 90.5945 163.828 131.568 53.2415
threshold=-1.3242187499999998 -1.7220196723937986 0.0013366609346121552 0.70312500000000011 0.0040843207389116296 0.33776855468750006 0.0052943630144000062 21.500000000000004 -0.010612487792968748 0.0073585510253906259 4.8027343750000009 14.500000000000002 1.7656250000000002 0.57812500000000011 0.39062500000000006 -0.0041618347167968741 1.8608398437500002 0.39270019531250006 -0.044029861688613885 3.2216796875000004 -0.053298950195312493 0.00077199935913085948 0.30871582031250006
decision_type=2 2 2 2 2 2 2 2 2 2 2 2 2 2 2 2 2 2 2 2 2 2 2
left_child=15 3 7 4 8 6 -6 9 -2 10 -3 -11 -10 -7 -4 16 17 -1 -17 20 22 -21 -20
right_child=1 2 14 -5 5 13 -8 -9 12 11 -12 -13 -14 -15 -16 18 -18 -19 19 21 -22 -23 -24
leaf_value=-0.00038146202372627024 0.00020411650580017714 -2.3522988590998664e-05 0.0005109735133893052 -0.00028141664019458597 0.00042721875117199699 0.00010244831339196814 0.00013023355371033434 0.00037297011024407432 -6.6969251666770203e-05 4.822038734473413e-05 -0.00025886985865751261 -0.00023058573932950645 -0.00054940737292080168 -0.00034126128186539304 1.3714933307408408e-05 4.6311262702394151e-05 0.0005022673595594157 0.00013839685127117274 -0.00043031398350750464 -0.00039363749269829239 -0.00079515283720495654 0.00026344311469402471 -5.7593486671909765e-05
leaf_weight=8050 9592 877540 8741 9591 20579 11719 99376 8920 13542 384456 24317 17183 6826 9552 5591 6342 5132 5364 5677 5060 6042 5756 8652
leaf_count=8050 9592 877540 8741 9591 20579 11719 99376 8920 13542 384456 24317 17183 6826 9552 5591 6342 5132 5364 5677 5060 6042 5756 8652
internal_value=1.28063e-06 6.49452e-06 -3.35197e-06 7.87212e-05 9.90511e-05 0.00013944 0.000181497 -6.88992e-06 -9.11674e-05 -9.51776e-06 -2.98967e-05 3.6238e-05 -0.000230545 -9.74693e-05 0.000318429 -0.000138652 1.47564e-05 -0.000174095 -0.000214301 -0.000267276 -0.000384632 -4.47459e-05 -0.00020722
internal_weight=1.5636e+06 1.50752e+06 1.32675e+06 180777 171186 141226 119955 1.31242e+06 29960 1.3035e+06 901857 401639 20368 21271 14332 56075 18546 13414 37529 31187 20371 10816 14329
internal_count=1563600 1507525 1326748 180777 171186 141226 119955 1312416 29960 1303496 901857 401639 20368 21271 14332 56075 18546 13414 37529 31187 20371 10816 14329
is_linear=0
shrinkage=0.003


Tree=149
num_leaves=27
num_cat=0
split_feature=33 0 10 57 45 91 74 87 87 42 91 81 10 20 17 62 67 21 82 20 31 47 61 38 21 88
split_gain=120.74 125.035 127.146 120.233 131.18 117.139 214.534 199.332 183.442 137.403 131.234 126.279 128.886 127.525 116.93 107.077 100.917 93.209 109.608 127.599 102.067 121.467 87.8759 81.1675 77.8586 55.4784
threshold=-1.3242187499999998 0.73437500000000011 0.67187500000000011 0.51684570312500011 2.4843750000000004 -1.7220196723937986 0.35852050781250006 0.0040160035714507112 0.0052943630144000062 0.00051903724670410167 -1.8417544364929197 0.0013366609346121552 0.39062500000000006 0.73437500000000011 0.00036072731018066412 -388.49999999999994 -36.640624999999993 0.10067749023437501 -0.048948228359222405 0.35937500000000006 0.046173095703125007 0.24517822265625003 0.99121093750000011 -0.44665527343749994 0.062377929687500007 0.0024694064632058148
decision_type=2 2 2 2 2 2 2 2 2 2 2 2 2 2 2 2 2 2 2 2 2 2 2 2 2 2
left_child=17 5 3 -3 -5 6 7 24 -9 14 -11 13 -13 16 -8 -15 -7 18 20 -20 22 -22 25 -21 -2 -1
right_child=1 2 -4 4 -6 11 9 8 -10 10 -12 12 -14 15 -16 -17 -18 -19 19 23 21 -23 -24 -25 -26 -27
leaf_value=-0.00014755947269651706 -0.00037552570047651358 -0.00069773485841899939 0.00018068932373822451 7.977589518077292e-05 -0.00047517546601890846 -1.8511107469887315e-05 -0.00062289123485554374 0.00043829742559206754 0.00012868372717970094 -0.00025893682344072617 0.00029001914256060409 0.00050507160670083362 -7.6553605892349459e-05 6.4321060937156982e-05 -9.4786370606414762e-05 0.00051860393918032105 4.9167557011274445e-05 0.00023226779920475408 -0.00033610523530704035 -3.4741499758441185e-05 -0.00066889713539340634 -0.00012667891988683003 -0.00032987039331724315 0.00050080103715821481 -5.7797209415132024e-06 0.00029330363059954591
leaf_weight=5082 7101 5218 6149 8398 6916 1024267 7134 20741 100257 6811 8959 8769 5552 12371 7977 7434 245791 5533 5323 5061 9125 6323 9372 5003 17795 5005
leaf_count=5082 7101 5218 6149 8398 6916 1024267 7134 20741 100257 6811 8959 8769 5552 12371 7977 7434 245791 5533 5323 5061 9125 6323 9372 5003 17795 5005
internal_value=2.51975e-06 7.59676e-06 -0.000195561 -0.000308572 -0.000172304 1.12698e-05 8.37171e-05 0.000131795 0.000182075 -0.000143114 5.27896e-05 1.44432e-06 0.000280618 -1.67679e-06 -0.000346564 0.000236589 -5.41059e-06 -0.000134356 -0.000175071 3.57453e-05 -0.000267835 -0.000449205 -0.00012229 0.000233794 -0.000112322 7.19213e-05
internal_weight=1.56347e+06 1.50764e+06 26681 20532 15314 1.48096e+06 176775 145894 120998 30881 15770 1.30418e+06 14321 1.28986e+06 15111 19805 1.27006e+06 55827 50294 15387 34907 15448 19459 10064 24896 10087
internal_count=1563467 1507640 26681 20532 15314 1480959 176775 145894 120998 30881 15770 1304184 14321 1289863 15111 19805 1270058 55827 50294 15387 34907 15448 19459 10064 24896 10087
is_linear=0
shrinkage=0.003


Tree=150
num_leaves=25
num_cat=0
split_feature=7 63 30 59 41 23 59 1 3 31 18 16 16 81 89 66 80 21 42 36 3 21 65 78
split_gain=130.891 127.243 126.455 172.489 109.192 120.558 108.248 189.931 103.991 114.367 117.156 111.379 100.821 140.966 123.977 271.968 116.778 83.5565 196.005 135.57 108.651 93.4404 223.166 106.126
threshold=0.026695251464843753 -77.281249999999986 0.73437500000000011 0.23870849609375003 0.072296142578125014 -0.16510009765624997 0.24676513671875003 0.071289062500000014 1.5170898437500002 0.064361572265625014 -0.63671874999999989 0.072784423828125014 0.065338134765625014 -0.009996118023991583 0.0014907228760421278 0.53955078125000011 -0.10112991929054259 0.095611572265625014 0.020393371582031253 0.060653686523437507 -0.43859863281249994 0.093811035156250014 0.064788818359375014 0.66046634316444408
decision_type=2 2 2 2 2 2 2 2 2 2 2 2 2 2 2 2 2 2 2 2 2 2 2 2
left_child=2 4 8 -4 -2 -6 -5 -8 17 -10 -11 -12 13 -3 15 16 -14 21 19 -19 -20 23 -23 -1
right_child=1 12 3 6 5 -7 7 -9 9 10 11 -13 14 -15 -16 -17 -18 18 20 -21 -22 22 -24 -25
leaf_value=0.0002937594021335722 -0.00043449399317422102 0.00028067040101918114 0.00058121495448269897 -0.00030176321824164939 0.00034225726337258107 -0.00026586655860006981 -0.00025962512047077911 0.00047201093935426568 -0.00046365339924467179 -0.00040570588172743273 0.00042506621536595861 -9.5289824989901482e-05 0.00041309767749471611 -0.00034155594882539131 2.5593046113975588e-06 0.001007453652894911 -8.3348630418257774e-05 -0.0001032554403388303 -0.00062685892389472407 0.00014298955928469258 -6.1045917160551725e-05 -0.00032072426131591377 0.0002535843859134266 -7.6312491495428026e-06
leaf_weight=10504 5339 7056 7625 5508 6667 5085 5074 8290 8767 6422 5270 11836 12522 5945 8824 5370 6396 24438 5047 112212 7573 23162 8165 1251438
leaf_count=10504 5339 7056 7625 5508 6667 5085 5074 8290 8767 6422 5270 11836 12522 5945 8824 5370 6396 24438 5047 112212 7573 23162 8165 1251438
internal_value=4.19087e-06 0.000137817 -1.44343e-06 0.000203574 -8.29315e-05 7.91037e-05 4.87341e-05 0.000194361 -5.14035e-06 -0.000173237 -6.35173e-05 6.65597e-05 0.000219637 -4.29191e-06 0.000307308 0.00041756 0.000245698 -1.36533e-06 6.58158e-05 9.89087e-05 -0.000290475 -9.12391e-06 -0.000170707 -5.09949e-06
internal_weight=1.56454e+06 63204 1.50133e+06 26497 17091 11752 18872 13364 1.47483e+06 32295 23528 17106 46113 13001 33112 24288 18918 1.44254e+06 149270 136650 12620 1.29327e+06 31327 1.26194e+06
internal_count=1564535 63204 1501331 26497 17091 11752 18872 13364 1474834 32295 23528 17106 46113 13001 33112 24288 18918 1442539 149270 136650 12620 1293269 31327 1261942
is_linear=0
shrinkage=0.003


Tree=151
num_leaves=25
num_cat=0
split_feature=30 8 11 63 8 23 31 60 31 85 11 48 21 59 11 59 3 43 80 81 59 59 65 65
split_gain=150.054 116.095 136 141.953 230.734 149.105 140.345 134.234 177.058 127.932 161.881 316.939 155.244 152.234 148.906 142.562 113.086 110.63 105.878 151.623 100.092 161.065 67.8406 52.5639
threshold=0.73437500000000011 1.1069335937500002 0.087432861328125014 -77.281249999999986 1.2412109375000002 -0.13079833984374997 0.070587158203125014 21.500000000000004 0.059722900390625007 0.011497832834720613 0.072113037109375014 13.480468750000002 0.097991943359375014 0.25109863281250006 0.073211669921875014 0.25915527343750006 -0.070220947265624986 -0.43322753906249994 -0.045575037598609917 -0.043726339936256402 0.23870849609375003 0.25329589843750006 0.055603027343750007 0.037994384765625007
decision_type=2 2 2 2 2 2 2 2 2 2 2 2 2 2 2 2 2 2 2 2 2 2 2 2
left_child=1 7 3 4 5 -3 -4 9 -9 12 11 -11 13 -1 -12 -14 -10 -6 19 -5 -2 23 -8 -22
right_child=20 2 6 18 17 -7 22 8 16 10 14 -13 15 -15 -16 -17 -18 -19 -20 -21 21 -23 -24 -25
leaf_value=2.4300122574734242e-05 0.00051204134303748771 -0.00010111444883200167 0.00057414066748347127 -0.00023154112053500096 -0.00067243924473254504 0.00058752726865760215 0.00030197794417239992 -0.00019788598062693582 0.00013593576191966688 -7.9260457920173795e-06 -0.00032674847691000007 0.000422764691956801 0.00010760474866457347 -0.00013096604395530345 -6.2428713834588031e-05 0.00065309543457375959 0.00072286657385992319 -0.00017121313137548626 -0.00019108582315830491 0.00027386141665453425 6.4717097671946388e-05 0.00040288537075643615 -0.00015507244965392815 -0.00036388841364748794
leaf_weight=561617 7597 5698 9561 6202 5087 5473 5988 5387 5531 265962 19908 16221 14201 63131 469094 6125 6384 17303 7296 35659 5078 8683 5534 5072
leaf_count=561617 7597 5698 9561 6202 5087 5473 5988 5387 5531 265962 19908 16221 14201 63131 469094 6125 6384 17303 7296 35659 5078 8683 5534 5072
internal_value=-7.19353e-08 -3.932e-06 9.29016e-05 3.79269e-05 -0.000112282 0.000238491 0.000307394 -1.09495e-05 0.000250932 -1.41663e-05 -4.02415e-05 1.69728e-05 1.70079e-05 8.59197e-06 -7.32542e-05 0.000274375 0.000453809 -0.000287575 0.000140499 0.000198609 0.000223626 0.000105193 8.30118e-05 -0.00015092
internal_weight=1.56379e+06 1.53736e+06 103801 82718 33561 11171 21083 1.43356e+06 17302 1.41626e+06 771185 282183 645074 624748 489002 20326 11915 22390 49157 41861 26430 18833 11522 10150
internal_count=1563792 1537362 103801 82718 33561 11171 21083 1433561 17302 1416259 771185 282183 645074 624748 489002 20326 11915 22390 49157 41861 26430 18833 11522 10150
is_linear=0
shrinkage=0.003


Tree=152
num_leaves=19
num_cat=0
split_feature=33 60 58 47 63 30 59 59 58 58 23 6 23 58 76 76 13 13
split_gain=132.912 137.825 120.358 132.584 111.073 110.473 114.92 102.744 93.3705 101.225 92.318 146.186 120.96 86.9165 86.7436 89.8095 78.723 133.116
threshold=-1.3242187499999998 21.500000000000004 2.1064453125000004 0.21832275390625003 -133.56249999999997 0.73437500000000011 0.23870849609375003 0.25524902343750006 2.0400390625000004 2.0634765625000004 -0.24426269531249997 0.082611083984375014 -0.23510742187499997 2.1123046875000004 0.020175933837890628 0.021389007568359378 -0.070220947265624986 0.56860351562500011
decision_type=2 2 2 2 2 2 2 2 2 2 2 2 2 2 2 2 2 2
left_child=8 4 -3 -4 -2 10 -7 -8 -1 -10 11 -6 -12 16 -15 -16 -11 -18
right_child=1 2 3 -5 5 6 7 -9 9 13 12 -13 -14 14 15 -17 17 -19
leaf_value=0.00023622495320073963 0.00041642094857362441 -6.7491400809515089e-05 0.00012261961220220383 0.00079869681851644266 -5.0984874622375072e-06 0.00050643975975734939 -0.00011147098085697592 0.0003369513114611636 -0.00055677162676891949 -0.00020532711287121993 -0.00047010263878839373 9.697722146088212e-05 -1.376908645694346e-05 8.0283624920392022e-05 -0.00066792130126266719 -0.0002068289983132531 0.00041745068999392564 -0.00018187017860591
leaf_weight=5316 5841 5633 5074 5372 337758 7586 11241 7642 5570 9764 5158 201554 913584 5005 5791 11138 7298 5994
leaf_count=5316 5841 5633 5074 5372 337758 7586 11241 7642 5570 9764 5158 201554 913584 5005 5791 11138 7298 5994
internal_value=4.69638e-06 1.00295e-05 0.00028543 0.000474578 7.0393e-06 5.40061e-06 0.000197109 7.08257e-05 -0.000138847 -0.000178671 1.90713e-06 3.30606e-05 -1.63819e-05 -0.000130729 -0.000265463 -0.000367554 -1.95903e-06 0.000147848
internal_weight=1.56232e+06 1.50644e+06 16079 10446 1.49036e+06 1.48452e+06 26469 18883 55876 50560 1.45805e+06 539312 918742 44990 21934 16929 23056 13292
internal_count=1562319 1506443 16079 10446 1490364 1484523 26469 18883 55876 50560 1458054 539312 918742 44990 21934 16929 23056 13292
is_linear=0
shrinkage=0.003


Tree=153
num_leaves=31
num_cat=0
split_feature=23 59 75 62 66 76 71 75 8 67 23 88 75 63 86 63 65 66 61 58 82 46 73 60 85 65 81 60 8 82
split_gain=111.995 157.988 181.571 236.617 197.605 191.97 164.153 155.741 137.844 187.62 115.888 128.692 124.4 204.246 158.454 122.516 117.849 115.752 154.337 105.657 154.941 159.389 144.206 146.502 104.211 93.8417 176.906 96.1978 87.5082 87.0827
threshold=-0.83374023437499989 0.25231933593750006 -0.038162231445312493 -388.49999999999994 0.43017578125000006 0.021221160888671878 1.9272460937500002 -0.040725708007812493 1.1704101562500002 -53.234374999999993 -0.73437499999999989 0.0031222226098179822 -0.049942016601562493 -95.718749999999986 0.01846139878034592 -102.65624999999999 0.078216552734375014 -0.44128417968749994 1.3916015625000002 2.1083984375000004 0.010575447231531145 0.36706542968750006 0.34045410156250006 21.500000000000004 0.014628052711486818 0.050979614257812507 -0.021873306483030316 -8.4999999999999982 0.23516845703125003 -0.17560315132141111
decision_type=2 2 2 2 2 2 2 2 2 2 2 2 2 2 2 2 2 2 2 2 2 2 2 2 2 2 2 2 2 2
left_child=1 2 5 4 -4 8 7 -7 9 -1 11 25 13 14 15 -12 24 29 -19 20 21 -14 23 -21 -15 27 -27 -2 -13 -5
right_child=10 -3 3 17 -6 6 -8 -9 -10 -11 12 28 19 16 -16 -17 -18 18 -20 22 -22 -23 -24 -25 -26 26 -28 -29 -30 -31
leaf_value=0.00040446512309761078 8.972144107124034e-05 0.00058357639614958583 -5.9721118575645044e-05 -0.00014356928146802464 0.00061963178336130686 -0.00011865687746212193 0.00039727748534385275 0.00028756011483197614 0.00067358607097563531 3.000744709834339e-05 -5.7338405170218928e-05 -0.00050313870418874712 7.1042856888962186e-05 -2.7306358493873875e-05 -0.00061243512709300185 -0.00031337584165175129 -0.00037782868860095602 0.00017470556333341839 -0.00019335511177350336 -4.7863160084644788e-07 0.00052879789999361166 -0.00028442825021718826 -0.00034353714446701549 0.00036985299348243759 0.00013618605095662274 0.00057804054227669017 -0.00015918590996322643 -0.00036437430063300638 -7.1189383709541123e-05 -0.00056879999652831217
leaf_weight=22853 7438 5233 7713 9364 7569 44059 8873 10419 6431 25371 54090 11480 272263 129154 6780 24351 6972 16377 27062 737457 6287 11749 10780 9641 48065 5373 6232 9445 6701 8120
leaf_count=22853 7438 5233 7713 9364 7569 44059 8873 10419 6431 25371 54090 11480 272263 129154 6780 24351 6972 16377 27062 737457 6287 11749 10780 9641 48065 5373 6232 9445 6701 8120
internal_value=7.72102e-06 7.41042e-05 6.00832e-05 -5.40228e-05 0.000278595 0.000133753 2.12738e-05 -4.05827e-05 0.000263852 0.00020793 -1.98841e-06 -0.000148741 3.22048e-06 -5.42652e-05 -0.000175608 -0.00013712 1.94226e-06 -0.000137777 -5.45095e-05 1.79997e-05 6.66555e-05 5.62428e-05 -6.43771e-07 4.34921e-06 1.70875e-05 -2.25963e-05 0.000184165 -0.000164967 -0.000345195 -0.000343169
internal_weight=1.5637e+06 199444 194211 76205 15282 118006 63351 54478 54655 48224 1.36426e+06 46669 1.31759e+06 269412 85221 78441 184191 60923 43439 1.04818e+06 290299 284012 757878 747098 177219 28488 11605 16883 18181 17484
internal_count=1563702 199444 194211 76205 15282 118006 63351 54478 54655 48224 1364258 46669 1317589 269412 85221 78441 184191 60923 43439 1048177 290299 284012 757878 747098 177219 28488 11605 16883 18181 17484
is_linear=0
shrinkage=0.003


Tree=154
num_leaves=29
num_cat=0
split_feature=67 81 16 27 1 28 21 33 15 65 43 65 13 65 74 7 13 20 56 18 7 89 48 75 47 67 45 47
split_gain=128.478 164.971 118.562 128.343 117.03 111.145 120.473 116.242 136.398 137.783 109.419 157.24 170.856 129.989 103.367 117.657 151.097 130.689 114.164 122.767 109.661 92.8281 173.37 98.9161 88.7119 79.6632 70.9729 61.8956
threshold=-36.640624999999993 -0.073598101735115037 0.10604858398437501 -0.030975341796874997 0.071075439453125014 -0.82812499999999989 0.049728393554687507 0.23065185546875003 0.64062500000000011 0.041915893554687507 -1.3168945312499998 0.073394775390625014 -0.37194824218749994 0.058731079101562507 0.32434082031250006 0.0027017593383789067 -0.51562499999999989 0.51562500000000011 0.36535644531250006 -0.86425781249999989 0.0009334087371826173 0.0017229923978447916 8.4492187500000018 -0.055709838867187493 0.21307373046875003 -68.843749999999986 1.1406250000000002 0.20300292968750003
decision_type=2 2 2 2 2 2 2 2 2 2 2 2 2 2 2 2 2 2 2 2 2 2 2 2 2 2 2 2
left_child=5 -2 3 -3 -4 6 -1 24 9 -9 11 12 -7 -14 15 17 -17 -12 20 -20 -16 23 -23 -5 27 -26 -6 -8
right_child=1 2 4 21 26 10 7 8 -10 -11 14 -13 13 -15 18 16 -18 -19 19 -21 -22 22 -24 -25 25 -27 -28 -29
leaf_value=0.00034449328596329099 0.00053517415240371597 0.00046487469336946416 -2.1363100749332419e-05 0.00025060939016038913 0.00069705410258747097 0.00034858255480990234 -0.00014127538736337532 0.00015297692257981987 -0.00044615988827499757 -0.0001679304554083323 -0.00017959347776611299 -0.00062646189307067051 -0.00041319337150160011 0.00012897957612907737 0.00012071681591790069 -0.00010112636824293326 0.00040482858560882324 0.00021965025517167543 -0.00012329876134638962 4.5692577511328031e-06 -3.7131603532317737e-05 -0.00019946072338696637 0.00029653178584037178 -2.8382372293856195e-05 -9.0832337514719014e-05 -0.00026234389633669145 0.00023407119092968024 0.00028390568994937155
leaf_weight=5551 6215 5722 7828 12102 5522 6173 5767 37405 5382 17641 76065 5755 11527 5992 134662 12926 8883 8086 74405 726716 56045 8603 23433 182461 43324 56082 6676 6407
leaf_count=5551 6215 5722 7828 12102 5522 6173 5767 37405 5382 17641 76065 5755 11527 5992 134662 12926 8883 8086 74405 726716 56045 8603 23433 182461 43324 56082 6676 6407
internal_value=-4.86646e-06 5.62141e-05 4.42106e-05 2.50636e-05 0.000265107 -1.69738e-05 -8.67154e-05 -0.000100823 5.15954e-06 5.00153e-05 -5.98153e-06 -0.000186135 -7.69922e-05 -0.000228075 -1.13259e-06 -9.01506e-05 0.000105861 -0.000141015 8.38561e-06 -7.32053e-06 7.43332e-05 1.37574e-05 0.000163131 -1.0909e-05 -0.000158173 -0.000187761 0.000447626 8.29812e-05
internal_weight=1.56336e+06 258562 252347 232321 20026 1.30479e+06 177559 172008 60428 55046 1.12724e+06 29447 23692 17519 1.09779e+06 105960 21809 84151 991828 801121 190707 226599 32036 194563 111580 99406 12198 12174
internal_count=1563356 258562 252347 232321 20026 1304794 177559 172008 60428 55046 1127235 29447 23692 17519 1097788 105960 21809 84151 991828 801121 190707 226599 32036 194563 111580 99406 12198 12174
is_linear=0
shrinkage=0.003


Tree=155
num_leaves=19
num_cat=0
split_feature=30 59 62 58 1 27 37 18 83 84 71 21 77 70 59 67 72 7
split_gain=107.347 159.991 107.615 132.103 120.843 168.539 195.955 129.791 99.0948 145.416 95.7272 183.119 118.587 109.753 264.699 87.5793 86.3339 74.5737
threshold=0.73437500000000011 0.23944091796875003 -18.499999999999996 2.1083984375000004 0.10610961914062501 0.013145446777343752 0.0088424682617187517 -0.16223144531249997 -0.0032033678144216533 0.033120572566986091 2.0029296875000004 0.050537109375000007 0.47656559944152838 0.25683593750000006 0.28674316406250006 -32.203124999999993 0.35217285156250006 -0.0021381378173828121
decision_type=2 2 2 2 2 2 2 2 2 2 2 2 2 2 2 2 2 2
left_child=2 -2 4 -4 10 6 7 -6 9 16 13 -12 -13 14 -1 17 -5 -3
right_child=1 15 3 8 5 -7 -8 -9 -10 -11 11 12 -14 -15 -16 -17 -18 -19
leaf_value=-7.8393205003721447e-06 0.00054029656496201435 8.7897455950351058e-05 0.00059712019631206939 -0.00018693708629560817 0.00027001762752727813 -0.000588705972796346 -0.00043793266179158684 -0.00014845331589577544 -0.00024934466482638169 0.00054189593211153555 0.00064279314580243968 0.00012882186049419979 -0.00016458549647000909 -0.00037048122120448705 0.00060469217418334872 0.000300349747840877 0.00028009301191536413 -0.00039307541908148967
leaf_weight=1372574 8041 6552 5296 8361 12870 6890 9888 13641 6155 6706 5157 54443 15952 7335 6279 6921 6053 5066
leaf_count=1372574 8041 6552 5296 8361 12870 6890 9888 13641 6155 6706 5157 54443 15952 7335 6279 6921 6053 5066
internal_value=1.04349e-06 0.000189707 -2.23e-06 0.000168109 -5.9273e-06 -0.000161951 -7.97786e-05 5.49484e-05 8.29308e-05 0.000180485 -1.29594e-06 0.000102622 6.21945e-05 -6.96683e-06 -5.00633e-06 3.5561e-05 9.76558e-06 -0.000123394
internal_weight=1.56418e+06 26580 1.5376e+06 32571 1.50503e+06 43289 36399 26511 27275 21120 1.46174e+06 75552 70395 1.38619e+06 1.37885e+06 18539 14414 11618
internal_count=1564180 26580 1537600 32571 1505029 43289 36399 26511 27275 21120 1461740 75552 70395 1386188 1378853 18539 14414 11618
is_linear=0
shrinkage=0.003


Tree=156
num_leaves=31
num_cat=0
split_feature=7 67 85 51 84 85 76 38 72 82 1 33 76 45 56 82 23 76 11 76 58 80 76 23 56 12 3 76 43 73
split_gain=116.248 179.657 143.522 145.321 143.312 199.192 142.659 138.431 129.5 120.675 128.139 149.219 143.827 120.188 135.004 184.652 134.068 128.868 174.726 121.113 119.529 124.133 157.197 159.529 138.319 124.436 117.506 114.393 111.598 105.191
threshold=0.0068092346191406259 -21.914062499999996 0.016610559076070789 0.28491210937500006 0.032359614968299873 0.013025362044572832 0.019916534423828128 0.60205078125000011 0.35266113281250006 -0.094398140907287584 0.088470458984375014 0.96850585937500011 0.020977020263671878 2.6406250000000004 0.38146972656250006 -0.098956584930419908 -1.2768554687499998 0.021465301513671878 0.086029052734375014 0.021152496337890628 1.9975585937500002 -0.017628572881221768 0.024234771728515628 -0.25634765624999994 0.40417480468750006 0.011810302734375002 0.31225585937500006 0.022586822509765628 -0.62915039062499989 0.30554199218750006
decision_type=2 2 2 2 2 2 2 2 2 2 2 2 2 2 2 2 2 2 2 2 2 2 2 2 2 2 2 2 2 2
left_child=1 20 4 -4 5 -3 -6 13 -7 10 11 28 -12 14 15 16 -2 19 -19 -16 -1 22 24 -24 -22 26 -23 -27 -9 -17
right_child=7 2 3 -5 6 8 -8 9 -10 -11 12 -13 -14 -15 17 29 -18 18 -20 -21 21 25 23 -25 -26 27 -28 -29 -30 -31
leaf_value=-0.00044748940216152389 0.00044707512765658968 0.00063940816230890227 -0.00042667965131615282 0.000214604454705086 0.00083689695981823873 -0.00017847595673840653 0.00019579320586442546 0.00035282857852370579 0.00033144181186639581 -0.00032142922988046419 1.5655913077472987e-05 -0.00045087304979936457 -0.00062203279667148725 -0.00031888136664051729 5.3522493517602869e-05 0.00049748868634586245 4.0067729196854525e-05 -0.00016965366543531338 0.00027580030584419408 0.00032801321937258958 -3.9851484137647966e-06 8.7016196505412333e-05 -0.00042899875164217752 8.4441036567866004e-05 -0.00010463242719840456 0.00016382044772910546 0.00046292788782611863 -0.00039151594408771447 1.843545663984447e-05 0.00011719995320569963
leaf_weight=5778 8124 5230 6440 6103 6168 13665 6387 11107 6547 13745 6633 5004 6012 7035 223375 19323 63964 44553 9541 15376 804872 18421 16584 8043 144937 6781 12574 6398 45311 9989
leaf_count=5778 8124 5230 6440 6103 6168 13665 6387 11107 6547 13745 6633 5004 6012 7035 223375 19323 63964 44553 9541 15376 804872 18421 16584 8043 144937 6781 12574 6398 45311 9989
internal_value=5.15748e-06 -1.22888e-05 0.000162143 -0.000115423 0.000253831 0.000123499 0.000514878 4.34956e-05 -1.24866e-05 -6.43436e-05 -1.62658e-05 4.04744e-05 -0.000290032 6.71042e-05 7.4071e-05 0.000168363 8.64915e-05 4.13754e-05 -9.07214e-05 7.13301e-05 -2.09097e-05 -1.84462e-05 -2.55027e-05 -0.00026165 -1.93529e-05 0.000136919 0.000240514 -0.000106696 8.47752e-05 0.000368732
internal_weight=1.56402e+06 1.07493e+06 50540 12543 37997 25442 12555 489092 20212 87812 74067 61422 12645 401280 394245 101400 72088 292845 54094 238751 1.02439e+06 1.01861e+06 974436 24627 949809 44174 30995 13179 56418 29312
internal_count=1564020 1074928 50540 12543 37997 25442 12555 489092 20212 87812 74067 61422 12645 401280 394245 101400 72088 292845 54094 238751 1024388 1018610 974436 24627 949809 44174 30995 13179 56418 29312
is_linear=0
shrinkage=0.003


Tree=157
num_leaves=28
num_cat=0
split_feature=3 66 75 69 33 91 38 72 0 30 59 59 30 40 58 78 74 48 48 82 38 63 57 37 48 20 88
split_gain=100.754 109.624 93.1064 85.8309 116.035 125.093 164.435 120.889 109.646 124.919 95.8957 187.768 153.568 141.066 134.478 113.338 134.692 108.95 85.8765 78.7028 176.293 125.628 75.9787 70.529 69.0018 62.9061 60.6545
threshold=1.5170898437500002 -0.40966796874999994 -0.057754516601562493 0.36975097656250006 -1.3242187499999998 -1.675779342651367 -1.1108398437499998 0.31457519531250006 0.73437500000000011 0.73437500000000011 0.22015380859375003 0.18194580078125003 0.35937500000000006 0.32812500000000006 2.1435546875000004 0.66196784377098095 0.37194824218750006 7.6972656250000009 8.8085937500000018 -0.045040443539619439 -0.42626953124999994 -103.90624999999999 0.52026367187500011 0.0028095245361328129 8.6757812500000018 0.39062500000000006 0.0026884740218520169
decision_type=2 2 2 2 2 2 2 2 2 2 2 2 2 2 2 2 2 2 2 2 2 2 2 2 2 2 2
left_child=3 23 -3 4 19 6 -6 -8 9 -7 11 -5 15 14 -13 -12 -17 -14 -15 21 -21 22 -1 -2 -19 -4 -10
right_child=1 2 25 10 5 8 7 -9 26 -11 12 13 17 18 -16 16 -18 24 -20 20 -22 -23 -24 -25 -26 -27 -28
leaf_value=0.00018532090052814481 0.000215787111357231 -2.4467533365708389e-05 -0.00025602136817974228 -0.00023190461332704736 -0.0004108002040003534 -1.1161026929177931e-05 -6.1904288022346935e-05 0.00011561832600507163 -3.1921102440404522e-05 0.00020424386189515608 -0.00039999871466225916 0.00027720049219403191 0.00063111665994102385 0.0002674582759588456 0.00078350860392014819 -0.00010631409985812962 0.00025251695867637867 -0.00015052876630009448 -0.0002485679590828046 -0.00027719823154300041 0.00046940257641510846 -0.00065333522440395777 -0.00021805010256247949 -0.00019108523552947759 0.00032333380170674025 -0.00069214499296270653 -0.0003897759806970227
leaf_weight=5041 8210 6544 6379 7722 6199 1102470 42855 176335 7207 24675 7583 19309 5054 5557 6250 33852 12927 5144 5861 6142 5135 5121 23323 7021 5772 5810 10403
leaf_count=5041 8210 6544 6379 7722 6199 1102470 42855 176335 7207 24675 7583 19309 5054 5557 6250 33852 12927 5144 5861 6142 5135 5121 23323 7021 5772 5810 10403
internal_value=5.13526e-07 -0.000160857 -0.000313912 4.10616e-06 -2.30318e-06 2.61242e-06 6.71979e-05 8.08975e-05 -1.01085e-05 -6.42777e-06 8.2876e-05 0.000191362 1.3755e-05 0.00028014 0.00040358 -6.23045e-05 -6.82689e-06 0.000271439 2.7173e-06 -0.000152438 6.39053e-05 -0.000225271 -0.000145962 2.8209e-05 0.000100694 -0.000467844 -0.000244329
internal_weight=1.5639e+06 33964 18733 1.52994e+06 1.41491e+06 1.37014e+06 225389 219190 1.14476e+06 1.12714e+06 115031 44699 70332 36977 25559 54362 46779 15970 11418 44762 11277 33485 28364 15231 10916 12189 17610
internal_count=1563901 33964 18733 1529937 1414906 1370144 225389 219190 1144755 1127145 115031 44699 70332 36977 25559 54362 46779 15970 11418 44762 11277 33485 28364 15231 10916 12189 17610
is_linear=0
shrinkage=0.003


Tree=158
num_leaves=27
num_cat=0
split_feature=21 36 42 83 59 84 72 82 3 50 33 82 82 81 83 56 59 3 26 86 75 59 75 3 36 27
split_gain=98.6562 213.485 147.583 108.025 210.023 133.704 184.394 126.711 106.694 105.78 84.4039 105.146 110.544 99.2592 149.961 155.86 110.582 102.814 95.5417 84.2813 80.9138 76.1157 67.1586 102.841 87.301 64.9384
threshold=0.095611572265625014 0.059722900390625007 0.022567749023437503 -0.040280766785144799 0.26257324218750006 0.031704105436801917 0.32214355468750006 -0.12597730755805966 -1.6596679687499998 0.35937500000000006 -1.3242187499999998 -0.045040443539619439 -0.021604858338832852 0.0013366609346121552 -0.0017569726333022115 0.44616699218750006 0.22332763671875003 -0.21929931640624997 0.078216552734375014 0.0048867054283618936 -0.049270629882812493 0.23815917968750003 -0.041305541992187493 -0.26550292968749994 0.052017211914062507 -0.012275695800781248
decision_type=2 2 2 2 2 2 2 2 2 2 2 2 2 2 2 2 2 2 2 2 2 2 2 2 2 2
left_child=8 22 3 4 7 9 -7 -3 19 -5 11 18 -13 14 15 -12 -16 -15 25 -1 -20 -21 24 -24 -2 -10
right_child=1 2 -4 5 -6 6 -8 -9 10 -11 13 12 -14 17 16 -17 -18 -19 20 21 -22 -23 23 -25 -26 -27
leaf_value=6.2022895361218811e-05 0.00026877997206711427 0.00052727673797125227 -0.0002722122870142054 -0.00021598579445077518 0.00074840146079700699 -0.00025621995106121862 0.0003265023638705448 4.4598353241670163e-05 -0.00029528700302898118 8.13271901439447e-05 -1.1431971236298367e-06 0.00037499252549620448 -0.00018452158024859116 -6.2996151255119952e-05 2.0963006057259351e-05 0.00035791650054839858 -0.00055023375603853496 0.00044686712107200213 -0.00065716512761973685 -0.00065594803441626384 -0.00021054647186842933 -0.00013928259423870578 -7.3080730258675007e-05 -0.00056685803132958948 -0.00022406503386625842 6.8257395587480112e-05
leaf_weight=5093 5744 6486 7883 14632 7128 5721 31011 19148 7011 39947 1302933 6495 6047 5855 5027 10872 7630 8892 6038 5287 9382 5031 8398 6880 7145 11620
leaf_count=5093 5744 6486 7883 14632 7128 5721 31011 19148 7011 39947 1302933 6495 6047 5855 5027 10872 7630 8892 6038 5287 9382 5031 8398 6880 7145 11620
internal_value=2.364e-06 7.28891e-05 0.000123499 0.00014884 0.000296407 9.56271e-05 0.000235294 0.000168302 -5.68835e-06 1.37177e-06 -2.92267e-06 -0.000128308 0.000105903 1.44239e-06 -1.28784e-06 1.85511e-06 -0.000324985 0.000245375 -0.000214632 -0.000253121 -0.000388536 -0.00040778 -0.000163806 -0.000297679 -4.04966e-06 -6.93935e-05
internal_weight=1.56334e+06 160123 131956 124073 32762 91311 36732 25634 1.40321e+06 54579 1.3878e+06 46593 12542 1.34121e+06 1.32646e+06 1.3138e+06 12657 14747 34051 15411 15420 10318 28167 15278 12889 18631
internal_count=1563336 160123 131956 124073 32762 91311 36732 25634 1403213 54579 1387802 46593 12542 1341209 1326462 1313805 12657 14747 34051 15411 15420 10318 28167 15278 12889 18631
is_linear=0
shrinkage=0.003


Tree=159
num_leaves=25
num_cat=0
split_feature=62 1 73 56 38 16 28 65 74 25 16 87 6 74 62 83 6 15 13 48 47 30 50 80
split_gain=103.129 130.348 122.273 128.081 116.924 131.581 224.22 148.424 112.3 107.641 106.257 170.538 103.726 144.801 133.896 147.97 123.334 109.63 96.3206 177.525 105.55 62.7334 45.1123 41.7185
threshold=-18.499999999999996 0.10610961914062501 0.34191894531250006 0.42370605468750006 0.46704101562500006 0.073577880859375014 0.29174804687500006 0.055053710937500007 0.32287597656250006 0.76562500000000011 0.070404052734375014 0.00076336436904966842 0.069488525390625014 0.31140136718750006 -404.49999999999994 -0.0087618380784988386 0.047698974609375007 0.29687500000000006 -0.37194824218749994 15.410156250000002 0.26818847656250006 0.39062500000000006 0.31616210937500006 -0.12749540805816648
decision_type=2 2 2 2 2 2 2 2 2 2 2 2 2 2 2 2 2 2 2 2 2 2 2 2
left_child=1 8 3 10 5 6 7 -3 12 18 -2 -12 13 16 -14 -16 -1 -15 19 -10 -20 22 -7 -6
right_child=2 4 -4 -5 23 21 -8 -9 9 -11 11 -13 14 17 15 -17 -18 -19 20 -21 -22 -23 -24 -25
leaf_value=-0.00037589586070266241 0.00044819788571565957 -2.617265739201502e-05 -0.00023400193339498683 0.00058058291616447442 -0.00024696462761719749 -0.000181137244326623 -0.00041204126479760342 0.00065326637868137608 5.2817382910000039e-05 0.00031414578055271274 -0.00045214864154257713 0.00023432603018452283 0.00040006566624289122 -0.0005511098033870969 -0.0001363887960748187 0.00038459606431328025 0.00015154949644853236 -0.0001900923341872771 -6.0995546209769849e-06 -0.00033360828162430742 -0.00014335548103719777 7.6457976594377574e-06 -0.0005658061015156974 -0.00063439204626300981
leaf_weight=5218 5982 5397 5685 7401 5129 5104 5106 6120 382201 9937 5178 8407 6681 10400 32259 5685 15880 27874 928284 10909 53221 5005 6193 5203
leaf_count=5218 5982 5397 5685 7401 5129 5104 5106 6120 382201 9937 5178 8407 6681 10400 32259 5685 15880 27874 928284 10909 53221 5005 6193 5203
internal_value=-3.70874e-06 -7.26984e-06 0.00016286 0.000247076 -0.000169417 -8.14494e-05 0.000106103 0.000337389 -2.54679e-06 4.5975e-06 0.000118621 -2.87197e-05 -9.75746e-05 -0.000179606 1.17234e-05 -5.75259e-05 1.99428e-05 -0.00028937 2.33711e-06 4.20118e-05 -1.35559e-05 -0.000272176 -0.000395126 -0.000446277
internal_weight=1.56446e+06 1.53181e+06 32653 26968 43257 32925 16623 11517 1.48855e+06 1.38455e+06 19567 13585 103997 59372 44625 37944 21098 38274 1.37462e+06 393110 981505 16302 11297 10332
internal_count=1564459 1531806 32653 26968 43257 32925 16623 11517 1488549 1384552 19567 13585 103997 59372 44625 37944 21098 38274 1374615 393110 981505 16302 11297 10332
is_linear=0
shrinkage=0.003


Tree=160
num_leaves=29
num_cat=0
split_feature=78 2 47 18 1 38 18 26 12 15 3 80 56 73 22 38 58 23 80 56 23 56 6 37 87 30 59 79
split_gain=132.454 106.873 202.215 141.158 86.4576 170.689 159.076 181.864 115.546 123.505 95.9413 245.39 126.04 111.764 148.276 139.82 135.376 120.403 110.827 104.216 100.431 94.9888 91.9914 75.5929 70.4974 79.5601 57.8626 37.805
threshold=0.71770197153091442 0.0018405914306640627 0.24188232421875003 -0.98168945312499989 0.10610961914062501 0.46704101562500006 -0.16223144531249997 0.072479248046875014 0.0060367584228515634 0.39062500000000006 -0.83496093749999989 -0.054250486195087426 0.40026855468750006 0.32922363281250006 0.038146972656250007 -0.58325195312499989 2.0869140625000004 0.26513671875000006 -0.047532945871353142 0.36535644531250006 1.3320312500000002 0.41271972656250006 0.078460693359375014 0.022262573242187503 0.003163017332553864 0.35937500000000006 0.23272705078125003 0.27783757448196417
decision_type=2 2 2 2 2 2 2 2 2 2 2 2 2 2 2 2 2 2 2 2 2 2 2 2 2 2 2 2
left_child=4 2 26 -4 10 6 7 -6 9 -8 11 12 20 14 19 16 -15 -17 -13 -12 -1 -14 -20 24 25 -3 -2 -5
right_child=1 23 3 27 5 -7 8 -9 -10 -11 13 18 21 15 -16 17 -18 -19 22 -21 -22 -23 -24 -25 -26 -27 -28 -29
leaf_value=-9.2642308037834821e-05 0.00054113818779286918 -0.00024240724785545996 0.00013613560883997487 -0.00056702848930120005 0.00052296118895233312 -0.00048659929029013014 -0.00037087334008722365 -0.00010415939032536134 -0.000583503012988715 0.00020319274093815264 7.6520289170417476e-05 0.00042935032933543159 -0.00055542756292457549 0.00038567750261928995 -0.00042371076762295705 0.00046856169351172769 -9.6039881986801281e-05 0.00013569633592710353 -0.00010106834374250541 4.1614542994586228e-06 0.00031472676169199884 -9.6811281952990474e-05 0.0002179817994835489 -0.00052317983973363996 -0.00046708615492276783 0.00023785061311417554 9.4629262493545026e-05 -0.0002167768535451366
leaf_weight=128670 5101 7673 6792 6128 7654 9046 6220 8925 5358 7139 219910 9852 9136 6282 6792 14156 29515 31580 15352 964414 5591 7349 17092 7948 5058 5072 5351 5353
leaf_count=128670 5101 7673 6792 6128 7654 9046 6220 8925 5358 7139 219910 9852 9136 6282 6792 14156 29515 31580 15352 964414 5591 7349 17092 7948 5058 5072 5351 5353
internal_value=3.75928e-06 -0.000141433 -1.54382e-05 -0.00020548 9.00626e-06 -0.000121354 -2.66348e-05 0.000186762 -0.000215644 -6.48642e-05 1.29581e-05 -4.9346e-05 -0.000105999 2.24118e-05 1.50508e-05 0.000129799 -1.06646e-05 0.000239521 0.000152343 1.76027e-05 -7.54567e-05 -0.000352793 6.71655e-05 -0.000281376 -0.000171105 -5.09201e-05 0.000315607 -0.000407006
internal_weight=1.56451e+06 54476 28725 18273 1.51003e+06 44342 35296 16579 18717 13359 1.46569e+06 193042 150746 1.27265e+06 1.19112e+06 81533 35797 45736 42296 1.18432e+06 134261 16485 32444 25751 17803 12745 10452 11481
internal_count=1564509 54476 28725 18273 1510033 44342 35296 16579 18717 13359 1465691 193042 150746 1272649 1191116 81533 35797 45736 42296 1184324 134261 16485 32444 25751 17803 12745 10452 11481
is_linear=0
shrinkage=0.003


Tree=161
num_leaves=22
num_cat=0
split_feature=36 8 21 16 65 70 75 33 33 63 78 61 8 28 25 42 8 61 18 46 57
split_gain=100.55 96.7467 171.059 124.557 161.382 138.744 105.117 190.25 188.427 174.781 164.95 151.89 145.708 137.276 132.199 130.596 122.621 111.612 92.9071 120.583 92.4968
threshold=0.12286376953125001 1.1069335937500002 0.049728393554687507 0.063934326171875014 0.078216552734375014 0.19561767578125003 -0.049942016601562493 -0.56469726562499989 -0.74902343749999989 -95.718749999999986 0.7130236327648164 -1.3588867187499998 0.99414062500000011 -0.65624999999999989 0.76562500000000011 -0.0066642761230468741 0.18585205078125003 1.1118164062500002 -0.83374023437499989 0.30090332031250006 0.59008789062500011
decision_type=2 2 2 2 2 2 2 2 2 2 2 2 2 2 2 2 2 2 2 2 2
left_child=1 6 -3 18 5 -5 9 8 10 11 -8 13 16 -1 20 -10 -11 -13 19 -4 -9
right_child=-2 2 3 4 -6 -7 7 14 15 12 -12 17 -14 -15 -16 -17 -18 -19 -20 -21 -22
leaf_value=-0.00013606670274508612 0.00039999521607993074 0.00056400778084187894 0.00029041895945211484 9.9887720572672196e-05 -0.00031326321619559516 0.00045946835508752377 4.9374146726479686e-05 -9.4347937473781445e-06 0.00041136686425994744 -7.5652238693705372e-05 -0.00038330530655958161 -0.0003911751714946026 -0.00035914128786197714 0.00025117714534322899 0.00036177153412008555 0.00012895690942295697 8.9005613195515827e-05 -2.7950853951002106e-05 -0.00040956255653415012 -0.00021956464952728696 -0.00015237137038777744
leaf_weight=39966 5549 6264 7054 54788 6975 11650 123872 935193 21020 73250 8372 31053 9792 10275 8324 49295 91362 10098 7321 9913 42503
leaf_count=39966 5549 6264 7054 54788 6975 11650 123872 935193 21020 73250 8372 31053 9792 10275 8324 49295 91362 10098 7321 9913 42503
internal_value=4.72512e-07 -9.757e-07 8.73895e-05 5.62862e-05 0.000117871 0.000163536 -7.298e-06 4.76439e-06 8.84814e-05 -6.12198e-05 2.17135e-05 -0.000167414 -5.50753e-06 -5.65282e-05 -1.24409e-05 0.000213845 1.57338e-05 -0.000302328 -0.00012958 -7.08054e-06 -1.56636e-05
internal_weight=1.56389e+06 1.55834e+06 103965 97701 73413 66438 1.45438e+06 1.18858e+06 202559 265796 132244 91392 174404 50241 986020 70315 164612 41151 24288 16967 977696
internal_count=1563889 1558340 103965 97701 73413 66438 1454375 1188579 202559 265796 132244 91392 174404 50241 986020 70315 164612 41151 24288 16967 977696
is_linear=0
shrinkage=0.003


Tree=162
num_leaves=23
num_cat=0
split_feature=30 74 37 71 73 42 11 77 12 71 7 13 86 48 48 57 20 87 32 65 50 3
split_gain=143.344 203.276 187.326 105.112 170.033 153.435 129.503 118.401 147.139 165.459 199.095 138.34 153.2 133.405 216.835 172.707 143.793 109.142 71.9084 71.1047 69.7101 44.4038
threshold=0.73437500000000011 0.34826660156250006 -0.0030012130737304683 1.9936523437500002 0.34191894531250006 -0.026435852050781247 0.070220947265625014 0.49424524605274206 0.016235351562500003 1.9428710937500002 0.018745422363281253 0.71752929687500011 0.01846139878034592 12.730468750000002 10.996093750000002 0.50708007812500011 0.39062500000000006 0.0014360784552991392 0.020072937011718753 0.092742919921875014 0.30407714843750006 -0.21929931640624997
decision_type=2 2 2 2 2 2 2 2 2 2 2 2 2 2 2 2 2 2 2 2 2 2
left_child=3 2 -2 7 5 -5 19 8 11 10 -10 17 -13 14 16 -16 -9 -1 -8 -7 -11 -4
right_child=1 -3 21 4 -6 6 18 13 9 20 -12 12 -14 -15 15 -17 -18 -19 -20 -21 -22 -23
leaf_value=-0.00012122042008206068 -0.00037618992144543002 0.00055685805376573462 0.00046855731093752825 0.00054044181933888494 -0.00042897580007240015 5.5135818638589498e-06 0.00011416909947076429 0.00028231096899897261 -0.00016769897458246213 1.2418346184452722e-05 0.00028468785444212279 0.00021740665754116774 -0.00025162223900158985 -0.00026508085188332468 0.00084981781025188403 0.00023282812324029343 -9.6960438358841461e-05 -5.4123450958391255e-06 0.00037853436935407286 -0.000317200281286588 0.00049429138093817196 6.9508487445374794e-05
leaf_weight=78463 6563 9858 5008 6854 5456 28927 54313 13486 125342 5499 9323 42352 7267 7439 5722 14088 26539 1081452 11112 7701 5222 5014
leaf_count=78463 6563 9858 5008 6854 5456 28927 54313 13486 125342 5499 9323 42352 7267 7439 5722 14088 26539 1081452 11112 7701 5222 5014
internal_value=-5.41128e-07 0.000218042 1.45222e-05 -4.31673e-06 8.31432e-05 0.000109169 7.97037e-05 -1.1355e-05 -1.74575e-05 -0.000107596 -0.000136192 -6.61483e-06 0.000148347 0.000111395 0.000158564 0.000414415 3.12161e-05 -1.3256e-05 0.000159579 -6.30156e-05 0.000249529 0.000271573
internal_weight=1.563e+06 26443 16585 1.53656e+06 114363 108907 102053 1.42219e+06 1.35492e+06 145386 134665 1.20953e+06 49619 67274 59835 19810 40025 1.15992e+06 65425 36628 10721 10022
internal_count=1563000 26443 16585 1536557 114363 108907 102053 1422194 1354920 145386 134665 1209534 49619 67274 59835 19810 40025 1159915 65425 36628 10721 10022
is_linear=0
shrinkage=0.003


Tree=163
num_leaves=21
num_cat=0
split_feature=33 40 23 2 33 56 56 43 23 21 33 21 40 75 85 70 11 47 75 22
split_gain=91.4419 97.4823 92.6976 164.353 157.256 153.497 136.032 161.635 132.998 130.527 86.6702 98.7426 121.251 97.6445 161.469 80.7573 78.4519 70.5249 69.5175 55.1451
threshold=-1.3242187499999998 0.14062500000000003 -0.84790039062499989 0.031814575195312507 -0.92797851562499989 0.33386230468750006 0.36950683593750006 0.84033203125000011 1.7021484375000002 0.060440063476562507 -1.9477539062499998 0.071533203125000014 0.35937500000000006 -0.043991088867187493 0.012562554329633715 0.23760986328125003 0.067047119140625014 0.24884033203125003 -0.047622680664062493 0.011058807373046877
decision_type=2 2 2 2 2 2 2 2 2 2 2 2 2 2 2 2 2 2 2 2
left_child=10 -2 3 4 17 15 7 -7 -8 -6 -1 18 19 14 -14 16 -4 -3 -12 -13
right_child=1 2 5 -5 9 6 8 -9 -10 -11 11 12 13 -15 -16 -17 -18 -19 -20 -21
leaf_value=0.00021744723966188521 0.00038631444167474226 -2.6259095469549642e-05 -0.00014457018400803082 -0.0004124770469877472 7.885413711924116e-05 9.0061608431301303e-05 -2.0774163618656758e-05 -9.4497569970706483e-05 0.00024835194900701919 0.00036938221628580851 -0.00051429168174725874 -2.7157603776521277e-05 0.00018010276157131159 -0.00052616067726388464 -0.00038268429115667895 9.8731433181224845e-05 -0.00046892812332905169 -0.00051932301165920065 -9.3224278438053905e-05 0.0003989446010725113
leaf_weight=6106 5932 5213 17730 6132 155351 241207 970222 51806 16713 15202 9560 5290 9837 5753 8431 6567 10839 5153 5642 5530
leaf_count=6106 5932 5213 17730 6132 155351 241207 970222 51806 16713 15202 9560 5290 9837 5753 8431 6567 10839 5153 5642 5530
internal_value=1.2721e-06 5.70148e-06 4.17281e-06 6.66423e-05 8.31002e-05 -4.71693e-06 6.60459e-07 5.74096e-05 -1.6192e-05 0.000104951 -0.000117492 -0.000158712 -7.02595e-05 -0.000188824 -8.03026e-05 -0.000200052 -0.000268837 -0.000273984 -0.000359649 0.000192278
internal_weight=1.56422e+06 1.50807e+06 1.50214e+06 187051 180919 1.31508e+06 1.27995e+06 293013 986935 170553 56149 50043 34841 24021 18268 35136 28569 10366 15202 10820
internal_count=1564216 1508067 1502135 187051 180919 1315084 1279948 293013 986935 170553 56149 50043 34841 24021 18268 35136 28569 10366 15202 10820
is_linear=0
shrinkage=0.003


Tree=164
num_leaves=31
num_cat=0
split_feature=41 13 43 35 38 79 21 22 31 75 82 68 76 23 82 43 76 23 21 59 58 91 47 52 2 70 42 13 32 81
split_gain=144.354 134.979 163.228 240.39 183.508 148.125 139.183 165.939 150.084 171.35 133.72 132.626 128.898 114.177 133.563 111.894 109.599 105.107 213.015 154.951 103.159 186.756 155.308 78.0983 155.633 121.469 74.5568 94.6299 82.3907 74.1513
threshold=0.091888427734375014 -0.37976074218749994 -1.2832031249999998 0.42187500000000006 -0.076019287109374986 0.31618514657020574 0.11398315429687501 0.017738342285156253 0.069793701171875014 -0.050125122070312493 -0.058883897960185998 0.044784545898437507 0.019969940185546878 -1.3896484374999998 -0.18970820307731626 -1.2182617187499998 0.024173736572265628 -0.81665039062499989 0.057189941406250007 0.19024658203125003 2.1357421875000004 -0.81348490715026844 0.23492431640625003 0.85424804687500011 -0.00057315826416015614 0.19439697265625003 0.024803161621093753 0.13836669921875003 0.0026512145996093754 -0.011836208403110502
decision_type=2 2 2 2 2 2 2 2 2 2 2 2 2 2 2 2 2 2 2 2 2 2 2 2 2 2 2 2 2 2
left_child=1 6 3 5 -5 -3 7 8 9 -1 -10 -6 -7 -2 26 -4 20 18 -17 -19 22 -22 -16 25 -25 -9 29 28 -28 -15
right_child=13 2 15 4 11 12 -8 23 10 -11 -12 -13 -14 14 16 17 -18 19 -20 -21 21 -23 -24 24 -26 -27 27 -29 -30 -31
leaf_value=-2.6908858017112218e-05 0.00024470304472302154 -0.00040016201433814842 0.00031323065868017362 -0.00085767698977451293 0.00014813970447769028 -2.1373051953101595e-06 -0.00039013678906172315 0.00018726763046403603 -1.4676119691638592e-05 0.00024719073562337336 0.00032360707410052352 -0.00040493035412582281 0.00054902290933914763 -0.00042114190155763973 0.00021405833423466253 -1.6981064494811617e-05 -0.00042550010941410797 -0.00028047172782952459 0.00024838772597649992 -1.2523372413561459e-05 -0.00016411953695298455 0.00021447255995167485 -6.2003305294503351e-05 -0.00022833079003848134 0.00034139814608972612 0.00059240702113804648 -0.00038858809169002443 0.00019595165245350115 -2.3412298751287542e-05 -5.5484896433704041e-05
leaf_weight=32780 9616 5299 9857 5692 5445 12481 6146 21272 238298 54729 10902 13295 5402 19862 30919 77538 6450 19845 41845 744067 70670 13966 44795 8361 8712 9704 10936 6888 11235 6700
leaf_count=32780 9616 5299 9857 5692 5445 12481 6146 21272 238298 54729 10902 13295 5402 19862 30919 77538 6450 19845 41845 744067 70670 13966 44795 8361 8712 9704 10936 6888 11235 6700
internal_value=-4.71365e-06 7.32007e-06 -1.21498e-05 -0.00018311 -0.000390114 3.57942e-05 5.41682e-05 6.13649e-05 3.7796e-05 0.000144602 2.46961e-07 -0.0002443 0.000166481 -7.3749e-05 -8.76206e-05 -3.0164e-06 -4.51094e-05 -6.58057e-06 7.61635e-05 -1.952e-05 -2.95527e-05 -0.000101468 5.08644e-05 0.000226105 6.26852e-05 0.000315685 -0.000214796 -0.000109212 -0.000204474 -0.000329463
internal_weight=1.56371e+06 1.33167e+06 940766 47614 24432 23182 390904 384758 336709 87509 249200 18740 17883 232037 222421 893152 166800 883295 119383 763912 160350 84636 75714 48049 17073 30976 55621 29059 22171 26562
internal_count=1563707 1331670 940766 47614 24432 23182 390904 384758 336709 87509 249200 18740 17883 232037 222421 893152 166800 883295 119383 763912 160350 84636 75714 48049 17073 30976 55621 29059 22171 26562
is_linear=0
shrinkage=0.003


Tree=165
num_leaves=31
num_cat=0
split_feature=33 91 91 79 45 79 18 48 74 43 87 32 26 62 72 6 82 58 16 91 65 16 74 55 91 41 87 87 1 31
split_gain=200.357 103.298 124.978 127.095 181.3 171.739 169.659 124.214 120.13 161.702 144.449 190.86 179.089 138.868 117.766 113.792 113.972 150.194 112.754 104.943 152.734 128.237 103.186 97.038 226.618 95.8908 73.7347 107.816 101.015 84.796
threshold=-1.3242187499999998 -1.7040987014770506 -1.3344392776489256 0.31876601278781896 1.5781250000000002 0.31574697792530065 0.88793945312500011 10.832031250000002 0.35729980468750006 -0.12393188476562499 0.0040160035714507112 -0.0030012130737304683 0.081573486328125014 -528.49999999999989 0.31579589843750006 0.10275268554687501 -0.061362877488136285 2.1474609375000004 0.081115722656250014 -1.2206475734710691 0.043594360351562507 0.054824829101562507 0.36120605468750006 0.36267089843750006 -1.814669609069824 0.073394775390625014 0.001907891593873501 0.0029212986119091515 0.075714111328125014 0.046173095703125007
decision_type=2 2 2 2 2 2 2 2 2 2 2 2 2 2 2 2 2 2 2 2 2 2 2 2 2 2 2 2 2 2
left_child=26 8 3 5 -5 7 -7 -3 10 18 23 12 -12 -11 -13 19 17 -17 -10 21 -21 -4 -15 24 -2 -6 28 -28 -1 -29
right_child=1 2 15 4 25 6 -8 -9 9 13 11 14 -14 22 -16 16 -18 -19 -20 20 -22 -23 -24 -25 -26 -27 27 29 -30 -31
leaf_value=0.00029568835678922979 -0.00050066748135623525 -0.00019616421179896129 0.00042019582724317993 0.00026364616297146556 -0.00011007882148502933 0.00026832272469623085 -0.0003225736215458373 -2.0050672966100786e-05 -0.00050695989074462625 -0.00029289888812832331 0.00029820922023824021 -0.00044655860214380531 6.0277601963459946e-05 -0.00012422579421188958 8.4327933334523634e-05 6.6893824245059546e-05 -0.00015643650514591669 0.00042486224667597449 6.1833003607083815e-06 0.00011180843712512302 -2.4255371540241614e-05 6.0386068509229852e-05 0.00036758391859531407 0.00025677446837938343 0.00011474459224979663 -0.00036002126378450615 -0.00054453302949838262 3.9633130130330663e-05 -0.00020034313893361056 -0.00027723738555151682
leaf_weight=6220 10274 40011 9409 7759 30673 29677 5039 355794 9733 6467 64143 7030 51244 5482 7902 24592 8575 18433 6334 86372 525205 143927 12400 5671 11136 25232 8252 11942 8796 20700
leaf_count=6220 10274 40011 9409 7759 30673 29677 5039 355794 9733 6467 64143 7030 51244 5482 7902 24592 8575 18433 6334 86372 525205 143927 12400 5671 11136 25232 8252 11942 8796 20700
internal_value=2.09872e-06 8.63986e-06 -1.00649e-06 -3.86571e-05 -0.000163658 -2.01386e-05 0.000181874 -3.78986e-05 7.25233e-05 -7.32365e-05 0.000109973 0.000151386 0.000192686 8.08992e-05 -0.000166922 2.17831e-05 0.000158001 0.000220886 -0.000305879 1.25746e-05 -5.02417e-06 8.27242e-05 0.00021696 -8.91361e-05 -0.000181527 -0.000223329 -0.000174089 -0.000239967 5.72227e-06 -0.000161544
internal_weight=1.56442e+06 1.50851e+06 1.3107e+06 494185 63664 430521 34716 395805 197816 40416 157400 130319 115387 24349 14932 816513 51600 43025 16067 764913 611577 153336 17882 27081 21410 55905 55910 40894 15016 32642
internal_count=1564424 1508514 1310698 494185 63664 430521 34716 395805 197816 40416 157400 130319 115387 24349 14932 816513 51600 43025 16067 764913 611577 153336 17882 27081 21410 55905 55910 40894 15016 32642
is_linear=0
shrinkage=0.003


Tree=166
num_leaves=26
num_cat=0
split_feature=41 41 69 57 66 57 56 10 91 23 56 57 87 84 83 23 50 90 78 1 82 41 11 81 90
split_gain=97.6993 132.175 231.072 164.392 170.166 165.74 140.86 130.806 125.51 108.157 111.111 130.003 118.323 110.306 117.65 116.495 114.009 105.771 104.323 92.4382 98.6451 102.02 97.9984 78.0605 186.107
threshold=0.091400146484375014 0.084320068359375014 0.18096923828125003 0.50659179687500011 3.0126953125000004 0.49768066406250006 0.33605957031250006 0.39062500000000006 -1.383451461791992 -1.5639648437499998 0.40930175781250006 0.51586914062500011 0.0027187354862689976 0.024166420102119449 -0.059509634971618645 -0.31262207031249994 0.44116210937500006 0.073568359017372145 0.69302597641944896 0.12026977539062501 0.010575447231531145 0.053375244140625007 0.093597412109375014 -0.0086360834538936598 0.0086309053003788012
decision_type=2 2 2 2 2 2 2 2 2 2 2 2 2 2 2 2 2 2 2 2 2 2 2 2 2
left_child=1 6 -3 5 8 -4 7 23 -5 -2 13 12 -12 14 15 -11 18 -18 -15 20 22 -22 -8 24 -1
right_child=9 2 3 4 -6 -7 19 -9 -10 10 11 -13 -14 16 -16 -17 17 -19 -20 -21 21 -23 -24 -25 -26
leaf_value=-0.00024374875109053163 0.00034140085675988337 0.00058326979506409179 3.6403031739597289e-05 -7.7962337446431102e-06 0.00053997390366304198 -0.00056622481953659618 1.2738228466538149e-05 -0.00056168856828808192 0.00014556036853765852 0.00017318491654524844 -0.00026609617615748856 0.00039000658821312684 0.0002289644546843275 -0.0002351215782904924 0.00043864991174136632 -0.00013249549979143027 -0.00021121421626402778 -0.00067795202443286004 -3.6358073862549682e-05 -0.00036649265522077537 0.0005974153377557599 1.619812109180399e-05 -7.3595755351217165e-05 -0.0003010549148222288 0.00044072220351031418
leaf_weight=8430 5932 7718 9335 100802 6948 7219 913174 6943 91629 17709 9458 9763 7869 31958 5538 30233 26922 5167 92069 5979 5009 5820 135845 9884 6056
leaf_count=8430 5932 7718 9335 100802 6948 7219 913174 6943 91629 17709 9458 9763 7869 31958 5538 30233 26922 5167 92069 5979 5009 5820 135845 9884 6056
internal_value=-5.74707e-08 1.01078e-05 7.65603e-05 5.81876e-05 8.20697e-05 -0.000228218 -3.44419e-06 -0.000201439 6.52646e-05 -5.53779e-05 -6.54622e-05 0.000115039 -4.12423e-05 -8.88355e-05 2.87117e-05 -1.94566e-05 -0.000129096 -0.000288241 -8.77216e-05 2.39106e-06 4.50645e-06 0.000288049 1.55227e-06 -9.69278e-05 4.34601e-05
internal_weight=1.56341e+06 1.32079e+06 223651 215933 199379 16554 1.09714e+06 31313 192431 242618 236686 27090 17327 209596 53480 47942 156116 32089 124027 1.06583e+06 1.05985e+06 10829 1.04902e+06 24370 14486
internal_count=1563409 1320791 223651 215933 199379 16554 1097140 31313 192431 242618 236686 27090 17327 209596 53480 47942 156116 32089 124027 1065827 1059848 10829 1049019 24370 14486
is_linear=0
shrinkage=0.003


Tree=167
num_leaves=29
num_cat=0
split_feature=33 32 78 41 22 13 43 1 48 36 72 43 22 65 80 82 41 6 8 23 83 3 87 59 20 26 71 84
split_gain=132.546 117.366 130.15 116.022 133.784 209.463 155.544 137.173 110.602 152.924 119.111 109.369 181.214 196.56 132.028 194.778 123.711 101.912 98.9295 125.549 108.46 85.4088 85.0572 80.8446 112.635 92.0913 79.3035 89.4204
threshold=-1.2875976562499998 -0.035171508789062493 0.6883758306503297 0.093078613281250014 -0.021636962890624997 0.54980468750000011 1.1938476562500002 0.059310913085937507 15.511718750000002 0.077545166015625014 0.32580566406250006 -0.98022460937499989 0.026588439941406253 0.074066162109375014 -0.013499250635504721 -0.027568727731704708 0.075958251953125014 0.096191406250000014 0.49438476562500006 0.87939453125000011 -0.014861170202493666 0.19995117187500003 0.007479380816221238 0.21258544921875003 0.48437500000000006 0.072479248046875014 1.5913085937500002 0.031463682651519782
decision_type=2 2 2 2 2 2 2 2 2 2 2 2 2 2 2 2 2 2 2 2 2 2 2 2 2 2 2 2
left_child=1 2 -1 8 5 6 -5 26 11 10 -10 12 13 -2 15 -13 -16 22 19 -9 -20 -4 23 25 -25 -3 -6 -28
right_child=3 17 21 4 7 -7 -8 18 9 -11 -12 14 -14 -15 16 -17 -18 -19 20 -21 -22 -23 -24 24 -26 -27 27 -29
leaf_value=-0.00023562479438587873 -3.2250712748323935e-05 -0.00023995998570432536 0.0005228838085513754 6.8507277328991206e-05 -0.00054369838161155823 -0.00036964654356153834 0.00066169106340874153 -5.7780574739919732e-05 -0.00063291234682002324 0.00016780740020247461 -0.00011227252951895803 2.6797085042265132e-05 0.00035006850600004041 -0.00032894005094221692 0.00033379240713586936 -0.00039140821237465095 -0.00010018571798904047 0.00016300917296100241 0.00019495492282650234 -0.0003765939855548814 -0.00028387916192833571 -6.7168123575183448e-06 4.3506795547983697e-05 0.00016992488604054674 -0.00040153374254599315 -0.00065079891802844478 1.0453729554556278e-05 -0.00037962198012634463
leaf_weight=7574 102250 9667 5720 9170 7525 5015 6963 102454 7311 7314 8594 1107265 8894 24922 22812 10015 7915 5418 22820 12379 5136 5175 6330 5588 6764 10279 10555 10491
leaf_count=7574 102250 9667 5720 9170 7525 5015 6963 102454 7311 7314 8594 1107265 8894 24922 22812 10015 7915 5418 22820 12379 5136 5175 6330 5588 6764 10279 10555 10491
internal_value=-6.62428e-07 -0.000135896 6.46006e-05 4.98309e-06 -6.37576e-05 0.000160855 0.000327024 -9.15552e-05 1.51097e-05 -0.000189652 -0.000354053 1.88268e-05 -6.15652e-05 -9.06059e-05 2.83597e-05 2.30137e-05 0.000222041 -0.000219922 -5.34903e-05 -9.24464e-05 0.000106287 0.000273556 -0.000273915 -0.000336068 -0.000143719 -0.000453873 -0.000280942 -0.000184867
internal_weight=1.56232e+06 62515 18469 1.4998e+06 192508 21148 16133 171360 1.30729e+06 23219 15905 1.28407e+06 136066 127172 1.14801e+06 1.11728e+06 30727 44046 142789 114833 27956 10895 38628 32298 12352 19946 28571 21046
internal_count=1562315 62515 18469 1499800 192508 21148 16133 171360 1307292 23219 15905 1284073 136066 127172 1148007 1117280 30727 44046 142789 114833 27956 10895 38628 32298 12352 19946 28571 21046
is_linear=0
shrinkage=0.003


Tree=168
num_leaves=31
num_cat=0
split_feature=8 47 12 91 13 91 22 23 56 13 18 87 16 81 1 69 26 75 82 38 18 67 8 3 11 28 11 13 17 75
split_gain=115.607 168.483 137.161 225.037 154.166 170.564 126.726 128.028 117.983 124.853 117.239 246.364 167.513 130.397 116.285 112.616 100.025 94.0867 114.155 90.269 192.409 154.926 128.781 132.351 125.505 101.866 88.6791 131.572 80.1282 66.2323
threshold=1.1069335937500002 0.23675537109375003 0.016235351562500003 -1.5218286514282224 0.89941406250000011 -1.9477057456970213 0.034805297851562507 1.5703125000000002 0.44348144531250006 0.84375000000000011 -0.68286132812499989 0.00099895638413727305 0.065826416015625014 -0.025349907577037808 0.076141357421875014 0.28674316406250006 0.058013916015625007 -0.034683227539062493 -0.11663171648979186 0.42309570312500006 0.23748779296875003 -53.921874999999993 1.5747070312500002 0.21954345703125003 0.082611083984375014 0.54125976562500011 0.061553955078125007 -0.074951171874999986 0.0012340545654296877 -0.052017211914062493
decision_type=2 2 2 2 2 2 2 2 2 2 2 2 2 2 2 2 2 2 2 2 2 2 2 2 2 2 2 2 2 2
left_child=2 19 6 4 -4 -6 7 8 9 -1 11 -5 -12 -14 -7 -13 -3 18 -8 22 21 -21 23 25 29 -2 -18 -28 -25 -24
right_child=1 16 3 10 5 14 17 -9 -10 -11 12 15 13 -15 -16 -17 26 -19 -20 20 -22 -23 24 28 -26 -27 27 -29 -30 -31
leaf_value=-2.4623907234110365e-06 0.0002941409312441337 0.00022665693103189759 -0.00074595036241147333 0.00070393784379656514 0.00023400972953927391 -0.00014101150289269208 -3.1892097900328014e-05 0.00039749041859960769 0.00034494690093532721 0.00028008841649534999 -0.00045728996694087984 0.00030652547167002702 -0.00017598562716433772 4.176828510290689e-05 -0.00049416068043831268 -0.00012840847858004698 8.8753444443653967e-05 5.2821690710699283e-05 -0.0006009983435384305 9.4628655162537153e-05 0.00043150261974037268 -0.00053963191599889831 -0.00043712989161270258 0.00072078725783759163 0.00037012712867482832 -0.00014626665902912401 -0.00058806868479795236 -3.5221664189349997e-05 0.00027668315345528066 4.0450203138783844e-05
leaf_weight=1214649 18474 6373 5234 5573 6670 20462 5201 7361 8932 14140 9120 7760 38371 69317 14267 16732 6750 6792 8079 7359 6152 6410 5019 8927 5292 6271 7956 7490 6468 5308
leaf_count=1214649 18474 6373 5234 5573 6670 20462 5201 7361 8932 14140 9120 7760 38371 69317 14267 16732 6750 6792 8079 7359 6152 6410 5019 8927 5292 6271 7956 7490 6468 5308
internal_value=-2.61583e-06 9.38486e-05 -9.51601e-06 -8.38792e-05 -0.000265203 -0.000202772 1.8636e-06 5.68472e-06 3.32264e-06 8.11524e-07 -2.61665e-05 0.000140605 -6.91751e-05 -3.59123e-05 -0.000287091 1.00813e-05 -0.000102191 -0.000234016 -0.000380017 0.00016789 -5.46497e-06 -0.000202406 0.000229723 0.000319466 -1.47514e-06 0.000182391 -0.000197204 -0.000321936 0.000537193 -0.000193624
internal_weight=1.56291e+06 104249 1.45866e+06 193506 46633 41399 1.26515e+06 1.24508e+06 1.23772e+06 1.22879e+06 146873 30065 116808 107688 34729 24492 28569 20072 13280 75680 19921 13769 55759 40140 15619 24745 22196 15446 15395 10327
internal_count=1562909 104249 1458660 193506 46633 41399 1265154 1245082 1237721 1228789 146873 30065 116808 107688 34729 24492 28569 20072 13280 75680 19921 13769 55759 40140 15619 24745 22196 15446 15395 10327
is_linear=0
shrinkage=0.003


Tree=169
num_leaves=31
num_cat=0
split_feature=8 23 76 91 7 74 32 56 2 74 47 89 56 23 67 20 22 22 62 69 76 85 85 30 43 2 75 86 8 11
split_gain=159.945 133.486 137.223 157.655 137.196 166.966 151.104 128.095 126.831 133.063 126.515 116.449 156.094 109.375 139.414 119.045 102.811 102.697 97.759 116.751 138.728 161.299 147.179 127.711 106.816 92.9831 102.344 122.776 104.946 91.4486
threshold=0.42309570312500006 -0.77270507812499989 0.021327972412109378 -1.6331543922424314 0.010303497314453127 0.38977050781250006 -0.0097427368164062483 0.41369628906250006 0.0093879699707031267 0.36169433593750006 0.27355957031250006 0.0013501062057912352 0.37194824218750006 0.44726562500000006 -50.390624999999993 0.42187500000000006 0.012985229492187502 0.040344238281250007 -518.49999999999989 0.19964599609375003 0.022098541259765628 0.008753070607781412 0.0080742817372083681 0.73437500000000011 0.84033203125000011 0.012985229492187502 -0.039138793945312493 0.01916483044624329 -0.45458984374999994 0.087432861328125014
decision_type=2 2 2 2 2 2 2 2 2 2 2 2 2 2 2 2 2 2 2 2 2 2 2 2 2 2 2 2 2 2
left_child=17 2 8 -4 7 10 -7 13 9 29 16 -5 -13 15 -15 -3 -6 18 25 20 22 -22 -20 24 -21 26 28 -28 -1 -2
right_child=1 4 3 11 5 6 -8 -9 -10 -11 -12 12 -14 14 -16 -17 -18 -19 19 23 21 -23 -24 -25 -26 -27 27 -29 -30 -31
leaf_value=0.00046969588918429267 0.00043869506420280547 -8.8082318985178225e-05 0.00037378805101882367 -0.00027079912732133268 -4.3694092432411733e-05 1.613989574930454e-05 0.00062940733458150878 -0.00015517224693407263 3.4595767703862554e-05 0.00080488225603722054 0.00037564967382149625 0.00043998830223219775 -0.00013266826138069734 -0.000325378251539846 0.00028731549934242121 0.0003661658570664116 0.00010437150150276214 -0.00031759654998402052 -7.3114380693178533e-07 8.0498192921191179e-06 0.00050764781095572484 -0.00020240344318887921 -0.00027043150778150436 0.00042105196181243859 -8.4525115742766697e-05 -0.00027932811252517843 -0.00020811544165255828 0.00025337433678828097 0.00013173053722488514 -3.5108805815288923e-05
leaf_weight=11159 12195 6071 10467 12597 225910 7195 7180 9531 10067 6377 7525 7248 10193 6527 6644 34428 51799 9380 30312 824181 6322 5143 45517 6288 129744 5160 13463 8304 31653 5204
leaf_count=11159 12195 6071 10467 12597 225910 7195 7180 9531 10067 6377 7525 7248 10193 6527 6644 34428 51799 9380 30312 824181 6322 5143 45517 6288 129744 5160 13463 8304 31653 5204
internal_value=1.22333e-05 6.09329e-05 0.000176653 5.85879e-05 3.71771e-05 1.03621e-05 0.000324686 0.000164078 0.00031737 0.000436453 -5.58712e-06 -5.21221e-05 0.000106464 0.000220956 -1.6474e-05 0.000298023 -1.60489e-05 -6.66704e-06 -4.0284e-06 -1.1273e-05 -0.000116251 0.000190135 -0.000162764 -1.71828e-06 -4.5489e-06 0.000104649 0.000135714 -3.17058e-05 0.000220711 0.000297591
internal_weight=1.56378e+06 437158 74348 40505 362810 299609 14375 63201 33843 23776 285234 30038 17441 53670 13171 40499 277709 1.12663e+06 1.11725e+06 1.04751e+06 87294 11465 75829 960213 953925 69739 64579 21767 42812 17399
internal_count=1563784 437158 74348 40505 362810 299609 14375 63201 33843 23776 285234 30038 17441 53670 13171 40499 277709 1126626 1117246 1047507 87294 11465 75829 960213 953925 69739 64579 21767 42812 17399
is_linear=0
shrinkage=0.003


Tree=170
num_leaves=28
num_cat=0
split_feature=6 8 48 31 91 89 42 72 48 75 48 67 42 60 26 2 17 42 42 71 70 47 58 71 3 88 31
split_gain=139.862 228.413 183.537 144.312 179.703 145.138 129.035 127.92 116.48 229.84 112.877 107.535 106.226 91.9851 142.517 175.02 130.476 201.055 100.079 81.1869 139.563 69.1535 80.4878 72.5662 69.2136 66.3852 56.0164
threshold=0.082427978515625014 0.27648925781250006 15.457031250000002 0.051971435546875007 -1.675779342651367 0.0016201906837522986 -0.035018920898437493 0.31115722656250006 14.621093750000002 -0.049270629882812493 13.457031250000002 -21.914062499999996 -0.0074501037597656241 13.500000000000002 0.088470458984375014 -0.0062427520751953116 -0.0083656311035156233 -0.0063953399658203116 0.030281066894531253 1.1899414062500002 0.11581420898437501 0.24749755859375003 2.1083984375000004 1.8920898437500002 0.12976074218750003 0.0041285632178187379 0.044799804687500007
decision_type=2 2 2 2 2 2 2 2 2 2 2 2 2 2 2 2 2 2 2 2 2 2 2 2 2 2 2
left_child=1 3 8 21 5 7 -6 -5 13 -10 -7 -8 -11 14 18 -16 25 -18 -2 20 -3 22 -1 24 -23 -15 -24
right_child=2 19 -4 4 6 10 11 -9 9 12 -12 -13 -14 16 15 -17 17 -19 -20 -21 -22 23 26 -25 -26 -27 -28
leaf_value=-0.00057543055914641324 3.8500546353986691e-05 -0.00016029747305013715 -0.00052225953305741696 -0.00016550339434615963 0.00032302528787727752 0.00010716871989676724 -3.5143838720693624e-05 9.4695464572083101e-05 -0.00024864976550425307 0.00016993117192439945 0.00064512014798772798 0.00011515069393511298 0.00073549832028415999 -0.00010290229052927029 0.00035999767954963366 3.6914074121840162e-05 4.4199856407105518e-06 -0.00051456870177497697 -0.00025572271537785228 -0.000105167886726985 -0.00084743666876265595 -0.00034345538632423389 8.1912788968484468e-05 0.00023993564891503695 6.2172304183012085e-05 0.00033566472099731242 -0.0002991013487892545
leaf_weight=6505 403772 5191 5040 19570 9517 7039 751041 125685 5054 5136 6999 45341 7310 5268 28020 32623 15919 11521 10581 7232 5483 8340 5013 5411 6818 7341 10943
leaf_count=6505 403772 5191 5040 19570 9517 7039 751041 125685 5054 5136 6999 45341 7310 5268 28020 32623 15919 11521 10581 7232 5483 8340 5013 5411 6818 7341 10943
internal_value=2.76194e-06 -1.77738e-05 4.19561e-05 -1.17914e-05 -4.2042e-06 8.7837e-05 -2.24056e-05 5.95495e-05 4.73928e-05 0.000287401 0.000378044 -2.65736e-05 0.000505325 3.91837e-05 5.08297e-05 0.000186541 -9.87247e-05 -0.000214561 3.09273e-05 -0.000352686 -0.000517855 -0.000181573 -0.000296302 -5.54633e-05 -0.000161794 0.000153065 -0.000179631
internal_weight=1.56371e+06 1.02613e+06 537585 1.00822e+06 965192 159293 805899 145255 532545 17500 14038 796382 12446 515045 474996 60643 40049 27440 414353 17906 10674 43030 22461 20569 15158 12609 15956
internal_count=1563713 1026128 537585 1008222 965192 159293 805899 145255 532545 17500 14038 796382 12446 515045 474996 60643 40049 27440 414353 17906 10674 43030 22461 20569 15158 12609 15956
is_linear=0
shrinkage=0.003


Tree=171
num_leaves=21
num_cat=0
split_feature=74 1 25 6 69 40 70 57 45 41 43 8 41 6 33 33 91 50 1 33
split_gain=138.031 166.58 125.255 116.451 125.259 114.101 114.334 136.175 103.402 100.686 109.097 140.938 236.919 113.151 105.822 91.8655 103.028 94.8327 79.6512 74.7874
threshold=0.32043457031250006 0.082611083984375014 0.76562500000000011 0.080078125000000014 0.29675292968750006 0.60937500000000011 0.22448730468750003 0.57934570312500011 1.2656250000000002 0.041900634765625007 -1.2832031249999998 -0.11666870117187499 0.049697875976562507 0.068023681640625014 0.099761962890625014 -1.3242187499999998 -1.6865620613098142 0.33532714843750006 0.075714111328125014 0.16864013671875003
decision_type=2 2 2 2 2 2 2 2 2 2 2 2 2 2 2 2 2 2 2 2
left_child=1 3 9 5 -5 6 7 -1 -8 14 11 13 -13 -11 -2 17 -17 -12 -4 -3
right_child=2 19 18 4 -6 -7 8 -9 -10 10 15 12 -14 -15 -16 16 -18 -19 -20 -21
leaf_value=-0.00046483212077348164 -2.272725609136583e-05 -0.00071332767432512236 6.9321939255773644e-05 -4.6681622104816516e-05 0.00052438973790790958 0.00029402914227492731 -0.00017982030478620454 -9.68660101259251e-05 0.00032570648013517775 -0.00014973774585600553 8.9516684877763105e-05 0.00018876498021928853 -0.00039375554563274978 -0.00065576990757191698 0.00043585334275560676 7.5223143792305341e-05 1.0437139658999083e-06 -0.00019404437065659752 0.00059841362361882293 -0.00023988185015219084
leaf_weight=15648 8311 5060 5101 8674 5631 5290 7544 21449 6860 9489 14615 18009 9523 6847 9827 197115 1157878 38208 5103 7578
leaf_count=15648 8311 5060 5101 8674 5631 5290 7544 21449 6860 9489 14615 18009 9523 6847 9827 197115 1157878 38208 5103 7578
internal_value=8.42585e-07 -0.000117581 7.54999e-06 -6.08835e-05 0.000180194 -0.000121818 -0.000165019 -0.000252911 6.15258e-05 5.23894e-06 2.45579e-06 -0.000144701 -1.34179e-05 -0.000364533 0.000226755 7.05121e-06 1.18396e-05 -0.000115568 0.000337159 -0.000433552
internal_weight=1.56376e+06 83734 1.48003e+06 71096 14305 56791 51501 37097 14404 1.46982e+06 1.45168e+06 43868 27532 16336 18138 1.40782e+06 1.35499e+06 52823 10204 12638
internal_count=1563760 83734 1480026 71096 14305 56791 51501 37097 14404 1469822 1451684 43868 27532 16336 18138 1407816 1354993 52823 10204 12638
is_linear=0
shrinkage=0.003


Tree=172
num_leaves=23
num_cat=0
split_feature=30 84 77 62 85 8 82 75 8 21 0 33 89 59 43 86 88 84 17 21 59 21
split_gain=92.4029 98.7441 170.121 141.639 131.468 123.401 118.121 169.999 106.252 141.676 132.2 125.006 100.227 94.5403 94.273 90.4529 89.6816 87.573 85.9161 75.4419 156.841 69.6053
threshold=0.73437500000000011 0.019034154713153843 0.48056390881538397 -518.49999999999989 0.0081567857414484041 -0.69799804687499989 -0.12944293022155759 -0.049758911132812493 0.46545410156250006 0.045059204101562507 0.32812500000000006 -1.7558593749999998 0.0010492550209164622 0.21917724609375003 0.56176757812500011 0.0026913685724139218 0.0029762731865048413 0.019420243799686435 0.011058807373046877 0.069244384765625014 0.25048828125000006 0.077606201171875014
decision_type=2 2 2 2 2 2 2 2 2 2 2 2 2 2 2 2 2 2 2 2 2 2
left_child=1 2 4 6 12 -6 -3 -8 11 16 -11 -5 13 -1 -9 -13 -10 19 -7 -2 -21 -14
right_child=17 3 -4 8 5 18 7 14 9 10 -12 15 21 -15 -16 -17 -18 -19 -20 20 -22 -23
leaf_value=-4.4812974818412539e-05 0.00056940564157050867 0.00056684075309213465 0.00035309846249712213 -0.00042007259771705712 0.00017068209089518747 -0.0003448541276917334 -0.00024070782894502387 0.00030447463020552264 0.00010753178009627052 -6.6300285496440615e-05 6.6985842155688118e-05 6.4079267625210385e-05 0.00014503311884151143 -0.00052001239721970508 -3.2599920707094343e-05 -2.4232684322580188e-05 0.00066896829058025694 -0.00014934322376714871 -5.2036632726928446e-06 -0.00010998700084176541 0.00050059723443486625 -8.439482054408799e-05
leaf_weight=9788 5406 5619 7438 6760 6110 36054 9741 25104 5161 89600 264337 118422 27422 6048 10586 875009 5073 5721 8232 8581 6636 20881
leaf_count=9788 5406 5619 7438 6760 6110 36054 9741 25104 5161 89600 264337 118422 27422 6048 10586 875009 5073 5721 8232 8581 6636 20881
internal_value=1.26122e-06 -1.76309e-06 -8.36291e-05 5.29712e-06 -0.000112274 -0.000226776 0.000160285 0.000108867 -5.13344e-07 4.33543e-05 3.32349e-05 -1.64883e-05 -2.2093e-05 -0.000228423 0.000204683 -1.37001e-05 0.000389617 0.000177093 -0.000281873 0.000267933 0.000157813 4.58838e-05
internal_weight=1.56373e+06 1.53738e+06 121973 1.41541e+06 114535 50396 51050 45431 1.36436e+06 364171 353937 1.00019e+06 64139 15836 35690 993431 10234 26344 44286 20623 15217 48303
internal_count=1563729 1537385 121973 1415412 114535 50396 51050 45431 1364362 364171 353937 1000191 64139 15836 35690 993431 10234 26344 44286 20623 15217 48303
is_linear=0
shrinkage=0.003


Tree=173
num_leaves=31
num_cat=0
split_feature=33 21 50 86 6 31 41 56 31 7 42 59 36 85 85 82 1 57 46 5 63 56 86 42 17 76 60 18 18 31
split_gain=166.584 114.554 147.073 141.419 135.94 207.58 138.409 127.309 168.155 126.574 139.494 133.561 122.197 111.885 165.745 219.85 119.636 103.652 91.362 81.5709 142.654 87.6958 80.1053 75.4038 117.077 119.728 189.49 112.199 94.5703 79.2299
threshold=-1.3242187499999998 0.095611572265625014 0.35937500000000006 0.0058759972453117379 0.10147094726562501 0.066192626953125014 0.069488525390625014 0.36853027343750006 0.071289062500000014 -0.012649536132812498 0.015953063964843753 0.24627685546875003 0.055801391601562507 0.01690788567066193 0.015998691320419315 -0.08871422708034514 0.038726806640625007 0.53491210937500011 0.30554199218750006 0.29687500000000006 -74.406249999999986 0.43273925781250006 0.0011801160871982577 0.00082588195800781261 -0.0093841552734374983 0.023273468017578128 8.5000000000000018 0.69580078125000011 0.33532714843750006 0.046173095703125007
decision_type=2 2 2 2 2 2 2 2 2 2 2 2 2 2 2 2 2 2 2 2 2 2 2 2 2 2 2 2 2 2
left_child=23 4 12 -4 13 6 -6 -7 -9 11 -11 -5 -3 14 16 -16 -2 22 -8 20 -14 -21 -15 24 -1 26 -26 28 29 -25
right_child=1 2 3 9 5 7 18 8 -10 10 -12 -13 19 17 15 -17 -18 -19 -20 21 -22 -23 -24 27 25 -27 -28 -29 -30 -31
leaf_value=0.00036367256436111497 -0.00042504189622885293 -0.00032022336512434755 0.00057682089186182216 0.00071395344776867774 -0.00050455305197528587 0.00063126078906822463 0.00027655372218500669 0.00057062305239078553 8.0662852784832775e-05 0.00010153024176372698 -0.00040821253398824362 0.00016906851698202203 -0.0002947398531791272 5.1948462257101383e-05 -2.9898068789723342e-05 0.0004074340811768945 -1.3497260801678169e-05 0.00011996278789836293 -0.00025244218138203257 -0.00019565461999504971 0.00025322885494495411 0.00021581625422578392 -0.00036459717163245161 -0.00010126658505926226 -0.00026792808883682972 -0.00051704939586541196 0.00044057928598257987 -0.00061191551991668966 0.00019453707394201004 -0.00048719861151618789
leaf_weight=5022 6291 10795 6632 5794 6320 5998 6551 7566 35761 57821 5173 13230 5249 5208 21826 19546 1208803 7577 5166 18727 21384 6105 20013 11535 8850 5493 5376 6461 5040 8169
leaf_count=5022 6291 10795 6632 5794 6320 5998 6551 7566 35761 57821 5173 13230 5249 5208 21826 19546 1208803 7577 5166 18727 21384 6105 20013 11535 8850 5493 5376 6461 5040 8169
internal_value=-4.19946e-06 1.77099e-06 8.01512e-05 0.00015857 -6.95322e-06 0.000124325 -0.000150479 0.000224916 0.000167339 0.000124089 5.90901e-05 0.000337886 -3.15824e-05 -1.38214e-05 -9.29869e-06 0.000177202 -1.56628e-05 -0.000186529 4.3158e-05 2.94649e-05 0.000144533 -9.40338e-05 -0.000278717 -0.000164797 -4.08386e-05 -0.000145174 1.02302e-06 -0.000262633 -0.000169335 -0.000262921
internal_weight=1.56348e+06 1.50754e+06 150910 88650 1.35663e+06 67362 18037 49325 43327 82018 62994 19024 62260 1.28926e+06 1.25647e+06 41372 1.21509e+06 32798 11717 51465 26633 24832 25221 55946 24741 19719 14226 31205 24744 19704
internal_count=1563482 1507536 150910 88650 1356626 67362 18037 49325 43327 82018 62994 19024 62260 1289264 1256466 41372 1215094 32798 11717 51465 26633 24832 25221 55946 24741 19719 14226 31205 24744 19704
is_linear=0
shrinkage=0.003


Tree=174
num_leaves=24
num_cat=0
split_feature=31 2 70 59 80 81 0 43 21 75 91 87 10 86 7 85 71 85 59 63 33 18 85
split_gain=103.419 114.476 133.48 121.223 114.303 99.4723 99.0128 91.7971 121.096 105.28 84.1879 213.441 234.603 211.726 175.523 129.197 148.247 161.632 112.024 92.6122 123.137 70.3385 62.045
threshold=0.051971435546875007 0.024444580078125003 0.21514892578125003 0.21783447265625003 -0.0042198225855827323 -0.0031282259151339527 0.35937500000000006 1.4692382812500002 0.058715820312500007 -0.045333862304687493 -1.7220196723937986 0.0040160035714507112 0.39062500000000006 0.0083976946771144884 0.0027017593383789067 0.013393312692642214 1.9663085937500002 0.013057697564363481 0.20123291015625003 -96.031249999999986 -0.59594726562499989 -0.17602539062499997 0.012010067701339723
decision_type=2 2 2 2 2 2 2 2 2 2 2 2 2 2 2 2 2 2 2 2 2 2 2
left_child=1 2 3 4 5 -1 -5 10 -9 22 11 13 -13 18 -14 16 17 -12 -2 -17 -21 -11 -10
right_child=7 -3 -4 6 -6 -7 -8 8 9 21 15 12 14 -15 -16 19 -18 -19 -20 20 -22 -23 -24
leaf_value=-3.0518993860371579e-05 -0.00032524889087677002 -0.00045066594652931494 0.00039586080998761761 -0.00064354118890459604 0.00034619630519988821 -0.00046218065578350874 -0.00013483051807506766 0.00024774769059377697 -0.00066533045774323795 0.00012050104649320066 -9.1461945493646233e-06 0.00060893008495903301 0.00016316981813860467 -0.0006918273655171903 -5.6397709332347744e-05 -0.00023907991178082365 0.00039284583380439723 -0.00018433028047740201 0.00020066766064548897 0.00017025404635466923 3.1883311779038343e-05 -0.00025937802853253148 -0.00021997472602902477
leaf_weight=37076 6150 7579 5146 5791 6207 5423 8457 5870 5662 8499 797153 8086 93940 5777 50227 9769 7818 50298 8647 69404 346623 8871 5795
leaf_count=37076 6150 7579 5146 5791 6207 5423 8457 5870 5662 8499 797153 8086 93940 5777 50227 9769 7818 50298 8647 69404 346623 8871 5795
internal_value=4.74966e-06 -0.000103361 -6.41041e-05 -0.000102271 -3.08105e-05 -8.6556e-05 -0.000344637 1.02525e-05 -0.000142024 -0.000221975 1.38961e-05 7.60288e-05 0.000114805 -0.000210092 8.66876e-05 5.50856e-06 -1.57489e-05 -1.95643e-05 -1.86323e-05 4.82008e-05 5.50025e-05 -7.38805e-05 -0.00044392
internal_weight=1.56427e+06 75679 68100 62954 48706 42499 14248 1.48859e+06 34697 28827 1.45389e+06 172827 152253 20574 144167 1.28106e+06 855269 847451 14797 425796 416027 17370 11457
internal_count=1564268 75679 68100 62954 48706 42499 14248 1488589 34697 28827 1453892 172827 152253 20574 144167 1281065 855269 847451 14797 425796 416027 17370 11457
is_linear=0
shrinkage=0.003


Tree=175
num_leaves=31
num_cat=0
split_feature=18 59 76 3 66 3 48 36 1 66 66 16 33 33 76 85 65 75 91 15 62 18 75 86 65 3 67 77 64 62
split_gain=107.165 149.23 171.485 128.928 125.51 117.812 109.875 200.91 113.548 135.043 130.46 181.154 108.346 206.069 106.562 105.51 102.226 96.5265 158.186 120.286 120.019 116.374 258.972 129.542 93.7854 88.1052 87.3518 85.347 79.4307 75.4143
threshold=0.41247558593750006 0.24481201171875003 0.019153594970703128 -1.3212890624999998 4.3066406250000009 0.096679687500000014 15.511718750000002 0.077545166015625014 0.10324096679687501 -0.33496093749999994 -1.0283203124999998 0.068511962890625014 0.93579101562500011 0.60205078125000011 0.022251129150390628 0.014628052711486818 0.082061767578125014 -0.043014526367187493 -0.95150566101074208 0.39062500000000006 -142.49999999999997 -0.15435791015624997 -0.016120910644531247 0.020040430128574375 0.033370971679687507 -1.5107421874999998 -41.015624999999993 0.48324736952781683 0.030044555664062503 -254.49999999999997
decision_type=2 2 2 2 2 2 2 2 2 2 2 2 2 2 2 2 2 2 2 2 2 2 2 2 2 2 2 2 2 2
left_child=6 3 5 25 16 15 8 14 17 10 11 -10 13 28 -8 27 24 18 19 -1 -20 23 -23 -19 -5 -2 29 -3 -4 -11
right_child=1 2 12 4 -6 -7 7 -9 9 26 -12 -13 -14 -15 -16 -17 -18 21 20 -21 -22 22 -24 -25 -26 -27 -28 -29 -30 -31
leaf_value=-6.2345302387356461e-05 -4.6919078966666914e-05 -0.00017099693883200433 0.00064623627035360995 -0.0001666560647786549 -0.00035808388774915092 0.00024382222982010737 -0.0002340037441022562 0.00018382012858073532 0.00019546131873682368 -0.00041475927620284516 0.00042416292642537468 -0.00040124494911037431 0.00060579844563993799 -0.00023141518036273276 -0.00077856880691186783 -0.00033816698881948955 0.00036984912002541978 2.5333554718436153e-06 0.00035571928905755025 5.051311976206996e-05 7.6763036412116374e-05 -8.837229284813848e-05 0.00052122602670161592 0.00044261764995498363 3.967803314369163e-05 -0.00053618528612037262 -0.0005010611604980592 0.0002281117127822326 0.00024509704049178766 8.8427793791869867e-07
leaf_weight=132741 7150 9225 5145 21109 7395 13082 9185 7144 9107 6132 5426 9021 7146 7810 5010 10433 7885 347310 21318 235882 39664 254444 6332 6026 304331 6106 10606 9890 31557 10629
leaf_count=132741 7150 9225 5145 21109 7395 13082 9185 7144 9107 6132 5426 9021 7146 7810 5010 10433 7885 347310 21318 235882 39664 254444 6332 6026 304331 6106 10606 9890 31557 10629
internal_value=3.62694e-06 4.28009e-05 0.000148791 1.45344e-05 2.58612e-05 7.87366e-06 -1.21108e-05 -0.000224806 -7.94438e-06 -0.000146133 2.04524e-05 -0.000102049 0.000264842 0.000208869 -0.000430305 -9.70596e-05 3.44841e-05 -1.18905e-06 3.33005e-05 9.86696e-06 0.000174703 -2.53178e-05 -7.33763e-05 1.01619e-05 2.62475e-05 -0.000274613 -0.000289062 3.56123e-05 0.000302933 -0.000152737
internal_weight=1.56424e+06 448264 94288 353976 340720 42630 1.11598e+06 21339 1.09464e+06 50921 23554 18128 51658 44512 14195 29548 333325 1.04372e+06 429605 368623 60982 614112 260776 353336 325440 13256 27367 19115 36702 16761
internal_count=1564241 448264 94288 353976 340720 42630 1115977 21339 1094638 50921 23554 18128 51658 44512 14195 29548 333325 1043717 429605 368623 60982 614112 260776 353336 325440 13256 27367 19115 36702 16761
is_linear=0
shrinkage=0.003


Tree=176
num_leaves=31
num_cat=0
split_feature=41 23 58 57 80 67 28 84 45 21 23 81 36 66 7 6 75 25 37 75 6 45 10 37 36 67 75 78 8 59
split_gain=102.116 156.279 157.032 229.889 112.051 118.39 209.457 162.308 151.402 145.118 154.25 149.755 145 135.36 125.71 206.239 158.781 123.009 112.536 110.419 156.069 104.24 150.419 149.687 124.265 125.084 134.708 109.436 99.8846 100.414
threshold=0.091400146484375014 -1.4423828124999998 2.0908203125000004 0.55639648437500011 -0.12749540805816648 -52.703124999999993 0.96728515625000011 0.028488755226135257 1.6093750000000002 0.095611572265625014 1.0532226562500002 -0.036186099052429192 0.062088012695312507 3.5341796875000004 0.0071296691894531259 0.081329345703125014 -0.026710510253906247 0.39062500000000006 0.0047492980957031259 -0.028312683105468747 0.069030761718750014 1.1406250000000002 0.32812500000000006 0.027755737304687503 0.10537719726562501 -85.656249999999986 -0.033096313476562493 0.70848807692527782 0.92993164062500011 0.27282714843750006
decision_type=2 2 2 2 2 2 2 2 2 2 2 2 2 2 2 2 2 2 2 2 2 2 2 2 2 2 2 2 2 2
left_child=4 -2 3 -3 21 6 12 18 -9 14 17 -12 -6 -14 15 -7 -16 -11 -8 20 -5 22 23 -1 25 -23 -27 -26 29 -4
right_child=1 2 28 19 5 9 7 8 -10 10 11 -13 13 -15 16 -17 -18 -19 -20 -21 -22 24 -24 -25 27 26 -28 -29 -30 -31
leaf_value=-4.7210122282246507e-05 0.00034020839842898131 -0.0007890374269410084 -7.3619071955121888e-05 0.00020365802263497469 -0.00015661608158113794 -4.9788094722223837e-05 0.00071238392634715212 0.00027100736462210299 -0.00013871317860022662 0.0001425968013294758 0.00026228323696974681 -8.1699178647742709e-05 3.6335078000889131e-05 -0.00039606021489215133 1.3170684086899628e-06 -0.00026667566862245663 0.00043886404696263763 0.00070656206225325733 0.00019965531315190344 -0.00052930910342423494 -0.00029159219578851628 0.00045299841758275053 0.0005369659787074105 0.00052575786707819035 -0.00041456306003203832 4.3998560968834206e-06 0.00026149753334021305 7.1591634498165677e-05 0.00017539241207378912 0.00030724491158463127
leaf_weight=16500 8509 5972 176230 10987 41089 330093 8171 19398 13824 8424 16625 35621 424099 6518 178572 44730 7690 5912 7412 5318 11750 7454 10085 5356 9163 94022 22688 7529 17677 6361
leaf_count=16500 8509 5972 176230 10987 41089 330093 8171 19398 13824 8424 16625 35621 424099 6518 178572 44730 7690 5912 7412 5318 11750 7454 10085 5356 9163 94022 22688 7529 17677 6361
internal_value=-3.02891e-07 -5.68355e-05 -7.13942e-05 -0.000259508 1.00917e-05 -6.29729e-07 3.2819e-05 0.000219703 0.000100614 -2.83688e-05 0.000103951 2.80501e-05 1.34405e-05 2.96997e-05 -4.40865e-05 -7.57349e-05 1.96074e-05 0.000378453 0.000471334 -0.000144387 -5.24329e-05 8.12912e-05 0.000235756 9.49557e-05 4.61219e-05 7.88248e-05 5.45598e-05 -0.00019616 -3.93186e-05 -6.01898e-05
internal_weight=1.56378e+06 242804 234295 34027 1.32098e+06 1.14818e+06 520511 48805 33222 627667 66582 52246 471706 430617 561085 374823 186262 14336 15583 28055 22737 172797 31941 21856 140856 124164 116710 16692 200268 182591
internal_count=1563779 242804 234295 34027 1320975 1148178 520511 48805 33222 627667 66582 52246 471706 430617 561085 374823 186262 14336 15583 28055 22737 172797 31941 21856 140856 124164 116710 16692 200268 182591
is_linear=0
shrinkage=0.003


Tree=177
num_leaves=31
num_cat=0
split_feature=8 63 8 20 13 12 67 60 90 42 85 43 42 1 56 37 70 37 22 81 7 35 10 33 31 65 0 3 37 31
split_gain=87.0934 146.502 186.989 158.545 113.151 133.162 112.312 152.091 152.886 140.427 132.27 112.848 101.044 163.616 131.351 222.162 164.338 141.835 116.71 159.278 141.441 131.553 110.128 107.159 103.184 100.089 116.585 108.782 97.5452 126.912
threshold=1.1069335937500002 -77.281249999999986 1.2412109375000002 0.45312500000000006 -0.63671874999999989 -0.00040638446807861323 -50.203124999999993 5.5000000000000009 0.028427079319953922 -0.0097427368164062483 0.013393312692642214 -0.51025390624999989 0.017021179199218753 0.062377929687500007 0.36975097656250006 0.011596679687500002 0.20428466796875003 0.010684967041015627 0.018745422363281253 -0.045914128422737115 0.013374328613281252 0.54687500000000011 0.29687500000000006 -0.36889648437499994 0.058410644531250007 0.038436889648437507 0.26562500000000006 0.27648925781250006 -0.021118164062499997 0.080230712890625014
decision_type=2 2 2 2 2 2 2 2 2 2 2 2 2 2 2 2 2 2 2 2 2 2 2 2 2 2 2 2 2 2
left_child=12 2 3 -2 -4 -6 10 8 11 -9 -3 -8 14 -14 15 17 24 23 28 21 -21 -20 -18 -1 -17 -15 -27 -28 29 -16
right_child=1 6 4 -5 5 -7 7 9 -10 -11 -12 -13 13 25 18 16 22 -19 19 20 -22 -23 -24 -25 -26 26 27 -29 -30 -31
leaf_value=0.0002326644850605064 -0.00013324378493678054 0.00079027539558084445 0.00011145938573694415 0.00052617519916327846 -0.00060233096562125059 -9.0839237453397157e-05 -0.00014094362897980203 0.00011016488805688455 0.00064826037628519149 -0.00047148953198521978 0.00020711974223504767 0.00026042814033291716 -0.00023996463116178319 -0.00025112301636468339 -3.1263029012945186e-05 -0.00045771793103263408 -2.2078265729537579e-06 0.00050236934082215599 0.00068670508296115684 -5.6559540362839689e-06 0.0003320031470422932 0.00013487770453601787 0.00040362272762996303 6.7172565119452387e-05 -8.5047175293071197e-05 -0.00039371077279969834 0.00010710753677633959 -7.6487442030017002e-05 -2.9092908757341563e-05 0.00024680628691065715
leaf_weight=43100 5805 5104 7363 7351 8430 9986 9501 8509 6009 6518 11032 18341 37727 14675 31949 7264 15186 7970 6421 88665 12673 9788 9867 191417 73812 6026 69615 49697 756012 27344
leaf_count=43100 5805 5104 7363 7351 8430 9986 9501 8509 6009 6518 11032 18341 37727 14675 31949 7264 15186 7970 6421 88665 12673 9788 9867 191417 73812 6026 69615 49697 756012 27344
internal_value=8.09388e-06 9.19507e-05 -5.35043e-05 0.000236401 -0.000201796 -0.000326965 0.000179008 0.000106939 0.000218243 -0.000143578 0.00039531 0.000123447 2.11432e-06 -6.48965e-05 1.14131e-05 6.10882e-05 -5.33516e-05 0.000111176 -7.15556e-06 8.11776e-05 3.68563e-05 0.000356348 0.000158596 9.76732e-05 -0.000118959 -1.75862e-05 9.93546e-06 3.06348e-05 -1.98994e-05 9.71731e-05
internal_weight=1.56316e+06 103949 38935 13156 25779 18416 65014 48878 33851 15027 16136 27842 1.45921e+06 177740 1.28147e+06 348616 106129 242487 932852 117547 101338 16209 25053 234517 81076 140013 125338 119312 815305 59293
internal_count=1563157 103949 38935 13156 25779 18416 65014 48878 33851 15027 16136 27842 1459208 177740 1281468 348616 106129 242487 932852 117547 101338 16209 25053 234517 81076 140013 125338 119312 815305 59293
is_linear=0
shrinkage=0.003


Tree=178
num_leaves=23
num_cat=0
split_feature=33 60 81 81 21 17 3 46 6 6 60 27 60 17 60 58 6 15 57 36 6 46
split_gain=116.703 157.833 113.412 112.477 122.565 111.154 97.9483 103.299 95.3946 197.605 191.537 162.874 155.025 134.279 116.108 92.068 83.3649 79.7005 74.7182 70.2509 77.7766 58.3262
threshold=-1.3242187499999998 21.500000000000004 -0.0093266386538743955 -0.020406555384397503 0.085754394531250014 0.0041027069091796884 -1.6596679687499998 0.32653808593750006 0.082611083984375014 0.081024169921875014 15.500000000000002 -0.011661529541015623 -21.499999999999996 0.00036072731018066412 17.500000000000004 2.1064453125000004 0.070892333984375014 0.48437500000000006 0.55200195312500011 0.082000732421875014 0.084014892578125014 0.32043457031250006
decision_type=2 2 2 2 2 2 2 2 2 2 2 2 2 2 2 2 2 2 2 2 2 2
left_child=2 6 3 4 21 -5 7 18 9 14 12 -11 -10 -12 -8 -3 -4 -17 -2 20 -18 -1
right_child=1 15 16 5 -6 -7 8 -9 10 11 13 -13 -14 -15 -16 17 19 -19 -20 -21 -22 -23
leaf_value=-0.00044631516666893275 -0.00014331266770234498 3.9928139285550478e-06 -0.00023623182236119847 -0.00071224813672817714 0.00030589725130308101 -0.00015908713264195951 7.1975287317047681e-06 6.6685925817451365e-05 0.00053296339029389325 0.00012964078654757643 -1.8260787155525079e-05 -0.00024197170890583768 5.7330359641137334e-05 -0.0005302218308217573 0.00024962779997202107 0.00074243433822829177 0.00028427033722239832 0.00021135099328580966 -0.00065118417287316497 0.00041284982417080855 -0.00017710639915619115 -1.2374621619210916e-05
leaf_weight=6206 5361 5574 7898 6945 5002 6237 896490 7378 6151 13460 10373 49178 471171 8211 18040 5158 5459 5141 5113 5450 7951 5007
leaf_count=6206 5361 5574 7898 6945 5002 6237 896490 7378 6151 13460 10373 49178 471171 8211 18040 5158 5459 5141 5113 5450 7951 5007
internal_value=1.35224e-05 1.853e-05 -0.00012064 -0.000248937 -8.07216e-05 -0.000453691 1.5351e-05 -0.000204912 1.80341e-05 8.34498e-07 5.19183e-05 -0.000162038 6.35699e-05 -0.000246089 1.20065e-05 0.000315161 2.0713e-05 0.000481913 -0.00039505 0.000128992 1.14267e-05 -0.000254368
internal_weight=1.56295e+06 1.5068e+06 56155 29397 16215 13182 1.49093e+06 17852 1.47307e+06 977168 495906 62638 477322 18584 914530 15873 26758 10299 10474 18860 13410 11213
internal_count=1562954 1506799 56155 29397 16215 13182 1490926 17852 1473074 977168 495906 62638 477322 18584 914530 15873 26758 10299 10474 18860 13410 11213
is_linear=0
shrinkage=0.003


Tree=179
num_leaves=21
num_cat=0
split_feature=33 23 91 76 67 43 26 60 1 40 63 86 86 13 63 88 81 31 7 67
split_gain=141.358 108.547 131.038 127.137 126.636 120.089 126.128 99.3784 89.3838 88.2901 89.2498 131.168 491.122 114.553 101.147 105.103 101.85 70.2762 39.0188 25.9033
threshold=-1.3242187499999998 -0.20196533203124997 -2.1021962165832515 0.019947052001953128 -91.718749999999986 0.32409667968750006 0.082672119140625014 21.500000000000004 0.083160400390625014 0.76562500000000011 -103.09374999999999 0.011419180780649187 0.012407641857862474 0.64916992187500011 -96.031249999999986 0.0023276028223335747 -0.00092215021140873421 0.068908691406250014 -0.0015630722045898435 -80.781249999999986
decision_type=2 2 2 2 2 2 2 2 2 2 2 2 2 2 2 2 2 2 2 2
left_child=1 2 -1 -3 -5 6 -6 9 17 10 11 13 -13 -2 15 -12 -16 -9 -11 -4
right_child=7 3 19 4 5 -7 -8 8 -10 18 14 12 -14 -15 16 -17 -18 -19 -20 -21
leaf_value=-2.4249640558038692e-06 5.611321402152052e-06 0.00030680997705380842 -0.00038658065038459853 0.000177702461890215 -0.00038119944070878168 -0.00058132030158062828 0.00016535672174776504 -0.00014567078365828711 0.00056607741318660137 -0.00044501795095446559 -0.00025274624276220257 0.00070265877632374356 6.4948069690318717e-05 -0.00036273126788297365 4.3770125435297362e-06 -3.7173338103579799e-05 0.00018663317582574658 0.00033284137477195458 -7.772442129975355e-05 -0.00068412962112577907
leaf_weight=6946 56419 7166 6592 8350 7361 6841 7659 5579 5144 5286 25331 11774 128784 8681 1119808 102225 28193 5291 5137 5137
leaf_count=6946 56419 7166 6592 8350 7361 6841 7659 5579 5144 5286 25331 11774 128784 8681 1119808 102225 28193 5291 5137 5137
internal_value=4.39739e-06 -0.000143398 -0.000329527 -4.97693e-05 -0.000135082 -0.000254819 -0.000103249 9.90132e-06 0.000244234 7.36935e-06 9.31406e-06 6.72933e-05 0.000118828 -4.39877e-05 -3.84803e-08 -8.01478e-05 8.86879e-06 8.81571e-05 -0.000266455 -0.000521581
internal_weight=1.5637e+06 56052 18675 37377 30211 21861 15020 1.50765e+06 16014 1.49164e+06 1.48122e+06 205658 140558 65100 1.27556e+06 127556 1.148e+06 10870 10423 11729
internal_count=1563704 56052 18675 37377 30211 21861 15020 1507652 16014 1491638 1481215 205658 140558 65100 1275557 127556 1148001 10870 10423 11729
is_linear=0
shrinkage=0.003


Tree=180
num_leaves=27
num_cat=0
split_feature=7 80 87 83 57 56 62 18 36 32 21 57 60 3 75 67 75 74 56 3 3 28 46 32 81 65
split_gain=115.135 110.305 105.443 138.34 185.61 101.877 177.807 122.736 106.921 121.837 231.203 144.714 109.986 110.953 106.07 107.637 104.882 96.9218 118.503 86.3597 133.493 122.792 85.2811 138.817 64.4783 60.2582
threshold=0.026695251464843753 -0.036951817572116845 0.00066361972130835067 -0.026592738926410672 0.51684570312500011 0.34948730468750006 -80.499999999999986 -1.3989257812499998 0.051330566406250007 -0.0035467147827148433 0.069030761718750014 0.51586914062500011 21.500000000000004 0.24517822265625003 -0.047195434570312493 -40.796874999999993 -0.034439086914062493 0.32482910156250006 0.36584472656250006 -0.052520751953124993 0.54980468750000011 -0.13079833984374997 0.30383300781250006 -0.0027770996093749996 -0.023839622735977169 0.048965454101562507
decision_type=2 2 2 2 2 2 2 2 2 2 2 2 2 2 2 2 2 2 2 2 2 2 2 2 2 2
left_child=5 2 -2 4 -4 6 7 16 9 10 -7 -12 17 -14 -9 -16 -1 24 -19 21 -21 -11 23 -5 -10 -6
right_child=1 -3 3 22 25 8 -8 14 12 19 11 -13 13 -15 15 -17 -18 18 -20 20 -22 -23 -24 -25 -26 -27
leaf_value=-8.7477354889157344e-05 -0.00017221040944576479 -0.00018471858277786273 -0.00042649421297085625 0.00076086539660015029 2.4330808997594124e-06 0.00026926407266047694 0.00041079652899155347 -0.0004938633533066116 1.3647046158798429e-05 -0.00017761216009882946 -0.00021198968333157366 -0.00076637458395521362 6.4624363097895958e-05 0.00061477584919724087 -8.2252929458897053e-05 -0.00047426535598181393 0.00044814932869143985 8.5581747995263784e-05 3.8081049906186294e-06 -0.00035912295250264357 0.00010561251603374796 0.00037773207237832619 0.00013800138317473048 0.00023815114256221394 -0.00035930024928958627 0.00039481026890846515
leaf_weight=6539 6583 8455 5498 8605 6404 5108 6419 6551 6954 5715 9935 7436 8417 5355 112677 6585 6467 187104 1077581 11049 11032 9298 9957 9918 10303 7732
leaf_count=6539 6583 8455 5498 8605 6404 5108 6419 6551 6954 5715 9935 7436 8417 5355 112677 6585 6467 187104 1077581 11049 11032 9298 9957 9918 10303 7732
internal_value=7.20776e-06 0.000132586 0.000181882 0.000230586 3.65088e-05 1.92254e-06 -7.35607e-05 -9.6237e-05 1.00165e-05 -0.000114146 -0.000287895 -0.000452333 1.57335e-05 0.000281431 -0.000124939 -0.000104277 0.000180241 1.28573e-05 1.59119e-05 -8.3635e-06 -0.000127505 0.000166553 0.000363786 0.000483764 -0.000209802 0.000218318
internal_weight=1.56368e+06 63152 54697 48114 19634 1.50052e+06 145238 138819 1.35529e+06 59573 22479 17371 1.29571e+06 13772 125813 119262 13006 1.28194e+06 1.26468e+06 37094 22081 15013 28480 18523 17257 14136
internal_count=1563677 63152 54697 48114 19634 1500525 145238 138819 1355287 59573 22479 17371 1295714 13772 125813 119262 13006 1281942 1264685 37094 22081 15013 28480 18523 17257 14136
is_linear=0
shrinkage=0.003


Tree=181
num_leaves=18
num_cat=0
split_feature=36 74 27 74 10 26 38 38 70 10 15 56 23 75 71 89 38
split_gain=136.753 89.5277 112.08 111.148 110.008 108.87 94.7289 112.101 92.8527 90.4909 90.3645 87.4465 76.9532 67.8148 118.691 69.5472 44.4346
threshold=0.12286376953125001 0.32434082031250006 0.038055419921875007 0.32531738281250006 0.39062500000000006 0.10623168945312501 1.3564453125000002 1.2338867187500002 0.22448730468750003 0.23437500000000003 0.45312500000000006 0.36975097656250006 0.37927246093750006 -0.044235229492187493 1.6450195312500002 0.0013097168412059548 0.082336425781250014
decision_type=2 2 2 2 2 2 2 2 2 2 2 2 2 2 2 2 2
left_child=1 2 5 4 -3 8 7 11 12 -10 -9 -5 -1 14 -8 -15 -7
right_child=-2 3 -4 6 -6 16 13 10 9 -11 -12 -13 -14 15 -16 -17 -18
leaf_value=-0.00013673171234503454 0.00047026389633597252 0.00057500034843559395 0.00027888291267265527 5.2963983340463412e-05 -9.1531796253674098e-06 -0.00059306968868609827 0.00024061242149699718 4.6446077473468845e-05 -0.00013049936587033315 0.00030678323832017401 0.00048274921452887707 -5.8123756562803648e-06 0.00022539633560844926 -0.00043079621405936664 -0.00022383983682612986 -1.9865058624020874e-05 -0.00019175616884324067
leaf_weight=78862 5519 6060 7353 288195 5479 5064 8455 9187 7155 10264 7925 1085839 5571 10613 11660 5683 5055
leaf_count=78862 5519 6060 7353 288195 5479 5064 8455 9187 7155 10264 7925 1085839 5571 10613 11660 5683 5055
internal_value=3.09068e-06 1.40616e-06 -7.75243e-05 7.95569e-06 0.000299934 -0.000101157 5.57477e-06 9.53302e-06 -7.14617e-05 0.000127446 0.00025014 6.51855e-06 -0.0001126 -0.000145269 -2.83907e-05 -0.000288485 -0.00039643
internal_weight=1.56394e+06 1.55842e+06 119324 1.4391e+06 11539 111971 1.42756e+06 1.39115e+06 101852 17419 17112 1.37403e+06 84433 36411 20115 16296 10119
internal_count=1563939 1558420 119324 1439096 11539 111971 1427557 1391146 101852 17419 17112 1374034 84433 36411 20115 16296 10119
is_linear=0
shrinkage=0.003


Tree=182
num_leaves=31
num_cat=0
split_feature=42 21 51 31 43 32 67 59 80 40 80 67 2 2 28 33 75 42 38 38 12 23 38 82 5 75 89 80 40 80
split_gain=107.067 119.141 174.957 185.651 171.661 193.541 158.208 138.968 128.046 135.077 177.845 136.195 116.919 116.845 201.742 196.481 111.541 151.93 109.606 104.238 100.739 100.497 99.2831 161.503 95.5887 121.509 83.02 79.5527 79.1284 156.066
threshold=0.017021179199218753 0.095611572265625014 0.35937500000000006 0.062957763671875014 -0.77734374999999989 0.00064563751220703136 -91.718749999999986 0.27844238281250006 -0.13366645574569699 0.70312500000000011 -0.052965179085731499 -47.390624999999993 -0.010585784912109373 -0.0031099319458007808 1.0756835937500002 -0.72363281249999989 -0.046798706054687493 0.020393371582031253 -0.83691406249999989 -0.38110351562499994 -0.0015630722045898435 0.57666015625000011 0.47766113281250006 -0.12337487936019896 0.45312500000000006 -0.033706665039062493 0.0012733922339975836 -0.094773098826408372 0.42187500000000006 -0.098916113376617418
decision_type=2 2 2 2 2 2 2 2 2 2 2 2 2 2 2 2 2 2 2 2 2 2 2 2 2 2 2 2 2 2
left_child=1 6 3 19 -5 -6 -1 22 26 11 -11 -10 18 15 16 -14 20 -18 -2 -3 -15 28 23 -4 25 -17 -8 -26 -20 -30
right_child=12 2 7 4 5 -7 8 -9 9 10 -12 -13 13 14 -16 24 17 -19 21 -21 -22 -23 -24 -25 27 -27 -28 -29 29 -31
leaf_value=-0.00021966962692377711 0.00014140256929622832 -0.00010634068099336442 0.00062879969055578918 0.00018726213893818962 -0.00054830664388982116 -5.8033505935905134e-05 7.7829939001653549e-05 0.0005641865265932827 1.9546471167096731e-05 7.0060768110213201e-05 0.00063193949711619238 -5.037442248054646e-05 0.00059443837585138623 -0.00024504497212544365 -0.00063896071103523204 -0.00031329140635954355 -0.00016905438101784011 0.00021218724135339272 -0.00041315490663648192 0.00041019760609276799 2.1696836600764295e-05 -0.00050507409617677899 -6.3127072909542519e-05 0.00014246023147126247 0.00051376703083861296 0.00020548015340636546 0.00038882445843703168 -1.1269209178572875e-05 6.6204245317348485e-05 -0.00039578120163798289
leaf_weight=27964 8156 5194 6855 10449 12141 17828 119333 7644 637432 21627 6535 413134 6655 28966 5164 10509 14282 27138 8692 10563 22663 9685 16606 53935 5066 6499 8171 5215 19626 9784
leaf_count=27964 8156 5194 6855 10449 12141 17828 119333 7644 637432 21627 6535 413134 6655 28966 5164 10509 14282 27138 8692 10563 22663 9685 16606 53935 5066 6499 8171 5215 19626 9784
internal_value=3.26902e-06 1.24511e-05 9.49634e-05 -3.49329e-05 -0.000142574 -0.000257815 3.00319e-06 0.000180709 8.18318e-06 -2.44691e-06 0.00020222 -7.95203e-06 -6.38422e-05 -1.51369e-05 -6.75787e-05 0.00013635 -3.52164e-05 8.0641e-05 -0.000178669 0.000240334 -0.000128141 -0.000233478 0.000142156 0.000198245 2.28734e-05 -0.000115019 9.80489e-05 0.000249901 -0.000163301 -8.83076e-05
internal_weight=1.56351e+06 1.37541e+06 141215 56175 40418 29969 1.2342e+06 85040 1.20623e+06 1.07873e+06 28162 1.05057e+06 188100 132157 98213 33944 93049 41420 55943 15757 51629 47787 77396 60790 27289 17008 127504 10281 38102 29410
internal_count=1563511 1375411 141215 56175 40418 29969 1234196 85040 1206232 1078728 28162 1050566 188100 132157 98213 33944 93049 41420 55943 15757 51629 47787 77396 60790 27289 17008 127504 10281 38102 29410
is_linear=0
shrinkage=0.003


Tree=183
num_leaves=30
num_cat=0
split_feature=1 66 59 8 81 81 69 43 43 81 31 7 2 18 81 83 25 69 8 37 75 56 67 18 22 37 85 48 89
split_gain=109.263 146.031 174.616 104.821 187.782 193.818 217.795 146.404 156.599 136.323 127.55 126.149 120.462 214.935 123.423 142.852 112.428 168.426 108.929 99.3176 95.0295 84.6874 95.8099 73.9389 68.4934 103.878 64.0459 60.5057 58.0946
threshold=0.10610961914062501 -0.40966796874999994 0.23150634765625003 -0.62915039062499989 -0.0044382456690073005 -0.026872508227825161 0.26135253906250006 -0.19512939453124997 -0.60888671874999989 -0.029980078339576718 0.074676513671875014 -0.014305114746093748 0.022613525390625003 -0.47302246093749994 -0.00092215021140873421 -0.0017569726333022115 0.54687500000000011 0.34387207031250006 0.42309570312500006 -0.010612487792968748 -0.017112731933593747 0.42126464843750006 -51.703124999999993 0.075103759765625014 -0.00067090988159179677 0.0019769668579101567 0.014075405895709993 10.105468750000002 0.0011321443598717453
decision_type=2 2 2 2 2 2 2 2 2 2 2 2 2 2 2 2 2 2 2 2 2 2 2 2 2 2 2 2 2
left_child=3 2 24 4 5 6 10 8 -6 -8 -1 20 14 28 15 18 17 -16 -5 27 -7 22 -15 -9 25 -2 -21 -3 -14
right_child=1 19 -4 12 7 11 9 23 -10 -11 -12 -13 13 21 16 -17 -18 -19 -20 26 -22 -23 -24 -25 -26 -27 -28 -29 -30
leaf_value=0.00023157962772772043 0.00033491577025578946 -0.00028955697309764392 0.00051921201648037481 -3.5609910869347874e-05 -0.00021690940269182541 0.00011514383294621339 -8.2070557708601786e-05 -0.00063394412481159064 0.00042437147654650532 -0.00049496559104966569 1.351449920145416e-05 0.00050389947128554947 9.6214620060793791e-05 0.00017927716463679686 0.00051908389080878887 -0.00042050191453257786 -0.00018643375878331137 4.3298480504678111e-05 2.5977402353582474e-05 -0.00066618601334843491 0.00042975446897328243 8.2993625486153143e-05 0.00063813028197592979 -0.00016045314591488571 -0.00037011499279723245 -0.00024820588657191217 -0.00027084844750547665 0.00016518559202865251 -0.0003076996063668732
leaf_weight=34901 5192 5212 5130 740724 9169 95763 34617 6701 5338 9005 77846 9472 5160 7317 11829 7739 6454 15311 396876 6637 9422 9257 9516 5424 5766 5624 8691 5130 8195
leaf_count=34901 5192 5212 5130 740724 9169 95763 34617 6701 5338 9005 77846 9472 5160 7317 11829 7739 6454 15311 396876 6637 9422 9257 9516 5424 5766 5624 8691 5130 8195
internal_value=1.71268e-06 -0.000139996 4.10796e-05 6.15057e-06 5.66094e-05 8.0245e-05 1.15231e-05 -0.000183323 2.03463e-05 -0.000168243 8.11623e-05 0.000173876 -6.18049e-06 0.000156689 -1.16426e-05 -1.69058e-05 0.000167316 0.000251814 -1.41235e-05 -0.000292717 0.000143707 0.000314721 0.000440912 -0.000425178 -0.000109067 3.22136e-05 -0.000445237 -6.45667e-05 -0.000152083
internal_weight=1.56342e+06 47382 21712 1.51604e+06 297658 271026 156369 26632 14507 43622 112747 114657 1.21838e+06 39445 1.17893e+06 1.14534e+06 33594 27140 1.1376e+06 25670 105185 26090 16833 12125 16582 10816 15328 10342 13355
internal_count=1563418 47382 21712 1516036 297658 271026 156369 26632 14507 43622 112747 114657 1218378 39445 1178933 1145339 33594 27140 1137600 25670 105185 26090 16833 12125 16582 10816 15328 10342 13355
is_linear=0
shrinkage=0.003


Tree=184
num_leaves=26
num_cat=0
split_feature=30 59 41 72 40 62 81 82 72 91 6 1 8 82 90 33 57 38 82 33 23 17 67 36 67
split_gain=166.162 129.296 103.609 158.89 226.05 175.917 203.604 150.238 333.38 148.59 150.48 138.84 163.875 137.405 134.975 146.8 115.501 142.43 120.974 115.456 113.943 110.996 84.1169 131.183 79.7148
threshold=0.73437500000000011 0.23870849609375003 0.091400146484375014 0.32653808593750006 0.70312500000000011 -346.49999999999994 -0.047852456569671624 -0.058883897960185998 0.32336425781250006 -1.6646652221679685 0.062179565429687507 0.067047119140625014 -1.0200195312499998 -0.066309809684753404 0.013045635074377062 -0.68530273437499989 0.49768066406250006 -1.4526367187499998 -0.079903423786163316 0.32507324218750006 0.49169921875000006 -0.031860351562499993 -32.953124999999993 0.077056884765625014 -62.640624999999993
decision_type=2 2 2 2 2 2 2 2 2 2 2 2 2 2 2 2 2 2 2 2 2 2 2 2 2
left_child=2 -2 3 4 7 9 19 13 -9 10 -5 12 -4 -1 20 -16 -13 -18 -19 -7 -14 -8 23 -3 -11
right_child=1 22 11 5 -6 6 21 8 -10 24 -12 16 14 -15 15 -17 17 18 -20 -21 -22 -23 -24 -25 -26
leaf_value=3.6485936306744512e-05 0.00055985806938239197 -0.00039879552416337321 0.00027495143939887964 -0.00035191620825820649 0.00053912803611778134 0.000444402788817163 0.00039459662694173349 1.6909892597163409e-05 0.0006579984177776479 -0.00036540941897662442 4.2821104090271289e-05 0.00033667770340824904 -0.00021553712789566096 -0.00026580594984752727 -0.00038746560325392482 0.00017179497264823961 -0.00051595584363307596 -3.604597758508085e-05 0.00033121029670570002 0.00011196378260210213 -0.00055461417756032033 -1.2827862669907032e-05 0.00033699407355376092 0.00024842332844844162 -0.00011556857395854657
leaf_weight=394013 7663 5417 6647 9431 8280 11579 5992 21107 11065 12290 98607 7915 35273 13915 6076 13266 5200 146164 8444 48881 11969 495823 7735 5667 164356
leaf_count=394013 7663 5417 6647 9431 8280 11579 5992 21107 11065 12290 98607 7915 35273 13915 6076 13266 5200 146164 8444 48881 11969 495823 7735 5667 164356
internal_value=-1.20662e-06 0.000233956 -5.27523e-06 5.35197e-06 5.10109e-05 -1.8823e-05 1.19431e-05 4.17071e-05 0.000238757 -7.95717e-05 8.06959e-06 -6.23843e-05 -0.000171272 2.61117e-05 -0.000216163 -4.97768e-06 -1.47683e-05 -3.23745e-05 -1.5787e-05 0.00017626 -0.000302434 -7.8853e-06 9.89931e-05 -6.86246e-05 -0.000133148
internal_weight=1.56278e+06 26482 1.53629e+06 1.29534e+06 448380 846959 562275 440100 32172 284684 108038 240954 73231 407928 66584 19342 167723 159808 154608 60460 47242 501815 18819 11084 176646
internal_count=1562775 26482 1536293 1295339 448380 846959 562275 440100 32172 284684 108038 240954 73231 407928 66584 19342 167723 159808 154608 60460 47242 501815 18819 11084 176646
is_linear=0
shrinkage=0.003


Tree=185
num_leaves=31
num_cat=0
split_feature=6 63 33 91 56 87 45 71 82 58 41 13 70 31 57 63 71 5 33 74 7 82 8 6 30 38 8 8 56 1
split_gain=114.644 139.015 115.238 146.026 173.293 134.947 168.78 131.386 112.042 123.368 110.715 157.762 102.961 100.928 130.639 120.604 100.656 97.6851 81.6301 91.653 110.219 79.2787 77.1145 78.3705 120.528 79.5138 76.7061 214.291 69.6028 56.6406
threshold=0.10147094726562501 -77.281249999999986 -1.2875976562499998 -1.7040987014770506 0.41027832031250006 0.0040160035714507112 2.6406250000000004 1.7749023437500002 -0.057560101151466363 2.1279296875000004 0.093078613281250014 -0.94262695312499989 0.16534423828125003 0.061553955078125007 0.54077148437500011 -96.031249999999986 1.5249023437500002 0.57812500000000011 -1.5092773437499998 0.34484863281250006 -0.0083656311035156233 -0.045040443539619439 1.2211914062500002 0.10671997070312501 0.42187500000000006 -0.26550292968749994 -0.20843505859374997 0.31225585937500006 0.35778808593750006 0.081451416015625014
decision_type=2 2 2 2 2 2 2 2 2 2 2 2 2 2 2 2 2 2 2 2 2 2 2 2 2 2 2 2 2 2
left_child=2 12 18 4 5 7 -7 -4 22 -10 13 28 16 15 -15 -5 -2 -13 19 -1 -21 -22 -3 25 -25 -24 29 -28 -12 -20
right_child=1 8 3 10 -6 6 -8 -9 9 -11 11 17 -14 14 -16 -17 -18 -19 26 20 21 -23 23 24 -26 -27 27 -29 -30 -31
leaf_value=0.0003074800299920684 -0.00016492410333959466 6.4172520480483995e-06 -0.00021851494958816556 -0.00022427296054143412 -0.00045052120358059992 0.00016974062927126792 -0.00011128119075180722 0.00022267725345036287 0.00023494669935743875 -0.00042186648528787154 -0.0004896795495813685 -7.0758640689549105e-05 -0.00034239588954009101 -3.7979098954620692e-05 3.0560324628481633e-05 0.00015994688977523646 0.00033057000280497774 0.00022551382779965716 -0.00023545242094220409 -0.00049668969920973235 -0.0001400353466291043 0.00028406957573016999 0.00024343742895288994 0.00034191719849455858 -0.00012141200630018776 0.0007545551934091424 0.00022089928186368036 -0.00042736023354164425 -0.00014914272570191309 -0.00068018244357932625
leaf_weight=5918 7698 9101 21034 8305 5316 133235 22406 8434 5068 5035 10931 123631 8556 559839 452488 59176 6911 10801 5543 5011 11573 5909 5177 19568 6742 6065 8418 9869 10832 5001
leaf_count=5918 7698 9101 21034 8305 5316 133235 22406 8434 5068 5035 10931 123631 8556 559839 452488 59176 6911 10801 5543 5011 11573 5909 5177 19568 6742 6065 8418 9869 10832 5001
internal_value=1.92815e-06 0.000112537 -4.03721e-06 1.26359e-06 7.85728e-05 9.40025e-05 0.000129239 -9.19158e-05 0.000192373 -9.33137e-05 -1.06525e-05 -8.52797e-05 -8.30531e-05 1.49323e-07 -7.34348e-06 0.000112398 7.01304e-05 -4.68046e-05 -0.000135901 -2.15995e-05 -0.000109159 4.11452e-06 0.000254307 0.000314209 0.000223178 0.000523404 -0.000248073 -0.00012937 -0.000321643 -0.000450796
internal_weight=1.56359e+06 79921 1.48367e+06 1.42643e+06 190425 185109 155641 29468 56756 10103 1.236e+06 156195 23165 1.07981e+06 1.01233e+06 67481 14609 134432 57242 28411 22493 17482 46653 37552 26310 11242 28831 18287 21763 10544
internal_count=1563591 79921 1483670 1426428 190425 185109 155641 29468 56756 10103 1236003 156195 23165 1079808 1012327 67481 14609 134432 57242 28411 22493 17482 46653 37552 26310 11242 28831 18287 21763 10544
is_linear=0
shrinkage=0.003


Tree=186
num_leaves=23
num_cat=0
split_feature=41 11 58 82 3 10 3 90 28 3 80 90 80 7 30 59 59 21 90 87 61 3
split_gain=117.949 131.559 131.083 113.332 193.87 147.585 122.446 138.529 180.982 107.826 224.873 160.215 123.811 128.804 110.574 132.847 121.681 103.867 92.9092 160.633 111.632 85.9546
threshold=0.041900634765625007 0.070709228515625014 2.0966796875000004 -0.038655474781990044 -0.58642578124999989 0.48437500000000006 -0.42895507812499994 0.099280834197998061 0.20916748046875003 -0.83496093749999989 -0.054250486195087426 0.095982462167739882 -0.047532945871353142 -0.0066318511962890616 0.73437500000000011 0.23870849609375003 0.24700927734375003 0.078643798828125014 0.21511423587799075 0.0020124977454543118 4.8027343750000009 -1.0429687499999998
decision_type=2 2 2 2 2 2 2 2 2 2 2 2 2 2 2 2 2 2 2 2 2 2
left_child=1 -1 -3 9 5 -5 -6 17 -9 10 11 21 -12 -14 18 -16 -17 -8 20 -20 -11 -2
right_child=3 2 -4 4 6 -7 7 8 -10 14 12 -13 13 -15 15 16 -18 -19 19 -21 -22 -23
leaf_value=0.00061713565082135416 -7.4137116281746139e-05 0.00035941611564436224 -0.00023845905241256639 -7.282979487659402e-05 -0.00060811256991382453 0.00047436079596303139 -3.2454507934803868e-05 0.00044890757567500578 -0.00012713274215253603 1.1195039502139438e-05 0.0004505261161385657 0.000269141056180939 -0.00032585182925323389 0.00018175847371847698 0.0005597037313893454 -0.00031581867319469312 0.00024244901438237755 -0.00054430377246503258 -7.9954080400522652e-05 0.0004395976494145631 -0.00032107018284220927 -0.00022307623326093588
leaf_weight=5650 89170 6747 6277 9926 5443 7888 5290 5499 39781 1218411 9593 9425 6060 16595 7092 5002 11204 10947 9653 11857 9069 57344
leaf_count=5650 89170 6747 6277 9926 5443 7888 5290 5499 39781 1218411 9593 9425 6060 16595 7092 5002 11204 10947 9653 11857 9069 57344
internal_value=2.74046e-06 0.000239097 7.1645e-05 -1.31142e-07 -0.000106704 0.00017076 -0.000180665 -0.000141919 -5.63408e-05 6.0618e-06 -6.09436e-05 -0.000108108 0.000166754 4.51422e-05 1.59767e-05 0.000220306 6.9259e-05 -0.000378763 1.21479e-05 0.000207148 8.71421e-06 -0.000132543
internal_weight=1.56392e+06 18674 13024 1.54525e+06 84774 17814 66960 61517 45280 1.46048e+06 188187 155939 32248 22655 1.27229e+06 23298 16206 16237 1.24899e+06 21510 1.22748e+06 146514
internal_count=1563923 18674 13024 1545249 84774 17814 66960 61517 45280 1460475 188187 155939 32248 22655 1272288 23298 16206 16237 1248990 21510 1227480 146514
is_linear=0
shrinkage=0.003


Tree=187
num_leaves=26
num_cat=0
split_feature=38 62 38 2 13 58 66 28 75 32 8 23 31 31 50 58 80 74 76 86 75 69 8 25 32
split_gain=132.33 143.391 135.455 126.575 124.863 121.072 105.425 141.947 176.026 161.569 99.7203 141.241 130.241 192.2 171.725 154.122 131.42 99.9242 158.14 137.962 97.0164 96.0476 84.3412 82.1556 52.8347
threshold=0.60205078125000011 -88.499999999999986 0.55590820312500011 0.029243469238281253 -0.37194824218749994 2.1201171875000004 2.8642578125000004 0.96728515625000011 -0.024406433105468747 -0.00067090988159179677 0.42309570312500006 -1.3491210937499998 0.067047119140625014 0.051971435546875007 0.28491210937500006 2.0283203125000004 -0.13467067480087277 0.33654785156250006 0.022159576416015628 0.010972216725349428 -0.046920776367187493 0.32092285156250006 0.26513671875000006 0.45312500000000006 0.0017547607421875002
decision_type=2 2 2 2 2 2 2 2 2 2 2 2 2 2 2 2 2 2 2 2 2 2 2 2 2
left_child=2 3 10 6 -4 -6 7 8 -2 -9 12 23 13 20 -15 -14 -17 19 -19 -13 -1 -8 -3 -12 -7
right_child=1 22 4 -5 5 24 21 9 -10 -11 11 17 15 14 -16 16 -18 18 -20 -21 -22 -23 -24 -25 -26
leaf_value=-0.00028932335703247831 -5.2859118485523608e-05 0.00041253445113382918 0.0005242405388340795 -0.00046862705723977715 0.00045382001440686493 8.0815558003077899e-05 -9.1100221745754305e-05 0.00057872681107476161 -0.00046982172675063058 -8.3234233157821456e-05 0.00054003612104552878 5.5598878728828036e-05 -0.00040344767767478248 0.00051989371711043538 7.7472239491769548e-05 8.8756552513907932e-05 -4.2390368053085383e-05 4.324871486854567e-05 -0.00016616291563891457 0.00047638851799587775 3.0149765321278416e-05 -0.00064503804196630208 -6.4332938879894193e-05 5.7187945910215688e-05 -0.00031772132629994754
leaf_weight=18973 262976 8836 8309 7026 5261 7045 6163 6591 9342 6540 7962 21180 9837 8249 147197 77794 587172 273780 36719 10407 15482 5150 5290 5271 5067
leaf_count=18973 262976 8836 8309 7026 5261 7045 6163 6591 9342 6540 7962 21180 9837 8249 147197 77794 587172 273780 36719 10407 15482 5150 5290 5271 5067
internal_value=-5.05992e-06 -5.96805e-05 8.88336e-06 -7.34444e-05 0.000224072 7.83317e-05 -6.39336e-05 -5.2609e-05 -6.73304e-05 0.000250895 4.33555e-06 4.66393e-05 -1.3051e-05 5.63342e-05 0.000101269 -3.25827e-05 -2.70365e-05 3.48219e-05 1.84386e-05 0.000195303 -0.0001461 -0.000346711 0.000234757 0.000349578 -8.7147e-05
internal_weight=1.56362e+06 317914 1.2457e+06 303788 25682 17373 296762 285449 272318 13131 1.22002e+06 355319 864704 189901 155446 674803 664966 342086 310499 31587 34455 11313 14126 13233 12112
internal_count=1563619 317914 1245705 303788 25682 17373 296762 285449 272318 13131 1220023 355319 864704 189901 155446 674803 664966 342086 310499 31587 34455 11313 14126 13233 12112
is_linear=0
shrinkage=0.003


Tree=188
num_leaves=31
num_cat=0
split_feature=41 23 84 79 78 28 1 69 88 6 2 88 21 38 1 21 1 11 43 31 38 78 31 62 67 81 77 59 41 79
split_gain=98.7852 104.197 144.905 135.29 155.906 109.83 112.485 106.196 110.062 102.715 124.224 98.5343 96.7041 203.663 146.637 189.365 160.482 147.491 153.24 128.948 117.515 109.758 182.621 225.331 99.0024 131.69 129.937 238.581 103.641 98.8379
threshold=0.093078613281250014 -1.1840820312499998 0.028417333960533146 0.29347202181816107 0.70509913563728344 -0.097442626953124986 0.089569091796875014 0.31042480468750006 0.0024056863039731984 0.051330566406250007 -0.010585784912109373 0.0029557868838310246 0.095611572265625014 -0.94702148437499989 0.082611083984375014 0.099456787109375014 0.089385986328125014 0.051971435546875007 -0.76318359374999989 0.071289062500000014 -1.3583984374999998 0.68481945991516124 0.079315185546875014 -122.49999999999999 -87.718749999999986 -0.0072589032351970664 0.40885013341903692 0.21624755859375003 0.074157714843750014 0.31055249273777014
decision_type=2 2 2 2 2 2 2 2 2 2 2 2 2 2 2 2 2 2 2 2 2 2 2 2 2 2 2 2 2 2
left_child=12 2 -2 5 9 7 11 8 -3 -5 -11 -7 20 -14 17 19 -17 -15 -19 -16 21 22 -1 -24 25 28 27 -26 -22 -23
right_child=1 3 -4 4 -6 6 -8 -9 -10 10 -12 -13 13 14 15 16 -18 18 -20 -21 24 29 23 -25 26 -27 -28 -29 -30 -31
leaf_value=1.1655183730703783e-05 0.0005850544419965856 -0.00014389090898321637 -3.2526611812380143e-05 0.00026568786545601644 0.00041391393559650312 -0.00060977018732437382 -0.00072301638989852107 -0.00034085832756779253 0.00036975928890157719 -0.00022118906392803357 -1.3583072819429686e-05 -0.00014919654336151983 -0.00021352898414774848 -0.00040268304546572567 0.00022656609282787973 0.00041379496512719029 -8.3079208100125411e-05 0.00033850962090839726 1.9661908086210868e-05 0.00081883671671433239 -0.00057525032138407671 0.00015752915470703099 0.0010254387080635336 0.00015341742586077344 -0.00015870282574416539 0.00010893105593703839 -1.0084033089634467e-05 0.00022065787377676386 -0.00015677564615138956 -0.0003610450018413495
leaf_weight=9637 5040 7940 10185 8285 6595 5162 5229 7379 6956 37425 84068 20911 18221 5771 5958 9795 14247 17328 61280 7639 7222 8930 5149 5506 20342 11809 1069390 55269 20011 5121
leaf_count=9637 5040 7940 10185 8285 6595 5162 5229 7379 6956 37425 84068 20911 18221 5771 5958 9795 14247 17328 61280 7639 7222 8930 5149 5506 20342 11809 1069390 55269 20011 5121
internal_value=-2.30735e-06 -6.36476e-05 0.000174398 -8.28093e-05 -3.25664e-05 -0.000210397 -0.000324703 -4.90342e-05 9.68351e-05 -5.55567e-05 -7.76638e-05 -0.000242363 6.96005e-06 8.1533e-05 0.000125733 0.000281197 0.000120229 5.61352e-05 9.02881e-05 0.000562862 -1.62945e-06 0.00017111 0.000311694 0.000580436 -6.65376e-06 -0.000155016 -1.58184e-06 0.000118522 -0.000269451 -3.26852e-05
internal_weight=1.5638e+06 205175 15225 189950 136373 53577 31302 22275 14896 129778 121493 26073 1.35862e+06 140239 122018 37639 24042 84379 78608 13597 1.21839e+06 34343 20292 10655 1.18404e+06 39042 1.145e+06 75611 27233 14051
internal_count=1563800 205175 15225 189950 136373 53577 31302 22275 14896 129778 121493 26073 1358625 140239 122018 37639 24042 84379 78608 13597 1218386 34343 20292 10655 1184043 39042 1145001 75611 27233 14051
is_linear=0
shrinkage=0.003


Tree=189
num_leaves=26
num_cat=0
split_feature=67 2 12 5 38 81 13 3 42 69 71 2 48 62 16 67 0 17 75 16 48 80 21 38 48
split_gain=149.788 163.043 154.387 141.729 136.09 134.821 128.998 120.414 106.594 141.59 128.205 121.909 106.349 104.962 103.773 154.127 138.727 119.261 124.716 105.678 102.503 95.3601 75.7294 120.71 59.8186
threshold=-38.171874999999993 0.030044555664062503 -0.012649536132812498 0.76562500000000011 0.18585205078125003 -0.072629243135452257 -0.89721679687499989 0.71752929687500011 0.016204833984375003 0.36877441406250006 2.0029296875000004 -0.010585784912109373 10.863281250000002 -118.49999999999999 0.089752197265625014 -35.296874999999993 0.23437500000000003 -0.0023746490478515621 -0.018684387207031247 0.068328857421875014 9.1835937500000018 -0.066136509180068956 0.092742919921875014 -0.43591308593749994 8.5195312500000018
decision_type=2 2 2 2 2 2 2 2 2 2 2 2 2 2 2 2 2 2 2 2 2 2 2 2 2
left_child=1 3 -3 8 12 -2 7 22 10 11 13 -10 -4 -1 17 21 -17 19 -19 -8 -12 -16 23 -7 -11
right_child=5 2 4 -5 -6 6 14 -9 9 24 20 -13 -14 -15 15 16 -18 18 -20 -21 -22 -23 -24 -25 -26
leaf_value=-1.2760413721408399e-06 0.00041512488970297688 -0.00058757388535054047 -0.00016287060405759262 -0.00038938396440116329 -0.00040923629655102104 -9.3148082891831931e-05 -1.6262520090417156e-05 0.00055439706917571061 -0.00017644785461156976 -0.00016736059233485223 2.6725117064726608e-05 -2.4243424018508833e-06 0.00043425691462008756 -0.00028946240531416817 0.00064644764299657024 -0.0003389126074012193 0.00010852890931915593 -0.00011168784356371473 0.00035659031200725423 0.00020000993043156514 0.00039227149296391413 0.00010556611294328713 -0.00017639024806022645 0.000473194883244962 -0.00061904943050013054
leaf_weight=1017228 9066 8308 5542 8853 7183 5829 52260 7785 52585 5027 14392 116004 5036 11403 7152 6928 55400 91901 5324 33171 13197 5003 5650 7893 5697
leaf_count=1017228 9066 8308 5542 8853 7183 5829 52260 7785 52585 5027 14392 116004 5036 11403 7152 6928 55400 91901 5324 33171 13197 5003 5650 7893 5697
internal_value=-4.10646e-06 -1.82159e-05 -0.000252565 -1.32866e-05 -9.34461e-05 5.69824e-05 4.54196e-05 0.000241668 -1.05604e-05 -7.81678e-05 9.23485e-07 -5.67769e-05 0.000122816 -4.49859e-06 2.46075e-05 0.000118904 5.83308e-05 -1.38886e-05 -8.57051e-05 6.7847e-05 0.000202367 0.000426499 0.00011379 0.000233683 -0.000410817
internal_weight=1.56382e+06 1.27046e+06 26069 1.24439e+06 17761 293362 284296 27157 1.23553e+06 179313 1.05622e+06 168589 10578 1.02863e+06 257139 74483 62328 182656 97225 85431 27589 12155 19372 13722 10724
internal_count=1563817 1270455 26069 1244386 17761 293362 284296 27157 1235533 179313 1056220 168589 10578 1028631 257139 74483 62328 182656 97225 85431 27589 12155 19372 13722 10724
is_linear=0
shrinkage=0.003


Tree=190
num_leaves=29
num_cat=0
split_feature=8 13 76 74 3 81 69 73 40 72 78 30 65 72 13 81 11 57 75 47 65 43 25 18 3 56 48 56
split_gain=109.268 189.074 163.741 208.233 163.419 143.736 149.815 134.679 128.986 117.007 164.24 128.776 115.9 153.172 115.11 111.793 111.362 218.225 104.728 117.131 102.456 101.256 116.336 95.4797 91.5059 91.4197 72.1572 64.9229
threshold=1.1069335937500002 0.42199707031250006 0.022129058837890628 0.33581542968750006 0.24517822265625003 -0.040772393345832818 0.33972167968750006 0.31579589843750006 0.54687500000000011 0.32653808593750006 0.68583223223686229 0.73437500000000011 0.082061767578125014 0.34411621093750006 -1.1083984374999998 -0.0037992233410477634 0.041748046875000007 0.56567382812500011 -0.056686401367187493 0.20770263671875003 0.074676513671875014 0.19097900390625003 0.42187500000000006 -0.47302246093749994 -0.10089111328124999 0.40026855468750006 11.644531250000002 0.37316894531250006
decision_type=2 2 2 2 2 2 2 2 2 2 2 2 2 2 2 2 2 2 2 2 2 2 2 2 2 2 2 2
left_child=9 2 5 -4 21 8 7 -7 -2 10 -1 12 14 15 25 -14 17 -12 27 -20 -16 22 -3 -8 -13 -11 -5 -18
right_child=1 4 3 26 -6 6 23 -9 -10 11 16 24 13 -15 20 -17 18 -19 19 -21 -22 -23 -24 -25 -26 -27 -28 -29
leaf_value=0.00056465670927154533 -0.00037239067511193576 0.00027173850253501435 0.00026307105624669136 -0.00065691055940858155 0.00073122043665989974 0.00051906964876802589 -0.00033982955630089163 1.39065992469898e-05 0.00013165804964476361 -0.0001272206289980274 0.00019812096219087386 -1.288231535340255e-05 0.00043270970974480219 -0.00024584753763291144 -1.8321514523191041e-05 6.3883243809614396e-05 1.9013994809137573e-06 -0.000576011748550365 0.00017556310764176405 2.8516076743207491e-05 -0.00018650232488860008 0.00052174624630258229 -0.00031391949951074046 0.00012676261487023474 0.00046758824995129144 -0.00055639637180812998 -0.00018257376141018339 -0.00045375836906970499
leaf_weight=5133 9072 7322 5309 6523 6646 15644 5047 6810 9028 17372 5720 6260 13766 7340 774733 15940 5132 7452 54040 490745 33935 5356 5086 16834 8178 5957 5300 6129
leaf_count=5133 9072 7322 5309 6523 6646 15644 5047 6810 9028 17372 5720 6260 13766 7340 774733 15940 5132 7452 54040 490745 33935 5356 5086 16834 8178 5957 5300 6129
internal_value=8.96191e-06 0.000102873 3.18622e-05 -0.000227116 0.000333265 0.000103175 0.000195022 0.000366601 -0.000121637 2.25731e-06 3.55876e-05 -1.94123e-05 -2.40939e-05 0.000139868 -3.14105e-05 0.000235679 3.07183e-05 -0.000240881 3.71943e-05 4.3132e-05 -2.54013e-05 0.000181119 3.10886e-05 1.80836e-05 0.000260611 -0.000238717 -0.00044759 -0.000247911
internal_weight=1.56181e+06 103977 79567 17132 24410 62435 44335 22454 18100 1.45783e+06 574351 883481 869043 37046 831997 29706 569218 13172 556046 544785 808668 17764 12408 21881 14438 23329 11823 11261
internal_count=1561809 103977 79567 17132 24410 62435 44335 22454 18100 1457832 574351 883481 869043 37046 831997 29706 569218 13172 556046 544785 808668 17764 12408 21881 14438 23329 11823 11261
is_linear=0
shrinkage=0.003


Tree=191
num_leaves=31
num_cat=0
split_feature=7 38 82 3 48 45 74 82 85 76 23 31 43 72 58 41 43 65 30 76 38 8 83 7 65 65 75 75 80 76
split_gain=115.475 156.949 191.831 169.839 145.83 132.745 129.876 174.664 158.139 150.794 230.224 127.161 122.534 114.186 109.373 101.072 147.015 140.906 139.805 121.161 119.085 113.727 97.1787 82.201 79.8426 154.461 98.1195 97.7716 58.5395 49.774
threshold=0.0073585510253906259 0.60205078125000011 -0.091792881488800035 0.55786132812500011 13.019531250000002 2.6406250000000004 0.33654785156250006 -0.07776468992233275 0.010983970016241075 0.021533966064453128 -0.92382812499999989 0.051971435546875007 -0.73559570312499989 0.33166503906250006 2.0048828125000004 0.089508056640625014 0.28930664062500006 0.086090087890625014 0.42187500000000006 0.023731231689453128 -1.0844726562499998 0.26513671875000006 -0.052778556942939751 0.013225555419921877 0.076385498046875014 0.060897827148437507 -0.052017211914062493 -0.047195434570312493 -0.022643007338047024 0.020420074462890628
decision_type=2 2 2 2 2 2 2 2 2 2 2 2 2 2 2 2 2 2 2 2 2 2 2 2 2 2 2 2 2 2
left_child=11 5 3 4 22 6 7 8 -2 10 -8 24 -11 -5 -13 16 21 -18 19 -17 -20 -16 -3 -4 25 26 29 -27 -26 -1
right_child=1 2 23 13 -6 -7 9 -9 -10 12 -12 14 -14 -15 15 18 17 -19 20 -21 -22 -23 -24 -25 28 27 -28 -29 -30 -31
leaf_value=0.00012449290884385995 0.00051221625613102266 -0.00019908562675095248 -0.00068361015026881808 -0.00062512795199300283 0.0004514573406176285 -0.00035182744999405046 0.00039840277979903986 0.00072027177791312105 4.191311916341754e-05 -0.00032020661014574769 6.5313636839286143e-05 -0.00039910722953387281 -4.2516618130440387e-06 -4.1845586474983652e-05 3.2587876592719588e-06 5.3802951459665616e-05 7.4563227137029492e-05 0.00057204157094877938 -0.00049451525024730026 -0.00030353853877752992 -0.00011081506065665094 -0.00013782352194427252 8.0941679828622077e-05 -0.00017757022561448992 -0.00060935542576347277 -0.00010413170720334579 -0.00049270078736893957 0.00039294528512915305 -0.00018780090820555594 -0.00027198003601824113
leaf_weight=5699 8415 15957 5707 6072 7075 6511 20114 5689 26424 13551 246553 6208 57929 5946 617648 86765 165784 5191 7796 9371 95415 55993 36424 5939 5259 6925 8884 7160 6938 5516
leaf_count=5699 8415 15957 5707 6072 7075 6511 20114 5689 26424 13551 246553 6208 57929 5946 617648 86765 165784 5191 7796 9371 95415 55993 36424 5939 5259 6925 8884 7160 6938 5516
internal_value=4.7793e-06 4.42088e-05 -7.39553e-05 -1.55432e-05 5.03527e-05 6.97202e-05 7.70593e-05 0.000237346 0.000156651 5.7784e-05 9.05776e-05 -1.20624e-05 -6.45133e-05 -0.000339271 -5.26558e-06 -2.88557e-06 1.14567e-05 8.99928e-05 -6.3628e-05 1.86913e-05 -0.000140248 -8.48668e-06 -4.58078e-06 -0.000429259 -0.000165615 -9.07325e-05 -0.000259019 0.000149542 -0.00037304 -7.11892e-05
internal_weight=1.56486e+06 468306 83120 71474 59456 385186 378675 40528 34839 338147 266667 1.09655e+06 71480 12018 1.05017e+06 1.04396e+06 844616 170975 199347 96136 103211 673641 52381 11646 46381 34184 20099 14085 12197 11215
internal_count=1564858 468306 83120 71474 59456 385186 378675 40528 34839 338147 266667 1096552 71480 12018 1050171 1043963 844616 170975 199347 96136 103211 673641 52381 11646 46381 34184 20099 14085 12197 11215
is_linear=0
shrinkage=0.003


Tree=192
num_leaves=26
num_cat=0
split_feature=74 13 1 30 59 59 20 74 60 0 65 81 70 75 75 69 6 89 57 17 77 88 66 48 43
split_gain=116.382 126.668 117.955 112.417 119.621 124.851 106.688 126.576 121.949 116.821 103.831 100.721 118.209 131.939 182.173 89.1021 82.9454 161.944 98.0297 139.841 100.059 96.3635 103.256 84.2428 47.1885
threshold=0.32434082031250006 -1.3935546874999998 0.10897827148437501 0.73437500000000011 0.23870849609375003 0.25048828125000006 0.51562500000000011 0.32531738281250006 18.500000000000004 0.35937500000000006 0.059143066406250007 -0.0033585587516427036 0.20916748046875003 -0.055099487304687493 -0.062652587890624986 0.26135253906250006 0.084320068359375014 0.0013897810131311419 0.56762695312500011 0.0027017593383789067 0.41029101610183721 0.0034803580492734913 1.3471679687500002 14.355468750000002 0.24639892578125003
decision_type=2 2 2 2 2 2 2 2 2 2 2 2 2 2 2 2 2 2 2 2 2 2 2 2 2
left_child=1 24 3 6 -5 -6 7 -2 9 -8 -10 12 13 14 -4 -9 18 -18 21 23 -21 -3 -23 -20 -1
right_child=2 16 11 4 5 -7 8 15 10 -11 -12 -13 -14 -15 -16 -17 17 -19 19 20 -22 22 -24 -25 -26
leaf_value=-0.00016360459344491081 0.00036229200388533244 -0.00058366431898866492 -0.00032446613604929697 0.00052416630708044751 -0.00021478324237577708 0.00029173890711810913 -0.00024916968009531577 7.8895435763263428e-05 1.4726079808200438e-05 -2.9288149719201062e-05 0.00053546516857082369 -0.00054003428540655494 0.00025497515029344593 -0.00061963933317655856 0.00034520876879749258 3.2353939489570651e-06 -0.00020485910628272979 0.0004357404227875219 -4.0222446181608081e-05 0.0005744549312773512 -1.1699707136882611e-05 0.0002307338362421179 -0.00023174590859348064 -0.00041344946941646244 -0.00055085072566097865
leaf_weight=5011 9672 5433 9464 7339 7707 9886 22670 176569 7808 485163 6077 5579 6358 5176 5821 676578 6333 7857 43518 5377 5019 5172 24956 6126 6778
leaf_count=5011 9672 5433 9464 7339 7707 9886 22670 176569 7808 485163 6077 5579 6358 5176 5821 676578 6333 7857 43518 5377 5019 5172 24956 6126 6778
internal_value=-5.72051e-06 -9.48174e-05 1.79831e-06 5.91795e-06 0.000205168 6.98859e-05 2.3154e-06 2.27924e-05 -3.15474e-05 -3.91509e-05 0.000244835 -0.000176893 -9.96248e-05 -0.000210517 -6.88471e-05 1.89016e-05 -6.29027e-05 0.000150408 -9.46884e-05 -2.06545e-05 0.000294055 -0.000219276 -0.000151852 -8.70167e-05 -0.00038901
internal_weight=1.56345e+06 121580 1.44187e+06 1.40947e+06 24932 17593 1.38454e+06 862819 521718 507833 13885 32398 26819 20461 15285 853147 109791 14190 95601 60040 10396 35561 30128 49644 11789
internal_count=1563447 121580 1441867 1409469 24932 17593 1384537 862819 521718 507833 13885 32398 26819 20461 15285 853147 109791 14190 95601 60040 10396 35561 30128 49644 11789
is_linear=0
shrinkage=0.003


Tree=193
num_leaves=26
num_cat=0
split_feature=41 8 12 3 1 88 13 1 38 36 67 45 43 40 41 70 86 56 70 86 89 84 21 8 86
split_gain=122.272 133.088 158.232 126.791 123.034 243.34 108.319 142.783 121.792 112.288 104.675 101.034 91.4683 81.3794 83.688 176.962 143.627 97.8912 124.489 95.5862 77.9464 73.905 73.263 64.2151 26.5611
threshold=0.093078613281250014 0.97949218750000011 -0.0051631927490234366 -1.1948242187499998 0.10671997070312501 0.0026487167924642567 -0.94262695312499989 0.088653564453125014 -0.14581298828124997 0.051330566406250007 -41.953124999999993 1.4843750000000002 -0.87963867187499989 0.14062500000000003 0.081665039062500014 0.10885620117187501 0.0026913685724139218 0.33386230468750006 0.22985839843750003 0.018308855593204502 0.00077099073678255092 0.017399094998836521 0.078765869140625014 -0.13696289062499997 0.0048867054283618936
decision_type=2 2 2 2 2 2 2 2 2 2 2 2 2 2 2 2 2 2 2 2 2 2 2 2 2
left_child=4 3 -3 11 13 10 7 8 -5 23 -6 -2 -7 -1 17 21 -17 18 -15 -19 -11 -16 24 -8 -14
right_child=1 2 -4 6 5 12 9 -9 -10 20 -12 -13 22 14 15 16 -18 19 -20 -21 -22 -23 -24 -25 -26
leaf_value=0.00037722577912554427 -9.5490285282512358e-05 -9.6154408901024573e-05 0.00050565521500771349 -0.00041855783376422569 -0.00011213417398364178 -0.00072277965853179713 -0.00057799324219046978 -0.00065335617781072785 8.0966077509069418e-05 -0.00025019685068234076 0.0003599860986943549 -0.00060706290847383491 -0.00056891738202134625 -0.00030803059029225658 3.195978165863571e-05 0.00024015002097890656 1.5053254383449826e-05 9.9850198756754312e-06 0.00021095924578161133 -9.2235850838771969e-05 2.0349737459737668e-06 0.00045876719044104418 4.3873674427436678e-06 -0.00011334290434953013 -0.00025558838091990218
leaf_weight=5346 6572 8130 7467 7321 9008 5075 5083 6055 10702 11961 7804 7378 5031 18717 5106 27693 311035 843150 5263 91138 128541 12857 5940 5663 5202
leaf_count=5346 6572 8130 7467 7321 9008 5075 5083 6055 10702 11961 7804 7378 5031 18717 5106 27693 311035 843150 5263 91138 128541 12857 5940 5663 5202
internal_value=-3.90249e-06 -7.22022e-05 0.000193345 -9.41747e-05 6.40324e-06 -0.000161533 -7.21541e-05 -0.000258621 -0.000123132 -4.23182e-05 0.000107853 -0.00036845 -0.000374186 1.12562e-05 9.73974e-06 4.89606e-05 3.35217e-05 -4.86283e-06 -0.000193722 4.76617e-09 -1.96003e-05 0.000338295 -0.00026103 -0.000336431 -0.00041365
internal_weight=1.56324e+06 204873 15597 189276 1.35836e+06 38060 175326 24078 18023 151248 16812 13950 21248 1.3203e+06 1.31496e+06 356691 338728 958268 23980 934288 140502 17963 16173 10746 10233
internal_count=1563238 204873 15597 189276 1358365 38060 175326 24078 18023 151248 16812 13950 21248 1320305 1314959 356691 338728 958268 23980 934288 140502 17963 16173 10746 10233
is_linear=0
shrinkage=0.003


Tree=194
num_leaves=23
num_cat=0
split_feature=36 74 23 1 46 86 36 12 58 1 70 11 56 69 47 72 20 61 8 86 69 6
split_gain=121.847 111.656 116.342 115.527 126.742 122.671 114.257 110.237 134.678 101.555 124.634 106.524 101.413 101.018 95.8908 191.236 94.2227 85.1224 80.1193 78.208 70.056 52.6008
threshold=0.12286376953125001 0.32434082031250006 -0.84790039062499989 0.10897827148437501 0.33264160156250006 0.0030046608299016957 0.11019897460937501 0.020439147949218753 2.1767578125000004 0.080413818359375014 0.22448730468750003 0.054824829101562507 0.36535644531250006 0.26281738281250006 0.24493408203125003 0.30456542968750006 0.23437500000000003 -3.2109374999999996 0.12811279296875003 0.0026913685724139218 0.31140136718750006 0.064361572265625014
decision_type=2 2 2 2 2 2 2 2 2 2 2 2 2 2 2 2 2 2 2 2 2 2
left_child=1 9 3 4 12 -6 7 16 -9 10 14 -12 -3 -11 15 -1 -4 -8 -16 -15 -13 -21
right_child=-2 2 6 -5 5 -7 17 8 -10 13 11 20 -14 19 18 -17 -18 -19 -20 21 -22 -23
leaf_value=0.00026185679994956615 0.00044749612652508438 0.00031485252977354894 -0.00028096182856705252 -0.00031500442617093705 0.00033185594579749277 -0.00014009094357007805 -0.00053477136126352015 -4.5372922188361622e-05 -0.0003737419805192111 4.967076818258497e-05 -0.00016575731229842436 0.00048666162970500829 0.00010552489487759751 -8.882182416766453e-05 -0.0002569815898247209 -0.00019723772770601663 1.8459659492025129e-05 -6.3497897320602891e-05 6.5003780991952791e-05 -0.00071845054261698111 7.8195238279202053e-05 -0.00029432399728896558
leaf_weight=15813 5565 27243 9437 5947 5953 27311 5895 91379 12725 6751 6223 8104 88320 5452 33445 16675 1156451 8197 8730 5995 7090 5032
leaf_count=15813 5565 27243 9437 5947 5953 27311 5895 91379 12725 6751 6223 8104 88320 5452 33445 16675 1156451 8197 8730 5995 7090 5032
internal_value=8.31802e-06 6.72087e-06 1.40356e-05 9.17093e-05 0.000108162 -5.48888e-05 4.66701e-06 7.65779e-06 -8.58308e-05 -8.14317e-05 -3.82771e-05 0.000162974 0.000155102 -0.000258991 -9.61465e-05 2.63368e-05 1.60122e-05 -0.000263021 -0.000190336 -0.000384979 0.000297816 -0.000529292
internal_weight=1.56373e+06 1.55817e+06 1.43886e+06 154774 148827 33264 1.28408e+06 1.26999e+06 104104 119310 96080 21417 115563 23230 74663 32488 1.16589e+06 14092 42175 16479 15194 11027
internal_count=1563733 1558168 1438858 154774 148827 33264 1284084 1269992 104104 119310 96080 21417 115563 23230 74663 32488 1165888 14092 42175 16479 15194 11027
is_linear=0
shrinkage=0.003


Tree=195
num_leaves=26
num_cat=0
split_feature=83 38 13 74 79 85 25 80 67 38 65 59 57 80 33 17 8 57 20 74 48 45 77 56 33
split_gain=107.883 86.201 167.69 176.578 173.503 150.868 144.591 138.48 129.632 127.212 119.61 118.458 175.012 113.434 97.1268 154.114 141.717 136.697 133.762 115.788 89.8878 145.32 69.4623 62.7148 45.1689
threshold=0.0028948439285159115 0.60205078125000011 0.20605468750000003 0.32824707031250006 0.30916458368301397 0.014886014163494112 0.42187500000000006 -0.069397032260894762 -34.390624999999993 0.55590820312500011 0.038894653320312507 0.22198486328125003 0.54760742187500011 -0.073409065604209886 -0.59594726562499989 0.031234741210937503 0.42309570312500006 0.54077148437500011 0.29687500000000006 0.35192871093750006 12.527343750000002 1.4843750000000002 0.43435214459896093 0.37609863281250006 1.0556640625000002
decision_type=2 2 2 2 2 2 2 2 2 2 2 2 2 2 2 2 2 2 2 2 2 2 2 2 2
left_child=1 9 7 6 10 -6 -4 8 13 14 -5 23 -13 -3 15 19 17 -16 -18 -1 21 -11 -22 -9 -10
right_child=-2 2 3 4 5 -7 -8 11 24 20 -12 12 -14 -15 16 -17 18 -19 -20 -21 22 -23 -24 -25 -26
leaf_value=0.00015841547115469631 0.00039929231546190403 -0.00010052238971669183 4.3247684214469392e-05 0.00059477101214416644 -0.00011603043900307712 0.00031134605998732739 -0.0006457269953561507 -0.00075275465503383198 0.0004324335297526612 0.00044483729122131503 0.00015705775417097418 -0.00031899067114864822 0.00024927739686689536 0.00028665067793193618 -7.5025277068936134e-05 -0.00034053932847616597 0.00020585724520514107 8.7601754427669316e-06 2.0727851226434077e-05 2.0212919863278466e-05 0.00068046506404876705 -0.00015014898829509871 0.00018128871027465386 -0.00029341563723131583 4.9652220781002494e-05
leaf_weight=87819 5931 156595 5291 6409 39996 9027 5563 5466 5745 5806 42307 16039 6904 7025 339027 8322 41332 362635 230974 143886 5075 9777 5062 5555 5337
leaf_count=87819 5931 156595 5291 6409 39996 9027 5563 5466 5745 5806 42307 16039 6904 7025 339027 8322 41332 362635 230974 143886 5075 9777 5062 5555 5337
internal_value=-1.17241e-06 -2.72345e-06 -4.68409e-05 4.87373e-05 8.91364e-05 -3.68606e-05 -0.000312544 -9.65808e-05 -6.24217e-05 8.56963e-06 0.000215743 -0.000271587 -0.000147648 -8.37342e-05 4.13753e-06 5.81779e-05 -9.18491e-06 -3.1728e-05 4.8893e-05 7.26391e-05 0.000216941 7.29572e-05 0.000435403 -0.000525951 0.000250182
internal_weight=1.5629e+06 1.55697e+06 317259 108593 97739 49023 10854 208666 174702 1.23972e+06 48716 33964 22943 163620 1.214e+06 240027 973968 701662 272306 231705 25720 15583 10137 11021 11082
internal_count=1562905 1556974 317259 108593 97739 49023 10854 208666 174702 1239715 48716 33964 22943 163620 1213995 240027 973968 701662 272306 231705 25720 15583 10137 11021 11082
is_linear=0
shrinkage=0.003


Tree=196
num_leaves=20
num_cat=0
split_feature=11 83 58 8 46 91 35 31 25 16 42 58 72 74 80 72 91 75 91
split_gain=123.441 230.828 151.772 109.711 151.622 141.834 163.999 137.177 124.59 122.856 105.02 98.6616 97.3313 96.2856 128.493 116.56 88.6371 83.2046 43.3671
threshold=0.041748046875000007 -0.010765474289655684 2.0791015625000004 1.1069335937500002 0.30407714843750006 -1.5479855537414549 0.51562500000000011 0.078979492187500014 0.76562500000000011 0.069671630859375014 -0.0097427368164062483 2.2119140625000004 0.32214355468750006 0.37854003906250006 -0.054650723934173577 0.35095214843750006 -1.6980085372924802 -0.046920776367187493 -1.3004159927368162
decision_type=2 2 2 2 2 2 2 2 2 2 2 2 2 2 2 2 2 2 2
left_child=1 2 -1 8 5 -5 10 16 11 -9 -7 13 -10 15 -15 -2 -6 -18 -8
right_child=3 -3 -4 4 7 6 18 9 12 -11 -12 -13 -14 14 -16 -17 17 -19 -20
leaf_value=-0.00085114994639907504 -4.7314566696445664e-06 0.00030327941745455724 -0.00019301999093343077 0.00066489932800487483 0.00012119495826626987 0.00045476765513552907 3.7900809580481402e-05 -6.9147783423317911e-05 0.00059675448032030644 0.00053461865791648892 0.00013677292191632048 0.00038300276172877485 2.7842017700160685e-05 -5.874494186614489e-05 -0.00041504516863444848 0.00014293367552327681 -0.00038193804934355595 2.1858973088851772e-05 -0.00032958298487196987
leaf_weight=5047 1305927 5029 8353 5195 7695 13365 5168 6143 5455 5853 31045 5824 5298 60972 10620 49850 14337 6720 6404
leaf_count=5047 1305927 5029 8353 5195 7695 13365 5168 6143 5455 5853 31045 5824 5298 60972 10620 49850 14337 6720 6404
internal_value=2.87074e-06 -0.000240539 -0.000445368 5.7879e-06 0.000100863 0.000195178 0.000150481 -4.08674e-05 -9.29789e-07 0.000227422 0.000233279 -3.35446e-06 0.000319291 -4.95761e-06 -0.000112104 7.08122e-07 -0.000153204 -0.000253579 -0.000166548
internal_weight=1.5643e+06 18429 13400 1.54587e+06 101925 61177 55982 40748 1.44395e+06 11996 44410 1.43319e+06 10753 1.42737e+06 71592 1.35578e+06 28752 21057 11572
internal_count=1564300 18429 13400 1545871 101925 61177 55982 40748 1443946 11996 44410 1433193 10753 1427369 71592 1355777 28752 21057 11572
is_linear=0
shrinkage=0.003


Tree=197
num_leaves=23
num_cat=0
split_feature=6 70 42 21 21 43 23 33 38 8 8 3 6 8 81 60 85 57 33 82 26 63
split_gain=140.989 162.833 172.085 125.149 117.862 101.754 95.1456 96.5801 156.987 96.6788 86.66 81.2916 169.517 97.0621 180.13 234.68 166.235 131.784 114.9 100.967 95.1631 36.1087
threshold=0.084320068359375014 0.10958862304687501 0.0012340545654296877 0.045059204101562507 0.041748046875000007 0.20916748046875003 1.5209960937500002 0.82446289062500011 0.37292480468750006 0.36315917968750006 0.77246093750000011 1.5170898437500002 0.059310913085937507 -0.62915039062499989 -0.0012802029959857462 19.500000000000004 0.01690788567066193 0.50463867187500011 -1.4487304687499998 -0.029915034770965573 0.074310302734375014 -97.906249999999986
decision_type=2 2 2 2 2 2 2 2 2 2 2 2 2 2 2 2 2 2 2 2 2 2
left_child=4 2 21 10 5 -1 7 9 -9 -5 -3 13 -13 16 18 -16 17 -6 -15 -18 -14 -2
right_child=1 3 -4 6 11 -7 -8 8 -10 -11 -12 12 20 14 15 -17 19 -19 -20 -21 -22 -23
leaf_value=-0.00061229252433905043 -0.00067461928098314127 6.3168046889924237e-05 8.1757192323838438e-05 0.00036066925884528975 0.00039464451055699819 -3.1288085966717532e-05 0.00035909982938003008 0.00025668362715288584 -0.00014852674652892026 1.7163541890706621e-05 0.00057972266597555982 -0.0005868178441300804 0.00016814310673458557 -0.00031359521342974405 0.0004275697103712058 -0.00024162908045005825 -0.00054023795707274207 3.6834406448631642e-05 -3.2684375589440389e-05 8.4364126107403051e-06 -0.00026512754553629337 -0.00030532380305157714
leaf_weight=5480 5034 5168 8547 7424 9487 5302 8494 38012 11042 371129 6711 6753 9746 13247 16091 6579 6992 276557 727016 5250 8404 5010
leaf_count=5480 5034 5168 8547 7424 9487 5302 8494 38012 11042 371129 6711 6753 9746 13247 16091 6579 6992 276557 727016 5250 8404 5010
internal_value=-2.53693e-07 4.34219e-05 -0.000230953 5.48574e-05 -1.88335e-05 -0.000329499 4.65364e-05 4.02451e-05 0.000165355 2.39937e-05 0.000357397 -1.57194e-05 -0.000184801 -1.17347e-05 -2.96736e-05 0.000233155 3.41428e-05 4.88354e-05 -3.7753e-05 -0.000306776 -3.28278e-05 -0.000495239
internal_weight=1.56348e+06 466571 18591 447980 1.0969e+06 10782 436101 427607 49054 378553 11879 1.08612e+06 24903 1.06122e+06 762933 22670 298286 286044 740263 12242 18150 10044
internal_count=1563475 466571 18591 447980 1096904 10782 436101 427607 49054 378553 11879 1086122 24903 1061219 762933 22670 298286 286044 740263 12242 18150 10044
is_linear=0
shrinkage=0.003


Tree=198
num_leaves=31
num_cat=0
split_feature=12 71 82 13 78 60 65 21 85 33 13 17 23 82 67 18 88 80 48 0 88 42 1 13 76 32 78 56 59 15
split_gain=135.489 241.762 250.748 158.084 154.415 148.411 131.162 113.444 111.487 110.477 109.228 131.231 107.417 106.002 108.113 127.638 105.244 104.622 98.7753 90.8191 99.2231 96.338 88.8768 86.6587 89.9718 72.6539 90.6377 84.9747 70.9622 67.1964
threshold=0.016235351562500003 1.9467773437500002 -0.058883897960185998 0.71752929687500011 0.69330099225044262 14.500000000000002 0.067169189453125014 0.090545654296875014 0.016065858304500583 -1.2875976562499998 1.0058593750000002 0.018066406250000003 0.068603515625000014 -0.16688764095306394 -55.390624999999993 -0.21929931640624997 0.0030517196282744412 0.010877331718802454 11.800781250000002 0.73437500000000011 0.0026884740218520169 0.015213012695312502 0.082000732421875014 -0.11666870117187499 0.022617340087890628 -0.031860351562499993 0.6919672191143037 0.40124511718750006 0.24114990234375003 0.45312500000000006
decision_type=2 2 2 2 2 2 2 2 2 2 2 2 2 2 2 2 2 2 2 2 2 2 2 2 2 2 2 2 2 2
left_child=3 5 13 9 7 6 10 29 -8 12 22 -12 23 -3 -15 -16 -6 19 -19 21 -21 -11 -2 -1 -25 27 -27 -14 -7 -5
right_child=1 2 -4 4 16 28 8 -9 -10 17 11 -13 25 14 15 -17 -18 18 -20 20 -22 -23 -24 24 -26 26 -28 -29 -30 -31
leaf_value=-0.0004958198138151445 -0.00034755900395898662 0.00056281456460970612 -0.00026938718272776261 -0.00025298271695470135 0.00080460599678868145 -2.8805029742171856e-05 -0.0004499647320786262 0.00045725804608029116 6.2652301286982598e-06 1.8402809849940497e-05 -8.5582818573253744e-05 0.00034419112229925046 0.0004220777334884027 -0.00019167301602518452 0.00060042174119685451 7.2397010688568647e-05 0.00018836005485450014 0.0005005911969821257 -2.1332628625934407e-05 5.618843590867159e-05 -0.00033705806172476592 -5.6600597379060166e-05 -4.0089346319043249e-05 -0.00035786937730535783 0.00015879563699209743 4.9433270184241421e-05 -0.00043422346947065183 -7.246948310657143e-05 0.00047223590485233303 8.3466294169728334e-05
leaf_weight=10133 25159 7915 10498 6333 5001 5010 20182 6345 6320 1037841 82596 6832 5715 5781 6694 10551 5037 7339 5800 9614 14266 180906 12766 6441 5575 8146 5974 6711 5046 31440
leaf_count=10133 25159 7915 10498 6333 5001 5010 20182 6345 6320 1037841 82596 6832 5715 5781 6694 10551 5037 7339 5800 9614 14266 180906 12766 6441 5575 8146 5974 6711 5046 31440
internal_value=-3.20374e-06 -7.50066e-05 0.000129496 7.65372e-06 0.000166323 -0.000126755 -0.000149863 8.9378e-05 -0.000341552 1.05416e-06 -0.000109736 -5.24018e-05 -0.000138999 0.000265265 0.000160994 0.000279641 0.000500286 6.49564e-06 0.000271775 3.66905e-06 -0.000179164 7.26587e-06 -0.000244439 -0.000292749 -0.000118823 -1.00974e-05 -0.000156811 0.000156538 0.000224787 2.65384e-05
internal_weight=1.56397e+06 205350 41439 1.35862e+06 54156 163911 153855 44118 26502 1.30446e+06 127353 89428 48695 30941 23026 17245 10038 1.25577e+06 13139 1.24263e+06 23880 1.21875e+06 37925 22149 12016 26546 14120 12426 10056 37773
internal_count=1563967 205350 41439 1358617 54156 163911 153855 44118 26502 1304461 127353 89428 48695 30941 23026 17245 10038 1255766 13139 1242627 23880 1218747 37925 22149 12016 26546 14120 12426 10056 37773
is_linear=0
shrinkage=0.003


Tree=199
num_leaves=25
num_cat=0
split_feature=33 63 76 38 58 67 86 18 91 18 47 41 40 91 71 75 21 48 18 1 68 68 57 32
split_gain=113.554 97.129 178.534 148.512 140.916 101.468 103.517 94.9423 183.58 147.392 142.952 138.51 123.46 195.394 121.526 118.216 111.3 91.2861 75.0958 92.3906 76.736 182.226 84.2219 44.1409
threshold=-1.3242187499999998 -109.28124999999999 0.024921417236328128 1.2104492187500002 2.1005859375000004 -55.578124999999993 0.019369117915630344 0.41247558593750006 -1.8060383796691892 0.26318359375000006 0.23797607421875003 0.056259155273437507 0.20312500000000003 -1.0187916755676267 1.7036132812500002 -0.046554565429687493 0.10955810546875001 15.582031250000002 -0.83374023437499989 0.098419189453125014 0.049453735351562507 0.056076049804687507 0.52954101562500011 -0.029212951660156247
decision_type=2 2 2 2 2 2 2 2 2 2 2 2 2 2 2 2 2 2 2 2 2 2 2 2
left_child=18 2 3 5 -5 6 -2 9 -9 12 16 -11 13 -3 -13 -12 -10 -14 -1 20 23 -22 -23 -20
right_child=1 7 -4 4 -6 -7 -8 8 10 11 15 14 17 -15 -16 -17 -18 -19 19 -21 21 22 -24 -25
leaf_value=0.00018744205835873683 0.00014985628850280243 -0.00028930314608884873 -0.00045170874778009511 -0.00055685846714479445 5.1094618870708927e-05 -0.00017920338279650252 0.00056760557766763118 0.0005542270208063121 7.1930696870809943e-05 -0.00048051562971730845 0.00010837390516878408 -0.00016211430460124124 -7.247444571405945e-06 0.00037646652975288473 7.0212522233121966e-05 -0.00011943649857234813 -0.00034329792273786252 -0.00033526995761840647 0.00028318015853797556 -0.00053094172351938302 -0.00062227422816739473 -0.00020665119633036966 0.00016086966581984 -7.1203516848134511e-05
leaf_weight=5874 93486 5126 5234 5344 9241 7827 5581 5987 289970 8874 27162 65439 836160 16560 29264 82686 5831 7606 5173 5539 7094 16015 8521 7831
leaf_count=5874 93486 5126 5234 5344 9241 7827 5581 5987 289970 8874 27162 65439 836160 16560 29264 82686 5831 7606 5173 5539 7094 16015 8521 7831
internal_value=1.2848e-06 6.21866e-06 8.56757e-05 0.000109182 -0.000173937 0.000147938 0.000173939 -1.07933e-06 3.7085e-05 -1.72934e-05 2.93178e-05 -0.000124186 -4.48766e-06 0.000218491 -9.03251e-05 -6.30587e-05 6.36322e-05 -1.02437e-05 -0.000131186 -0.000168787 -0.000122758 -0.000202331 -7.88816e-05 7.08558e-05
internal_weight=1.56342e+06 1.50738e+06 126713 121479 14585 106894 99067 1.38066e+06 411636 969029 405649 103577 865452 21686 94703 109848 295801 843766 56047 50173 44634 31630 24536 13004
internal_count=1563425 1507378 126713 121479 14585 106894 99067 1380665 411636 969029 405649 103577 865452 21686 94703 109848 295801 843766 56047 50173 44634 31630 24536 13004
is_linear=0
shrinkage=0.003


Tree=200
num_leaves=27
num_cat=0
split_feature=45 8 62 76 33 91 74 48 73 91 61 58 6 84 56 69 28 62 1 36 22 91 8 75 75 86
split_gain=109.23 153.877 118.784 116.435 107.868 209.168 218.084 212.242 151.882 134.407 119.271 118.084 117.357 148.708 132.281 107.486 118.531 99.473 87.9017 139.398 69.0454 149.01 91.9739 110.042 91.6712 43.199
threshold=2.6406250000000004 0.30114746093750006 -607.49999999999989 0.021915435791015628 -1.3242187499999998 -1.7040987014770506 0.35729980468750006 13.128906250000002 0.29138183593750006 -1.8231654167175291 -2.7871093749999996 2.1025390625000004 0.10275268554687501 0.024166420102119449 0.36950683593750006 0.18096923828125003 0.39624023437500006 -370.49999999999994 0.068084716796875014 0.076629638671875014 0.0015492439270019533 -2.1021962165832515 -0.43591308593749994 -0.048049926757812493 -0.054550170898437493 0.0068672969937324533
decision_type=2 2 2 2 2 2 2 2 2 2 2 2 2 2 2 2 2 2 2 2 2 2 2 2 2 2
left_child=4 2 -2 18 20 6 7 9 -9 -6 -8 -12 15 -14 -15 16 -7 -17 -4 -20 21 -1 -22 24 -24 -23
right_child=1 -3 3 -5 5 12 10 8 -10 -11 11 -13 13 14 -16 17 -18 -19 19 -21 22 25 23 -25 -26 -27
leaf_value=7.6780294953917945e-05 0.00035735623155226995 -0.00047519666854280179 0.00032329365972556996 -0.00045040425542102635 -0.00020672130823135376 0.00046055570307394869 0.00024653223121664847 -1.5753005046494374e-05 0.00029954528306156244 0.00012789601515772871 -0.00044949528644964125 -4.7583282247631308e-05 -0.00036552729546131382 0.00058650715437587981 0.00011754130795923573 -6.5593726396032443e-05 -8.4416498974296573e-05 1.2463291408179298e-06 7.8755237862694507e-05 -0.00052243744112911137 -0.0003107682324568494 -0.00054213333534047759 0.00011086460104295648 0.00039620075378883596 -0.00037076185829342363 -0.00023359043595000571
leaf_weight=8853 5312 9852 5160 7317 18125 8897 7168 16734 76761 26431 9817 19630 5043 5965 51395 253109 5934 960611 10152 5158 7421 9132 9561 6536 5534 7786
leaf_count=8853 5312 9852 5160 7317 18125 8897 7168 16734 76761 26431 9817 19630 5043 5965 51395 253109 5934 960611 10152 5158 7421 9132 9561 6536 5534 7786
internal_value=9.41186e-07 -0.000148077 -4.95704e-05 -0.000128365 5.16025e-06 1.0051e-05 0.000107453 0.000162025 0.000243156 -8.38155e-06 -9.81797e-05 -0.00018264 -3.13485e-06 0.000123675 0.000167246 -9.58556e-06 0.000243403 -1.26967e-05 -1.16214e-05 -0.000125865 -0.000125368 -0.000238091 -2.49008e-05 7.41512e-05 -6.69832e-05 -0.000402343
internal_weight=1.56339e+06 42951 33099 27787 1.52044e+06 1.46562e+06 174666 138051 93495 44556 36615 29447 1.29095e+06 62403 57360 1.22855e+06 14831 1.21372e+06 20470 15310 54823 25771 29052 21631 15095 16918
internal_count=1563394 42951 33099 27787 1520443 1465620 174666 138051 93495 44556 36615 29447 1290954 62403 57360 1228551 14831 1213720 20470 15310 54823 25771 29052 21631 15095 16918
is_linear=0
shrinkage=0.003


Tree=201
num_leaves=25
num_cat=0
split_feature=38 1 36 66 85 75 1 45 85 6 74 50 25 43 27 8 66 89 67 10 8 12 3 8
split_gain=113.47 157.456 131.055 122.395 204.374 155.459 134.994 129.151 113.748 103.306 194.873 207.476 139.331 131.788 127.947 120.989 159.134 193.034 133.004 124.576 148.787 111.776 97.186 94.2135
threshold=0.60205078125000011 0.10556030273437501 0.090118408203125014 3.8671875000000004 0.014886014163494112 -0.045578002929687493 0.061325073242187507 1.2031250000000002 0.0099416002631187456 0.084320068359375014 0.33654785156250006 0.49633789062500006 0.67187500000000011 -0.28015136718749994 -0.0014176368713378904 -0.024635314941406247 3.0126953125000004 0.0014673001132905485 -61.734374999999993 0.23437500000000003 -0.33007812499999994 -0.0061073303222656241 -0.74902343749999989 0.37927246093750006
decision_type=2 2 2 2 2 2 2 2 2 2 2 2 2 2 2 2 2 2 2 2 2 2 2 2
left_child=2 3 9 4 6 -6 8 -7 -2 15 11 14 23 -14 -11 19 17 -17 -18 20 -1 -21 -8 -12
right_child=1 -3 -4 -5 5 7 22 -9 -10 10 12 -13 13 -15 -16 16 18 -19 -20 21 -22 -23 -24 -25
leaf_value=-0.00035504483798037687 -0.00049817488008849274 -0.00043934766147889757 0.00045926223682764598 -0.00045187514412528676 0.00055776411970474523 0.00027158644378367922 0.00033495228083422411 -0.00031832978289447696 -0.00012444261344810194 0.00056517716363278412 0.00036105032908633161 0.00065112915345382437 6.5483124817118931e-05 -0.00050456394641740395 5.0543592212602085e-05 -3.5760153207149702e-05 0.00060533221769979058 -0.00024244862365599605 4.8941617738415255e-05 9.7746742334995769e-05 0.00014135706981110776 2.4597771800825941e-06 -3.1116037726740587e-05 3.5439803124406305e-05
leaf_weight=16289 8970 8904 5854 6166 8688 8711 6622 5281 38843 5108 8105 8952 6479 8199 26481 198643 5287 51052 13774 151129 8063 414427 225420 319094
leaf_count=16289 8970 8904 5854 6166 8688 8711 6622 5281 38843 5108 8105 8952 6479 8199 26481 198643 5287 51052 13774 151129 8063 414427 225420 319094
internal_value=2.34263e-06 -4.82713e-05 1.52373e-05 -3.68527e-05 -2.82476e-05 0.000245024 -5.04737e-05 4.82554e-05 -0.00019545 1.3106e-05 5.41125e-05 0.00025051 3.07565e-05 -0.0002542 0.000135282 -5.16093e-06 -5.79078e-05 -7.80993e-05 0.000205623 1.88758e-05 -0.000190779 2.79353e-05 -2.05294e-05 4.36133e-05
internal_weight=1.56454e+06 317605 1.24694e+06 308701 302535 22680 279855 13992 47813 1.24108e+06 382418 40541 341877 14678 31589 858664 268756 249695 19061 589908 24352 565556 232042 327199
internal_count=1564541 317605 1246936 308701 302535 22680 279855 13992 47813 1241082 382418 40541 341877 14678 31589 858664 268756 249695 19061 589908 24352 565556 232042 327199
is_linear=0
shrinkage=0.003


Tree=202
num_leaves=31
num_cat=0
split_feature=8 21 6 46 60 60 20 18 7 59 81 89 74 41 42 26 61 37 13 67 18 82 65 83 85 0 47 8 58 36
split_gain=121.553 225.63 116.776 133.784 123.057 126.186 122.634 116.966 96.2555 210.794 171.01 208.712 141.583 138.516 181.089 101.619 139.755 231.412 168.974 138.623 140.185 119.996 119.401 111.779 152.859 106.302 92.3674 101.26 78.654 71.1418
threshold=0.42309570312500006 0.045059204101562507 0.085479736328125014 0.31823730468750006 20.500000000000004 16.500000000000004 0.45312500000000006 0.37243652343750006 -0.010379791259765623 0.19238281250000003 -0.0028977775946259494 0.0018116100691258909 0.36682128906250006 0.075958251953125014 -0.011432647705078123 0.084625244140625014 3.1171875000000004 0.011596679687500002 -0.37976074218749994 -42.859374999999993 0.54125976562500011 -0.055482082068920129 0.072723388671875014 -0.030454851686954495 0.014264389872550966 0.35937500000000006 0.22955322265625003 0.45886230468750006 2.1376953125000004 0.081024169921875014
decision_type=2 2 2 2 2 2 2 2 2 2 2 2 2 2 2 2 2 2 2 2 2 2 2 2 2 2 2 2 2 2
left_child=8 -2 3 26 5 7 -7 -4 9 -1 11 12 -11 14 -12 22 19 18 -18 21 -21 -17 23 25 -25 -10 27 -3 -13 -24
right_child=1 2 4 -5 -6 6 -8 -9 15 10 13 28 -14 -15 -16 16 17 -19 -20 20 -22 -23 29 24 -26 -27 -28 -29 -30 -31
leaf_value=-0.00033330324312184483 0.00045980571050431443 9.6719040403054349e-06 -1.6060425319992562e-05 0.00061478144214831103 0.00042695165488394906 3.3888536823578479e-06 -0.00064684234655337401 0.00010120929496185053 -0.00017222032925865956 1.8254841235415077e-05 -0.00025973443510267022 0.00020476795668325588 0.00024944729723312914 -0.00051803198098938539 0.00039319129117121847 -6.6333230666618134e-05 0.00026400247393469054 -0.00046445054747356603 -4.2742683167108975e-05 -0.00040977601907319435 7.1441276232499711e-06 -0.00053668161119437875 0.00041689799974333998 -0.00018998263003048679 5.2471629775295203e-06 1.4453772265713586e-05 -0.0002123435863057671 0.00054338652527053505 0.0007207319186687916 -3.2096037204214058e-06
leaf_weight=14651 10986 7395 279287 5936 6289 5277 5064 105338 29656 291702 11715 5524 25864 8337 5553 84787 23255 8615 52411 29481 9614 5084 8751 76320 68392 354876 5783 5544 5235 6145
leaf_count=14651 10986 7395 279287 5936 6289 5277 5064 105338 29656 291702 11715 5524 25864 8337 5553 84787 23255 8615 52411 29481 9614 5084 8751 76320 68392 354876 5783 5544 5235 6145
internal_value=-5.1948e-06 3.72731e-05 2.6269e-05 0.000226229 1.39277e-05 7.24476e-06 -0.000318176 1.60744e-05 -2.16751e-05 1.80832e-05 3.27189e-05 5.11537e-05 3.71568e-05 -0.000202944 -4.87133e-05 -4.10232e-05 -9.65167e-05 -1.49761e-06 5.17556e-05 -0.000158564 -0.000307493 -9.35078e-05 -1.92617e-05 -2.67367e-05 -9.77756e-05 1.60001e-08 0.000100422 0.000240767 0.000460145 0.000244727
internal_weight=1.56287e+06 436899 425913 24658 401255 394966 10341 384625 1.12597e+06 368581 353930 328325 317566 25605 17268 757387 213247 84281 75666 128966 39095 89871 544140 529244 144712 384532 18722 12939 10759 14896
internal_count=1562867 436899 425913 24658 401255 394966 10341 384625 1125968 368581 353930 328325 317566 25605 17268 757387 213247 84281 75666 128966 39095 89871 544140 529244 144712 384532 18722 12939 10759 14896
is_linear=0
shrinkage=0.003


Tree=203
num_leaves=24
num_cat=0
split_feature=31 60 8 74 76 23 47 91 40 74 13 81 67 23 28 60 85 35 5 48 42 75 20
split_gain=127.014 119.804 124.985 142.218 143.895 167.754 111.988 102.157 164.53 145.557 104.166 151.063 114.938 94.6255 86.8891 112.781 107.109 173.991 143.258 137.044 105.447 123.823 102.986
threshold=0.052734375000000007 21.500000000000004 1.1069335937500002 0.33605957031250006 0.021488189697265628 -0.90551757812499989 0.22369384765625003 -1.7220196723937986 0.35937500000000006 0.36999511718750006 1.2006835937500002 0.0013366609346121552 -69.218749999999986 0.22521972656250003 0.77612304687500011 15.500000000000002 0.015160441398620607 0.29687500000000006 0.32812500000000006 10.277343750000002 -0.0097427368164062483 -0.055709838867187493 0.32812500000000006
decision_type=2 2 2 2 2 2 2 2 2 2 2 2 2 2 2 2 2 2 2 2 2 2 2
left_child=14 2 7 -4 5 -5 -6 8 -2 -10 11 -9 -12 -3 16 -16 19 22 -19 -1 -21 -22 -18
right_child=1 13 3 4 6 -7 -8 10 9 -11 12 -13 -14 -15 15 -17 17 18 -20 20 21 -23 -24
leaf_value=-0.00057749252318130587 -0.00037545576981648678 9.4321957467850481e-05 0.00050926476496815647 0.00057368623463559536 0.00015447843128243053 9.2111610378987994e-05 -0.00034660778415670368 -1.9321519227389772e-06 0.00011261289539140234 -0.00033306411747172841 0.0003066036823710875 0.00045006474545367418 -0.00016018603182184154 0.00058150782210219956 -0.00059382025411436085 -8.8771332495772093e-05 -0.00041254474111710138 6.4713360481364753e-06 0.00062010861805865641 -0.00047619817552160132 0.00024430876370955311 -0.00015918509102378896 0.00010934958173805531
leaf_weight=5834 6939 9659 7534 7179 6257 62325 10870 1133792 152014 6799 5067 6594 59442 5655 6810 9483 6763 6596 7025 5133 10591 18928 6684
leaf_count=5834 6939 9659 7534 7179 6257 62325 10870 1133792 152014 6799 5067 6594 59442 5655 6810 9483 6763 6596 7025 5133 10591 18928 6684
internal_value=7.28892e-06 1.37264e-05 1.0957e-05 0.000116622 8.19276e-05 0.000142606 -0.000163712 3.68971e-06 7.34954e-05 9.33353e-05 -5.91844e-06 7.20642e-07 -0.000123103 0.000276831 -0.00010623 -0.000302202 -5.8588e-05 8.73137e-05 0.000325166 -0.000156109 -8.37078e-05 -1.40811e-05 -0.000154238
internal_weight=1.56397e+06 1.48013e+06 1.46481e+06 94165 86631 69504 17127 1.37065e+06 165752 158813 1.2049e+06 1.14039e+06 64509 15314 83847 16293 67554 27068 13621 40486 34652 29519 13447
internal_count=1563973 1480126 1464812 94165 86631 69504 17127 1370647 165752 158813 1204895 1140386 64509 15314 83847 16293 67554 27068 13621 40486 34652 29519 13447
is_linear=0
shrinkage=0.003


Tree=204
num_leaves=30
num_cat=0
split_feature=33 56 0 48 81 58 8 65 65 91 87 47 13 18 54 81 33 81 33 6 8 23 8 64 78 22 59 1 63
split_gain=116.374 107.442 166.196 170.339 132.936 122.422 151.791 117.433 102.246 112.422 142.882 197.169 111.187 108.109 114.512 90.565 115.067 82.1523 80.079 138.965 105.466 99.4624 153.995 88.3296 126.778 86.7085 79.5753 122.773 67.7191
threshold=-1.3242187499999998 0.42321777343750006 0.51562500000000011 10.566406250000002 -0.018639679998159405 2.1474609375000004 0.51611328125000011 0.051864624023437507 0.030685424804687503 -1.670077323913574 0.0040492890402674684 0.27917480468750006 0.66821289062500011 1.8046875000000002 0.072692871093750014 -0.077036216855049119 0.042297363281250007 -0.0042281951755285254 -1.5092773437499998 0.080078125000000014 0.77246093750000011 0.068603515625000014 0.23516845703125003 0.037261962890625007 0.69068989157676708 0.011463165283203127 0.23468017578125003 0.088104248046875014 -103.09374999999999
decision_type=2 2 2 2 2 2 2 2 2 2 2 2 2 2 2 2 2 2 2 2 2 2 2 2 2 2 2 2 2
left_child=18 8 3 5 26 17 -7 -5 15 10 12 -12 -10 14 -11 28 -17 -3 19 23 -21 22 -20 24 -1 -23 27 -4 -2
right_child=1 2 4 7 -6 6 -8 -9 9 13 11 -13 -14 -15 -16 16 -18 -19 21 20 -22 25 -24 -25 -26 -27 -28 -29 -30
leaf_value=-0.00072457990545583177 0.0002465289060808084 6.3309340216202297e-05 -0.00048012045132110528 0.00025091508987325147 -0.00047756891464484185 1.5845778009706601e-05 0.00036949884976481104 0.00082825836694249756 -3.1542749491962393e-05 2.9549212641439231e-05 7.6944560656364217e-05 0.00061072518875940134 -0.00045761151788142104 -0.00035740723071971494 -3.2945125543035112e-05 -0.00063410032696451836 -5.5618112908754552e-05 -0.00032065163281034024 -0.00014017652231121519 0.0003769968437934824 -0.00012479559335341818 0.00017776839065390535 -0.00082520734618784955 8.5876645985557759e-05 -7.1508878167352808e-05 -0.00031212330196704553 0.00022427158779214672 6.5363349118525732e-05 -0.00018079179709210166
leaf_weight=5081 5190 12946 5508 8497 6243 21755 21856 5092 32518 415403 178929 6356 6542 8026 723069 6787 5658 8060 6391 8938 6400 6111 5472 5277 5582 6736 9493 10934 8946
leaf_count=5081 5190 12946 5508 8497 6243 21755 21856 5092 32518 415403 178929 6356 6542 8026 723069 6787 5658 8060 6391 8938 6400 6111 5472 5277 5582 6736 9493 10934 8946
internal_value=-2.03552e-06 2.95551e-06 9.30162e-05 0.000167623 -8.82669e-05 0.00010304 0.000193522 0.000471724 -4.16463e-06 -5.84682e-07 6.08159e-05 9.55749e-05 -0.00010389 -1.26037e-05 -1.01417e-05 -0.000188097 -0.000373639 -8.48377e-05 -0.000136214 -3.51354e-05 0.000168165 -0.000263502 -0.000460415 -0.000230586 -0.000386543 -7.95208e-05 6.91919e-06 -0.000119169 -2.32723e-05
internal_weight=1.5638e+06 1.50781e+06 110384 78206 32178 64617 43611 13589 1.39742e+06 1.37084e+06 224345 185285 39060 1.1465e+06 1.13847e+06 26581 12445 21006 55988 31278 15338 24710 11863 15940 10663 12847 25935 16442 14136
internal_count=1563796 1507808 110384 78206 32178 64617 43611 13589 1397424 1370843 224345 185285 39060 1146498 1138472 26581 12445 21006 55988 31278 15338 24710 11863 15940 10663 12847 25935 16442 14136
is_linear=0
shrinkage=0.003


Tree=205
num_leaves=31
num_cat=0
split_feature=74 74 38 10 75 38 62 3 80 38 46 42 31 1 38 61 83 38 41 75 69 33 81 85 80 67 42 18 20 16
split_gain=116.319 142.066 147.935 197.766 173.164 182.444 182.442 113.981 388.002 152.403 116.308 113.061 109.293 105.088 119.285 118.885 111.153 192.517 139.375 99.5896 97.1293 102.788 92.5479 150.043 131.125 147.598 114.17 112.822 114.208 119.999
threshold=0.32434082031250006 0.33361816406250006 -0.083251953124999986 0.60937500000000011 -0.037338256835937493 -0.54150390624999989 -380.49999999999994 -0.83496093749999989 -0.054250486195087426 -0.32482910156249994 0.32141113281250006 0.0086212158203125017 0.095306396484375014 0.10610961914062501 0.54907226562500011 1.7675781250000002 -0.012481084093451498 1.1674804687500002 0.062957763671875014 -0.024696350097656247 0.33972167968750006 -0.14770507812499997 -0.013756535947322844 0.014301013201475145 -0.03769047558307647 -62.859374999999993 0.029502868652343753 -1.4487304687499998 0.51562500000000011 0.063934326171875014
decision_type=2 2 2 2 2 2 2 2 2 2 2 2 2 2 2 2 2 2 2 2 2 2 2 2 2 2 2 2 2 2
left_child=22 2 4 19 -2 11 -7 8 9 12 -11 -6 -3 16 15 -15 18 -18 -9 -4 21 -10 26 -24 25 -25 27 -1 29 -29
right_child=1 7 3 -5 5 6 -8 13 20 10 -12 -13 -14 14 -16 -17 17 -19 -20 -21 -22 -23 23 24 -26 -27 -28 28 -30 -31
leaf_value=0.00021866027637919424 0.00057261112888047985 -0.00044829440054030325 -4.0088524094072143e-05 0.00052124816547750028 -0.00023835335572781424 -0.00013222139825423557 0.00048836940162353749 -8.2579850473336026e-05 3.9176910054722269e-06 -0.00017113782617455899 8.7825499693948485e-05 0.0002013350128929809 3.9207626170912802e-05 5.6055761980779869e-05 -0.0004565167278668477 -0.00031931433047168562 7.1011428284301255e-05 0.00065054843867133985 2.1069606017308673e-05 0.00027802737897256354 0.00060975485354696857 0.00043303506109362741 0.00021327334581630559 -0.00060532238739481657 0.00014386242024520422 -5.4760031834673255e-05 0.00022507066868527627 -0.00047102271229615341 0.00011641418772962944 -0.00017013190058718736
leaf_weight=5534 10390 22091 81868 6791 12498 5660 16738 136418 14732 53290 21985 8945 5069 25441 8110 10711 166665 5226 806655 9830 5022 7525 20494 7228 10506 10958 6531 18341 7605 34361
leaf_count=5534 10390 22091 81868 6791 12498 5660 16738 136418 14732 53290 21985 8945 5069 25441 8110 10711 166665 5226 806655 9830 5022 7525 20494 7228 10506 10958 6531 18341 7605 34361
internal_value=6.46418e-06 1.39806e-05 0.000100467 3.11065e-05 0.000226143 0.000142916 0.000331655 3.72629e-06 -8.05745e-05 -0.00016524 -9.54882e-05 -5.48531e-05 -0.0003575 1.31654e-05 -0.00013003 -5.57317e-05 1.88612e-05 8.89991e-05 6.06927e-06 -5.72087e-06 0.000236793 0.000150288 -8.26175e-05 1.77863e-05 -0.000122101 -0.000275694 -0.000150785 -0.000188352 -0.000226002 -0.00027554
internal_weight=1.56322e+06 1.44166e+06 152720 98489 54231 43841 22398 1.28894e+06 129714 102435 75275 21443 27160 1.15923e+06 44262 36152 1.11496e+06 171891 943073 91698 27279 22257 121558 49186 28692 18186 72372 65841 60307 52702
internal_count=1563218 1441660 152720 98489 54231 43841 22398 1288940 129714 102435 75275 21443 27160 1159226 44262 36152 1114964 171891 943073 91698 27279 22257 121558 49186 28692 18186 72372 65841 60307 52702
is_linear=0
shrinkage=0.003


Tree=206
num_leaves=11
num_cat=0
split_feature=2 40 3 83 22 23 37 43 30 84
split_gain=87.5551 89.1924 75.0771 91.6025 76.9856 141.378 306.109 113.296 96.8393 107.566
threshold=0.043807983398437507 0.14062500000000003 -1.7641601562499998 -0.029465049505233761 0.034805297851562507 1.4389648437500002 -0.0069446563720703116 -1.2832031249999998 0.35937500000000006 0.033030033111572273
decision_type=2 2 2 2 2 2 2 2 2 2
left_child=1 -1 3 -3 5 7 -7 -4 9 -6
right_child=-2 2 4 -5 8 6 -8 -9 -10 -11
leaf_value=0.00036546985736123251 -0.00032118668933315181 -0.000511079715134505 -0.00013384523580158353 4.0212511203820081e-06 -0.00057184464753124104 -0.00022840208076424414 0.00054348402118955294 6.2437731838096789e-06 0.00010005200015647071 -7.2103788824214509e-05
leaf_weight=5933 7509 5622 53800 6796 7185 7292 12327 1441498 7964 8356
leaf_count=5933 7509 5622 53800 6796 7185 7292 12327 1441498 7964 8356
internal_value=-1.61211e-07 1.40777e-06 -8.48883e-09 -0.0002314 1.8742e-06 4.52291e-06 0.000256886 1.19483e-06 -0.000168133 -0.000305326
internal_weight=1.56428e+06 1.55677e+06 1.55084e+06 12418 1.53842e+06 1.51492e+06 19619 1.4953e+06 23505 15541
internal_count=1564282 1556773 1550840 12418 1538422 1514917 19619 1495298 23505 15541
is_linear=0
shrinkage=0.003


Tree=207
num_leaves=24
num_cat=0
split_feature=56 62 11 11 6 90 88 18 83 0 41 40 81 23 65 43 43 12 11 67 38 80 67
split_gain=120.808 180.956 146.04 153.602 146.92 133.819 132.204 121.67 112.387 109.694 138.525 144.53 108.44 94.5799 239.697 173.795 102.328 124.812 107.54 85.3319 72.6809 72.3479 57.1053
threshold=0.34948730468750006 -80.499999999999986 0.041748046875000007 0.060165405273437507 0.078643798828125014 0.1251974701881409 0.0035495525225996975 -0.036132812499999993 0.0028948439285159115 0.73437500000000011 0.071533203125000014 0.67187500000000011 -0.0083926692605018598 -0.84790039062499989 0.048049926757812507 1.2133789062500002 1.4257812500000002 -0.0012702941894531248 0.045059204101562507 -41.578124999999993 0.88891601562500011 -0.09135535359382628 -44.515624999999993
decision_type=2 2 2 2 2 2 2 2 2 2 2 2 2 2 2 2 2 2 2 2 2 2 2
left_child=1 2 -1 7 5 -5 -6 12 9 13 19 22 -4 14 20 -16 18 -18 -15 -11 -2 -9 -12
right_child=8 -3 3 4 6 -7 -8 21 -10 10 11 -13 -14 16 15 -17 17 -19 -20 -21 -22 -23 -24
leaf_value=-0.0005274123660302094 0.00021337141913664457 0.00040176785078977482 5.8773205740325873e-05 -0.0001491358862697954 -7.6355956354970961e-05 -0.00049893306360732374 0.00049052761251690649 0.00012963607715593385 0.00042402128597420044 0.00037128964251493412 -0.00073008784908818976 4.972536927275425e-05 -0.00042101175419020486 0.00024080716033670358 -3.1746134816577563e-05 0.00051915292275790952 -0.00037100199829208439 2.5296922059680229e-05 3.1849997020838795e-06 -0.00017434561441959947 0.00057006189006197482 0.0005915212655219714 -0.00029758017085860128
leaf_weight=6880 41439 6564 20289 67080 11302 11478 5391 7642 5746 5007 6230 5598 5254 17291 92977 5356 14355 14134 1192892 5125 5836 5067 5252
leaf_count=6880 41439 6564 20289 67080 11302 11478 5391 7642 5746 5007 6230 5598 5254 17291 92977 5356 14355 14134 1192892 5125 5836 5067 5252
internal_value=4.28598e-07 -8.1419e-05 -0.000104282 -8.20974e-05 -0.00014654 -0.000200814 0.00010855 7.83339e-05 8.92015e-06 7.20041e-06 -0.000181076 -0.000345214 -4.11719e-05 1.09143e-05 8.32129e-05 -1.24284e-06 2.40948e-06 -0.000174989 6.59974e-06 9.62882e-05 0.000258514 0.000316967 -0.000536531
internal_weight=1.56418e+06 146947 140383 133503 95251 78558 16693 38252 1.41724e+06 1.41149e+06 27212 17080 25543 1.38428e+06 145608 98333 1.23867e+06 28489 1.21018e+06 10132 47275 12709 11482
internal_count=1564185 146947 140383 133503 95251 78558 16693 38252 1417238 1411492 27212 17080 25543 1384280 145608 98333 1238672 28489 1210183 10132 47275 12709 11482
is_linear=0
shrinkage=0.003


Tree=208
num_leaves=31
num_cat=0
split_feature=41 12 0 80 43 41 85 71 40 80 31 7 18 0 13 41 80 18 56 5 84 57 80 81 0 15 88 2 7 38
split_gain=99.2134 110.206 142.463 163.219 197.111 132.248 121.759 192.649 147.605 182.558 127.254 116.256 106.909 97.8288 97.1108 136.526 115.873 144.726 135.045 134.454 164.412 155.838 116.187 118.163 98.9757 115.128 148.318 136.916 93.7673 81.5253
threshold=0.091888427734375014 -0.0025234222412109371 0.35937500000000006 -0.11332088708877562 1.0239257812500002 0.10610961914062501 0.012890161946415903 1.7944335937500002 0.60937500000000011 -0.10656823217868804 0.077423095703125014 -0.0073127746582031241 -0.89892578124999989 0.60937500000000011 -0.37976074218749994 0.043563842773437507 -0.12749540805816648 -1.2524414062499998 0.33605957031250006 0.42187500000000006 0.033483795821666724 0.56030273437500011 -0.1148143708705902 -0.085867702960968004 0.73437500000000011 0.67187500000000011 0.0035029239952564244 -0.0098686218261718733 -0.00091147422790527333 0.38195800781250006
decision_type=2 2 2 2 2 2 2 2 2 2 2 2 2 2 2 2 2 2 2 2 2 2 2 2 2 2 2 2 2 2
left_child=14 12 3 4 29 -6 8 -8 10 -10 -4 -5 -2 -14 15 -1 17 -16 -18 20 -19 -21 28 -24 25 26 -17 -27 -20 -3
right_child=1 2 6 11 5 -7 7 -9 9 -11 -12 -13 13 -15 16 24 18 19 22 21 -22 -23 23 -25 -26 27 -28 -29 -30 -31
leaf_value=0.0004798047376339567 -0.00035813203695562556 -0.00045599389055728533 3.7531750236900108e-05 -2.703996458676347e-05 0.00058357650859271583 2.685305960985701e-05 0.00069050657168464387 3.8670852089193624e-05 0.0005840863647988857 3.3296065591490939e-05 -0.0004547727398694824 -0.00051596438156777569 -6.0490990880538596e-05 -0.00041598175016221718 0.00047995676208556308 1.4375443918494106e-06 -0.00033406301015041204 -5.2109810973302318e-05 -0.00029681197483033187 0.00043137252059229113 0.00036991590683859457 -0.00010388198489571013 0.00037200815576153833 -8.9140263094380043e-06 -0.0002855394192159396 -0.00020024739307231387 0.00014819094912579212 0.00034742360531531005 -2.6359375037327236e-05 3.5485198971280028e-05
leaf_weight=6433 15076 7458 10200 6929 6147 9994 7013 9602 6593 28457 8682 11838 91759 7446 7660 270086 11940 70731 22744 15177 9312 7155 7300 764985 8010 5029 80342 21041 23354 5056
leaf_count=6433 15076 7458 10200 6929 6147 9994 7013 9602 6593 28457 8682 11838 91759 7446 7660 270086 11940 70731 22744 15177 9312 7155 7300 764985 8010 5029 80342 21041 23354 5056
internal_value=1.41236e-08 -5.71872e-05 7.14173e-06 -0.000119869 2.27166e-05 0.000241159 9.25679e-05 0.000316288 2.31879e-05 0.000138268 -0.000190035 -0.000336548 -0.00012354 -8.7565e-05 9.99664e-06 4.97284e-05 -6.52482e-06 8.49098e-05 -1.86506e-05 5.49117e-05 -2.6121e-06 0.000260183 -1.40085e-05 -5.26567e-06 4.24101e-05 4.94612e-05 3.51161e-05 0.000241414 -0.00016015 -0.000258716
internal_weight=1.56355e+06 232250 117969 47422 28655 16141 70547 16615 53932 35050 18882 18767 114281 99205 1.3313e+06 390941 940358 110035 830323 102375 80043 22332 818383 772285 384508 376498 350428 26070 46098 12514
internal_count=1563549 232250 117969 47422 28655 16141 70547 16615 53932 35050 18882 18767 114281 99205 1331299 390941 940358 110035 830323 102375 80043 22332 818383 772285 384508 376498 350428 26070 46098 12514
is_linear=0
shrinkage=0.003


Tree=209
num_leaves=21
num_cat=0
split_feature=33 40 91 60 87 10 72 48 86 75 63 28 75 8 23 25 42 66 62 26
split_gain=127.588 139.475 126.969 169.44 159.494 170.096 161.977 128.634 124.002 116.171 103.796 75.0819 85.5716 111.361 113.933 127.537 87.7367 81.6684 72.5446 36.4455
threshold=-1.3242187499999998 0.14062500000000003 -1.7220196723937986 21.500000000000004 0.0040492890402674684 0.39062500000000006 0.33752441406250006 15.511718750000002 0.0087824910879135149 -0.030616760253906247 -96.031249999999986 0.77612304687500011 -0.047622680664062493 0.16864013671875003 -0.10525512695312499 0.39062500000000006 -0.00057315826416015614 -0.35034179687499994 -350.49999999999994 0.10110473632812501
decision_type=2 2 2 2 2 2 2 2 2 2 2 2 2 2 2 2 2 2 2 2
left_child=11 -2 4 7 8 -6 -7 10 18 -5 -4 12 13 17 -15 -16 -14 -1 -3 -13
right_child=1 2 3 9 5 6 -8 -9 -10 -11 -12 19 16 14 15 -17 -18 -19 -20 -21
leaf_value=-7.0218756376839374e-05 0.00046198224161822423 0.00017260017796236909 -7.7365265229766158e-05 0.00062939390998179815 0.00053324716236188082 0.00014019794519679071 -0.000127964598985414 -0.00038468021640613567 -0.00053940440957990434 6.8111189845846507e-05 3.755175015965054e-06 -0.00052801501803794392 0.00042674469487721047 -0.0002989855780155717 0.00045884162180119889 -0.00017413575881279557 -8.6450611016476199e-05 -0.00053622502865540583 -0.00016111251172606664 -0.00017288841252600538
leaf_weight=5460 5933 9491 162111 6146 8325 118492 24370 8040 5160 7140 1136994 5652 5069 7409 6295 5115 7075 8952 14988 5007
leaf_count=5460 5933 9491 162111 6146 8325 118492 24370 8040 5160 7140 1136994 5652 5069 7409 6295 5115 7075 8952 14988 5007
internal_value=1.52101e-06 6.75092e-06 4.92119e-06 -5.29067e-06 7.94521e-05 0.000118898 9.43961e-05 -8.7289e-06 -0.000121481 0.000330518 -6.37275e-06 -0.000138913 -8.52704e-05 -0.000163908 -1.15708e-05 0.000176036 0.000129497 -0.000361379 -3.15496e-05 -0.000364354
internal_weight=1.56322e+06 1.50719e+06 1.50126e+06 1.32043e+06 180826 151187 142862 1.30714e+06 29639 13286 1.2991e+06 56034 45375 33231 18819 11410 12144 14412 24479 10659
internal_count=1563224 1507190 1501257 1320431 180826 151187 142862 1307145 29639 13286 1299105 56034 45375 33231 18819 11410 12144 14412 24479 10659
is_linear=0
shrinkage=0.003


Tree=210
num_leaves=26
num_cat=0
split_feature=74 32 1 88 88 43 82 13 13 12 48 41 1 17 63 30 59 67 56 70 25 12 46 74 83
split_gain=120.929 177.886 113.29 163.643 179.034 128.131 123.523 111.719 108.7 117.253 108.737 111.572 106.829 92.106 91.9871 86.3942 130.507 98.8314 83.5455 167.724 91.643 69.8773 62.8305 130.848 100.55
threshold=0.32043457031250006 -0.0050048828124999991 0.10610961914062501 0.0026753330603241925 0.0021327915601432328 -0.87963867187499989 -0.14079114794731137 -1.7529296874999998 -1.4462890624999998 -0.010379791259765623 10.738281250000002 0.089874267578125014 0.068511962890625014 -0.0012702941894531248 -78.406249999999986 0.73437500000000011 0.23870849609375003 -32.203124999999993 0.36535644531250006 0.20880126953125003 0.35937500000000006 -0.0046081542968749991 0.31750488281250006 0.31286621093750006 -0.047816932201385491
decision_type=2 2 2 2 2 2 2 2 2 2 2 2 2 2 2 2 2 2 2 2 2 2 2 2 2
left_child=1 12 7 4 -4 -5 -7 -2 -3 22 11 -11 -1 -6 -12 18 -17 -18 19 -9 -20 -8 23 -10 -24
right_child=2 8 3 5 13 6 21 15 9 10 14 -13 -14 -15 -16 16 17 -19 20 -21 -22 -23 24 -25 -26
leaf_value=-0.00015244284871445866 0.00036423286772057002 -0.0003928910104306394 -0.00023663206099394088 -0.0007053918032927769 0.00054648414770374048 -0.0005314030644654645 0.00023220333265715258 3.3703801708611606e-05 0.00064794274718430389 0.00041569359454312818 -9.1768845421377971e-05 -0.00017279533087255944 -0.0006189255104287316 2.3546569854197051e-05 -0.00051530694361296347 0.00052558227989440325 -0.00011897190838630582 0.00033715138384081677 5.2485472716307873e-05 0.00024329420288301677 -8.8026886449077317e-06 -0.00020483451219351821 -0.00030558171347187731 2.1254067557823905e-05 0.00019568286281657239
leaf_weight=9941 8502 6455 9929 5268 6453 6035 5696 216853 5611 5688 12920 5727 7984 5658 7129 7442 11139 6804 296614 40745 844555 7524 5247 6328 10937
leaf_count=9941 8502 6455 9929 5268 6453 6035 5696 216853 5611 5688 12920 5727 7984 5658 7129 7442 11139 6804 296614 40745 844555 7524 5247 6328 10937
internal_value=1.23385e-05 -9.83439e-05 1.86276e-05 -0.000126846 6.06824e-05 -0.000294948 -0.00017959 2.33641e-05 -2.62073e-05 1.41069e-05 -0.000111546 0.000121507 -0.000362501 0.000304372 -0.00024418 2.13038e-05 0.000194409 5.49004e-05 1.81486e-05 6.69369e-05 7.13061e-06 -1.62018e-05 0.000154584 0.000318716 3.22898e-05
internal_weight=1.56318e+06 83967 1.47922e+06 46563 22040 24523 19255 1.43265e+06 66042 59587 31464 11415 17925 12111 20049 1.42415e+06 25385 17943 1.39877e+06 257598 1.14117e+06 13220 28123 11939 16184
internal_count=1563184 83967 1479217 46563 22040 24523 19255 1432654 66042 59587 31464 11415 17925 12111 20049 1424152 25385 17943 1398767 257598 1141169 13220 28123 11939 16184
is_linear=0
shrinkage=0.003


Tree=211
num_leaves=31
num_cat=0
split_feature=31 91 74 73 62 74 51 73 37 11 6 16 75 84 88 28 2 62 62 16 2 63 63 82 59 42 68 28 40 6
split_gain=105.536 103.34 170.007 157.559 144.475 199.258 165.985 169.357 136.639 136.544 129.978 122.323 108.409 160.03 120.126 170.613 105.88 105.831 102.8 98.6787 98.63 87.7734 171.7 83.193 80.1337 77.0238 75.5222 139.178 98.1202 66.815
threshold=0.051971435546875007 -1.7220196723937986 0.35729980468750006 0.29162597656250006 -370.49999999999994 0.37194824218750006 0.49877929687500006 0.28771972656250006 0.019432067871093753 0.058547973632812507 0.075225830078125014 0.077056884765625014 -0.046188354492187493 0.017762504518032077 0.00204006489366293 -1.1450195312499998 -0.0053653717041015616 -384.49999999999994 -462.49999999999994 0.085662841796875014 0.016700744628906253 -65.343749999999986 -77.843749999999986 -0.021604858338832852 0.20965576171875003 -0.0015630722045898435 0.067535400390625014 0.26721191406250006 0.51562500000000011 0.081024169921875014
decision_type=2 2 2 2 2 2 2 2 2 2 2 2 2 2 2 2 2 2 2 2 2 2 2 2 2 2 2 2 2 2
left_child=21 2 3 9 5 6 17 -8 10 -2 -5 25 14 -14 15 -6 -11 -3 29 -15 -16 22 23 26 -7 -4 28 -28 -1 -13
right_child=1 4 11 8 12 24 7 -9 -10 16 -12 18 13 19 20 -17 -18 -19 -20 -21 -22 -23 -24 -25 -26 -27 27 -29 -30 -31
leaf_value=-0.00026169164725952943 0.00029348921697897582 -0.00012127526902828335 -0.0005313380752363057 0.00029718055399334531 7.9858339077430921e-05 -0.00071522878401879568 0.0004137557877451602 -3.4838270417998623e-05 -0.00021102602789091992 4.2135118610242642e-05 8.5091015319866512e-05 7.4102308732680212e-05 0.00051932314814171583 -3.0583776379471991e-05 0.00015881912637790064 -0.00019376716832376523 -0.00038203062901410756 -0.00054903871012636468 0.00034106856022131582 4.54574545783178e-05 2.5200771221612196e-05 -0.00045796404989368461 0.00039040872027576662 -0.0004525455991631142 -0.00021467626340692826 -0.00011909225711472406 0.00049115319440534439 -8.6165435186454228e-05 7.0347039639975936e-05 -0.00036817840712678382
leaf_weight=27083 6708 12993 6990 58033 51517 5176 7702 259602 7652 9475 47255 7405 5143 489333 122944 33933 11858 8671 7096 223736 83504 5778 6355 6132 6615 9788 5003 14180 11305 5124
leaf_count=27083 6708 12993 6990 58033 51517 5176 7702 259602 7652 9475 47255 7405 5143 489333 122944 33933 11858 8671 7096 223736 83504 5778 6355 6132 6615 9788 5003 14180 11305 5124
internal_value=3.37875e-06 8.9444e-06 7.68809e-05 0.000124062 -2.53787e-07 -5.79608e-05 -4.22839e-05 -2.17627e-05 0.000174006 -7.69981e-05 0.000202162 -0.000105681 1.69324e-05 -2.88299e-06 6.56724e-05 -2.89004e-05 -0.000194321 -0.000294223 5.5113e-05 -6.72168e-06 0.000104812 -0.000105713 -7.60501e-05 -0.000123123 -0.000438575 -0.000292971 -8.73115e-05 6.61677e-05 -0.00016398 -0.000108261
internal_weight=1.56409e+06 1.48825e+06 177384 140981 1.31087e+06 300759 288968 267304 112940 28041 105288 36403 1.01011e+06 718212 291898 85450 21333 21664 19625 713069 206448 75836 70058 63703 11791 16778 57571 19183 38388 12529
internal_count=1564089 1488253 177384 140981 1310869 300759 288968 267304 112940 28041 105288 36403 1010110 718212 291898 85450 21333 21664 19625 713069 206448 75836 70058 63703 11791 16778 57571 19183 38388 12529
is_linear=0
shrinkage=0.003


Tree=212
num_leaves=25
num_cat=0
split_feature=74 74 1 20 75 60 21 77 86 86 10 66 73 32 81 84 41 8 81 75 81 86 10 21
split_gain=113.122 189.649 96.2293 166.961 188.677 122.977 128.559 113.94 107.273 128.876 144.135 102.558 95.825 90.8922 137.797 127.935 111.102 108.116 156.619 135.833 105.449 103.43 95.4866 90.6518
threshold=0.32434082031250006 0.32531738281250006 0.10275268554687501 0.20312500000000003 -0.038070678710937493 21.500000000000004 0.084075927734375014 0.41800677776336675 0.0012616231106221678 0.002774208784103394 0.35937500000000006 -0.40966796874999994 0.29382324218750006 -0.019348144531249997 -0.013756535947322844 0.031864300370216377 0.10488891601562501 0.48620605468750006 -0.0095493122935295088 -0.026924133300781247 -0.016447000205516812 0.0065601244568824777 0.29687500000000006 0.095611572265625014
decision_type=2 2 2 2 2 2 2 2 2 2 2 2 2 2 2 2 2 2 2 2 2 2 2 2
left_child=13 12 3 4 7 23 -7 -3 -4 11 -11 -10 -2 -1 15 16 21 18 22 -20 -17 -15 -16 -5
right_child=1 2 8 5 -6 6 -8 -9 9 10 -12 -13 -14 14 17 20 -18 -19 19 -21 -22 -23 -24 -25
leaf_value=-0.00043809328674899978 0.00012657431524402743 0.0001157614011056617 0.00028519723901383471 -9.5837015600386171e-06 -0.00013351785135859949 6.7583239062227743e-05 0.00065882081919685354 0.00067479906561386646 -0.00013405480025349391 0.00011685101630123563 -0.00021096249302863751 -0.0006785152713897428 0.00067287593188990809 0.00018747230174452717 0.00058394963905069046 -0.00061307473456262114 0.00032155057558903096 0.00045425825814496637 -0.00038236867315736824 4.7468144952679918e-05 -7.7317086524796244e-05 -0.00018750249665486576 1.3501348003508553e-05 6.9419583707744758e-05
leaf_weight=6342 6212 5255 5593 1180230 6922 9411 5028 8855 6088 20401 29290 6407 5399 7690 5505 8619 5262 5385 10431 17751 5378 44549 5003 146895
leaf_count=6342 6212 5255 5593 1180230 6922 9411 5028 8855 6088 20401 29290 6407 5399 7690 5505 8619 5262 5385 10431 17751 5378 44549 5003 146895
internal_value=-3.46033e-06 3.96109e-06 8.4808e-07 6.33948e-06 0.000270924 2.17165e-06 0.000276581 0.000468876 -0.000109395 -0.000145286 -7.64119e-05 -0.000416406 0.000384176 -9.11708e-05 -7.17713e-05 -0.000153024 -9.00546e-05 6.00831e-05 4.19089e-06 -0.000112417 -0.000409232 -0.00013205 0.000315039 -8.34522e-07
internal_weight=1.5639e+06 1.44199e+06 1.43038e+06 1.3626e+06 21032 1.34156e+06 14439 14110 67779 62186 49691 12495 11611 121915 115573 71498 57501 44075 38690 28182 13997 52239 10508 1.32712e+06
internal_count=1563901 1441986 1430375 1362596 21032 1341564 14439 14110 67779 62186 49691 12495 11611 121915 115573 71498 57501 44075 38690 28182 13997 52239 10508 1327125
is_linear=0
shrinkage=0.003


Tree=213
num_leaves=28
num_cat=0
split_feature=74 74 18 2 17 18 18 69 56 56 31 0 62 43 70 21 58 41 5 18 31 20 56 74 56 50 20
split_gain=120.137 137.587 138.398 113.587 103.343 143.361 128.56 102.159 101.539 101.017 93.8596 150.079 161.273 108.453 166.023 150.093 174.004 140.714 100.039 90.8963 89.1454 86.8192 84.1835 83.0966 121.081 83.584 81.1808
threshold=0.32434082031250006 0.32531738281250006 -0.43591308593749994 0.0033464431762695317 0.0028095245361328129 0.57812500000000011 -1.4487304687499998 0.30163574218750006 0.34338378906250006 0.33752441406250006 0.092254638671875014 0.57812500000000011 -270.49999999999994 -0.98022460937499989 0.25231933593750006 0.10330200195312501 2.0810546875000004 0.058349609375000007 0.57812500000000011 0.19995117187500003 0.096343994140625014 0.51562500000000011 0.39709472656250006 0.31726074218750006 0.33264160156250006 0.40747070312500006 0.57812500000000011
decision_type=2 2 2 2 2 2 2 2 2 2 2 2 2 2 2 2 2 2 2 2 2 2 2 2 2 2 2
left_child=3 2 -2 4 6 9 -1 21 -9 -6 13 12 19 15 17 16 -3 -15 20 -12 -13 -8 -16 24 -5 -25 -14
right_child=1 10 -4 23 5 -7 7 8 -10 -11 11 18 26 14 22 -17 -18 -19 -20 -21 -22 -23 -24 25 -26 -27 -28
leaf_value=0.00028176324939476084 -3.7769615145433117e-05 9.2752128164130874e-05 0.00061759397134569739 -0.00017568068940321344 0.00061573932653598306 -0.00018793941648442502 -0.00024511396318733711 0.00027350488457352547 -0.00021699429547259667 8.0968500176921583e-05 -9.5785534324638048e-05 -0.00011164197964035026 4.8079808297813202e-05 0.00026450191274458108 -0.00011136993991272916 0.0002989666783793153 -0.00019618705905199508 -2.101450786125851e-06 0.00051935935463146845 -0.00054739123720936634 0.00036230888828607711 0.00011801808283609502 -0.00065287567010866108 -0.0003069408474373202 -0.00080618644328563408 0.00017938899273863278 0.00037366107901101465
leaf_weight=7099 5214 24391 6404 5970 5928 7478 47884 9256 6301 6801 14273 7174 135496 18010 5320 7843 80399 1103409 9594 5511 6943 6700 5017 8030 5085 5140 7166
leaf_count=7099 5214 24391 6404 5970 5928 7478 47884 9256 6301 6801 14273 7174 135496 18010 5320 7843 80399 1103409 9594 5511 6943 6700 5017 8030 5085 5140 7166
internal_value=-5.72874e-06 1.91155e-06 0.000325663 -9.62153e-05 -5.03803e-05 0.00014016 -0.000100345 -0.000139364 7.47226e-05 0.000332874 -7.40342e-07 6.20682e-05 2.94459e-05 -1.01406e-05 -1.30161e-06 -9.88759e-05 -0.000128909 2.2034e-06 0.000284504 -0.000223704 0.000122365 -0.000200406 -0.000377924 -0.000279625 -0.000470323 -0.000117214 6.46842e-05
internal_weight=1.56384e+06 1.44216e+06 11618 121672 97447 20207 77240 70141 15557 12729 1.43055e+06 186157 162446 1.24439e+06 1.13176e+06 112633 104790 1.12142e+06 23711 19784 14117 54584 10337 24225 11055 13170 142662
internal_count=1563836 1442164 11618 121672 97447 20207 77240 70141 15557 12729 1430546 186157 162446 1244389 1131756 112633 104790 1121419 23711 19784 14117 54584 10337 24225 11055 13170 142662
is_linear=0
shrinkage=0.003


Tree=214
num_leaves=31
num_cat=0
split_feature=7 38 82 42 28 16 21 16 3 22 91 33 63 48 33 67 78 56 46 38 67 43 43 36 43 82 63 63 58 88
split_gain=93.2203 144.056 151.369 145.639 197.036 151.969 137.986 118.446 102.804 102.625 92.8483 163.483 114.786 174.134 164.8 141.123 111.139 106.857 94.0287 93.6967 93.1738 91.5175 151.752 120.899 84.2184 122.64 90.1736 80.8286 71.8458 69.8082
threshold=0.0073585510253906259 0.60205078125000011 -0.093952953815460191 -0.029205322265624997 0.091583251953125014 0.10803222656250001 0.048812866210937507 0.084625244140625014 0.55786132812500011 -0.037841796874999993 -1.6865620613098142 -1.2875976562499998 -84.406249999999986 10.863281250000002 -0.60888671874999989 -49.734374999999993 0.69082251191139232 0.40466308593750006 0.31384277343750006 0.39050292968750006 -81.468749999999986 0.30529785156250006 0.36633300781250006 0.062377929687500007 -0.45092773437499994 -0.11960458755493163 -105.15624999999999 -114.21874999999999 2.1455078125000004 0.0031594270840287213
decision_type=2 2 2 2 2 2 2 2 2 2 2 2 2 2 2 2 2 2 2 2 2 2 2 2 2 2 2 2 2 2
left_child=9 3 8 4 -2 6 29 -8 24 -1 11 16 13 18 15 -14 20 -15 -12 -16 -11 23 -23 -13 25 -3 -26 -18 -10 -5
right_child=1 2 -4 5 -6 -7 7 -9 28 10 12 21 14 17 19 -17 27 -19 -20 -21 -22 22 -24 -25 26 -27 -28 -29 -30 -31
leaf_value=-0.00037185272140538599 0.00072499736441202325 2.6351601092990519e-05 -0.00037478080951177376 0.00016374363768073907 -9.5174964837456549e-06 -0.00035386318353264047 1.4213684123997006e-05 0.00014076463217571305 -0.00052593464194117365 -0.00065712129830211867 -0.00037560566007949605 -0.00042310193650510778 0.00026628245325962445 -3.3595674944451341e-05 -3.7585954397790087e-05 -0.00016387312316927595 -0.00012536973362081878 -0.00027686436603999067 3.2529504774685158e-05 5.4007509489580523e-05 -0.00013544870531639994 0.00060366081571527322 0.00012110444005053843 4.8351486576753348e-05 0.00019551996072612494 0.00056833847145492614 -0.0001247471370995754 0.00030405486505117446 -5.9463412101211706e-05 0.00060586036402369634
leaf_weight=7119 6698 11241 12939 7453 6359 8154 261295 89228 5450 5524 23933 5080 33510 245102 424455 8553 14431 17309 6423 131602 6964 6361 64901 89069 10516 5552 30994 5315 6459 5696
leaf_count=7119 6698 11241 12939 7453 6359 8154 261295 89228 5450 5524 23933 5080 33510 245102 424455 8553 14431 17309 6423 131602 6964 6361 64901 89069 10516 5552 30994 5315 6459 5696
internal_value=-1.97547e-07 3.52385e-05 -7.79314e-05 5.97019e-05 0.000369922 4.87117e-05 5.78327e-05 4.6459e-05 -2.27714e-05 -1.53367e-05 -1.29712e-05 4.58378e-05 -2.60218e-05 -7.46837e-05 -2.19426e-06 0.000178634 -0.000149309 -4.97414e-05 -0.000289425 -1.59027e-05 -0.000369595 8.39337e-05 0.000164964 2.24913e-05 2.92426e-05 0.000207844 -4.33369e-05 -8.83254e-06 -0.00027554 0.000358391
internal_weight=1.56368e+06 468034 83151 384883 13057 371826 363672 350523 70212 1.09565e+06 1.08853e+06 197645 890887 292767 598120 42063 32234 262411 30356 556057 12488 165411 71262 94149 58303 16793 41510 19746 11909 13149
internal_count=1563685 468034 83151 384883 13057 371826 363672 350523 70212 1095651 1088532 197645 890887 292767 598120 42063 32234 262411 30356 556057 12488 165411 71262 94149 58303 16793 41510 19746 11909 13149
is_linear=0
shrinkage=0.003


Tree=215
num_leaves=20
num_cat=0
split_feature=41 63 74 41 1 62 37 11 78 58 8 28 57 2 22 74 56 16 8
split_gain=96.7094 85.549 81.6865 99.1456 148.471 127.871 104.919 195.747 101.187 144.851 98.3921 122.261 86.268 83.5798 82.8463 74.6188 92.8866 86.9307 71.9879
threshold=0.041900634765625007 -40.796874999999993 0.32434082031250006 0.094024658203125014 0.078399658203125014 -80.499999999999986 -0.0083656311035156233 0.078887939453125014 0.7141283154487611 2.0888671875000004 -1.5092773437499998 0.49169921875000006 0.56616210937500011 0.043807983398437507 0.0069694519042968759 0.32531738281250006 0.34948730468750006 0.068328857421875014 -0.62915039062499989
decision_type=2 2 2 2 2 2 2 2 2 2 2 2 2 2 2 2 2 2 2
left_child=1 -1 3 5 8 6 12 -8 18 -10 11 14 -2 15 -4 17 -17 -12 -5
right_child=2 -3 10 4 -6 -7 7 -9 9 -11 13 -13 -14 -15 -16 16 -18 -19 -20
leaf_value=7.6142903063979406e-06 0.00046382087194480595 0.00041533804685424722 0.00051985381658510262 -4.988209053702738e-05 -0.00056721071073946756 0.00040885063766216959 -1.6758215861280288e-05 -0.00041092115249398295 -0.00030452708082013787 0.00030752460893510551 -4.2178574388855118e-05 -0.00019085777766434907 -5.0531011572631269e-05 -0.00033145094343784294 0.00010240561312158748 -0.00015126404363345565 5.9730463761439676e-06 0.00049047118022118089 -0.00053233974393959802
leaf_weight=9019 5847 9429 9084 5120 8028 5683 56114 14114 5664 8690 5023 5373 5759 6617 8124 34582 1349639 5975 6059
leaf_count=9019 5847 9429 9084 5120 8028 5683 56114 14114 5664 8690 5023 5373 5759 6617 8124 34582 1349639 5975 6059
internal_value=1.78673e-06 0.000217123 -7.97541e-07 -7.55725e-05 -0.000213942 -2.23269e-05 -5.27327e-05 -9.64464e-05 -0.000101089 6.55768e-05 5.56332e-06 0.000201577 0.000210344 2.39176e-06 0.000324504 3.99869e-06 2.03415e-06 0.000249012 -0.000313775
internal_weight=1.56394e+06 18448 1.5455e+06 121078 33561 87517 81834 70228 25533 14354 1.42442e+06 22581 11606 1.40184e+06 17208 1.39522e+06 1.38422e+06 10998 11179
internal_count=1563943 18448 1545495 121078 33561 87517 81834 70228 25533 14354 1424417 22581 11606 1401836 17208 1395219 1384221 10998 11179
is_linear=0
shrinkage=0.003


Tree=216
num_leaves=27
num_cat=0
split_feature=30 12 13 79 82 57 60 76 35 8 47 32 89 3 75 6 58 20 75 85 0 21 81 41 41 65
split_gain=104.03 95.9339 179.616 154.243 151.19 145.918 124.666 126.718 119.921 109.402 103.743 143.166 131.578 110.052 100.056 93.3431 88.684 105.734 88.436 86.0841 120.201 89.722 85.7092 78.8081 74.4082 65.7661
threshold=0.73437500000000011 0.016235351562500003 0.71752929687500011 0.30723243951797491 -0.16183438897132871 0.55444335937500011 -14.499999999999998 0.016330718994140628 0.42187500000000006 -0.92382812499999989 0.18402099609375003 -0.00047135353088378901 0.0012119435705244543 0.31225585937500006 -0.039016723632812493 0.066070556640625014 2.1533203125000004 0.64062500000000011 -0.035171508789062493 0.016357414424419407 0.23437500000000003 0.11721801757812501 -0.079789236187934862 0.077972412109375014 0.089508056640625014 0.051437377929687507
decision_type=2 2 2 2 2 2 2 2 2 2 2 2 2 2 2 2 2 2 2 2 2 2 2 2 2 2
left_child=1 2 10 14 8 6 -6 -8 24 -7 11 13 -13 -1 -4 -2 17 -5 22 21 -21 -12 -17 -18 -3 -11
right_child=15 4 3 16 5 9 7 -9 -10 25 19 12 -14 -15 -16 18 23 -19 -20 20 -22 -23 -24 -25 -26 -27
leaf_value=-0.00042751871794194488 0.00054898843413664204 0.00058239412277417794 0.00078384750507383264 9.3733686050822114e-05 0.00039334914822673707 1.1351657317056703e-05 -0.00048281918549613299 -5.8852435666948377e-05 -0.00015008192364510844 -0.0007004305542389163 -9.0657043610518947e-06 -9.9183616964456356e-06 0.00042913666998514635 0.00012424748161160679 0.00019702936765750024 7.5957790719276946e-07 7.2161580444219791e-05 -0.00036063599738325779 -0.00011396918444678981 0.00035892819722082653 3.4477049517799734e-05 -0.00038653118162431456 0.00050827717191447572 0.00055096896992232896 0.00012500633418205509 -0.00026276566783425473
leaf_weight=5466 5057 6387 5382 24134 5155 5457 6519 154974 6209 6653 1174691 9458 17404 7751 5171 5630 6305 5592 9647 13054 47101 5595 6299 6041 6457 6045
leaf_count=5466 5057 6387 5382 24134 5155 5457 6519 154974 6209 6653 1174691 9458 17404 7751 5171 5630 6305 5592 9647 13054 47101 5595 6299 6041 6457 6045
internal_value=6.40094e-07 -2.58679e-06 6.68286e-06 0.000178285 -6.31805e-05 -8.94352e-05 -6.15013e-05 -7.62549e-05 0.000190612 -0.000344104 -3.82786e-07 0.000149648 0.000275084 -0.000105437 0.000500854 0.000186178 9.63791e-05 7.33595e-06 9.90017e-05 -5.242e-06 0.000105364 -1.08876e-05 0.000270747 0.00030899 0.000355196 -0.000495757
internal_weight=1.56363e+06 1.537e+06 1.33314e+06 52625 203856 184803 166648 161493 19053 18155 1.28052e+06 40079 26862 13217 10553 26633 42072 29726 21576 1.24044e+06 60155 1.18029e+06 11929 12346 12844 12698
internal_count=1563634 1537001 1333145 52625 203856 184803 166648 161493 19053 18155 1280520 40079 26862 13217 10553 26633 42072 29726 21576 1240441 60155 1180286 11929 12346 12844 12698
is_linear=0
shrinkage=0.003


Tree=217
num_leaves=25
num_cat=0
split_feature=67 23 38 66 57 3 85 23 41 8 26 41 11 91 70 47 46 36 46 91 91 13 8 48
split_gain=79.8477 88.3894 147.041 115.661 121.598 214.647 139.688 110.397 128.528 215.226 126.944 101.785 173.428 151.686 129.528 166.509 128.952 110.644 91.253 84.3815 113.097 95.7792 76.1718 75.1801
threshold=-97.218749999999986 -0.83374023437499989 -1.3583984374999998 4.3066406250000009 0.55541992187500011 0.52880859375000011 0.014379374682903292 -0.74682617187499989 0.084442138671875014 0.20916748046875003 0.073120117187500014 0.094024658203125014 0.081115722656250014 -1.8060383796691892 0.24023437500000003 0.25402832031250006 0.37524414062500006 0.090118408203125014 0.30725097656250006 -2.0191307067871089 -1.8948647975921629 -0.24554443359374997 -0.18640136718749997 12.550781250000002
decision_type=2 2 2 2 2 2 2 2 2 2 2 2 2 2 2 2 2 2 2 2 2 2 2 2
left_child=19 2 -2 4 5 -4 -6 8 9 22 -10 14 13 -13 16 -16 -9 -14 -11 23 -21 -22 -3 -1
right_child=1 7 3 -5 6 -7 -8 11 10 18 -12 12 17 -15 15 -17 -18 -19 -20 20 21 -23 -24 -25
leaf_value=-0.00021336052266349295 0.00054945325580812716 -0.00033768056245501668 0.00023915628983405706 -0.00031570100662468365 1.8691906382371184e-05 -5.127213534714188e-05 -0.00038271478439100683 5.1794040840986631e-07 0.00044971220592754081 -0.00027024039753124998 -0.00016949448257406655 0.00023832556363243253 0.00012507203460843366 -0.00019051258896269805 8.8273217725899227e-05 0.00061133313778555026 -0.0004546314845011472 -0.00032585557842759543 0.00026214772449390075 -0.00064054928054620315 -0.00034432566311978091 0.00014905069361299735 -0.00077461371863140303 0.00027421157024163316
leaf_weight=5128 5274 9583 62176 7532 73016 36177 8635 1098063 5055 5039 6974 8037 40512 86241 51044 6044 5531 5472 6545 5342 8062 6177 5956 6153
leaf_count=5128 5274 9583 62176 7532 73016 36177 8635 1098063 5055 5039 6974 8037 40512 86241 51044 6044 5531 5472 6545 5342 8062 6177 5956 6153
internal_value=-2.95148e-06 9.50653e-08 6.01353e-05 4.60889e-05 6.13943e-05 0.000132385 -2.41751e-05 -8.54723e-06 -0.0001653 -0.000279455 9.22799e-05 -3.8174e-06 -8.01216e-05 -0.000153741 5.40965e-06 0.000144623 -1.80417e-06 7.08219e-05 3.02299e-05 -0.000153784 -0.000272378 -0.000130748 -0.000509036 5.26488e-05
internal_weight=1.56377e+06 1.53291e+06 192810 187536 180004 98353 81651 1.3401e+06 39152 27123 12029 1.30094e+06 140262 94278 1.16068e+06 57088 1.10359e+06 45984 11584 30862 19581 14239 15539 11281
internal_count=1563768 1532906 192810 187536 180004 98353 81651 1340096 39152 27123 12029 1300944 140262 94278 1160682 57088 1103594 45984 11584 30862 19581 14239 15539 11281
is_linear=0
shrinkage=0.003


Tree=218
num_leaves=28
num_cat=0
split_feature=31 23 78 40 1 0 3 70 86 59 59 85 16 41 83 35 12 69 23 28 58 23 59 81 81 11 11
split_gain=98.7694 112.676 176.378 127.26 120.93 140.491 104.564 98.571 102.514 95.8173 167.756 141.833 141.352 149.285 139.941 137.542 124.599 150.308 113.063 102.687 93.6566 90.302 113.578 78.9166 129.035 110.937 55.9045
threshold=0.051971435546875007 -0.10525512695312499 0.68720456957817089 0.35937500000000006 0.092071533203125014 0.29687500000000006 -1.6596679687499998 0.16668701171875003 0.011268034577369692 0.22845458984375003 0.22308349609375003 0.014338232576847078 0.092742919921875014 0.069671630859375014 -0.046755507588386529 0.42187500000000006 0.037948608398437507 0.40002441406250006 1.1103515625000002 0.46508789062500006 2.1962890625000004 -0.076019287109374986 0.25158691406250006 -0.0057152798399329177 -0.01277913525700569 0.077423095703125014 0.077606201171875014
decision_type=2 2 2 2 2 2 2 2 2 2 2 2 2 2 2 2 2 2 2 2 2 2 2 2 2 2 2
left_child=1 2 -1 4 5 -3 21 8 -5 10 12 15 13 -8 -14 -12 17 20 -19 -13 -11 -2 -23 24 -4 -25 -9
right_child=6 3 23 7 -6 -7 9 26 -10 16 11 19 14 -15 -16 -17 -18 18 -20 -21 -22 22 -24 25 -26 -27 -28
leaf_value=-0.00068740335532337647 -0.00048726545696004415 2.7185111234338186e-07 -3.9926006981300348e-05 0.00029071275385833301 -0.00023653169588453335 0.0005768917930204045 -0.00011523175422838212 -0.00016293512464208987 -0.0002103685820788159 -2.3860701905403027e-05 0.00035314252361919632 -0.00022987164271947222 0.00032921668577088806 1.6351803338564971e-05 4.8458443016039485e-05 0.00010901233993375097 -0.00046736291682883489 0.00046654714874458256 -4.9894182848124967e-05 0.00025280041149843517 0.00020124981436456729 0.00023425499047946801 -0.0003761175889958705 -0.00024881322605382786 -0.00065562928089764674 0.0003712104826405771 -0.00058747869296224282
leaf_weight=6463 7030 7413 7702 6401 5046 7709 102214 6053 8352 781821 26614 15317 21162 321165 64481 94151 5375 10043 6087 5250 16896 5764 5059 5002 5002 5195 5259
leaf_count=6463 7030 7413 7702 6401 5046 7709 102214 6053 8352 781821 26614 15317 21162 321165 64481 94151 5375 10043 6087 5250 16896 5764 5059 5002 5002 5195 5259
internal_value=-2.89255e-06 -0.000108604 -0.000253592 -1.61689e-05 0.000162315 0.000296084 2.48344e-06 -0.000154365 7.53305e-06 5.26125e-06 3.24537e-05 0.000123854 7.05674e-06 -1.54354e-05 0.000118136 0.000163061 -1.6301e-05 -1.32687e-05 0.00027255 -0.000106036 -1.90741e-05 -0.000225083 -5.18831e-05 -0.000128708 -0.000285577 6.76036e-05 -0.000363726
internal_weight=1.56403e+06 75597 29364 46233 20168 15122 1.48843e+06 26065 14753 1.47058e+06 650354 141332 509022 423379 85643 120765 820222 814847 16130 20567 798717 17853 10823 22901 12704 10197 11312
internal_count=1564026 75597 29364 46233 20168 15122 1488429 26065 14753 1470576 650354 141332 509022 423379 85643 120765 820222 814847 16130 20567 798717 17853 10823 22901 12704 10197 11312
is_linear=0
shrinkage=0.003


Tree=219
num_leaves=29
num_cat=0
split_feature=67 65 56 61 69 69 7 33 21 65 75 57 65 16 16 69 48 63 67 88 27 33 70 16 80 58 74 62
split_gain=157.489 152.386 163.666 130.514 120.608 116.488 106.434 117.649 100.34 152.218 166.355 127.242 127.508 112.555 95.2733 89.9333 86.617 111.36 136.521 96.6649 93.0166 92.6904 121.388 89.9024 110.204 78.918 76.0282 74.5855
threshold=-36.640624999999993 0.046279907226562507 0.36120605468750006 0.24816894531250003 0.30993652343750006 0.41320800781250006 -0.010791778564453123 0.42053222656250006 0.090545654296875014 0.053512573242187507 -0.047744750976562493 0.51245117187500011 0.078216552734375014 0.069671630859375014 0.079193115234375014 0.32653808593750006 8.5195312500000018 -52.296874999999993 -45.234374999999993 0.003686945885419846 -0.00057315826416015614 -0.32482910156249994 0.21380615234375003 0.10803222656250001 1.0000000180025095e-35 2.1689453125000004 0.36730957031250006 -332.49999999999994
decision_type=2 2 2 2 2 2 2 2 2 2 2 2 2 2 2 2 2 2 2 2 2 2 2 2 2 2 2 2
left_child=5 3 4 6 -3 16 -2 -8 11 -10 -11 13 -13 -4 -9 -6 21 23 20 -20 -19 22 -1 24 -18 -23 -25 -5
right_child=1 2 8 27 15 -7 7 14 9 10 -12 12 -14 -15 -16 -17 17 18 19 -21 -22 25 -24 26 -26 -27 -28 -29
leaf_value=0.00056460605435274132 0.00068401387764366393 0.00054584281126649067 -0.00018487655777695922 -0.00030049021516431648 -0.00021967550382180311 -0.00041436183950203329 0.00064749590434933532 0.0003535148658912531 -0.00047948323722569086 0.00042651216997597707 -0.00011735877543984486 1.5042744018330684e-05 -0.00031036126506862356 0.00019870650850384693 8.7194082513777507e-06 0.00031129129883989499 -1.5569894007124741e-05 0.00045757418409287645 -0.00013966939539053938 -0.00046423322277215596 -0.0001106734376527174 0.00026356671270970914 -2.5300439332822548e-05 -0.0003944364957084378 0.00018433341722487275 -0.0001854294187144906 3.7238150379844738e-05 0.0001533654952204182
leaf_weight=7842 5279 8671 7905 5944 5044 6584 5044 12410 8538 5773 36567 63522 12965 49846 17045 6408 1163713 5155 46551 9990 5055 5583 5178 10054 25261 9171 5727 6979
leaf_count=7842 5279 8671 7905 5944 5044 6584 5044 12410 8538 5773 36567 63522 12965 49846 17045 6408 1163713 5155 46551 9990 5055 5583 5178 10054 25261 9171 5727 6979
internal_value=-5.9454e-06 6.17801e-05 2.47894e-05 0.000205517 0.000281039 -1.93266e-05 0.000290436 0.000228408 -3.20289e-06 -0.000116522 -4.23725e-05 3.98014e-05 -4.04484e-05 0.000145973 0.000154693 7.75513e-05 -1.7293e-05 -2.0918e-05 -0.0001401 -0.000197734 0.000177889 0.000148142 0.000331598 -1.43035e-05 -1.13076e-05 -1.48961e-05 -0.000238532 -5.60922e-05
internal_weight=1.5638e+06 257940 205239 52701 20123 1.30586e+06 39778 34499 185116 50878 42340 134238 76487 57751 29455 11452 1.29928e+06 1.27151e+06 66751 56541 10210 27774 13020 1.20476e+06 1.18897e+06 14754 15781 12923
internal_count=1563804 257940 205239 52701 20123 1305864 39778 34499 185116 50878 42340 134238 76487 57751 29455 11452 1299280 1271506 66751 56541 10210 27774 13020 1204755 1188974 14754 15781 12923
is_linear=0
shrinkage=0.003


Tree=220
num_leaves=28
num_cat=0
split_feature=33 91 59 75 74 11 21 84 60 20 72 73 72 23 8 88 47 1 80 41 65 31 6 21 74 47 56
split_gain=106.232 128.381 212.941 237.443 149.887 172.266 149.84 203.694 145.879 124.681 115.346 128.384 97.7862 96.7169 184.58 140.199 134.582 123.261 177.075 105.608 77.3852 97.253 128.342 126.896 148.479 85.9295 109.072
threshold=-1.3242187499999998 -1.7040987014770506 0.22241210937500003 -0.031631469726562493 0.35266113281250006 0.079315185546875014 0.074615478515625014 0.022033855319023136 21.500000000000004 0.57812500000000011 0.31115722656250006 0.29943847656250006 0.32727050781250006 -0.24426269531249997 1.2661132812500002 0.0037026172503829007 0.21942138671875003 0.058715820312500007 -0.04991218447685241 0.061874389648437507 0.083892822265625014 0.046173095703125007 0.068023681640625014 0.073120117187500014 0.36779785156250006 0.24517822265625003 0.40759277343750006
decision_type=2 2 2 2 2 2 2 2 2 2 2 2 2 2 2 2 2 2 2 2 2 2 2 2 2 2 2
left_child=20 2 3 4 5 -2 7 -4 13 -6 -8 -12 -10 14 15 -3 -16 18 -15 -19 21 22 -1 -24 -25 26 -23
right_child=1 8 6 -5 9 -7 10 -9 12 -11 11 -13 -14 17 16 -17 -18 19 -20 -21 -22 25 23 24 -26 -27 -28
leaf_value=-0.00034216252311676922 7.0197535272964325e-07 2.5987247347647759e-05 -0.00047742478446624527 -0.00060286836550150645 1.40432917127689e-05 0.00030766291105843122 -0.00011704519452405011 0.00023019549154886732 7.332662754117653e-05 -0.00029929807730082577 0.00059960617241085342 0.00023582091990055875 0.00059142442819363193 -0.00018717288501976899 0.0004976561862416178 -0.00013124548596160887 6.8269864416769575e-05 -0.00010002652373075074 0.00021024004540422372 -4.3382994058528054e-06 -0.00043903238581306667 -0.00064602188848555259 -0.00017434495120801358 0.00064185508278066729 1.7209220502519531e-05 -1.8072746408828895e-05 -8.945361260444887e-05
leaf_weight=6403 45252 391284 6231 5587 30395 25756 6167 8587 7521 18208 11148 40461 5758 80365 11925 58593 14563 125324 11453 602321 6480 7048 7431 6358 7304 9146 5759
leaf_count=6403 45252 391284 6231 5587 30395 25756 6167 8587 7521 18208 11148 40461 5758 80365 11925 58593 14563 125324 11453 602321 6480 7048 7431 6358 7304 9146 5759
internal_value=-4.93812e-06 -1.68918e-07 7.10492e-05 -3.93496e-06 2.45213e-05 0.000112319 0.000200197 -6.8566e-05 -1.09338e-05 -0.000103716 0.000269127 0.000315409 0.000300724 -1.41505e-05 1.98402e-05 5.48428e-06 0.000262726 -3.39097e-05 -0.000137426 -2.08304e-05 -0.000133205 -9.23234e-05 2.66141e-05 0.000139646 0.000310458 -0.000240737 -0.000398379
internal_weight=1.56283e+06 1.5069e+06 197792 125198 119611 71008 72594 14818 1.30911e+06 48603 57776 51609 13279 1.29583e+06 476365 449877 26488 819463 91818 727645 55929 49449 27496 21093 13662 21953 12807
internal_count=1562828 1506899 197792 125198 119611 71008 72594 14818 1309107 48603 57776 51609 13279 1295828 476365 449877 26488 819463 91818 727645 55929 49449 27496 21093 13662 21953 12807
is_linear=0
shrinkage=0.003


Tree=221
num_leaves=17
num_cat=0
split_feature=30 74 36 11 74 85 74 17 18 75 16 13 63 67 83 80
split_gain=91.136 92.1433 83.1207 120.678 82.1203 107.914 83.6539 83.4419 82.8592 86.4682 83.9643 86.4271 81.1 125.492 84.5897 62.5636
threshold=0.73437500000000011 0.34924316406250006 0.073699951171875014 0.073699951171875014 0.32434082031250006 0.016610559076070789 0.32531738281250006 -0.0086975097656249983 -1.3989257812499998 -0.034561157226562493 0.051330566406250007 0.19012451171875003 -133.56249999999997 -97.218749999999986 -0.093658804893493638 -0.10530033707618712
decision_type=2 2 2 2 2 2 2 2 2 2 2 2 2 2 2 2
left_child=4 2 -2 -4 5 8 7 -6 9 -1 -10 -12 -8 15 -15 -14
right_child=1 -3 3 -5 6 -7 12 -9 10 -11 11 -13 13 14 -16 -17
leaf_value=-0.00014092728162404174 -0.00020009259696547135 0.00042883762084659814 -8.8536994897441863e-05 0.00054824071283812172 -1.5233805520128882e-05 0.00035289134428876095 0.00028001482592014497 0.00049925594882598468 -0.00043141958827992764 0.00037826305260872482 -5.366535021242748e-05 -0.00030530046828385711 -7.901743283638588e-05 -0.00010922416085153989 1.6879584287956436e-05 -0.00044140271189363375
leaf_weight=5052 6836 9002 5457 5116 5137 5133 9920 6221 6930 6511 81872 14368 9494 49563 1329998 7801
leaf_count=5052 6836 9002 5457 5116 5137 5133 9920 6221 6930 6511 81872 14368 9494 49563 1329998 7801
internal_value=9.79131e-06 0.00018419 5.59587e-05 0.000221833 6.7847e-06 -6.85836e-05 1.31595e-05 0.00026846 -8.77307e-05 0.00015216 -0.000114738 -9.15107e-05 1.10793e-05 9.14953e-06 1.23415e-05 -0.000244071
internal_weight=1.56441e+06 26411 17409 10573 1.538e+06 119866 1.41813e+06 11358 114733 11563 103170 96240 1.40678e+06 1.39686e+06 1.37956e+06 17295
internal_count=1564411 26411 17409 10573 1538000 119866 1418134 11358 114733 11563 103170 96240 1406776 1396856 1379561 17295
is_linear=0
shrinkage=0.003


Tree=222
num_leaves=21
num_cat=0
split_feature=7 63 41 6 82 61 32 48 89 48 36 22 21 1 22 72 21 17 91 72
split_gain=94.2743 136.136 167.466 150.448 166.86 122.261 116.66 114.718 98.3444 92.4909 148.288 93.7101 101.585 170.036 169.976 147.256 108.513 171.399 99.4808 82.1369
threshold=0.026695251464843753 -77.281249999999986 0.072296142578125014 0.10739135742187501 -0.059511810541152947 0.63745117187500011 0.012790679931640627 8.7382812500000018 0.0011090212501585486 15.511718750000002 0.077545166015625014 0.043807983398437507 0.095611572265625014 0.082183837890625014 0.022438049316406253 0.35485839843750006 0.093811035156250014 -0.011386871337890623 -1.6646652221679685 0.32580566406250006
decision_type=2 2 2 2 2 2 2 2 2 2 2 2 2 2 2 2 2 2 2 2
left_child=9 2 -2 5 6 -3 7 -5 -4 11 19 12 16 15 -15 -14 18 -18 -1 -11
right_child=1 3 8 4 -6 -7 -8 -9 -10 10 -12 -13 13 14 -16 -17 17 -19 -20 -21
leaf_value=5.2726596546888516e-05 -0.00054656785367286371 0.00020477917859035571 -0.00022062677956700532 0.00067359689568111363 -0.00036745517672809005 0.00074537043731008764 -0.00014028897561261768 0.00015112481181651547 0.00033076602203451432 -0.00056227481588656326 0.00015432098720940811 -0.00033580835761797592 5.1875177645970708e-05 0.0004609832316533774 8.7435250802046576e-05 -0.00028399764430769414 0.00020916351819876401 -0.00030339140319779034 -1.5189326551677649e-05 -0.00014475229991779787
leaf_weight=237845 5375 8803 5099 5467 5998 6625 6954 12061 6529 7929 7915 7358 84678 17216 30051 13538 7667 24171 1053447 9189
leaf_count=237845 5375 8803 5099 5467 5998 6625 6954 12061 6529 7929 7915 7358 84678 17216 30051 13538 7667 24171 1053447 9189
internal_value=1.3218e-06 0.000115001 -0.000113831 0.000199817 7.70897e-05 0.000440222 0.000187053 0.000316981 8.9155e-05 -3.45013e-06 -0.000183911 -3.77203e-07 1.32611e-06 7.6543e-05 0.000224178 5.33701e-06 -6.94942e-06 -0.000179693 -2.67668e-06 -0.00034029
internal_weight=1.56392e+06 62911 17003 45908 30480 15428 24482 17528 11628 1.501e+06 25033 1.47597e+06 1.46861e+06 145483 47267 98216 1.32313e+06 31838 1.29129e+06 17118
internal_count=1563915 62911 17003 45908 30480 15428 24482 17528 11628 1501004 25033 1475971 1468613 145483 47267 98216 1323130 31838 1291292 17118
is_linear=0
shrinkage=0.003


Tree=223
num_leaves=31
num_cat=0
split_feature=23 40 38 3 90 31 83 59 22 43 36 22 84 38 91 3 22 16 77 90 3 56 43 26 66 15 80 84 25 38
split_gain=95.7652 138.782 134.894 132.392 124.652 123.785 178.648 122.334 105.262 141.04 123.996 135.781 182.67 129.855 121.12 120.841 117.544 116.435 100.521 193.428 160.451 99.1296 97.5083 169.248 119.784 94.4182 94.0709 93.4681 90.236 85.0753
threshold=-0.84790039062499989 0.54687500000000011 -1.1333007812499998 0.54980468750000011 0.14862340688705447 0.078643798828125014 -0.0093031283468008024 0.23565673828125003 0.018745422363281253 0.86767578125000011 0.069793701171875014 0.031250000000000007 0.027691110968589786 -0.26953124999999994 -0.93730664253234852 -0.59692382812499989 0.017997741699218753 0.098419189453125014 0.49178946018219 0.070856809616088881 -0.94702148437499989 0.38317871093750006 -0.98022460937499989 0.084014892578125014 3.1699218750000004 0.39062500000000006 -0.11556756496429442 0.02557460963726044 0.48437500000000006 0.53930664062500011
decision_type=2 2 2 2 2 2 2 2 2 2 2 2 2 2 2 2 2 2 2 2 2 2 2 2 2 2 2 2 2 2
left_child=1 2 -1 21 5 6 -4 -7 16 10 11 12 -10 -12 -13 -11 18 -15 22 20 -20 27 23 -2 -24 -18 -17 29 -6 -3
right_child=8 3 4 -5 28 7 -8 -9 9 15 13 14 -14 17 -16 26 25 -19 19 -21 -22 -23 24 -25 -26 -27 -28 -29 -30 -31
leaf_value=0.00039230184576909718 -9.4792104346499133e-06 3.5617106495404395e-05 6.6303332484299985e-05 -8.3612431121948889e-05 -0.0004785500559443267 -0.00011740988118929117 0.0005587212283823486 0.00021599069896590528 -0.00019312806319791078 -0.00057463143828002613 0.00060214006785383283 -0.00063460411605276547 0.000227587322976304 0.00016600725197217072 -5.3396540484689307e-05 -0.00029234539061805538 1.7219308426186635e-05 -0.00026639091788334 -0.000273430918231344 -0.00027714376749024116 0.00025324786757060657 0.00064481013065638545 -1.8503566632300311e-05 -0.00027448849371394232 0.00012117867505012136 -0.00049110593045589802 0.00025249809846715103 0.00058219866543824804 -3.3726645637669191e-05 0.0004260407646719464
leaf_weight=8136 55521 18066 47739 10842 7822 54511 7608 12004 14706 5109 5633 5126 24844 77399 8490 5632 5407 5953 5861 9582 41801 5957 991645 35502 58414 8268 5577 5261 8551 6869
leaf_count=8136 55521 18066 47739 10842 7822 54511 7608 12004 14706 5109 5633 5126 24844 77399 8490 5632 5407 5953 5861 9582 41801 5957 991645 35502 58414 8268 5577 5261 8551 6869
internal_value=2.42501e-06 6.49062e-05 1.93154e-05 0.000206561 -2.90493e-06 3.01814e-05 0.000134877 -5.7007e-05 -6.39484e-06 6.62918e-05 9.66416e-05 -1.79783e-05 7.10589e-05 0.000165067 -0.000275235 -0.000197073 -1.59033e-05 0.000134843 -1.27347e-05 0.00010983 0.000188045 0.000293572 -1.88925e-05 -0.000113029 -1.07223e-05 -0.000291452 -2.14247e-05 0.000222381 -0.000247851 0.000144442
internal_weight=1.56384e+06 193366 146371 46995 138235 121862 55347 66515 1.37047e+06 158469 142151 53166 39550 88985 13616 16318 1.212e+06 83352 1.19833e+06 57244 47662 36153 1.14108e+06 91023 1.05006e+06 13675 11209 30196 16373 24935
internal_count=1563836 193366 146371 46995 138235 121862 55347 66515 1370470 158469 142151 53166 39550 88985 13616 16318 1212001 83352 1198326 57244 47662 36153 1141082 91023 1050059 13675 11209 30196 16373 24935
is_linear=0
shrinkage=0.003


Tree=224
num_leaves=17
num_cat=0
split_feature=3 43 74 1 33 7 58 30 59 30 72 72 38 75 42 88
split_gain=140.201 161.08 132.617 182.018 199.301 109.035 107.759 94.401 123.497 120.219 152.405 104.786 91.7717 76.0387 167.529 75.1331
threshold=1.5170898437500002 -0.87963867187499989 0.39074707031250006 0.085479736328125014 -0.28015136718749994 -0.017623901367187497 2.2099609375000004 0.73437500000000011 0.23870849609375003 0.57812500000000011 0.35070800781250006 0.33117675781250006 -0.41931152343749994 -0.063507080078124986 -0.0019693374633789058 0.0027485936880111699
decision_type=2 2 2 2 2 2 2 2 2 2 2 2 2 2 2 2
left_child=2 -2 6 12 -5 -3 7 9 -9 11 -11 -1 -4 -7 -15 -10
right_child=1 5 3 4 -6 13 -8 8 15 10 -12 -13 -14 14 -16 -17
leaf_value=3.3768466106381613e-05 -0.0006339386814469978 -0.00045695435693459275 -0.00035445179206427938 0.00014027562296458506 0.00090116615423134396 -0.00022539107506368817 0.00036198502549947785 0.00049161925568888261 0.00025622998535098713 -7.3324376581679988e-05 0.00030727910681294037 -2.300202331077025e-05 0.00018940483251575369 0.00047846406997184397 -0.00018293606430233513 -0.00012456251197667703
leaf_weight=601740 6046 5834 5011 7266 5360 8175 7160 7650 8154 291838 9689 569431 6061 6599 7018 10626
leaf_count=601740 6046 5834 5011 7266 5360 8175 7160 7650 8154 291838 9689 569431 6061 6599 7018 10626
internal_value=-3.33764e-06 -0.000194533 8.8264e-07 0.000223084 0.000467833 -9.64289e-05 -2.62777e-06 -4.39323e-06 0.000172971 -7.58785e-06 -6.09966e-05 6.16668e-06 -5.7705e-05 1.73491e-06 0.00013874 4.12534e-05
internal_weight=1.56366e+06 33672 1.52999e+06 23698 12626 27626 1.50629e+06 1.49913e+06 26430 1.4727e+06 301527 1.17117e+06 11072 21792 13617 18780
internal_count=1563658 33672 1529986 23698 12626 27626 1506288 1499128 26430 1472698 301527 1171171 11072 21792 13617 18780
is_linear=0
shrinkage=0.003


Tree=225
num_leaves=16
num_cat=0
split_feature=3 30 84 20 23 65 21 31 65 8 78 31 62 8 80
split_gain=113.65 100.013 85.2287 112.445 100.013 83.962 100.303 100.86 88.0805 187.846 76.4937 117.383 113.866 66.1155 59.9711
threshold=1.9155273437500002 0.73437500000000011 0.019420243799686435 0.60937500000000011 0.36315917968750006 0.030685424804687503 0.090545654296875014 0.073394775390625014 0.032241821289062507 -0.055511474609374993 0.68098849058151256 0.052734375000000007 -336.49999999999994 0.46545410156250006 -0.091811418533325181
decision_type=2 2 2 2 2 2 2 2 2 2 2 2 2 2 2
left_child=1 5 3 -3 -5 6 7 -1 9 -7 12 -12 -10 -11 -9
right_child=-2 2 -4 4 -6 8 -8 14 10 13 11 -13 -14 -15 -16
leaf_value=-0.00052116496158038234 -0.00032224809738085031 0.00051518434866144219 -0.00012914040567454829 -0.00018016425274350317 0.00038441052409592742 -0.00016729676447612617 0.00021551877290635913 5.1688797890295437e-05 -0.00017365104466806702 0.00069899755618504412 -0.00010833052723583062 2.3299808004655891e-05 -1.2897435657192334e-05 0.00021909541643109909 -0.00033192197059084104
leaf_weight=7684 9366 9611 5848 6204 5021 6814 5189 9216 46441 5384 64442 1102989 268224 5135 5968
leaf_count=7684 9366 9611 5848 6204 5021 6814 5189 9216 46441 5384 64442 1102989 268224 5135 5968
internal_value=5.47358e-06 7.46916e-06 0.000189204 0.000278743 7.35374e-05 4.28221e-06 -0.000158022 -0.000243352 7.32956e-06 0.00021933 4.8356e-06 1.60252e-05 -3.66705e-05 0.000468996 -0.000100273
internal_weight=1.56354e+06 1.55417e+06 26684 20836 11225 1.52749e+06 28057 22868 1.49943e+06 17333 1.4821e+06 1.16743e+06 314665 10519 15184
internal_count=1563536 1554170 26684 20836 11225 1527486 28057 22868 1499429 17333 1482096 1167431 314665 10519 15184
is_linear=0
shrinkage=0.003


Tree=226
num_leaves=29
num_cat=0
split_feature=41 58 8 11 48 8 36 1 88 89 85 88 88 80 63 57 84 66 75 66 41 43 36 67 66 56 42 36
split_gain=119.593 118.497 124.334 150.776 113.476 140.066 111.203 107.968 212.716 152.885 106.996 102.384 147.661 100.4 161.084 138.419 124.584 115.245 223.949 156.806 99.662 96.8582 95.2299 113.652 110.916 84.7867 83.4491 46.4955
threshold=0.093078613281250014 2.0888671875000004 0.97949218750000011 0.070220947265625014 15.511718750000002 0.26513671875000006 0.067047119140625014 0.10671997070312501 0.0026147523894906048 0.0010372502729296686 0.014886014163494112 0.0031078113242983822 0.0023546023294329648 -0.12749540805816648 -60.421874999999993 0.53637695312500011 0.033863574266433723 0.36682128906250006 -0.034927368164062493 1.1303710937500002 0.059616088867187507 -0.11666870117187499 0.051330566406250007 -31.007812499999996 -5.4316406249999991 0.41271972656250006 -0.0014176368713378904 0.074157714843750014
decision_type=2 2 2 2 2 2 2 2 2 2 2 2 2 2 2 2 2 2 2 2 2 2 2 2 2 2 2 2
left_child=4 10 22 -4 7 6 -6 13 9 25 11 12 27 14 15 -1 -16 18 -15 -19 -10 -8 -3 24 -24 -9 -22 -2
right_child=1 2 3 -5 5 -7 21 8 20 -11 -12 -13 -14 17 16 -17 -18 19 -20 -21 26 -23 23 -25 -26 -27 -28 -29
leaf_value=-0.00044579559766234038 -0.00045884360790869816 -0.00036731940277254975 -9.9843726149823471e-05 0.00052223936302312282 -0.00042262875299902699 -0.00063155271575188567 0.00027587121811177204 0.00016326103467815823 -0.00066201408850942651 0.00051457382657025988 -0.00060001741853205537 -0.00052360249250507792 0.00025986634793215041 6.2108490298008169e-06 0.00014034262429365473 2.7731310724361733e-05 0.00052186548505486774 0.00010581437676965604 -0.00015211658160944259 1.7984349469612379e-06 -5.6760153783116904e-06 -0.00023413247858122184 -0.00046742358938795659 0.00030999378540645249 -4.4835687431939504e-05 -0.00037160351070073937 -0.00043973356017660317 -6.6858155723347766e-05
leaf_weight=5871 5695 8506 6492 7456 5699 5035 8277 5449 5976 5600 5887 5096 8001 462301 77902 79806 8474 204230 97231 360709 8556 5492 5726 7697 139137 5048 7368 5213
leaf_count=5871 5695 8506 6492 7456 5699 5035 8277 5449 5976 5600 5887 5096 8001 462301 77902 79806 8474 204230 97231 360709 8556 5492 5726 7697 139137 5048 7368 5213
internal_value=9.8839e-07 -6.65553e-05 -3.66747e-05 0.000234045 1.11764e-05 -0.000190714 -7.40556e-05 1.48973e-05 -0.000142517 0.00011891 -0.000240797 -0.000150578 -4.78215e-05 1.95212e-05 8.69897e-05 -5.19892e-06 0.000178332 9.19123e-06 -2.13243e-05 3.94131e-05 -0.000334339 7.22261e-05 -6.02492e-05 -4.28991e-05 -6.18502e-05 -9.50344e-05 -0.000208004 -0.000273821
internal_weight=1.56393e+06 204906 175014 13948 1.35902e+06 24503 19468 1.33452e+06 37997 16097 29892 24005 18909 1.29652e+06 172053 85677 86376 1.12447e+06 559532 564939 21900 13769 161066 152560 144863 10497 15924 10908
internal_count=1563930 204906 175014 13948 1359024 24503 19468 1334521 37997 16097 29892 24005 18909 1296524 172053 85677 86376 1124471 559532 564939 21900 13769 161066 152560 144863 10497 15924 10908
is_linear=0
shrinkage=0.003


Tree=227
num_leaves=19
num_cat=0
split_feature=7 30 26 36 87 81 80 91 84 1 88 88 81 67 56 38 70 36
split_gain=128.79 132.117 136.341 105.451 103.238 103.033 137.742 118.209 103.146 99.0049 124.765 144.624 98.2239 95.3866 89.5773 84.2221 158.434 142.744
threshold=0.026695251464843753 0.76562500000000011 0.076446533203125014 0.12286376953125001 0.0056057404726743707 -0.0024401745758950706 -0.074110209941864 -1.173075199127197 0.030246302485466007 0.10815429687500001 0.0026551624760031704 0.0021327915601432328 -0.0077107250690460196 -49.109374999999993 0.39147949218750006 0.64233398437500011 0.24127197265625003 0.085479736328125014
decision_type=2 2 2 2 2 2 2 2 2 2 2 2 2 2 2 2 2 2
left_child=1 3 -3 9 5 6 7 8 -2 15 11 -11 -9 -8 -12 17 -17 -1
right_child=4 2 -4 -5 -6 -7 13 12 -10 10 14 -13 -14 -15 -16 16 -18 -19
leaf_value=-4.7672089692234563e-06 0.0001419054115384584 0.00060360194196740799 -5.2131298417630402e-05 0.00041268339233039631 -0.00026936868611328145 -0.00017397156880658151 0.0007178861882547082 0.00032917333927865214 -0.00044828811284438567 -0.00028019316103096697 -0.0006290944454008364 0.000292476318888094 -8.5150443014241973e-05 0.00020443108476109358 -0.00018543796671866239 -6.5770610147916555e-05 0.00033839523771806834 0.00010525050629768741
leaf_weight=1060164 5397 6377 5075 5269 5162 6842 6974 20700 5096 7256 6084 8521 6797 6237 12535 262569 8931 117847
leaf_count=1060164 5397 6377 5075 5269 5162 6842 6974 20700 5096 7256 6084 8521 6797 6237 12535 262569 8931 117847
internal_value=1.07488e-06 -4.51642e-06 0.000315075 -6.99512e-06 0.000133622 0.000169863 0.00021606 0.000123662 -0.000146252 -8.51301e-06 -0.000167352 2.8994e-05 0.000226819 0.000478838 -0.000332995 -4.73256e-06 -5.23559e-05 6.24685e-06
internal_weight=1.56383e+06 1.50063e+06 11452 1.48918e+06 63205 58043 51201 37990 10493 1.48391e+06 34396 15777 27497 13211 18619 1.44951e+06 271500 1.17801e+06
internal_count=1563833 1500628 11452 1489176 63205 58043 51201 37990 10493 1483907 34396 15777 27497 13211 18619 1449511 271500 1178011
is_linear=0
shrinkage=0.003


Tree=228
num_leaves=31
num_cat=0
split_feature=33 91 16 31 66 31 41 72 18 7 23 6 6 21 38 7 87 35 58 23 74 31 46 46 31 13 18 82 38 78
split_gain=173.009 157.109 147.544 173.471 181.579 197.029 151.581 168.942 114.81 113.393 160.537 139.304 136.339 133.445 124.779 110.943 108.802 106.525 102.491 101.483 86.0342 93.0668 138.144 136.761 95.7935 91.4495 78.6436 78.4007 75.7808 71.3927
threshold=-1.3242187499999998 -1.7220196723937986 0.056686401367187507 0.063201904296875014 1.7866210937500002 0.069793701171875014 0.084991455078125014 0.32116699218750006 -0.57592773437499989 0.0073585510253906259 -0.70629882812499989 0.11184692382812501 0.067047119140625014 0.063934326171875014 -0.99951171874999989 -0.0095558166503906233 0.0010673629585653546 0.20312500000000003 2.0244140625000004 0.26513671875000006 0.37561035156250006 0.044799804687500007 0.32507324218750006 0.34362792968750006 0.050582885742187507 0.49877929687500006 0.49877929687500006 -0.12269791960716246 0.26318359375000006 0.69169858098030101
decision_type=2 2 2 2 2 2 2 2 2 2 2 2 2 2 2 2 2 2 2 2 2 2 2 2 2 2 2 2 2 2
left_child=20 2 27 6 5 -5 7 -4 -8 12 11 14 17 29 -11 -14 -15 -3 -19 -17 21 23 24 25 -23 28 -22 -2 -1 -12
right_child=1 9 3 4 -6 -7 8 -9 -10 10 13 -13 15 16 -16 19 -18 18 -20 -21 26 22 -24 -25 -26 -27 -28 -29 -30 -31
leaf_value=7.1595970418609749e-05 5.7307709476904952e-05 -0.00027753049221326121 -0.00039043571854956811 0.0002970422424573016 0.00076597146296836563 -1.3733458154554685e-05 0.00059974083715608249 1.8704131697453099e-05 0.00010748141217624552 0.00050912913319207237 -0.00056041503311091308 0.00063538017058055809 -0.00036776356556071426 0.00019270192484213228 8.9338511053937535e-05 -9.7923694340286334e-06 6.4533220193493105e-06 -0.00036871573509658775 4.7812500394152054e-05 -9.1947226699136208e-05 -0.00014781973006238632 -0.00058517236809864229 6.1805657289277024e-05 -0.0003595281326932131 -7.441819576976889e-05 -0.00014624908406235242 -0.00066199017130867557 -0.00035026795432922689 0.00056857516478590355 -9.2900062838598116e-05
leaf_weight=5277 7582 9659 11612 49481 5018 29144 5169 40431 22722 6961 5137 5170 9343 31208 66289 368920 287112 5310 311261 213638 5617 9530 9011 5589 5081 5182 5149 9488 5769 6813
leaf_count=5277 7582 9659 11612 49481 5018 29144 5169 40431 22722 6961 5137 5170 9343 31208 66289 368920 287112 5310 311261 213638 5617 9530 9011 5589 5081 5182 5149 9488 5769 6813
internal_value=5.6797e-06 1.17774e-05 9.47536e-05 0.000122464 0.000217884 0.000181976 2.24691e-05 -7.31582e-05 0.000200528 4.73855e-07 4.20362e-05 0.000163965 -1.80295e-05 1.30444e-05 0.000129871 -4.51671e-05 2.47679e-05 3.1207e-05 4.07116e-05 -3.99311e-05 -0.000157596 -9.99926e-05 -0.000230067 4.12509e-05 -0.00040927 0.000180638 -0.000397559 -0.000169955 0.000333926 -0.000296856
internal_weight=1.56367e+06 1.50747e+06 180647 163577 83643 78625 79934 52043 27891 1.32682e+06 408690 78420 918131 330270 73250 591901 318320 326230 316571 582558 56205 45439 23622 21817 14611 16228 10766 17070 11046 11950
internal_count=1563673 1507468 180647 163577 83643 78625 79934 52043 27891 1326821 408690 78420 918131 330270 73250 591901 318320 326230 316571 582558 56205 45439 23622 21817 14611 16228 10766 17070 11046 11950
is_linear=0
shrinkage=0.003


Tree=229
num_leaves=31
num_cat=0
split_feature=8 90 89 79 8 38 57 43 47 21 88 75 18 21 60 82 66 21 1 66 72 81 69 62 35 1 75 82 59 47
split_gain=109.311 141.534 228.207 187.025 165.03 177.863 128.713 128.356 226.718 176.76 130.004 150.855 125.956 152.111 124.911 165.184 124.715 189.023 123.455 119.42 169.522 106.399 152.983 111.795 96.4122 97.9022 95.9387 92.9096 90.0516 87.3211
threshold=1.1069335937500002 0.059705913066864021 0.0013184202834963801 0.30916458368301397 1.1962890625000002 -0.82324218749999989 0.54418945312500011 0.84033203125000011 0.20587158203125003 0.091064453125000014 0.0037184823304414753 -0.024696350097656247 0.42199707031250006 0.10955810546875001 21.500000000000004 -0.037158414721488946 0.38244628906250006 0.079315185546875014 0.058944702148437507 4.3066406250000009 0.32531738281250006 -0.0068044066429138175 0.29821777343750006 -412.49999999999994 0.20312500000000003 0.054428100585937507 -0.041183471679687493 -0.091365098953247056 0.24456787109375003 0.19891357421875003
decision_type=2 2 2 2 2 2 2 2 2 2 2 2 2 2 2 2 2 2 2 2 2 2 2 2 2 2 2 2 2 2
left_child=6 2 21 -4 -3 -6 12 8 29 10 11 -9 14 19 24 -16 18 -18 -10 20 -14 22 23 -2 26 -26 -1 -24 -21 -8
right_child=1 4 3 -5 5 -7 7 9 16 -11 -12 -13 13 -15 15 -17 17 -19 -20 28 -22 -23 27 -25 25 -27 -28 -29 -30 -31
leaf_value=-3.237438782563282e-05 0.00026163784489833397 0.00037225504972514885 0.00010700434408205809 0.0008599389675585993 -0.00058753952377252447 -2.4920481940360502e-05 0.00017146722930383128 3.1645336244047734e-05 -0.00012782293565021411 -0.00043068573740491858 -0.0004302557209714575 -0.00045774576390631084 0.00029803807969809945 -0.00042410055351438283 0.0006523193701961791 -6.5643723558879893e-05 4.6865477391990264e-05 0.00030582810433737312 3.0083685295636901e-05 -0.00050398117799316515 2.0259030397271763e-05 -0.00027860925323679024 0.00019921874368153625 -0.00017246222474074532 -0.00031566842574478704 -5.2456983341899519e-05 -0.00053890321295626154 0.0006432549222296491 -1.8009933748071939e-05 0.00069621650674044663
leaf_weight=6059 7558 5823 5215 6894 6972 17783 5327 90085 51725 10712 6636 5949 21319 6751 5012 6580 94967 34538 317815 6324 257568 6235 25257 17544 12957 497670 7508 5048 7384 6267
leaf_count=6059 7558 5823 5215 6894 6972 17783 5327 90085 51725 10712 6636 5949 21319 6751 5012 6580 94967 34538 317815 6324 257568 6235 25257 17544 12957 497670 7508 5048 7384 6267
internal_value=-4.36541e-07 9.33271e-05 0.000164411 0.000539204 -7.80972e-05 -0.000185103 -7.14655e-06 2.54468e-05 4.57213e-05 -6.58232e-05 -2.73735e-05 8.845e-07 -3.15008e-05 1.77859e-05 -5.90357e-05 0.000247704 3.60382e-05 0.000116112 7.95269e-06 2.81229e-05 4.15926e-05 9.00323e-05 0.000131943 -4.12388e-05 -6.58649e-05 -5.91964e-05 -0.00031458 0.000275056 -0.000244232 0.000458642
internal_weight=1.56348e+06 104329 73751 12109 30578 24755 1.45915e+06 624021 510639 113382 102670 96034 835132 299346 535786 11592 499045 129505 369540 292595 278887 61642 55407 25102 524194 510627 13567 30305 13708 11594
internal_count=1563482 104329 73751 12109 30578 24755 1459153 624021 510639 113382 102670 96034 835132 299346 535786 11592 499045 129505 369540 292595 278887 61642 55407 25102 524194 510627 13567 30305 13708 11594
is_linear=0
shrinkage=0.003


Tree=230
num_leaves=27
num_cat=0
split_feature=45 6 73 17 62 77 74 70 33 7 72 81 70 35 0 69 43 60 81 42 72 27 31 61 88 90
split_gain=92.9114 194.696 139.786 147.275 138.008 117.991 101.012 98.6275 94.738 137.085 223.373 166.35 111.938 108.15 94.5972 132.198 121.063 110.52 92.1705 90.599 89.119 83.1996 81.0224 74.4029 69.0999 27.6413
threshold=2.6406250000000004 0.085601806640625014 0.30603027343750006 -0.0023746490478515621 -518.49999999999989 0.41103272140026098 0.33972167968750006 0.11892700195312501 -1.3242187499999998 -0.0040264129638671866 0.32873535156250006 -0.0057152798399329177 0.15704345703125003 0.29687500000000006 0.73437500000000011 0.18096923828125003 -0.49194335937499994 21.500000000000004 -0.055693686008453362 -0.00091147422790527333 0.33142089843750006 0.0049114227294921884 0.066070556640625014 -0.38879394531249994 0.0026818523183465008 0.0080841220915317553
decision_type=2 2 2 2 2 2 2 2 2 2 2 2 2 2 2 2 2 2 2 2 2 2 2 2 2 2
left_child=4 2 3 18 5 -1 7 -7 9 10 -6 12 -11 -13 15 21 -16 -17 -2 25 -4 -10 -21 -22 -18 -8
right_child=1 -3 20 -5 8 6 19 -9 14 11 -12 13 -14 -15 16 17 24 -19 -20 22 23 -23 -24 -25 -26 -27
leaf_value=-0.00016304361103042876 0.00021140068561144223 -0.0006538219442581251 0.00042008111695546961 -0.00058309015251708867 7.3086091591686964e-05 0.00073524036216347116 0.00020783308853180449 0.00018521457654310436 0.00058612925303618653 -2.3447347834496623e-05 -0.00065722545316407202 -9.1037703009668602e-05 -0.00051678681684204396 0.00045361068492302619 0.00016004077250885123 6.5096789163943627e-07 -9.7215046169440866e-05 0.00025828637875844712 -0.00031160469960418079 -7.4563553489956474e-05 0.00020855598161723088 7.8193839335542314e-05 0.00023881133615526168 -0.0002594944076782149 -0.00051493708722953906 0.000525973683884067
leaf_weight=9574 6338 5590 6159 6912 6283 5420 5063 6460 5539 10915 9253 5499 6578 7932 5995 1363922 6128 15052 5635 19211 6134 6054 11970 5898 8608 5108
leaf_count=9574 6338 5590 6159 6912 6283 5420 5063 6460 5539 10915 9253 5499 6578 7932 5995 1363922 6128 15052 5635 19211 6134 6054 11970 5898 8608 5108
internal_value=8.35877e-07 -0.00013707 -5.76099e-05 -0.000237803 4.71419e-06 0.000142294 0.000197413 0.000440195 -1.22263e-06 -0.000134369 -0.000363298 -1.85564e-05 -0.000210844 0.000231593 3.16976e-06 6.17537e-06 -0.000197498 3.48168e-06 -3.52899e-05 0.00012677 0.000129735 0.000323817 4.6116e-05 -2.11267e-05 -0.000343053 0.000371173
internal_weight=1.56323e+06 42666 37076 18885 1.52056e+06 62806 53232 11880 1.45776e+06 46460 15536 30924 17493 13431 1.4113e+06 1.39057e+06 20731 1.37897e+06 11973 41352 18191 11593 31181 12032 14736 10171
internal_count=1563230 42666 37076 18885 1520564 62806 53232 11880 1457758 46460 15536 30924 17493 13431 1411298 1390567 20731 1378974 11973 41352 18191 11593 31181 12032 14736 10171
is_linear=0
shrinkage=0.003


Tree=231
num_leaves=31
num_cat=0
split_feature=7 38 20 3 38 45 56 80 82 60 38 7 6 75 66 75 6 6 45 1 15 47 23 75 36 25 77 41 33 80
split_gain=100.28 145.096 145.96 168.273 135.952 136.29 146.659 142.323 141.525 110.217 135.847 183.818 130.675 197.518 155.972 145.647 130.387 141.966 121.028 112.288 102.882 99.3836 97.6573 83.0082 79.1779 76.1834 74.8431 66.5001 62.856 60.8469
threshold=0.0055751800537109384 0.60205078125000011 0.57812500000000011 0.55786132812500011 0.56884765625000011 2.6406250000000004 0.37829589843750006 -0.036192901432514184 -0.098956584930419908 16.500000000000004 -0.26550292968749994 -0.011432647705078123 0.078155517578125014 -0.062652587890624986 1.1762695312500002 -0.061935424804687493 0.078979492187500014 0.079498291015625014 1.2343750000000002 0.058944702148437507 0.57812500000000011 0.21942138671875003 0.48364257812500006 -0.047042846679687493 0.056640625000000007 0.67187500000000011 0.41947063803672796 0.078521728515625014 -0.76318359374999989 -0.017628572881221768
decision_type=2 2 2 2 2 2 2 2 2 2 2 2 2 2 2 2 2 2 2 2 2 2 2 2 2 2 2 2 2 2
left_child=9 4 3 20 5 6 8 -8 -2 12 22 -12 13 28 18 -14 27 -18 -15 -16 21 -3 24 -4 -11 -13 -5 -17 -1 -26
right_child=1 2 23 26 -6 -7 7 -9 -10 10 11 25 15 14 19 16 17 -19 -20 -21 -22 -23 -24 -25 29 -27 -28 -29 -30 -31
leaf_value=-0.0001671300490943557 8.4573234920576391e-05 0.00019270204368813612 -0.00012594332691671977 -0.00059420328137091145 0.0004525766957846584 -0.0003335685243715211 4.8284055498920273e-05 -0.00013002542088152411 0.00034388246339632202 0.00017005805718507607 0.00076502825385216429 -0.00013115483235482593 0.00038878891362049273 0.00015014306777566487 0.00011876718129763031 -0.00015606555415164701 0.00016029863692396104 -0.0001140120113185364 3.2754031637913182e-06 -0.00011160825083431566 -0.00031207028072980758 -4.706845129938096e-05 0.00028218393668507822 -0.00062185159380815378 -0.00049415897710331034 0.00035919532953356415 -0.00015240977544835131 -0.00041752535786687418 -0.00063027418378964648 -7.4405644845183425e-05
leaf_weight=5062 67836 30153 5976 5545 7405 8283 283653 46856 26237 5477 5774 5758 5197 55391 21563 18976 19758 117421 561294 158170 6987 31967 7184 6215 5474 5475 9138 16472 5635 7122
leaf_count=5062 67836 30153 5976 5545 7405 8283 283653 46856 26237 5477 5774 5758 5197 55391 21563 18976 19758 117421 561294 158170 6987 31967 7184 6215 5474 5475 9138 16472 5635 7122
internal_value=-4.06671e-06 2.9183e-05 -7.64525e-05 -3.16296e-05 5.22242e-05 4.52724e-05 5.27399e-05 2.29736e-05 0.000157183 -2.14259e-05 0.000128412 0.000334833 -2.78678e-05 -1.16429e-05 -6.17815e-06 -0.000101462 -0.000116438 -7.44148e-05 1.64893e-05 -8.39189e-05 3.04713e-05 6.94386e-05 -1.13562e-05 -0.000381761 -0.000128949 0.000108904 -0.000322143 -0.000278394 -0.000414684 -0.000259278
internal_weight=1.56345e+06 536251 95981 83790 440270 432865 424582 330509 94073 1.0272e+06 42264 17007 984939 807115 796418 177824 172627 137179 616685 179733 69107 62120 25257 12191 18073 11233 14683 35448 10697 12596
internal_count=1563454 536251 95981 83790 440270 432865 424582 330509 94073 1027203 42264 17007 984939 807115 796418 177824 172627 137179 616685 179733 69107 62120 25257 12191 18073 11233 14683 35448 10697 12596
is_linear=0
shrinkage=0.003


Tree=232
num_leaves=31
num_cat=0
split_feature=41 2 77 21 0 78 48 48 1 88 30 66 41 66 11 89 67 90 36 85 18 57 60 56 56 43 28 88 23 57
split_gain=112.048 129.935 132.153 120.035 119.239 117.293 129.31 109.602 126.692 137.839 138.131 113.454 186.758 112.171 109.461 180.566 125.412 103.392 100.112 93.3199 90.7001 147.374 116.664 84.8273 110.339 85.0498 84.6463 131.985 123.567 82.5389
threshold=0.093078613281250014 -0.010585784912109373 0.41536614298820501 0.089202880859375014 0.32812500000000006 0.7011631727218629 12.167968750000002 7.6972656250000009 0.10610961914062501 0.0026147523894906048 0.39062500000000006 0.36682128906250006 0.061553955078125007 1.2963867187500002 0.081115722656250014 0.0012343986891210081 -63.609374999999993 0.25796312093734747 0.075958251953125014 0.017285611480474476 0.43041992187500006 0.54418945312500011 -18.499999999999996 0.38415527343750006 0.37194824218750006 1.1689453125000002 -0.24426269531249997 0.0022991672158241276 -0.60888671874999989 0.50708007812500011
decision_type=2 2 2 2 2 2 2 2 2 2 2 2 2 2 2 2 2 2 2 2 2 2 2 2 2 2 2 2 2 2
left_child=7 3 4 23 -3 14 -7 13 17 10 -10 -11 -13 29 15 -4 -16 20 19 -19 21 -9 -22 24 25 -2 27 -6 -28 -1
right_child=1 2 5 -5 26 6 -8 8 9 11 -12 12 -14 -15 16 -17 -18 18 -20 -21 22 -23 -24 -25 -26 -27 28 -29 -30 -31
leaf_value=0.00059129699422396981 -0.00026714128760276705 0.00015454367197654099 -0.00026606521795382004 -0.00043580113531529216 -0.00030702627470593791 7.8565721381747947e-05 0.00058034365795416563 -4.1901541588079367e-05 -0.00017092221869027531 -0.00070858564833549474 0.00039804335365300011 -0.00060548763536450508 4.9017189368860675e-05 -3.8291374619533606e-05 0.00035413156331175069 0.0001331843683507436 -1.6090672599463911e-05 0.00049830035552786715 -0.00011927446606558121 6.4795644231887772e-05 -0.00031915678996850946 3.4526822843702728e-05 5.7161695195502013e-05 -0.00039506578966207694 0.00029395939743177732 3.8267901529723722e-05 -8.7098639092164455e-05 0.00030085704065406851 -0.00052508053846405409 0.00010285345652468845
leaf_weight=7793 17577 9215 25914 12950 6924 13920 6849 495637 9937 5055 6122 6182 10416 8907 12638 16686 23271 10590 6325 7738 7475 418878 353198 7763 6715 15276 10407 5828 13123 5224
leaf_count=7793 17577 9215 25914 12950 6924 13920 6849 495637 9937 5055 6122 6182 10416 8907 12638 16686 23271 10590 6325 7738 7475 418878 353198 7763 6715 15276 10407 5828 13123 5224
internal_value=1.34031e-06 -6.40124e-05 -1.52435e-05 -0.00018092 -0.000148952 4.61207e-05 0.000246025 1.12017e-05 7.74476e-06 -0.000163437 4.70994e-05 -0.000319081 -0.000196922 0.000221114 -7.00829e-06 -0.000109737 0.000114829 1.27234e-05 0.000204757 0.000316621 8.99509e-06 -6.89489e-06 4.92761e-05 -0.000110411 -5.37087e-05 -0.000125447 -0.000226248 -2.90283e-05 -0.000332555 0.000397553
internal_weight=1.56453e+06 205056 144775 60281 45497 99278 20769 1.35948e+06 1.33755e+06 37712 16059 21653 16598 21924 78509 42600 35909 1.29984e+06 24653 18328 1.27519e+06 914515 360673 47331 39568 32853 36282 12752 23530 13017
internal_count=1564533 205056 144775 60281 45497 99278 20769 1359477 1337553 37712 16059 21653 16598 21924 78509 42600 35909 1299841 24653 18328 1275188 914515 360673 47331 39568 32853 36282 12752 23530 13017
is_linear=0
shrinkage=0.003


Tree=233
num_leaves=24
num_cat=0
split_feature=74 30 75 21 3 16 77 82 50 59 12 3 88 84 60 62 58 36 46 36 0 75 59
split_gain=171.022 119.344 198.841 112.605 170.249 97.7783 128.449 130.467 95.5439 139.243 133.133 118.828 141.611 163.558 118.488 116.429 113.86 100.547 159.278 90.6214 86.2346 79.5412 51.651
threshold=0.31726074218750006 0.73437500000000011 -0.034805297851562493 0.053359985351562507 0.23748779296875003 0.074432373046875014 0.40885013341903692 -0.1359867453575134 0.33532714843750006 0.28674316406250006 0.016235351562500003 0.92260742187500011 0.0043778819963336 0.032272987067699439 16.500000000000004 -118.49999999999999 2.1767578125000004 0.081115722656250014 0.28234863281250006 0.090240478515625014 0.67187500000000011 -0.059524536132812493 0.25524902343750006
decision_type=2 2 2 2 2 2 2 2 2 2 2 2 2 2 2 2 2 2 2 2 2 2 2
left_child=3 8 20 19 5 6 7 -5 11 10 15 12 13 -2 -14 -10 -12 21 -19 -1 -3 -13 -4
right_child=1 2 22 4 -6 -7 -8 -9 9 -11 16 17 14 -15 -16 -17 -18 18 -20 -21 -22 -23 -24
leaf_value=0.00026373810563003224 -4.3368165534508378e-05 0.0006423995522327556 -0.00024023686777679807 -0.00024695422931021206 -0.0006955320291357008 0.00010301958812539653 -0.00058654826532037602 0.00028915965869362215 5.8000605529380634e-06 0.00039165935756347176 -7.1131018066430751e-05 0.00023835506469110983 -0.00053895259720737013 0.00014651875129003785 4.4026504141232641e-05 -0.00015630641664018228 -0.00036397669361980532 5.9112831843484949e-05 -0.00059685755671444029 -0.00021552648862809625 0.00014691737716538566 -0.00011471082652966076 0.0001452215527973406
leaf_weight=8844 54884 8401 6855 18943 5987 9833 7242 5111 1021377 7639 128388 8870 5815 158833 6653 41395 13088 5905 7495 5795 5150 15863 5597
leaf_count=8844 54884 8401 6855 18943 5987 9833 7242 5111 1021377 7639 128388 8870 5815 158833 6653 41395 13088 5905 7495 5795 5150 15863 5597
internal_value=-1.00072e-06 5.36458e-06 0.000206445 -0.000155597 -0.000226889 -0.000157149 -0.00023896 -0.000132315 1.80885e-06 -9.46368e-06 -1.20405e-05 5.3477e-05 7.95966e-05 9.7757e-05 -0.000229996 -5.28103e-07 -9.84602e-05 -0.000101254 -0.000309493 7.38412e-05 0.000456549 1.23592e-05 -6.72021e-05
internal_weight=1.56396e+06 1.50221e+06 26003 61755 47116 41129 31296 24054 1.4762e+06 1.21189e+06 1.20425e+06 264318 226185 213717 12468 1.06277e+06 141476 38133 13400 14639 13551 24733 12452
internal_count=1563963 1502208 26003 61755 47116 41129 31296 24054 1476205 1211887 1204248 264318 226185 213717 12468 1062772 141476 38133 13400 14639 13551 24733 12452
is_linear=0
shrinkage=0.003


Tree=234
num_leaves=31
num_cat=0
split_feature=18 21 70 66 36 62 3 77 21 46 23 61 66 65 84 45 46 65 65 65 2 23 74 62 10 7 18 65 38 70
split_gain=92.3462 148.992 152.255 150.887 125.895 165.995 114.936 109.972 120.211 110.946 100.785 96.4537 148.325 128.238 237.348 116.417 190.511 110.619 110.165 175.823 128.601 120.762 114.98 103.701 132.972 117.868 99.1929 94.8435 90.8946 69.5306
threshold=0.41247558593750006 0.10955810546875001 0.13189697265625003 4.3066406250000009 0.083160400390625014 -400.49999999999994 -1.3212890624999998 0.43871092796325689 0.085662841796875014 0.31188964843750006 -0.27819824218749994 6.0683593750000009 1.0859375000000002 0.090057373046875014 0.036238275468349464 1.2656250000000002 0.31701660156250006 0.095855712890625014 0.072479248046875014 0.078826904296875014 -0.018539428710937497 1.0029296875000002 0.31530761718750006 -180.49999999999997 0.45312500000000006 0.0077114105224609384 -0.70971679687499989 0.040634155273437507 0.65209960937500011 0.12222290039062501
decision_type=2 2 2 2 2 2 2 2 2 2 2 2 2 2 2 2 2 2 2 2 2 2 2 2 2 2 2 2 2 2
left_child=11 2 7 4 5 -4 -6 9 27 -2 -5 12 18 23 -15 -13 -17 -16 20 26 22 -22 -1 25 -25 -14 -20 -9 -21 -10
right_child=1 -3 3 10 6 -7 -8 8 29 -11 -12 15 13 14 17 16 -18 -19 19 28 21 -23 -24 24 -26 -27 -28 -29 -30 -31
leaf_value=-0.00057101357603682088 0.00040551992506895874 -0.00038318370981621985 0.00052760528419599974 -0.00049283112907451204 -0.00038985047904993201 0.00010251533147780465 1.81440599906662e-05 -7.5654748591042241e-05 -5.5096600198125462e-05 -8.3009358038941097e-05 -1.1197366142647918e-05 -0.0001040801678864538 -0.00012044255217254469 0.00045900700964595118 0.00015133702497122179 0.00072835827934804385 1.2472592810959933e-05 -0.00032174575678365963 2.2439596226569791e-05 -0.00031852084440046928 -1.3687792722609777e-05 0.00012562828167055618 -0.00010403554470953546 -0.00014895960037329708 -0.00051416200352824213 4.4808339395884527e-05 0.00043443601148590089 -0.00030587362767698972 0.00016665689964665871 0.00040547628912702993
leaf_weight=5068 7976 7660 8500 6788 6553 219076 94139 42693 6127 8623 9056 8211 134836 10568 8083 6203 7138 9671 7683 8175 652682 61152 59336 49514 10906 54489 16651 25853 5908 5552
leaf_count=5068 7976 7660 8500 6788 6553 219076 94139 42693 6127 8623 9056 8211 134836 10568 8083 6203 7138 9671 7683 8175 652682 61152 59336 49514 10906 54489 16651 25853 5908 5552
internal_value=-7.43118e-06 2.89184e-05 3.61628e-05 6.57309e-05 7.95525e-05 0.000118617 -8.76852e-06 -6.88816e-05 -0.000114873 0.000152757 -0.000219339 -2.20402e-05 -2.59597e-05 -8.57903e-05 0.000105246 0.000176247 0.000348272 -0.00010672 -5.57966e-06 0.000151035 -1.33292e-05 -1.73708e-06 -0.000141611 -0.000107488 -0.00021562 -7.28837e-05 0.00030498 -0.000162804 -0.000115243 0.000165436
internal_weight=1.56487e+06 448596 440936 344112 328268 227576 100692 96824 80225 16599 15844 1.11627e+06 1.09472e+06 278067 28322 21552 13341 17754 816655 38417 778238 713834 64404 249745 60420 189325 24334 68546 14083 11679
internal_count=1564870 448596 440936 344112 328268 227576 100692 96824 80225 16599 15844 1116274 1094722 278067 28322 21552 13341 17754 816655 38417 778238 713834 64404 249745 60420 189325 24334 68546 14083 11679
is_linear=0
shrinkage=0.003


Tree=235
num_leaves=28
num_cat=0
split_feature=74 74 73 33 3 80 80 82 76 73 58 67 21 82 82 32 35 87 10 18 75 87 82 65 38 38 80
split_gain=109.03 97.6607 104.016 165.293 116.681 299.49 160.029 147.937 149.862 125.051 121.183 107.974 144.907 103.064 117.738 175.171 146.935 123.526 122.038 90.1325 127.169 89.4448 87.7423 83.5649 79.7726 101.516 57.1725
threshold=0.32434082031250006 0.33337402343750006 0.29382324218750006 0.73120117187500011 -0.78051757812499989 -0.054650723934173577 -0.045004889369010918 -0.094814926385879503 0.016330718994140628 0.33361816406250006 2.0537109375000004 -69.593749999999986 0.061050415039062507 -0.043923281133174889 -0.077324807643890367 -0.0069446563720703116 0.42187500000000006 0.0044277682900428781 0.23437500000000003 -1.3559570312499998 -0.034805297851562493 0.00472974218428135 -0.077324807643890367 0.10235595703125001 1.4731445312500002 1.1899414062500002 -0.036192901432514184
decision_type=2 2 2 2 2 2 2 2 2 2 2 2 2 2 2 2 2 2 2 2 2 2 2 2 2 2 2
left_child=19 13 3 11 5 10 -7 9 -9 -6 -4 21 -13 14 16 -16 18 -18 -2 20 -1 -3 23 24 25 -21 -17
right_child=1 2 4 -5 7 6 -8 8 -10 -11 -12 12 -14 -15 15 26 17 -19 -20 22 -22 -23 -24 -25 -26 -27 -28
leaf_value=-0.00020492530500848544 -0.00012246967773064379 -0.00012439815122104722 -0.00054841103926997318 0.00038419888063497497 4.1855027681035007e-05 0.00046653368603191366 2.3767624490365359e-05 -0.0005049500143285042 -1.5683578089353621e-05 0.00033198371662361792 -0.00012396774320797325 -0.00064602093971635668 -0.00016223041209132084 -0.00033931749503912797 0.0007889755151978228 0.00033244973326652824 -0.00018030377093492146 6.9196669428534083e-05 0.00026442629184416641 -0.00011873000048850322 0.00038436894712260891 0.00029013792544723332 0.00017810140594058034 -0.00051651332567656701 0.00015496901306953569 -0.00049690635463175514 -0.00011691674760609959
leaf_weight=5523 8948 25969 6320 5218 506606 11222 20957 5592 557994 13636 109942 7953 18425 5053 5101 5012 27219 51478 39416 79658 7897 5613 8246 5008 8439 6863 5004
leaf_count=5523 8948 25969 6320 5218 506606 11222 20957 5592 557994 13636 109942 7953 18425 5053 5101 5012 27219 51478 39416 79658 7897 5613 8246 5008 8439 6863 5004
internal_value=-2.80193e-06 4.47289e-06 -3.85056e-06 -0.000122474 2.24068e-06 -7.66111e-05 0.000179143 1.30463e-05 -2.06269e-05 4.95219e-05 -0.000147492 -0.000168672 -0.000309983 7.76617e-05 9.27091e-05 0.000342131 6.27887e-05 -1.72176e-05 0.00019274 -8.902e-05 0.000142123 -5.00403e-05 -0.00011779 -0.00014235 -0.000122095 -0.000149267 0.000109009
internal_weight=1.56431e+06 1.44268e+06 1.29545e+06 63178 1.23227e+06 148441 32179 1.08383e+06 563586 520242 116262 57960 26378 147231 142178 15117 127061 78697 48364 121634 13420 31582 108214 99968 94960 86521 10016
internal_count=1564312 1442678 1295447 63178 1232269 148441 32179 1083828 563586 520242 116262 57960 26378 147231 142178 15117 127061 78697 48364 121634 13420 31582 108214 99968 94960 86521 10016
is_linear=0
shrinkage=0.003


Tree=236
num_leaves=30
num_cat=0
split_feature=20 38 62 86 30 87 59 5 91 42 3 36 69 43 82 69 62 8 42 20 3 59 71 31 32 87 16 31 62
split_gain=111.691 121.012 161.489 105.054 148.387 119.59 120.313 124.573 216.907 128.952 112.143 109.933 142.24 107.033 123.198 156.499 103.9 103.535 101.975 96.8448 87.303 83.7683 83.3229 129.959 75.5088 71.1524 82.4022 63.681 58.3494
threshold=0.73437500000000011 0.19451904296875003 -390.49999999999994 0.0026913685724139218 0.35937500000000006 0.0014360784552991392 0.20306396484375003 0.39062500000000006 -1.6488740444183347 -0.0025234222412109371 -1.6596679687499998 0.070709228515625014 0.34924316406250006 0.87719726562500011 -0.093952953815460191 0.40734863281250006 -450.49999999999994 0.049819946289062507 -0.028091430664062497 0.32812500000000006 -1.4497070312499998 0.19830322265625003 2.0322265625000004 0.10815429687500001 0.0040378570556640634 0.00076336436904966842 0.069030761718750014 0.070709228515625014 -144.49999999999997
decision_type=2 2 2 2 2 2 2 2 2 2 2 2 2 2 2 2 2 2 2 2 2 2 2 2 2 2 2 2 2
left_child=3 2 16 4 13 11 7 8 -7 -9 24 12 -5 14 15 -1 -2 27 -16 21 -12 -15 25 -24 -8 -6 -27 -13 -19
right_child=1 -3 -4 5 22 6 10 9 -10 -11 20 17 -14 19 18 -17 -18 28 -20 -21 -22 -23 23 -25 -26 26 -28 -29 -30
leaf_value=8.982696386028174e-05 8.7648861289200345e-05 0.00048620821869251556 0.00043274465855101059 0.00035752665744629938 0.00067942856781274131 -0.00032571452225760175 -0.000501289444675111 -1.2270901340288159e-05 0.00012249453473102022 0.00021800485130440259 0.00022736411558494922 -0.00017872917829466262 -0.00024318521450512036 -0.00034653606452014014 0.0002592356630871373 0.00053752326632166712 -0.00046370242890317705 0.00010932985439225886 -0.00014582396942008501 -0.0005039718806155594 -1.1555954143088993e-05 0.00010741021859296998 0.0003658978816654909 -0.00027359027737301197 -5.2534248951564166e-05 -3.0111623877217333e-05 0.00043996308450448466 -0.0005578861033886446 -0.00030484996728455957
leaf_weight=68862 7351 8613 6676 6998 5147 16203 6856 33142 23967 64285 13830 6555 6996 5409 6720 7736 5158 7565 31110 5475 1160753 10801 5763 5487 6605 5297 9003 10619 5002
leaf_count=68862 7351 8613 6676 6998 5147 16203 6856 33142 23967 64285 13830 6555 6996 5409 6720 7736 5158 7565 31110 5475 1160753 10801 5763 5487 6605 5297 9003 10619 5002
internal_value=4.85151e-06 0.000192972 5.94868e-05 1.43504e-06 7.2493e-05 -7.22552e-06 -2.1275e-06 8.18194e-05 -5.86553e-05 0.000139739 -1.18561e-05 -0.000161393 5.7619e-05 2.99213e-05 6.65645e-05 0.000135684 -0.000141572 -0.000264293 -7.33767e-05 -0.000162857 -8.7237e-06 -4.52599e-05 0.00026055 5.43357e-05 -0.000283107 0.000378955 0.000266838 -0.000415041 -5.66299e-05
internal_weight=1.56398e+06 27798 19185 1.53619e+06 166810 1.36938e+06 1.32564e+06 137597 40170 97427 1.18804e+06 43735 13994 136113 114428 76598 12509 29741 37830 21685 1.17458e+06 16210 30697 11250 13461 19447 14300 17174 12567
internal_count=1563984 27798 19185 1536186 166810 1369376 1325641 137597 40170 97427 1188044 43735 13994 136113 114428 76598 12509 29741 37830 21685 1174583 16210 30697 11250 13461 19447 14300 17174 12567
is_linear=0
shrinkage=0.003


Tree=237
num_leaves=20
num_cat=0
split_feature=30 59 5 23 41 43 30 18 75 12 56 10 70 74 48 47 31 85 91
split_gain=120.667 127.985 111.401 88.2331 150.209 134.406 161.596 165.531 159.819 110.604 92.5724 147.163 96.7643 92.453 85.7338 105.342 74.6616 55.8435 55.391
threshold=0.73437500000000011 0.23870849609375003 0.76562500000000011 -0.84790039062499989 0.10815429687500001 1.1689453125000002 0.39062500000000006 -1.0600585937499998 -0.038162231445312493 -0.0049076080322265616 0.33386230468750006 0.32812500000000006 0.12957763671875003 0.35437011718750006 13.433593750000002 0.21124267578125003 0.075836181640625014 0.0084098391234874743 -1.4129803180694578
decision_type=2 2 2 2 2 2 2 2 2 2 2 2 2 2 2 2 2 2 2
left_child=2 -2 3 5 10 6 8 -8 -1 18 11 -5 -12 -11 15 -3 -7 -4 -6
right_child=1 14 17 4 9 16 7 -9 -10 13 12 -13 -14 -15 -16 -17 -18 -19 -20
leaf_value=2.1876104147301811e-05 0.00052342845320670767 -5.9392054868202772e-05 -8.2367966614794804e-05 -1.5861304606338287e-05 -0.00066660180892893876 0.00055414422824444181 0.0005997132649324734 7.6808165196341605e-05 -0.00029270876991826969 0.00013107336813764398 -5.6792204422390691e-05 -0.00043951957109001385 9.6125448403189476e-06 -0.00035046802550160413 -0.00016064760664003764 0.00053742963086659385 0.00012398423152225126 -0.00051174972531470384 -0.0002699961102535604
leaf_weight=42930 7632 5206 5295 20874 5003 7007 5654 103942 21864 9666 244143 11321 1031791 5575 8373 5308 7579 5620 9065
leaf_count=42930 7632 5206 5295 20874 5003 7007 5654 103942 21864 9666 244143 11321 1031791 5575 8373 5308 7579 5620 9065
internal_value=-2.00716e-06 0.000198252 -5.47431e-06 -3.30477e-06 -1.18796e-05 5.73562e-05 3.4124e-05 0.000104307 -8.45645e-05 -0.000223912 -7.11223e-06 -0.000165736 -3.0971e-06 -4.62058e-05 6.47874e-05 0.000244138 0.000332996 -0.00030609 -0.00041475
internal_weight=1.56385e+06 26519 1.53733e+06 1.52641e+06 1.33744e+06 188976 174390 109596 64794 29309 1.30813e+06 32195 1.27593e+06 15241 18887 10514 14586 10915 14068
internal_count=1563848 26519 1537329 1526414 1337438 188976 174390 109596 64794 29309 1308129 32195 1275934 15241 18887 10514 14586 10915 14068
is_linear=0
shrinkage=0.003


Tree=238
num_leaves=21
num_cat=0
split_feature=1 66 59 1 23 23 89 85 10 75 75 10 38 91 20 71 71 37 76 8
split_gain=104.615 216.671 250.991 145.107 132.248 240.504 124.947 107.672 117.496 114.053 173.695 111.821 107.493 141.981 105.636 104.143 99.9695 207.348 99.0717 94.807
threshold=0.10275268554687501 -0.35034179687499994 0.23638916015625003 0.10183715820312501 -0.025901794433593747 -0.42895507812499994 0.0012455135583877566 0.014628052711486818 0.51562500000000011 -0.047744750976562493 -0.049423217773437493 0.17187500000000003 0.60205078125000011 -1.670077323913574 0.45312500000000006 1.8569335937500002 1.9428710937500002 -0.0069446563720703116 0.019969940185546878 0.47521972656250006
decision_type=2 2 2 2 2 2 2 2 2 2 2 2 2 2 2 2 2 2 2 2
left_child=3 2 4 7 5 18 -3 11 9 10 -9 -1 13 -13 16 -11 17 -8 -2 -14
right_child=1 6 -4 -5 -6 -7 14 8 -10 15 -12 12 19 -15 -16 -17 -18 -19 -20 -21
leaf_value=-0.00037968493595937178 -0.00047073491646553302 -0.00067749330173567934 0.00060651589480533472 0.00040062282007040644 -0.00034678503655636444 0.00059559486932887209 0.00039404985225001161 8.3072182256512135e-05 0.00038915203991764724 -0.0001114719015721783 0.00052758623801329421 7.5630273109698992e-05 -3.8155521092251051e-05 -1.7433708586544096e-05 -0.00053833910045945183 4.4876105856538848e-05 -0.00034943649153535881 -0.00029642098416645144 9.4763097059923535e-05 -0.00017599413629736053
leaf_weight=7493 5009 5812 6006 7885 9616 5578 7489 51572 8787 52389 9258 182787 211418 763276 6517 142176 9655 7985 6078 56954
leaf_count=7493 5009 5812 6006 7885 9616 5578 7489 51572 8787 52389 9258 182787 211418 763276 6517 142176 9655 7985 6078 56954
internal_value=-8.01664e-06 -0.000121499 5.85504e-05 -2.71108e-06 -6.85006e-05 9.31852e-05 -0.000276437 -4.8779e-06 5.00291e-05 3.82137e-05 0.00015148 -1.6752e-05 -1.44816e-05 5.53096e-07 -0.000200878 2.74186e-06 -0.000111573 3.81328e-05 -0.000162648 -6.74623e-05
internal_weight=1.56374e+06 69745 32287 1.494e+06 26281 16665 37458 1.48611e+06 264182 255395 60830 1.22193e+06 1.21444e+06 946063 31646 194565 25129 15474 11087 268372
internal_count=1563740 69745 32287 1493995 26281 16665 37458 1486110 264182 255395 60830 1221928 1214435 946063 31646 194565 25129 15474 11087 268372
is_linear=0
shrinkage=0.003


Tree=239
num_leaves=20
num_cat=0
split_feature=36 31 3 46 13 13 58 46 91 50 67 59 70 57 6 43 75 22 70
split_gain=135.961 119.286 122.121 184.843 115.816 124.649 122.305 146.852 115.769 114.624 105.495 117.934 111.399 105.375 101.087 95.7491 78.3766 78.2926 71.4698
threshold=0.12286376953125001 0.052734375000000007 -1.6596679687499998 0.31286621093750006 -0.44531249999999994 -0.78735351562499989 2.0634765625000004 0.33557128906250006 -2.0191307067871089 0.34741210937500006 -91.718749999999986 0.20245361328125003 0.17071533203125003 0.51928710937500011 0.072479248046875014 0.27441406250000006 -0.047470092773437493 1.0000000180025095e-35 0.11581420898437501
decision_type=2 2 2 2 2 2 2 2 2 2 2 2 2 2 2 2 2 2 2
left_child=1 4 3 -3 5 9 16 13 14 -1 12 -12 -10 -8 15 -4 -6 -5 -16
right_child=-2 2 8 17 6 -7 7 -9 10 -11 11 -13 -14 -15 18 -17 -18 -19 -20
leaf_value=0.00016590095543543026 0.00046524889855103444 -0.00062485290374303176 0.00014814833903530565 -0.00025310959528973374 -0.00069811176471393233 0.00032884508174694241 -5.3312157575496549e-05 0.00035881872601769383 -0.00045055489486922655 -0.00045970603498922435 9.9840973359330561e-05 -2.7807904859499644e-07 -1.9168900934087364e-06 -0.00034498878946588303 -0.00023077923198943951 0.00073463690596097507 -0.00018898906041397138 0.00025318327005818597 0.00026723508224481854
leaf_weight=5292 5543 6831 5043 5337 5797 9720 28713 5231 9248 5076 115158 1302609 10665 18169 5028 5006 5240 5460 5148
leaf_count=5292 5543 6831 5043 5337 5797 9720 28713 5231 9248 5076 115158 1302609 10665 18169 5028 5006 5240 5460 5148
internal_value=4.24086e-07 -1.25857e-06 4.97785e-06 -0.000242515 -0.000111683 8.64057e-05 -0.000174732 -0.000113493 7.9868e-06 -0.000141851 4.80796e-06 7.86055e-06 -0.000211484 -0.000166844 0.000232817 0.000444673 -0.000460265 2.89457e-06 2.13131e-05
internal_weight=1.56431e+06 1.55877e+06 1.47553e+06 17628 83238 20088 63150 52113 1.4579e+06 10368 1.43768e+06 1.41777e+06 19913 46882 20225 10049 11037 10797 10176
internal_count=1564314 1558771 1475533 17628 83238 20088 63150 52113 1457905 10368 1437680 1417767 19913 46882 20225 10049 11037 10797 10176
is_linear=0
shrinkage=0.003


Tree=240
num_leaves=31
num_cat=0
split_feature=56 22 31 76 62 70 90 10 26 81 27 2 31 88 16 76 13 42 76 46 70 18 83 67 56 78 23 16 65 83
split_gain=107.936 134.784 114.271 121.778 211.496 130.339 133.089 125.209 109.41 160.787 106.637 146.791 136.409 115.015 103.029 116.367 136.222 156.307 111.2 117.355 97.8163 93.3317 92.8717 86.3443 102.132 83.1746 113.008 95.0926 57.5266 44.8107
threshold=0.33386230468750006 -0.018203735351562497 0.052734375000000007 0.020221710205078128 -346.49999999999994 0.14532470703125003 0.016196854412555698 0.64062500000000011 0.084136962890625014 -0.009996118023991583 -0.0050048828124999991 0.030044555664062503 0.093353271484375014 0.0029488764703273778 0.10604858398437501 0.020542144775390628 0.082336425781250014 0.0060367584228515634 0.020992279052734378 0.28796386718750006 0.23492431640625003 0.54980468750000011 -0.021005276590585705 -38.859374999999993 0.38562011718750006 0.71253749728202831 -0.43859863281249994 0.057876586914062507 0.064331054687500014 -0.078622370958328233
decision_type=2 2 2 2 2 2 2 2 2 2 2 2 2 2 2 2 2 2 2 2 2 2 2 2 2 2 2 2 2 2
left_child=1 8 14 4 23 6 -6 -7 -1 -10 12 13 21 -12 15 16 -2 -18 -17 -20 25 -5 -13 24 -4 28 -27 -28 -3 -25
right_child=2 20 3 10 5 7 -8 -9 9 -11 11 22 -14 -15 -16 18 17 -19 19 -21 -22 -23 -24 29 -26 26 27 -29 -30 -31
leaf_value=-0.00015650990813403161 0.00052128133702367433 -0.00030075134874536444 -2.8778459256682947e-05 6.0377455696500257e-05 0.00022106796229246189 2.2692248109553213e-06 -0.00013626802816960637 -0.00035247612219522313 0.00065462292653644598 -9.6430223115602759e-05 -4.8920329646585886e-05 -0.000548861222652493 0.00049218886149479245 4.8644746496084583e-05 -0.00049399593817019323 -0.00054948014191031843 0.00026223260926106385 -0.000383555337450773 0.00032553450272549989 -0.00014674989445627982 7.4720355259775959e-05 0.00032605075987390011 -7.6960784998297426e-05 0.00033778655317739226 -0.00018857535594622393 -0.00045159376595066501 0.00030110734530565191 -0.00027071064474660643 -0.000760374651272535 -1.7728979400260983e-05
leaf_weight=9827 5507 5100 56564 109610 45264 404964 11753 9057 5114 5006 138865 6180 7968 500117 5583 5366 7223 6155 5172 46834 7138 13263 9427 5119 99099 8415 5141 5129 5039 8187
leaf_count=9827 5507 5100 56564 109610 45264 404964 11753 9057 5114 5006 138865 6180 7968 500117 5583 5366 7223 6155 5172 46834 7138 13263 9427 5119 99099 8415 5141 5129 5039 8187
internal_value=-6.01615e-08 -0.000129377 4.7448e-06 1.10066e-05 -1.97097e-05 1.29578e-05 0.0001473 -5.57432e-06 6.81976e-05 0.000285796 3.60351e-05 2.03985e-05 0.000114189 2.74373e-05 -0.0001042 -7.50525e-05 0.000128734 -3.55252e-05 -0.00014224 -9.92466e-05 -0.00023885 8.92962e-05 -0.000266127 -0.000110731 -0.000130565 -0.000316493 -0.000196048 1.56758e-05 -0.000534376 0.000120542
internal_weight=1.56319e+06 55909 1.50728e+06 1.42544e+06 640007 471038 57017 414021 19947 10120 785430 654589 130841 638982 81840 76257 18885 13378 57372 52006 35962 122873 15607 168969 155663 28824 18685 10270 10139 13306
internal_count=1563186 55909 1507277 1425437 640007 471038 57017 414021 19947 10120 785430 654589 130841 638982 81840 76257 18885 13378 57372 52006 35962 122873 15607 168969 155663 28824 18685 10270 10139 13306
is_linear=0
shrinkage=0.003


Tree=241
num_leaves=20
num_cat=0
split_feature=25 2 0 85 33 59 85 58 18 18 75 56 66 65 70 10 87 5 3
split_gain=89.1441 160.763 86.813 89.0345 131.783 186.712 147.556 99.6028 93.756 176.405 280.46 143.519 132.918 165.543 126.604 81.4445 129.089 91.1486 73.9189
threshold=0.76562500000000011 -0.0011382102966308592 0.73437500000000011 0.0081152785569429415 0.71679687500000011 0.23712158203125003 0.0078443028032779711 2.1474609375000004 0.41247558593750006 -0.15435791015624997 -0.016120910644531247 0.33386230468750006 4.3066406250000009 0.082061767578125014 0.22650146484375003 0.67187500000000011 0.0084155835211277025 0.57812500000000011 0.38818359375000006
decision_type=2 2 2 2 2 2 2 2 2 2 2 2 2 2 2 2 2 2 2
left_child=2 -2 3 4 6 -6 7 -1 9 11 -11 -5 13 -10 -14 16 17 -4 -8
right_child=1 -3 15 8 5 -7 18 -9 12 10 -12 -13 14 -15 -16 -17 -18 -19 -20
leaf_value=-0.00019106906025991965 -7.2470472611511316e-05 0.00065064116440222651 -0.00035282010639509759 -0.0001511108100507406 0.00080547059542554911 8.6504855127365237e-05 0.00013055560781146877 0.00025657623320289862 3.9407051303235773e-05 -6.7337308952820341e-05 0.00056328944468146799 3.4165557471267759e-05 -0.00043758930064536434 0.00033579469776169704 9.8323901601450359e-05 0.00013717687047308909 -0.00061244597369560481 0.00012500502101625051 0.00052975144622467328
leaf_weight=22478 5701 5244 6565 40221 5412 7992 21633 5487 393697 420972 6345 563614 9779 17627 6578 6173 6185 7714 5109
leaf_count=22478 5701 5244 6565 40221 5412 7992 21633 5487 393697 420972 6345 563614 9779 17627 6578 6173 6185 7714 5109
internal_value=8.17906e-06 0.000276743 6.26933e-06 9.23615e-06 0.000115174 0.00038061 4.95625e-05 -0.000102636 4.2825e-06 -1.12066e-05 -5.78439e-05 2.18015e-05 4.1621e-05 5.21871e-05 -0.000222783 -0.0001632 -0.000254035 -9.56086e-05 0.000208511
internal_weight=1.56453e+06 10945 1.55358e+06 1.52694e+06 68111 13404 54707 27965 1.45883e+06 1.03115e+06 427317 603835 427681 411324 16357 26637 20464 14279 26742
internal_count=1564526 10945 1553581 1526944 68111 13404 54707 27965 1458833 1031152 427317 603835 427681 411324 16357 26637 20464 14279 26742
is_linear=0
shrinkage=0.003


Tree=242
num_leaves=31
num_cat=0
split_feature=31 33 75 0 17 58 72 17 31 87 43 36 23 8 8 58 32 6 78 65 46 56 3 41 48 74 72 56 91 8
split_gain=133.398 105.974 177.317 209.567 208.466 227.833 160.944 137.99 125.174 187.019 186.244 138.613 128.466 121.138 183.131 196.554 130.967 146.449 122.801 120.47 117.096 115.94 137.851 112.663 104.667 97.1636 88.7014 157.315 87.0866 66.0203
threshold=0.051971435546875007 -0.59594726562499989 -0.049758911132812493 0.51562500000000011 -0.0093841552734374983 2.1064453125000004 0.33874511718750006 0.0033464431762695317 0.062622070312500014 0.008745513856410982 0.73950195312500011 0.088653564453125014 -0.30346679687499994 0.42309570312500006 -0.42626953124999994 2.0224609375000004 -0.0095367431640624983 0.087249755859375014 0.70535194873809826 0.090850830078125014 0.31652832031250006 0.36022949218750006 0.49169921875000006 0.078826904296875014 9.4882812500000018 0.32385253906250006 0.34045410156250006 0.38586425781250006 -1.7539095878601072 -0.28015136718749994
decision_type=2 2 2 2 2 2 2 2 2 2 2 2 2 2 2 2 2 2 2 2 2 2 2 2 2 2 2 2 2 2
left_child=29 2 3 4 5 -2 28 -6 11 10 -10 24 -13 14 15 -3 26 20 -17 -19 -18 25 -23 -8 -4 -16 27 -15 -5 -1
right_child=1 13 8 6 7 -7 23 -9 9 -11 -12 12 -14 16 21 18 17 19 -20 -21 -22 22 -24 -25 -26 -27 -28 -29 -30 -31
leaf_value=-0.00025329725845253849 3.0361365072162763e-05 -0.00049427662558951897 0.00047330703428770024 -0.00015499708630103127 -0.00026234144169437002 0.00083860946623707828 -0.0005351703973861218 0.00012956974293963213 0.00038602885110278743 -0.00028999956503917733 -0.00011957780151427547 -0.00042270249796418319 2.770728489284191e-05 2.8369527684444444e-06 -7.7811466218715466e-05 6.608358429394119e-05 0.00011925901594269678 1.892959380120321e-05 -8.081303872433079e-05 0.00038585482717233219 0.00043203917179975178 -0.00010721310463804839 1.1073649806438247e-05 -0.00010219581842816784 9.1737102792968723e-05 0.00012236219384605278 5.482081959125758e-05 -0.00066506901512023396 0.00023936770460026901 -6.12316401457807e-05
leaf_weight=23229 6388 6193 6969 12836 13210 6086 13743 20502 39741 5242 7800 8688 16183 6170 36351 294873 42142 245424 61891 8227 14433 329815 121238 8970 77740 54313 8491 6434 8156 52345
leaf_count=23229 6388 6193 6969 12836 13210 6086 13743 20502 39741 5242 7800 8688 16183 6170 36351 294873 42142 245424 61891 8227 14433 329815 121238 8970 77740 54313 8491 6434 8156 52345
internal_value=2.34927e-06 8.59646e-06 6.46202e-05 -4.2247e-05 9.85666e-05 0.000428235 -0.000190939 -2.43218e-05 0.000123776 0.000243669 0.000302998 6.58559e-05 -0.000130694 -2.84171e-06 -2.08152e-05 3.13249e-05 4.62265e-05 6.17971e-05 4.05846e-05 3.09779e-05 0.000199675 -5.5749e-05 -7.54235e-05 -0.000365374 0.00012365 4.21069e-05 -0.000181968 -0.000340662 -1.36652e-06 -0.000120523
internal_weight=1.56382e+06 1.48825e+06 252254 89891 46186 12474 43705 33712 162363 52783 47541 109580 24871 1.236e+06 904674 362957 331321 310226 356764 253651 56575 541717 451053 22713 84709 90664 21095 12604 20992 75574
internal_count=1563823 1488249 252254 89891 46186 12474 43705 33712 162363 52783 47541 109580 24871 1235995 904674 362957 331321 310226 356764 253651 56575 541717 451053 22713 84709 90664 21095 12604 20992 75574
is_linear=0
shrinkage=0.003


Tree=243
num_leaves=27
num_cat=0
split_feature=33 31 36 6 80 74 74 8 59 42 11 38 42 12 60 58 20 23 58 25 81 70 45 16 18 67
split_gain=140.179 106.331 142.095 138.216 103.651 94.3855 129.824 104.674 163.357 166.882 206.268 204.771 113.282 113.276 101.127 95.0096 94.7724 92.7442 156.382 126.969 80.8573 80.7212 104.572 68.5003 66.2278 50.708
threshold=-1.3242187499999998 0.046173095703125007 0.082000732421875014 0.078460693359375014 -0.048506319522857659 0.32434082031250006 0.32531738281250006 0.13598632812500003 0.25305175781250006 0.0098648071289062517 0.059890747070312507 0.35449218750000006 0.015953063964843753 -0.013839721679687498 21.500000000000004 2.1083984375000004 0.32812500000000006 -0.84790039062499989 2.0908203125000004 0.67187500000000011 -0.011836208403110502 0.18109130859375003 1.5781250000000002 0.077789306640625014 -0.44665527343749994 -66.343749999999986
decision_type=2 2 2 2 2 2 2 2 2 2 2 2 2 2 2 2 2 2 2 2 2 2 2 2 2 2
left_child=1 2 21 -4 -3 7 24 8 9 10 -2 -11 16 20 17 -15 -10 18 -8 -19 -9 22 -1 -16 -7 -6
right_child=5 4 3 -5 25 6 14 13 12 11 -12 -13 -14 15 23 -17 -18 19 -20 -21 -22 -23 -24 -25 -26 -27
leaf_value=-0.00066655292903496652 5.2587777445082029e-05 -0.0005319243132721268 -9.6853193402850026e-05 0.00048361970913781625 -0.00027589769903545809 7.6587595335624023e-05 -9.1209029431867656e-05 -0.00029057951528011991 0.0004322568835857387 -0.00027955931197519315 -0.00048653795052746088 0.000207350803127539 -0.00026366995705644826 0.00055758494302157193 5.5813517385046599e-05 2.7191297233562034e-05 2.8075452061033218e-05 9.8323526831192255e-06 0.00013759236437958038 -0.00012153858874651724 0.00018967081733331143 4.9251704938268485e-05 -0.00010336295500793287 0.00049531612678408712 0.00053800260333850209 0.000110970895656851
leaf_weight=5303 8550 9868 7568 7057 7470 5063 35406 7633 7830 15929 24935 14996 7146 6355 6341 5765 15330 1145839 110847 70173 5241 6941 6680 6385 6270 5033
leaf_count=5303 8550 9868 7568 7057 7470 5063 35406 7633 7830 15929 24935 14996 7146 6355 6341 5765 15330 1145839 110847 70173 5241 6941 6680 6385 6270 5033
internal_value=3.51344e-06 -0.000143841 -3.67562e-05 0.000184625 -0.000303554 8.99398e-06 1.59746e-05 -7.17917e-05 -0.000117343 -0.000202705 -0.000349132 -4.35419e-05 6.41468e-05 0.000100608 1.33264e-05 0.000307585 0.000165993 1.08292e-05 8.2178e-05 2.24189e-06 -9.51148e-05 -0.000207917 -0.000356053 0.000278467 0.000334339 -0.000120521
internal_weight=1.56195e+06 55920 33549 14625 22371 1.50603e+06 1.38632e+06 119710 94716 64410 33485 30925 30306 24994 1.37499e+06 12120 23160 1.36226e+06 146253 1.21601e+06 12874 18924 11983 12726 11333 12503
internal_count=1561954 55920 33549 14625 22371 1506034 1386324 119710 94716 64410 33485 30925 30306 24994 1374991 12120 23160 1362265 146253 1216012 12874 18924 11983 12726 11333 12503
is_linear=0
shrinkage=0.003


Tree=244
num_leaves=27
num_cat=0
split_feature=7 2 21 8 42 80 88 47 22 0 72 83 42 41 78 45 6 86 86 89 38 41 12 36 42 28
split_gain=125.106 131.156 120.332 132.133 174.587 170.003 115.092 177.852 132.487 113.208 109.266 104.881 104.066 95.4235 112.246 86.5215 155.161 121.564 91.9512 88.2156 80.2519 114.798 72.6079 71.0396 62.6537 42.7247
threshold=0.026695251464843753 0.027442932128906253 0.049728393554687507 1.5224609375000002 -0.0097427368164062483 -0.066511750221252428 0.002621705643832684 0.21856689453125003 -0.0012702941894531248 0.73437500000000011 0.32678222656250006 -0.011346027255058287 -0.0022649765014648433 0.072296142578125014 0.69289124011993419 2.6406250000000004 0.085601806640625014 0.020040430128574375 0.011574178934097292 0.001191900344565511 -0.56127929687499989 0.059616088867187507 0.0025606155395507817 0.074676513671875014 0.0052108764648437509 0.32067871093750006
decision_type=2 2 2 2 2 2 2 2 2 2 2 2 2 2 2 2 2 2 2 2 2 2 2 2 2 2
left_child=1 9 -2 4 -4 13 7 22 -9 15 -11 24 -12 -5 -15 17 19 18 -1 -17 -8 -22 -3 -23 -6 -7
right_child=2 6 3 5 11 25 20 8 -10 10 12 -13 -14 14 -16 16 -18 -19 -20 -21 21 23 -24 -25 -26 -27
leaf_value=-1.1997049969454812e-05 0.00057071435154338278 0.00053102122539794186 0.00055903634826893285 -0.00012750530918871148 0.00046882929498931876 -0.00015938461257207823 -4.1140530585340206e-05 3.3729581254430541e-05 -0.00057237002049655497 -0.00058629826064603467 0.00012132908549736603 -0.00023113419340770394 -0.00032588560633337298 0.0005562959336317502 -3.5573874207564953e-05 0.00013278679993875952 -0.00060098556904096578 0.00034880932369490714 3.7616967358359608e-05 -0.00017809530579877117 -0.00075122400763208484 -0.00052065719553799563 3.783832916762353e-05 -9.8003995737272424e-05 2.4765048281991423e-05 -0.00054966449380176223
leaf_weight=785642 5135 5589 9996 8180 5459 5191 9939 7727 5484 5087 9697 6655 8887 6400 5163 13480 5345 9454 587530 20713 5213 5304 5122 10784 5913 5037
leaf_count=785642 5135 5589 9996 8180 5459 5191 9939 7727 5484 5087 9697 6655 8887 6400 5163 13480 5345 9454 587530 20713 5213 5304 5122 10784 5913 5037
internal_value=4.21118e-06 -1.29528e-06 0.000134931 9.54294e-05 0.000243141 -4.30307e-05 -0.000144731 1.19248e-05 -0.000220277 4.18675e-06 -0.000201136 6.58588e-05 -9.31317e-05 0.000119586 0.000293981 7.61812e-06 -0.000130577 1.15792e-05 9.23216e-06 -5.55056e-05 -0.000264345 -0.000367813 0.000297713 -0.000239703 0.000240162 -0.000355047
internal_weight=1.56413e+06 1.501e+06 63129 57994 28023 29971 55162 23922 13211 1.44584e+06 23671 18027 18584 19743 11563 1.42216e+06 39538 1.38263e+06 1.37317e+06 34193 31240 21301 10711 16088 11372 10228
internal_count=1564126 1500997 63129 57994 28023 29971 55162 23922 13211 1445835 23671 18027 18584 19743 11563 1422164 39538 1382626 1373172 34193 31240 21301 10711 16088 11372 10228
is_linear=0
shrinkage=0.003


Tree=245
num_leaves=20
num_cat=0
split_feature=74 27 74 1 41 63 3 80 11 36 6 56 26 66 76 37 73 36 13
split_gain=146.986 125.622 107.08 87.0714 129.355 178.814 96.9738 173.371 95.421 106.356 102.15 92.104 86.597 134.264 71.8673 77.4938 70.1978 59.4448 57.9546
threshold=0.32434082031250006 0.038055419921875007 0.32531738281250006 0.10275268554687501 0.041900634765625007 -40.796874999999993 -0.83496093749999989 -0.054250486195087426 0.099029541015625014 0.097595214843750014 0.059310913085937507 0.36901855468750006 0.10623168945312501 3.0888671875000004 0.024379730224609378 0.032348632812500007 0.29382324218750006 0.079193115234375014 -0.63671874999999989
decision_type=2 2 2 2 2 2 2 2 2 2 2 2 2 2 2 2 2 2 2
left_child=1 12 16 4 5 -4 7 -6 9 10 -5 -8 13 14 15 -1 -2 -14 -16
right_child=2 -3 3 8 6 -7 11 -9 -10 -11 -12 -13 17 -15 18 -17 -18 -19 -20
leaf_value=-0.00012642055429281407 6.9059837163954401e-05 0.00026984105076690684 -4.8898662313529309e-05 -0.00029868322616427714 -0.00011811960027733696 0.00059218674655870523 6.7321424651874308e-05 0.00012420059700298579 -0.00049642251905320618 -0.00048029926579937438 2.6160204303790066e-05 -2.9142446324591816e-07 -0.00061332774121950926 0.00029945126250514919 -0.00016001105541553471 0.00020273786601264688 0.00053490715014552508 -0.00015518915773176189 -0.00055127621833463852
leaf_weight=75974 6229 7449 7669 10596 124778 7871 223140 33668 5053 5149 46908 965794 5219 6848 7983 6943 5423 5068 6005
leaf_count=75974 6229 7449 7669 10596 124778 7871 223140 33668 5053 5149 46908 965794 5219 6848 7983 6943 5423 5068 6005
internal_value=-5.06217e-06 -0.000105232 3.38225e-06 1.03941e-06 6.25907e-06 0.000277521 3.11011e-06 -6.65834e-05 -0.000103887 -7.14877e-05 -3.41118e-05 1.24028e-05 -0.000129946 -0.000103683 -0.00013245 -9.86477e-05 0.000288578 -0.000391288 -0.000330701
internal_weight=1.56377e+06 121489 1.44228e+06 1.43063e+06 1.36292e+06 15540 1.34738e+06 158446 67706 62653 57504 1.18893e+06 114040 103753 96905 82917 11652 10287 13988
internal_count=1563767 121489 1442278 1430626 1362920 15540 1347380 158446 67706 62653 57504 1188934 114040 103753 96905 82917 11652 10287 13988
is_linear=0
shrinkage=0.003


Tree=246
num_leaves=17
num_cat=0
split_feature=31 90 58 65 84 23 31 43 13 42 76 65 2 71 7 84
split_gain=135.27 99.9491 104.749 100.202 120.524 95.3559 206.085 147.664 87.5739 116.486 85.4593 105.895 118.002 118.5 73.6703 62.4043
threshold=0.051971435546875007 0.32299977540969854 2.2080078125000004 0.10235595703125001 0.037989802658557899 -0.84790039062499989 0.058013916015625007 1.9072265625000002 0.51000976562500011 -0.0061073303222656241 0.020420074462890628 0.055191040039062507 -0.0023746490478515621 1.8569335937500002 0.011058807373046877 0.033388234674930579
decision_type=2 2 2 2 2 2 2 2 2 2 2 2 2 2 2 2
left_child=8 2 3 5 -5 6 -2 -7 10 -10 -1 -12 13 -13 -14 -11
right_child=1 -3 -4 4 -6 7 -8 -9 9 15 11 12 14 -15 -16 -17
leaf_value=0.00020238332765490718 -0.00038690264332260548 0.0003387781016992562 0.00032174297653919041 3.1268572813942119e-05 -0.00061027343187687729 -2.6579935463128608e-07 9.3392176073189208e-05 -0.00045111113610749412 2.2420211166577485e-05 -0.00058072929895969412 -0.00039760866222950846 -5.8234272193474843e-05 -0.00028695713601877058 0.00052564801678747991 9.9901306645986738e-05 -0.00019080407613017612
leaf_weight=9533 8336 8090 9323 5294 5130 1273120 172324 6472 7933 9195 8997 7154 14585 5435 6284 6360
leaf_count=9533 8336 8090 9323 5294 5130 1273120 172324 6472 7933 9195 8997 7154 14585 5435 6284 6360
internal_value=1.99039e-06 8.27807e-06 6.44871e-06 4.42824e-06 -0.000287255 6.52995e-06 7.10287e-05 -2.58119e-06 -0.000121825 -0.00027346 -5.2923e-05 -0.000110591 -3.24562e-05 0.000195999 -0.000170547 -0.000423537
internal_weight=1.56356e+06 1.48809e+06 1.48e+06 1.47068e+06 10424 1.46025e+06 180660 1.27959e+06 75476 23488 51988 42455 33458 12589 20869 15555
internal_count=1563565 1488089 1479999 1470676 10424 1460252 180660 1279592 75476 23488 51988 42455 33458 12589 20869 15555
is_linear=0
shrinkage=0.003


Tree=247
num_leaves=24
num_cat=0
split_feature=33 91 81 89 46 75 7 69 46 57 47 82 7 82 75 18 76 28 2 15 68 75 3
split_gain=128.63 131.49 119.257 194.407 183.662 190.835 120.939 210.608 118.73 152.949 194.674 143.845 135.828 88.3501 251.277 112.881 80.5129 84.7994 64.2074 105.815 102.848 100.778 54.8427
threshold=-1.3242187499999998 -1.7220196723937986 -0.00092215021140873421 0.0017037498764693739 0.36706542968750006 -0.036270141601562493 -0.015354156494140623 0.34387207031250006 0.29528808593750006 0.52172851562500011 0.23931884765625003 -0.12337487936019896 0.010303497314453127 -0.038655474781990044 -0.036270141601562493 0.41247558593750006 0.024921417236328128 0.79931640625000011 -0.0041618347167968741 0.57812500000000011 0.061203002929687507 -0.052200317382812493 0.15313720703125003
decision_type=2 2 2 2 2 2 2 2 2 2 2 2 2 2 2 2 2 2 2 2 2 2 2
left_child=16 8 4 -4 13 -6 -5 -8 -2 22 11 -11 -12 15 -15 -3 17 18 20 21 -1 -20 -10
right_child=1 2 3 6 5 -7 7 -9 9 10 12 -13 -14 14 -16 -17 -18 -19 19 -21 -22 -23 -24
leaf_value=-0.00017233052463353743 -0.00026799510497647444 -2.163307315767451e-05 0.00058463933029501169 -0.00033196507770914536 -4.9501866304783273e-05 -0.00080559119322585841 0.00044494450951203029 -0.0001725682333548398 -0.00047283397381195531 0.00068009927176193466 9.6918268167389468e-05 0.00021399788575528878 -0.00020176009533518836 -0.00033414830627721923 0.00011492839427539854 4.1393762444073861e-05 0.00019098142529651397 -0.00049663540750385037 -0.00017510055665234141 0.00017035252876978899 0.00034854294156774562 -0.00060801709474687688 -3.3882344445685602e-05
leaf_weight=8538 8352 875473 7702 5847 6962 5204 10497 9285 5159 7193 105577 33731 15650 25534 19864 361175 5746 6580 17607 5276 5540 6648 5027
leaf_count=8538 8352 875473 7702 5847 6962 5204 10497 9285 5159 7193 105577 33731 15650 25534 19864 361175 5746 6580 17607 5276 5540 6648 5027
internal_value=-1.83507e-06 3.40834e-06 -6.92783e-06 0.000169982 -1.14967e-05 -0.00037685 4.35823e-05 0.000155695 7.93112e-05 9.62884e-05 0.00011873 0.00029738 5.82254e-05 -8.00059e-06 -0.000137833 -3.22362e-06 -0.000142972 -0.000181509 -0.000132934 -0.000212196 3.36572e-05 -0.000295767 -0.000258638
internal_weight=1.56417e+06 1.50823e+06 1.32754e+06 33331 1.29421e+06 12166 25629 19782 180689 172337 162151 40924 121227 1.28205e+06 45398 1.23665e+06 55935 50189 43609 29531 14078 24255 10186
internal_count=1564167 1508232 1327543 33331 1294212 12166 25629 19782 180689 172337 162151 40924 121227 1282046 45398 1236648 55935 50189 43609 29531 14078 24255 10186
is_linear=0
shrinkage=0.003


Tree=248
num_leaves=23
num_cat=0
split_feature=1 41 31 23 23 21 36 46 43 80 56 13 10 84 31 6 27 88 41 68 66 67
split_gain=128.948 126.966 114.448 127.38 103.738 193.378 177.364 150.403 133.371 149.414 99.3977 92.9491 82.303 100.076 81.3058 78.3597 82.1885 156.986 140.558 77.2989 103.615 46.3556
threshold=0.10610961914062501 0.041900634765625007 0.081756591796875014 0.12493896484375001 -0.84790039062499989 0.057189941406250007 0.051330566406250007 0.30505371093750006 -0.67260742187499989 -0.049462214112281792 0.33386230468750006 0.22229003906250003 0.32812500000000006 0.031463682651519782 0.087036132812500014 0.059890747070312507 -0.0040264129638671866 0.0021554240956902508 0.067230224609375014 0.10925292968750001 3.0888671875000004 -29.664062499999996
decision_type=2 2 2 2 2 2 2 2 2 2 2 2 2 2 2 2 2 2 2 2 2 2
left_child=1 11 15 21 5 6 -3 -8 -7 -10 12 -1 13 -6 -14 -2 17 -17 -18 20 -12 -4
right_child=2 4 3 -5 10 8 7 -9 9 -11 19 -13 14 -15 -16 16 18 -19 -20 -21 -22 -23
leaf_value=0.00046973185796338326 -0.00054025953992229011 0.00051290387441071776 7.708040546376536e-05 0.00044906579578697994 0.00029049703228276589 -0.00016412082505117207 0.0001338658949095494 -8.9014458989934207e-05 0.00020004425015079407 0.00064003960240821198 -5.2897771363034561e-06 2.1768907500294298e-05 -0.0005716548062592898 -0.00016724106334648121 -7.3762502801735593e-05 -0.00041253414256983982 -0.00072890224911911891 0.00026376116900909242 -8.5716980700352175e-05 -0.00036189232991583364 0.00010704174454767573 -0.00032090722191595067
leaf_weight=9118 6659 5896 5055 5021 5586 6904 40571 82476 38331 8439 1198140 7629 6904 17544 5160 5019 5039 7690 7628 5186 78661 5329
leaf_count=9118 6659 5896 5055 5021 5586 6904 40571 82476 38331 8439 1198140 7629 6904 17544 5160 5019 5039 7690 7628 5186 78661 5329
internal_value=3.19524e-06 8.01753e-06 -0.000150655 6.15808e-05 5.10802e-06 7.20955e-05 9.06189e-06 -1.54774e-05 0.000223225 0.000280632 -4.18405e-06 0.000267005 -0.000161243 -5.59206e-05 -0.000361054 -0.000252588 -0.000175275 -4.4549e-06 -0.000345285 1.39873e-07 1.63857e-06 -0.000128277
internal_weight=1.56398e+06 1.51654e+06 47440 15405 1.4998e+06 182617 128943 123047 53674 46770 1.31718e+06 16747 35194 23130 12064 32035 25376 12709 12667 1.28199e+06 1.2768e+06 10384
internal_count=1563985 1516545 47440 15405 1499798 182617 128943 123047 53674 46770 1317181 16747 35194 23130 12064 32035 25376 12709 12667 1281987 1276801 10384
is_linear=0
shrinkage=0.003


Tree=249
num_leaves=31
num_cat=0
split_feature=33 3 89 1 33 36 10 3 5 2 28 61 17 75 23 50 40 1 66 13 23 21 23 31 3 88 13 23 60 65
split_gain=118.913 140.927 221.698 155.489 115.447 134.96 114.388 112.644 111.224 105.462 146.688 160.509 183.027 108.105 120.62 103.251 92.815 88.2283 81.93 94.6724 90.7835 80.983 103.903 91.4578 77.6775 125.974 121.771 84.4252 71.8043 90.928
threshold=0.68090820312500011 -0.57666015624999989 0.0013010797556489708 0.054885864257812507 1.0180664062500002 0.068145751953125014 0.39062500000000006 -1.3212890624999998 0.76562500000000011 0.030044555664062503 0.30114746093750006 -2.7871093749999996 -0.0040264129638671866 -0.065521240234374986 -0.13946533203124997 0.59497070312500011 0.60937500000000011 0.059890747070312507 -3.8486328124999996 -0.37976074218749994 0.43811035156250006 0.082305908203125014 -0.53710937499999989 0.092437744140625014 1.0991210937500002 0.0026951888576149945 -1.4462890624999998 -0.81665039062499989 -5.4999999999999991 0.047500610351562507
decision_type=2 2 2 2 2 2 2 2 2 2 2 2 2 2 2 2 2 2 2 2 2 2 2 2 2 2 2 2 2 2
left_child=8 2 4 7 28 -6 -7 -4 9 13 11 -11 -13 14 -1 24 -10 -5 20 -20 -15 22 -17 -24 26 -26 -3 -28 29 -2
right_child=1 15 3 17 5 6 -8 -9 16 10 -12 12 -14 18 -16 21 -18 -19 19 -21 -22 -23 23 -25 25 -27 27 -29 -30 -31
leaf_value=-7.5523707562699229e-05 -0.00011336932392947805 -0.00035635902633838682 0.00013925638730076959 -0.00029447010443431278 7.5536437422791202e-05 -0.00019703344427622279 -0.00069515335189613767 0.00075831124777468836 -0.00057502217208585773 -0.00045162371199222306 -0.00046853622314072663 0.00040475207603335011 -0.00017567174815138556 -4.2884534462619843e-05 0.00039544305920080413 0.00051744505745863253 -1.3899425315745e-05 0.00014584930733371008 4.3582577604596101e-05 -1.5510550610586577e-05 -0.00037220622869844552 0.00059698312476320653 -0.0002156233942783796 0.00031474153080224856 0.00051254908294336946 -4.1345422897769231e-05 0.00022364747017760531 4.3310164778585935e-05 -0.00028174758993043051 0.00037791599521709026
leaf_weight=7869 7795 6010 5555 6523 5354 7726 9141 5049 5549 6403 10087 8976 10512 24312 12726 5621 5012 10634 343167 843672 10837 5751 6400 5223 8827 6282 28296 132294 6519 5855
leaf_count=7869 7795 6010 5555 6523 5354 7726 9141 5049 5549 6403 10087 8976 10512 24312 12726 5621 5012 10634 343167 843672 10837 5751 6400 5223 8827 6282 28296 132294 6519 5855
internal_value=5.87922e-06 6.25194e-05 -5.34663e-05 0.0001546 -0.000189771 -0.000338422 -0.000469493 0.000438344 -6.201e-06 -3.65625e-06 -0.000163551 -4.33845e-05 9.23678e-05 9.86156e-07 0.000215999 0.000102274 -0.000311355 -2.22941e-05 -2.65498e-06 1.57809e-06 -0.000145188 0.000291278 0.000186469 2.33573e-05 7.82085e-05 0.000283494 5.94322e-05 7.52051e-05 -2.51344e-05 9.85774e-05
internal_weight=1.56398e+06 274855 70151 27761 42390 22221 16867 10604 1.28912e+06 1.27856e+06 35978 25891 19488 1.24258e+06 20595 204704 10561 17157 1.22199e+06 1.18684e+06 35149 22995 17244 11623 181709 15109 166600 160590 20169 13650
internal_count=1563977 274855 70151 27761 42390 22221 16867 10604 1289122 1278561 35978 25891 19488 1242583 20595 204704 10561 17157 1221988 1186839 35149 22995 17244 11623 181709 15109 166600 160590 20169 13650
is_linear=0
shrinkage=0.003


Tree=250
num_leaves=28
num_cat=0
split_feature=7 21 23 62 63 8 75 16 57 16 16 66 67 85 20 35 72 5 0 62 50 48 23 81 8 57 72
split_gain=90.9975 96.8222 94.3284 93.9861 116.311 93.0585 91.0116 123.727 129.788 106.361 90.4832 119.346 89.5713 151.136 134.827 112.141 153.505 145.382 85.2989 98.7822 147.899 93.3135 93.4095 79.7327 69.8948 63.1818 61.712
threshold=0.0078582763671875017 0.045059204101562507 1.5209960937500002 -518.49999999999989 -124.09374999999999 0.88793945312500011 -0.038894653320312493 0.074005126953125014 0.56469726562500011 0.084014892578125014 0.070037841796875014 -1.0751953124999998 -21.914062499999996 0.013025362044572832 0.39062500000000006 0.23437500000000003 0.32727050781250006 0.29687500000000006 0.32812500000000006 -258.49999999999994 0.36425781250000006 15.269531250000002 -0.32873535156249994 -0.052276208996772759 -0.57592773437499989 0.57983398437500011 0.32971191406250006
decision_type=2 2 2 2 2 2 2 2 2 2 2 2 2 2 2 2 2 2 2 2 2 2 2 2 2 2 2
left_child=3 5 18 6 25 -2 9 8 -8 10 23 -12 15 -14 -15 16 -6 -17 19 26 -21 22 -20 -1 -9 -5 -3
right_child=1 2 -4 4 12 -7 7 24 -10 -11 11 -13 13 14 -16 17 -18 -19 21 20 -22 -23 -24 -25 -26 -27 -28
leaf_value=9.9420726096950476e-05 5.8347474819826844e-05 -0.00012403141649167785 0.00034760702039343287 -0.00011348769937319482 6.4956970946921299e-05 0.00058979872257813165 0.00044997306266954376 -4.6809690357586654e-05 -0.00020108608369606392 0.00046475001532398621 -0.00040920419039999604 9.2432984382827258e-05 0.00056550619982765791 0.00014563006399939172 -0.00021415568186555986 6.4288017168391429e-05 -0.00035527277940500111 -3.4822731483262254e-05 0.0001216193442120966 -6.7044006594428864e-05 0.00027170165881031366 -0.00035211720256123047 1.4966220526766722e-05 0.00051826963699265819 -0.00053719598010718321 -0.00051289834669270527 -0.0005090658347942158
leaf_weight=10505 6492 10187 8117 8337 12585 5397 5868 5001 5038 8501 5395 19026 5576 34086 12819 160389 20460 783439 114921 71391 13747 5099 206858 6664 5433 6227 5912
leaf_count=10505 6492 10187 8117 8337 12585 5397 5868 5001 5038 8501 5395 19026 5576 34086 12819 160389 20460 783439 114921 71391 13747 5099 206858 6664 5433 6227 5912
internal_value=4.2225e-07 3.65251e-05 2.92085e-05 -1.4085e-05 -2.12916e-05 0.000302506 9.11174e-05 -7.27063e-05 0.000150123 0.000160916 9.78467e-05 -1.96038e-05 -1.75105e-05 0.00010311 4.70553e-05 -2.40005e-05 -0.000195518 -1.79754e-05 2.30919e-05 -5.29639e-05 -1.20931e-05 4.6656e-05 5.30825e-05 0.000264053 -0.00030483 -0.000286593 -0.000267696
internal_weight=1.56347e+06 448121 436232 1.11535e+06 1.04392e+06 11889 71431 21340 10906 50091 41590 24421 1.02935e+06 52481 46905 976873 33045 943828 428115 101237 85138 326878 321779 17169 10434 14564 16099
internal_count=1563470 448121 436232 1115349 1043918 11889 71431 21340 10906 50091 41590 24421 1029354 52481 46905 976873 33045 943828 428115 101237 85138 326878 321779 17169 10434 14564 16099
is_linear=0
shrinkage=0.003


Tree=251
num_leaves=17
num_cat=0
split_feature=36 1 33 28 17 38 87 82 20 82 26 13 0 56 43 23
split_gain=104.252 76.2421 127.615 117.764 111.276 176.846 127.279 97.9067 108.486 96.0682 133.659 112.942 106.887 105.571 86.4976 67.5134
threshold=0.12286376953125001 0.10610961914062501 0.73120117187500011 0.28613281250000006 -0.0040264129638671866 0.13726806640625003 0.0022791242226958279 0.010575447231531145 0.35937500000000006 -0.038655474781990044 0.068756103515625014 1.3398437500000002 0.73437500000000011 0.42321777343750006 -0.30676269531249994 -0.50659179687499989
decision_type=2 2 2 2 2 2 2 2 2 2 2 2 2 2 2 2
left_child=1 7 3 4 5 -3 -6 9 -9 12 -11 -12 13 -1 -5 -14
right_child=-2 2 -4 14 6 -7 -8 8 -10 10 11 -13 15 -15 -16 -17
leaf_value=1.0924501605362714e-05 0.0004163925315725404 0.00042582481737119497 0.00026507629206752077 -0.00069838255493242119 -0.0005025721427934979 -0.00026588235472795973 4.2302193147380179e-05 4.9540924534823262e-06 0.00060234310257443872 -0.00051334791660611072 -9.969688285048078e-05 0.00028330778697022548 8.9897520261722128e-05 0.00012277052084775486 -0.00017942260184274284 -0.00027864040165034073
leaf_weight=1318837 5512 7597 6821 5520 8075 5769 7280 5677 5184 6211 62604 7693 5928 80497 6146 17638
leaf_count=1318837 5512 7597 6821 5520 8075 5769 7280 5677 5184 6211 62604 7693 5928 80497 6146 17638
internal_value=8.23863e-06 6.76751e-06 -0.000111825 -0.000175978 -7.21428e-05 0.000127514 -0.000245638 1.04816e-05 0.000292984 8.41591e-06 -9.50725e-05 -5.74396e-05 1.39867e-05 1.73668e-05 -0.000428827 -0.000185947
internal_weight=1.56299e+06 1.55748e+06 47208 40387 28721 13366 15355 1.51027e+06 10861 1.49941e+06 76508 70297 1.4229e+06 1.39933e+06 11666 23566
internal_count=1562989 1557477 47208 40387 28721 13366 15355 1510269 10861 1499408 76508 70297 1422900 1399334 11666 23566
is_linear=0
shrinkage=0.003


Tree=252
num_leaves=18
num_cat=0
split_feature=38 38 1 2 56 31 62 2 48 56 80 84 75 84 82 36 69
split_gain=92.1591 122.697 121.103 152.495 133.388 128.867 132.891 88.3083 86.9064 84.0494 83.8827 81.6177 177.729 104.178 79.6796 76.9479 61.6277
threshold=-1.3583984374999998 -1.2895507812499998 0.087036132812500014 0.0025310516357421879 0.39782714843750006 0.079925537109375014 -118.49999999999999 0.034408569335937507 11.144531250000002 0.45471191406250006 -0.077577456831932054 0.017762504518032077 -0.045822143554687493 0.019034154713153843 -0.033899724483489983 0.081115722656250014 0.32360839843750006
decision_type=2 2 2 2 2 2 2 2 2 2 2 2 2 2 2 2 2
left_child=2 16 3 5 -4 14 -7 9 -6 11 15 12 -3 -13 -1 -9 -2
right_child=1 7 4 -5 8 6 -8 10 -10 -11 -12 13 -14 -15 -16 -17 -18
leaf_value=0.0001647301653260294 -0.00011793095345080453 -0.00012361830743006454 -5.3898768974115136e-05 -0.00028299717518205636 0.00027550232409412893 0.0006455334782107452 2.1748890733761563e-05 0.00013700917203885761 0.00081916609987726322 0.00028302753375728011 -0.00044452644373041856 -9.7335846307913156e-05 0.00025770261654717026 7.9928693615453218e-06 -0.00032022728855027793 -0.00028801651484863274 -0.0005467290030196965
leaf_weight=6430 7533 16718 5045 9776 5755 6913 5485 8432 5058 9783 7264 90146 31795 1330348 5626 6867 5015
leaf_count=6430 7533 16718 5045 9776 5755 6913 5485 8432 5058 9783 7264 90146 31795 1330348 5626 6867 5015
internal_value=6.16107e-06 1.96808e-06 0.000132637 3.1919e-05 0.000348478 0.000158453 0.000371947 4.4466e-06 0.000534988 7.29432e-06 -0.000181403 5.43891e-06 0.000126312 1.30222e-06 -6.23506e-05 -5.43963e-05 -0.000292274
internal_weight=1.56399e+06 1.5139e+06 50088 34230 15858 24454 12398 1.50135e+06 10813 1.47879e+06 22563 1.46901e+06 48513 1.42049e+06 12056 15299 12548
internal_count=1563989 1513901 50088 34230 15858 24454 12398 1501353 10813 1478790 22563 1469007 48513 1420494 12056 15299 12548
is_linear=0
shrinkage=0.003


Tree=253
num_leaves=21
num_cat=0
split_feature=33 3 32 61 48 3 86 6 45 58 15 16 58 16 74 46 65 61 88 75
split_gain=153.033 116.668 127.359 119.616 134.073 105.65 136.029 109.265 178.643 124.383 102.519 83.8186 84.8653 96.4371 120.905 90.0041 81.1912 77.6447 114.328 95.7181
threshold=-1.3242187499999998 1.5170898437500002 -0.012725830078124998 7.1035156250000009 9.8164062500000018 -1.6596679687499998 0.0044301897287368783 0.082427978515625014 2.6406250000000004 2.0068359375000004 0.48437500000000006 0.072967529296875014 2.0673828125000004 0.080078125000000014 0.37561035156250006 0.32067871093750006 0.061203002929687507 -0.36230468749999994 0.0031977565959095959 -0.062652587890624986
decision_type=2 2 2 2 2 2 2 2 2 2 2 2 2 2 2 2 2 2 2 2
left_child=11 3 -3 5 -5 6 -2 9 -9 -7 -8 16 -13 -14 15 -15 -1 19 -19 -4
right_child=1 2 17 4 -6 7 10 8 -10 -11 -12 12 13 14 -16 -17 -18 18 -20 -21
leaf_value=-0.00018732073339414223 0.00016410179087566131 -0.00051962396998029192 -0.00021200670737061297 -4.3497542024502674e-05 0.00058679098160761714 -0.00041928176900426567 -0.00064397500810801749 5.882017016984576e-05 -0.00037501285895679521 -9.7201091028465617e-07 -8.8534209412010888e-05 -0.00053434946714701523 -0.00043894899047887843 -7.8228866729711626e-05 -0.00043005717995823648 0.00039505525339064257 0.00020632243331361784 -0.00052690902614663726 6.0398212071692191e-05 0.00031014839406888679
leaf_weight=9068 5670 7111 5290 5409 6790 6341 6629 485049 8597 946262 5449 6703 8206 11480 5780 5163 9611 6012 5791 7555
leaf_count=9068 5670 7111 5290 5409 6790 6341 6629 485049 8597 946262 5449 6703 8206 11480 5780 5163 9611 6012 5791 7555
internal_value=5.0188e-06 1.07423e-05 -0.000168875 1.46178e-05 0.000309242 1.21419e-05 -0.000217263 1.49719e-05 5.11904e-05 -3.80021e-06 -0.000396172 -0.000148818 -0.000230726 -0.000162757 -6.01807e-05 7.00762e-05 1.52426e-05 -6.59929e-05 -0.000240667 9.51309e-05
internal_weight=1.56397e+06 1.50796e+06 31759 1.4762e+06 12199 1.464e+06 17748 1.44625e+06 493646 952603 12078 56011 37332 30629 22423 16643 18679 24648 11803 12845
internal_count=1563966 1507955 31759 1476196 12199 1463997 17748 1446249 493646 952603 12078 56011 37332 30629 22423 16643 18679 24648 11803 12845
is_linear=0
shrinkage=0.003


Tree=254
num_leaves=27
num_cat=0
split_feature=59 83 83 0 70 63 85 48 91 69 6 8 91 48 10 33 36 45 62 8 10 70 78 1 0 46
split_gain=95.8821 134.632 146.631 137.217 135.713 127.964 122.076 120.082 140.12 144.022 126.319 115.541 171.845 156.556 136.423 112.913 117.072 109.309 107.68 105.557 103.533 89.8387 89.7641 87.9154 66.4392 42.0661
threshold=0.22845458984375003 -0.00074324430897831906 -0.040973186492919915 0.35937500000000006 0.16534423828125003 -133.56249999999997 0.010855425149202349 15.128906250000002 -1.709848880767822 0.18096923828125003 0.10275268554687501 -0.48461914062499994 -1.832031726837158 13.019531250000002 0.57812500000000011 -1.2875976562499998 0.099212646484375014 1.1718750000000002 -404.49999999999994 1.5224609375000002 0.29687500000000006 0.11349487304687501 0.69713622331619274 0.10610961914062501 0.54687500000000011 0.32653808593750006
decision_type=2 2 2 2 2 2 2 2 2 2 2 2 2 2 2 2 2 2 2 2 2 2 2 2 2 2
left_child=1 2 3 4 25 -5 -7 8 11 21 18 12 -2 -13 -15 20 23 -18 -11 -12 -4 -10 -9 -17 -22 -1
right_child=7 -3 15 5 -6 6 -8 22 9 10 19 13 -14 14 -16 16 17 -19 -20 -21 24 -23 -24 -25 -26 -27
leaf_value=-0.00018793750651240244 -4.8398591598403331e-07 0.00038505590253217235 0.00014032973218977947 0.00048031689924962848 0.0001492705330284693 4.1634123892340175e-05 0.00017588988964461585 -8.1473052445586567e-05 0.00057021175327306116 -0.00013876676433508502 0.00033986871786968791 -0.00029434424026194596 0.00059738470728921337 0.00040097033230170325 -0.00014707796655802515 3.4997005791371537e-05 8.4728366671426504e-05 -0.00029575652572271844 -2.1277703173778651e-05 -3.1900989577163522e-05 -0.00030419944706791579 9.1059821805312681e-05 -0.00055708131587927691 -0.00017902311290692648 6.6936481196652685e-05 -0.00055505687918624362
leaf_weight=5535 7571 9438 7802 7044 6875 250142 80537 8401 5513 78417 15159 8891 9997 10683 6516 266115 9985 20929 664010 12479 26561 9581 6166 18374 5147 5943
leaf_count=5535 7571 9438 7802 7044 6875 250142 80537 8401 5513 78417 15159 8891 9997 10683 6516 266115 9985 20929 664010 12479 26561 9581 6166 18374 5147 5943
internal_value=5.57431e-06 3.09886e-05 2.62351e-05 6.92387e-05 -0.000182739 8.2982e-05 7.43755e-05 -1.61359e-05 -1.13728e-05 -2.05784e-05 -2.6282e-05 0.000153851 0.000341186 2.68861e-05 0.000193687 -1.69168e-05 2.0427e-06 -0.000172986 -3.37042e-05 0.000172499 -0.000167891 0.000268668 -0.000285217 2.11163e-05 -0.000243934 -0.000381174
internal_weight=1.56381e+06 720427 710989 356076 18353 337723 330679 843384 828817 785159 770065 43658 17568 26090 17199 354913 315403 30914 742427 27638 39510 15094 14567 284489 31708 11478
internal_count=1563811 720427 710989 356076 18353 337723 330679 843384 828817 785159 770065 43658 17568 26090 17199 354913 315403 30914 742427 27638 39510 15094 14567 284489 31708 11478
is_linear=0
shrinkage=0.003


Tree=255
num_leaves=27
num_cat=0
split_feature=74 74 20 74 18 8 21 21 89 46 48 38 48 74 18 18 33 48 74 8 74 18 82 70 67 33
split_gain=132.812 173.623 111.26 115.415 208.415 147.22 152.259 131.97 118.885 105.728 102.415 103.662 244.304 181.466 99.1986 130.43 211.545 150.598 119.198 152.201 146.909 94.136 81.3468 80.9239 73.4395 57.7462
threshold=0.32434082031250006 0.32531738281250006 0.51562500000000011 0.31286621093750006 0.042297363281250007 0.13598632812500003 0.069244384765625014 0.058013916015625007 0.0010081767104566099 0.31628417968750006 15.363281250000002 -0.052520751953124993 15.714843750000002 0.34045410156250006 -0.15435791015624997 -0.052520751953124993 0.57812500000000011 14.621093750000002 0.33361816406250006 0.40649414062500006 0.33776855468750006 -0.43591308593749994 -0.09267756342887877 0.11294555664062501 -78.093749999999986 0.64233398437500011
decision_type=2 2 2 2 2 2 2 2 2 2 2 2 2 2 2 2 2 2 2 2 2 2 2 2 2 2
left_child=2 21 3 4 9 8 7 -7 -5 25 14 13 -13 -12 18 16 -16 -17 19 -3 -20 -2 -10 -15 -11 -1
right_child=1 10 -4 5 -6 6 -8 -9 22 24 11 12 -14 23 15 17 -18 -19 20 -21 -22 -23 -24 -25 -26 -27
leaf_value=-7.5189138081797557e-05 7.8027014106179119e-05 9.0511970070939363e-05 0.0002304635113145425 0.00012929349548061262 0.00049105478144848523 -5.1169431724331595e-05 -0.00035381334635107566 0.00056898530923941721 -0.00035769069141139187 -1.0950855502337201e-06 -0.00072313951574425332 -0.00035524452138238611 0.00054361956611199166 -0.00031837590861103599 -0.00020050544351692852 9.7747853170807519e-07 0.00018735258021383307 0.00021409903270921228 -0.000117088832342833 0.0004184211413540323 5.0488268605235881e-05 0.00062164203151030472 -2.4469386590945148e-05 0.0001395520348654462 -0.00035898150724650302 0.00036305558161626436
leaf_weight=5009 5181 61899 9156 6329 6868 6500 5505 5758 42003 9039 5884 5543 5159 7045 60851 745942 15888 30984 52996 15971 415910 6410 7836 6675 11928 5713
leaf_count=5009 5181 61899 9156 6329 6868 6500 5505 5758 42003 9039 5884 5543 5159 7045 60851 745942 15888 30984 52996 15971 415910 6410 7836 6675 11928 5713
internal_value=9.25835e-06 1.72888e-05 -8.58953e-05 -0.000111827 2.12156e-05 -0.000181148 5.66688e-05 0.000242385 -0.000256324 -8.18376e-05 1.43126e-05 -0.000157941 7.90826e-05 -0.000287079 1.80512e-05 -2.15671e-06 -0.000120064 9.50328e-06 4.95958e-05 0.000158216 3.15277e-05 0.0003814 -0.000305453 -9.61889e-05 -0.000205432 0.000159518
internal_weight=1.56398e+06 1.44234e+06 121644 112488 38557 73931 17763 12258 56168 31689 1.43075e+06 30306 10702 19604 1.40044e+06 853665 76739 776926 546776 77870 468906 11591 49839 13720 20967 10722
internal_count=1563982 1442338 121644 112488 38557 73931 17763 12258 56168 31689 1430747 30306 10702 19604 1400441 853665 76739 776926 546776 77870 468906 11591 49839 13720 20967 10722
is_linear=0
shrinkage=0.003


Tree=256
num_leaves=31
num_cat=0
split_feature=1 33 75 32 23 74 47 43 83 59 28 5 2 75 74 69 23 74 72 28 57 75 13 26 91 17 65 10 62 48
split_gain=129.478 136.877 110.607 122.996 88.9689 136.489 155.195 217.428 198.307 159.554 179.113 144.308 212.535 156.127 129.93 189.11 138.823 117.317 105.609 132.341 212.75 202.012 105.31 106.569 99.8587 94.4004 85.5683 75.1927 95.5118 65.7528
threshold=0.10610961914062501 0.58837890625000011 -0.059524536132812493 -0.012725830078124998 -0.84790039062499989 0.35217285156250006 0.24493408203125003 1.1938476562500002 -0.094929441809654222 0.22241210937500003 0.60131835937500011 0.45312500000000006 0.0092086791992187517 -0.052017211914062493 0.31896972656250006 0.31384277343750006 -0.42895507812499994 0.32189941406250006 0.32629394531250006 -0.65624999999999989 0.58129882812500011 -0.043258666992187493 -1.1083984374999998 0.058715820312500007 -1.2610979080200193 -0.0025234222412109371 0.046981811523437507 0.42187500000000006 -168.49999999999997 10.832031250000002
decision_type=2 2 2 2 2 2 2 2 2 2 2 2 2 2 2 2 2 2 2 2 2 2 2 2 2 2 2 2 2 2
left_child=4 2 3 -2 5 6 7 8 -1 10 -8 13 24 -7 15 16 -6 -11 19 20 -16 -21 23 -20 -13 -18 -24 28 -4 -15
right_child=1 -3 27 -5 14 11 9 -9 -10 17 -12 12 -14 29 18 -17 25 -19 22 21 -22 -23 26 -25 -26 -27 -28 -29 -30 -31
leaf_value=0.00061254705487274173 -0.00032234257071046552 0.00018276197741928769 4.886820175747985e-05 0.00016339941703220675 -0.00031286830441252145 0.00036375262778544126 -9.9880902198534006e-05 0.00056103257872595685 9.7799346668928806e-06 -6.8174307799695428e-05 -0.00062188287370397736 0.00040761903859629946 4.1707848060629343e-05 8.9640896090276185e-06 -0.00041247565579714595 -0.00064855702506734969 -4.1998464955493222e-05 0.00048586217178865583 -0.00058008907207667438 0.00018745467313363779 8.2110693232547604e-05 1.8599141166124464e-05 2.07039775322556e-05 -0.00010899808237950453 0.00095155478901441778 0.00041230923023759816 -3.9929989000152197e-05 -0.00068262353581021763 -0.00045034167205461383 -0.0004521347048272579
leaf_weight=5193 8735 8686 5370 9912 15273 6948 40624 8362 68341 7331 6837 8182 10044 5952 14512 6104 21149 6345 5288 81186 16800 295976 376159 22213 5027 5007 472471 5494 9454 5122
leaf_count=5193 8735 8686 5370 9912 15273 6948 40624 8362 68341 7331 6837 8182 10044 5952 14512 6104 21149 6345 5288 81186 16800 295976 376159 22213 5027 5007 472471 5494 9454 5122
internal_value=-2.41396e-06 -0.000156228 -0.000232069 -6.46472e-05 2.42929e-06 6.4188e-05 2.02766e-05 0.000105603 5.31217e-05 -9.40081e-05 -0.000176227 0.000215941 0.000371584 1.41779e-05 -6.11951e-06 -0.000159976 -8.66018e-05 0.000190533 -4.14504e-07 3.9417e-05 -0.000147696 5.49862e-05 -1.89873e-05 -0.000201355 0.000620221 4.6208e-05 -1.30544e-05 -0.000384653 -0.000270387 -0.000206443
internal_weight=1.5641e+06 47651 38965 18647 1.51645e+06 184308 143033 81896 73534 61137 47461 41275 23253 18022 1.33214e+06 47533 41429 13676 1.2846e+06 408474 31312 377162 876131 27501 13209 26156 848630 20318 14824 11074
internal_count=1564097 47651 38965 18647 1516446 184308 143033 81896 73534 61137 47461 41275 23253 18022 1332138 47533 41429 13676 1284605 408474 31312 377162 876131 27501 13209 26156 848630 20318 14824 11074
is_linear=0
shrinkage=0.003


Tree=257
num_leaves=31
num_cat=0
split_feature=33 50 83 91 74 73 21 41 83 43 20 59 28 59 72 83 8 75 89 83 2 17 20 75 58 83 80 11 31 33
split_gain=115.526 143.025 196.397 119.324 167.369 222.789 143.128 188.54 150.169 161.141 135.451 220.81 187.209 135.31 126.362 160.087 121.758 237.477 165.439 112.097 92.23 87.3064 111.993 106.385 106.63 83.9558 100.328 78.799 73.2743 126.659
threshold=-1.3242187499999998 0.32568359375000006 -0.0054710917174816123 -1.7220196723937986 0.35729980468750006 0.29016113281250006 0.095611572265625014 0.097503662109375014 -0.042651504278182976 -1.3955078124999998 0.48437500000000006 0.20843505859375003 1.4218750000000002 0.26501464843750006 0.36169433593750006 -0.0079188290983438474 -0.17193603515624997 -0.036636352539062493 0.0016400655731558802 -0.074013814330100999 0.0082893371582031267 0.00036072731018066412 0.57812500000000011 -0.050857543945312493 2.1083984375000004 -0.03827367722988128 -0.024002172052860257 0.081329345703125014 0.061553955078125007 -0.52441406249999989
decision_type=2 2 2 2 2 2 2 2 2 2 2 2 2 2 2 2 2 2 2 2 2 2 2 2 2 2 2 2 2 2
left_child=1 2 -1 4 5 28 10 8 13 -10 14 20 -13 -8 19 -16 18 -18 -7 -5 -12 23 -23 24 -6 -3 -27 -28 -2 -30
right_child=3 25 -4 6 21 16 7 -9 9 -11 11 12 -14 -15 15 -17 17 -19 -20 -21 -22 22 -24 -25 -26 26 27 -29 29 -31
leaf_value=0.00054566547659523677 -0.00032920111040900637 -8.3373035558853418e-06 -0.00016874615249544309 0.00016407571427252561 -0.00034037606271094834 0.0002217614315399159 0.00021137747688663479 -0.00028300790125353604 0.00053012868297618856 3.9264397279589795e-05 -0.00021041443945095644 -4.9655080958252036e-05 0.00047356484840879981 0.00074650253999068445 0.00049322151638208473 -5.5050215730212458e-05 0.00016826847710851896 -0.0003402583274763264 0.00074822045199461097 -3.4383951650078106e-06 -0.00070820339819542446 0.00025680627527394908 -0.00020283526829607847 -0.00055259958559093184 0.00024864254589648387 -0.00044380213350334627 -0.00032010822525236883 0.00016738442672105912 0.00033982123090632783 -0.00021501237775800011
leaf_weight=5846 9924 12154 8213 37876 5940 54649 20390 11284 6311 98872 7895 432961 6144 5325 10734 8563 48575 9859 5890 674818 5885 9982 8959 6567 5008 18081 6139 5632 5953 9438
leaf_count=5846 9924 12154 8213 37876 5940 54649 20390 11284 6311 98872 7895 432961 6144 5325 10734 8563 48575 9859 5890 674818 5885 9982 8959 6567 5008 18081 6139 5632 5953 9438
internal_value=2.42915e-06 -0.000131165 0.000130076 7.405e-06 7.96973e-05 0.000125572 -2.4464e-06 8.74592e-05 0.000119587 6.91919e-05 -1.32413e-05 -5.40142e-05 -4.2228e-05 0.000324652 1.19889e-05 0.000250898 0.000179931 8.2035e-05 0.000274131 5.48588e-06 -0.000426575 -0.000101717 3.94746e-05 -0.00025376 -7.11265e-05 -0.000218701 -0.000304036 -8.74154e-05 -0.000129599 3.96995e-07
internal_weight=1.56387e+06 56065 14059 1.5078e+06 180744 144288 1.32706e+06 142182 130898 105183 1.18488e+06 452885 439105 25715 731991 19297 118973 58434 60539 712694 13780 36456 18941 17515 10948 42006 29852 11771 25315 15391
internal_count=1563867 56065 14059 1507802 180744 144288 1327058 142182 130898 105183 1184876 452885 439105 25715 731991 19297 118973 58434 60539 712694 13780 36456 18941 17515 10948 42006 29852 11771 25315 15391
is_linear=0
shrinkage=0.003


Tree=258
num_leaves=23
num_cat=0
split_feature=41 43 35 76 13 63 38 12 33 75 43 10 65 36 26 82 86 83 80 56 83 65
split_gain=100.434 140.029 146.975 152.756 135.545 156.217 111.398 94.7592 80.9312 88.6779 144.025 122.767 104.784 152.766 111.154 80.2923 79.5475 111.464 123.955 114.026 110.657 71.7052
threshold=0.041900634765625007 -1.2832031249999998 0.39062500000000006 0.020709991455078128 -0.30126953124999994 -40.796874999999993 0.96850585937500011 -0.0031099319458007808 -1.3242187499999998 -0.043624877929687493 1.5151367187500002 0.29687500000000006 0.041305541992187507 0.081115722656250014 0.088470458984375014 -0.054006636142730706 0.0042066816240549096 -0.037925712764263146 -0.024002172052860257 0.38366699218750006 -0.0054710917174816123 0.056777954101562507
decision_type=2 2 2 2 2 2 2 2 2 2 2 2 2 2 2 2 2 2 2 2 2 2
left_child=4 2 3 -2 -1 -6 7 -4 16 10 11 -10 13 -11 -14 -9 20 19 -19 -18 -3 -12
right_child=1 8 6 -5 5 -7 -8 15 9 12 21 -13 14 -15 -16 -17 17 18 -20 -21 -22 -23
leaf_value=0.00062015213442995882 0.00034877578123055091 0.00037115755484064174 -9.9871027638123784e-05 -0.00028877678689020699 -0.00029212623111397955 0.00035873623367837793 0.00010789777834855881 -0.00030264614390022935 -5.8010742253632136e-05 -1.0705461566016607e-06 -0.0004048915197882567 6.7623004920188781e-05 -4.6254521765795664e-05 0.00022424241165769232 3.0260645340329991e-05 -0.00072280149708429215 -0.00028036138260073779 -0.00043930261577613736 -3.2231116980250888e-05 0.00030210086673050456 -0.00016065078152100701 3.5489837612918578e-05
leaf_weight=5387 8329 6519 8461 5555 6073 7082 5508 9554 82228 80440 9496 468137 501101 40729 259179 7424 5025 16869 11188 7289 7437 5071
leaf_count=5387 8329 6519 8461 5555 6073 7082 5508 9554 82228 80440 9496 468137 501101 40729 259179 7424 5025 16869 11188 7289 7437 5071
internal_value=5.12343e-06 2.48315e-06 -0.000162543 9.34495e-05 0.000224006 5.83288e-05 -0.000277322 -0.000360825 7.42351e-06 1.16962e-05 4.10346e-05 4.88454e-05 -7.10963e-06 7.47872e-05 -2.017e-05 -0.000489525 -0.000106144 -0.000173531 -0.00027767 6.40705e-05 8.8636e-05 -0.000252391
internal_weight=1.56408e+06 1.54554e+06 44831 13884 18542 13155 30947 25439 1.50071e+06 1.44638e+06 564932 550365 881449 121169 760280 16978 54327 40371 28057 12314 13956 14567
internal_count=1564081 1545539 44831 13884 18542 13155 30947 25439 1500708 1446381 564932 550365 881449 121169 760280 16978 54327 40371 28057 12314 13956 14567
is_linear=0
shrinkage=0.003


Tree=259
num_leaves=24
num_cat=0
split_feature=1 81 60 82 8 47 56 10 37 1 20 74 2 7 56 66 88 67 84 30 12 31 82
split_gain=118.263 116.208 189.487 164.344 157.812 199.876 184.466 166.786 136.549 150.526 139.759 110.304 197.457 149.411 104.738 94.2336 135.853 149.429 131.581 83.9359 96.9052 65.2708 51.2454
threshold=0.10610961914062501 -0.00092215021140873421 21.500000000000004 -0.029915034770965573 -0.40844726562499994 0.27673339843750006 0.40393066406250006 0.39062500000000006 -0.019523620605468747 0.081115722656250014 0.48437500000000006 0.31896972656250006 0.0029163360595703129 -0.0098991394042968733 0.38732910156250006 -0.35034179687499994 0.0021554240956902508 -43.234374999999993 0.030395373702049259 0.29687500000000006 -0.0061073303222656241 0.052734375000000007 -0.083009511232376085
decision_type=2 2 2 2 2 2 2 2 2 2 2 2 2 2 2 2 2 2 2 2 2 2 2
left_child=1 2 3 11 7 6 14 -3 9 -5 -10 12 -1 -13 -6 16 18 -18 -2 22 -21 -8 -17
right_child=15 4 -4 8 5 -7 21 -9 10 -11 -12 13 -14 -15 -16 19 17 -19 -20 20 -22 -23 -24
leaf_value=-3.6241473184773591e-05 9.3234743112725348e-05 0.00014717170187428301 0.00043785418365814224 -0.00075774447401991184 0.00014745155454128235 0.00080458832655462434 0.00020931649047916179 -0.00052503568614081743 0.0002707965807527777 -7.4311581832882777e-05 -0.00031459018163089219 6.9233613042850105e-05 -0.00045878823536836739 -5.434975560940237e-06 -0.00036155069958542679 -0.00026763094598275311 -7.200622347145445e-05 0.00060151309765472721 -0.00058057107084842434 -0.000133893272717526 -0.00062565680991985724 0.00068070091570483044 0.00015058463003849665
leaf_weight=54780 5045 8738 8911 6813 9516 5254 5036 5229 6887 5038 7635 312446 12069 1056287 5755 5227 6919 5063 5248 6429 8316 5774 5130
leaf_count=54780 5045 8738 8911 6813 9516 5254 5036 5229 6887 5038 7635 312446 12069 1056287 5755 5227 6919 5063 5248 6429 8316 5774 5130
internal_value=4.15162e-06 8.7679e-06 4.15335e-06 1.48006e-06 0.000158254 0.000276197 0.000167087 -0.000106434 -0.000232743 -0.000470262 -3.70195e-05 5.79886e-06 -0.0001131 1.16137e-05 -4.54743e-05 -0.000143287 -1.11736e-06 0.000215213 -0.000252593 -0.00026894 -0.000413588 0.000465031 -6.10225e-05
internal_weight=1.56354e+06 1.51617e+06 1.47087e+06 1.46196e+06 45302 31335 26081 13967 26373 11851 14522 1.43558e+06 66849 1.36873e+06 15271 47377 22275 11982 10293 25102 14745 10810 10357
internal_count=1563545 1516168 1470866 1461955 45302 31335 26081 13967 26373 11851 14522 1435582 66849 1368733 15271 47377 22275 11982 10293 25102 14745 10810 10357
is_linear=0
shrinkage=0.003


Tree=260
num_leaves=15
num_cat=0
split_feature=58 74 3 74 17 13 67 67 1 70 23 47 21 81
split_gain=107.263 84.0533 132.818 129.401 170.688 109.846 119.56 118.836 79.9921 182.551 94.8351 181.096 94.4207 85.3309
threshold=1.9965820312500002 0.32434082031250006 -1.5795898437499998 0.32531738281250006 -0.0046081542968749991 -1.5659179687499998 -30.132812499999996 -41.578124999999993 0.10610961914062501 0.22082519531250003 -0.90551757812499989 0.25891113281250006 0.059310913085937507 -0.025349907577037808
decision_type=2 2 2 2 2 2 2 2 2 2 2 2 2 2
left_child=-1 2 -2 4 -3 -4 7 -7 10 13 11 -5 -12 -10
right_child=1 3 5 8 -6 6 -8 -9 9 -11 12 -13 -14 -15
leaf_value=-0.00036767290823283739 -0.00047384857890423994 -2.2330066863070714e-06 -0.00041046447306259206 0.00013789575373270529 0.00072903147537879817 -2.5771510306434754e-05 0.00035521438442601914 -0.00041174954464802378 1.5459092202466201e-05 0.00028716994019711909 -0.00023360876626526283 -0.00016138843132333303 -6.2409761751293363e-07 -0.00029970967278900512
leaf_weight=7220 7147 6575 7202 100501 5001 90417 6689 7700 10797 7968 15755 22126 1241503 27047
leaf_count=7220 7147 6575 7202 100501 5001 90417 6689 7700 10797 7968 15755 22126 1241503 27047
internal_value=-5.36897e-06 -3.66479e-06 -8.01983e-05 2.68524e-06 0.000317222 -5.468e-05 -2.98635e-05 -5.64506e-05 1.09279e-07 -0.000123081 4.20779e-06 8.38074e-05 -3.56203e-06 -0.000209987
internal_weight=1.56365e+06 1.55643e+06 119155 1.43727e+06 11576 112008 104806 98117 1.4257e+06 45812 1.37988e+06 122627 1.25726e+06 37844
internal_count=1563648 1556428 119155 1437273 11576 112008 104806 98117 1425697 45812 1379885 122627 1257258 37844
is_linear=0
shrinkage=0.003


Tree=261
num_leaves=21
num_cat=0
split_feature=30 83 59 45 23 77 17 57 0 38 38 17 23 86 43 59 35 48 59 48
split_gain=135.155 91.1183 86.3233 148.838 81.6206 211.597 165.631 148.361 136.955 157.954 180.927 149.875 132.75 117.602 109.109 101.377 82.7243 71.2415 48.5635 44.6335
threshold=0.73437500000000011 0.0028948439285159115 0.23870849609375003 2.3281250000000004 1.4901161193847659e-07 0.48974350094795233 0.033401489257812507 0.51879882812500011 0.51562500000000011 -0.55639648437499989 0.60205078125000011 0.0078582763671875017 1.2973632812500002 0.0048867054283618936 -0.92382812499999989 0.21575927734375003 0.51562500000000011 9.7851562500000018 0.25048828125000006 11.199218750000002
decision_type=2 2 2 2 2 2 2 2 2 2 2 2 2 2 2 2 2 2 2 2
left_child=1 4 -2 -4 5 6 14 17 9 11 -11 -6 15 -8 -1 -10 -14 -7 -5 -9
right_child=2 -3 3 18 8 7 13 19 12 10 -12 -13 16 -15 -16 -17 -18 -19 -20 -21
leaf_value=-0.00010421873719332935 0.00048141161512754271 0.00036704198976384252 0.00043436347333138526 -0.00029594032995863151 -0.00016261532174640349 0.00032238933467449284 -7.6570862911795791e-05 -0.00015771628405652363 -0.00026697553572096956 7.3976903043828718e-05 -7.3501262930208232e-05 5.6538568927417465e-05 -3.0805036255671473e-05 -0.00066757224418779418 2.7055303636120402e-05 -7.4430024812955324e-05 0.00046046322435584449 0.00079371211599577616 9.1980719886242194e-05 0.00023589954861374788
leaf_weight=62203 7622 5904 7343 5937 83002 6897 7003 5115 27616 277385 102440 42359 5951 5282 667443 221505 6279 5187 5527 5060
leaf_count=62203 7622 5904 7343 5937 83002 6897 7003 5115 27616 277385 102440 42359 5951 5282 667443 221505 6279 5187 5527 5060
internal_value=1.85367e-06 -1.81152e-06 0.000214159 0.000103874 -3.25807e-06 1.86808e-05 1.0014e-05 0.000306224 -2.51294e-05 3.71586e-06 3.41927e-05 -8.8578e-05 -8.08666e-05 -0.000334013 1.58513e-05 -9.5873e-05 0.000223106 0.000529556 -0.000109739 3.84186e-05
internal_weight=1.56306e+06 1.53663e+06 26429 18807 1.53073e+06 764190 741931 22259 766537 505186 379825 125361 261351 12285 729646 249121 12230 12084 11464 10175
internal_count=1563060 1536631 26429 18807 1530727 764190 741931 22259 766537 505186 379825 125361 261351 12285 729646 249121 12230 12084 11464 10175
is_linear=0
shrinkage=0.003


Tree=262
num_leaves=31
num_cat=0
split_feature=41 23 58 85 91 46 22 31 18 11 10 67 42 62 59 59 33 60 40 71 65 28 71 81 67 36 5 74 38 12
split_gain=108.062 119.954 138.54 124.298 123.719 117.161 170.292 117.14 110.008 105.988 90.6726 238.163 169.52 164.694 154.127 125.661 116.977 142.241 127.949 143.131 116.229 160.638 133.354 106.215 101.509 90.7424 109.769 87.5989 84.2366 70.8593
threshold=0.093078613281250014 -1.2460937499999998 2.0908203125000004 0.013637963682413103 -1.7897231578826902 0.33728027343750006 -0.012344360351562498 0.051971435546875007 0.97949218750000011 0.075958251953125014 0.67187500000000011 -61.265624999999993 -0.013053894042968748 -320.49999999999994 0.24652099609375003 0.23614501953125003 -0.98242187499999989 21.500000000000004 0.70312500000000011 1.0825195312500002 0.061203002929687507 0.69726562500000011 1.6157226562500002 -0.00092215021140873421 -88.968749999999986 0.062622070312500014 0.35937500000000006 0.34020996093750006 -0.19378662109374997 0.0039443969726562509
decision_type=2 2 2 2 2 2 2 2 2 2 2 2 2 2 2 2 2 2 2 2 2 2 2 2 2 2 2 2 2 2
left_child=10 29 5 4 27 28 -7 -5 -6 -9 16 -12 15 14 -14 -13 20 18 24 -20 25 -22 -23 -19 -18 -1 -27 -4 -3 -2
right_child=1 2 3 7 8 6 -8 9 -10 -11 11 12 13 -15 -16 -17 17 23 19 -21 21 22 -24 -25 -26 26 -28 -29 -30 -31
leaf_value=-0.00050183280481705948 0.00039665219849757569 -0.0006920963900108112 -0.00014704861310267095 -0.00029933787055438655 -0.00010960969962149346 -0.00052540970508136678 0.00014565225075623679 -3.4390301698459117e-05 -0.00050153645539924221 0.00027408009549933766 0.00067225087494150423 -0.00047718126226232776 0.00011405312696648844 0.00051706242356920075 -0.00039473948801827175 0.00011022543724369246 -0.00023027218759216899 0.00057921604966796052 0.00044090791327645851 -0.00015603122155627479 0.00017166019354552086 0.00020077476924807455 -0.00034479196879979592 1.8370595534801573e-05 1.079852118414133e-05 -0.00045440612775594116 -7.7306543802239033e-05 0.00033123304842136897 -0.00020159652561633722 -5.0533236960423707e-05
leaf_weight=6643 7760 7363 5351 6155 95754 5160 9557 17538 6824 23238 6074 8168 59704 8210 5788 5378 15846 6876 12244 5052 27543 5636 13606 5397 1110656 8051 47511 9352 5648 5332
leaf_count=6643 7760 7363 5351 6155 95754 5160 9557 17538 6824 23238 6074 8168 59704 8210 5788 5378 15846 6876 12244 5052 27543 5636 13606 5397 1110656 8051 47511 9352 5648 5332
internal_value=2.90234e-06 -6.12784e-05 -8.02611e-05 -4.70591e-05 -9.92487e-05 -0.000276016 -9.15902e-05 8.32971e-05 -0.000136146 0.000141646 1.25935e-05 0.000102785 6.24156e-05 0.000119148 6.85542e-05 -0.000244872 5.93257e-06 1.47927e-05 1.13308e-05 0.000266653 -8.79754e-05 2.49787e-05 -0.000184783 0.000334728 7.38735e-06 -0.000172833 -0.000132667 0.00015735 -0.000482335 0.000215524
internal_weight=1.56342e+06 205032 191940 164212 117281 27728 14717 46931 102578 40776 1.35838e+06 93322 87248 73702 65492 13546 1.26506e+06 1.15607e+06 1.1438e+06 17296 108990 46785 19242 12273 1.1265e+06 62205 55562 14703 13011 13092
internal_count=1563415 205032 191940 164212 117281 27728 14717 46931 102578 40776 1358383 93322 87248 73702 65492 13546 1265061 1156071 1143798 17296 108990 46785 19242 12273 1126502 62205 55562 14703 13011 13092
is_linear=0
shrinkage=0.003


Tree=263
num_leaves=31
num_cat=0
split_feature=74 74 2 70 38 48 48 6 2 38 18 47 36 73 8 58 48 33 60 67 76 16 1 22 0 8 33 75 23 74
split_gain=98.4718 160.367 154.781 134.338 207.905 219.922 162.196 156.189 152.737 144.082 124.652 146.593 135.421 134.424 131.866 128.831 122.026 114.655 113.909 147.822 176.039 240.357 124.762 229.106 144.15 122.595 115.221 177.429 156.043 103.976
threshold=0.32043457031250006 0.33361816406250006 0.0057373046875000009 0.21124267578125003 -0.54150390624999989 9.4414062500000018 12.449218750000002 0.070220947265625014 0.0053691864013671884 -0.11853027343749999 -1.4487304687499998 0.24542236328125003 0.074310302734375014 0.28479003906250006 -0.33007812499999994 2.0615234375000004 15.363281250000002 0.25683593750000006 -1.4999999999999998 -38.171874999999993 0.019702911376953128 0.064666748046875014 0.089752197265625014 -0.00033688545227050776 0.35937500000000006 -1.5761718749999998 -0.11279296874999999 -0.032730102539062493 1.5209960937500002 0.32287597656250006
decision_type=2 2 2 2 2 2 2 2 2 2 2 2 2 2 2 2 2 2 2 2 2 2 2 2 2 2 2 2 2 2
left_child=2 3 10 6 -5 7 8 -6 -2 -7 -1 12 -12 15 -15 -13 29 -4 19 22 21 -21 24 -24 -3 -20 27 -27 -28 -8
right_child=1 18 17 4 5 9 16 -9 -10 -11 11 13 -14 14 -16 -17 -18 -19 25 20 -22 -23 23 -25 -26 26 28 -29 -30 -31
leaf_value=0.00035344697567834811 -0.00014770268287219888 -7.9018867072632343e-05 -0.00073743788175987342 -0.00013014949294626481 0.00041222248254294068 0.00099792541603150567 -0.00016235809679016934 -0.00025656215294635355 0.00018072456459487232 0.00039594193953617366 -0.0003427187948409024 -0.00012100497250783645 0.00015751279858581977 -0.0002093038195790309 0.00035263376928836596 -0.00065585054964264686 -0.00027533407679563828 -0.00015657503694320866 -0.00044058775363481394 -0.0003514367943715045 0.00048155806745333674 0.00013173153334220981 3.4345799649511813e-05 -0.00026849549172798553 5.2708685276071563e-05 -1.9090454327569071e-05 -8.8072860319986671e-05 0.0002085743153089241 0.0003739714770690304 0.00020111904531780445
leaf_weight=6170 51539 99392 5394 10212 5884 5238 7826 6523 16827 11675 5949 7346 24941 12613 5237 9095 6071 7058 6621 10301 10817 85057 49439 41104 300780 353321 291852 33651 6633 68335
leaf_count=6170 51539 99392 5394 10212 5884 5238 7826 6523 16827 11675 5949 7346 24941 12613 5237 9095 6071 7058 6621 10301 10817 85057 49439 41104 300780 353321 291852 33651 6633 68335
internal_value=-4.84938e-06 8.21936e-07 -0.000104828 8.21328e-05 0.00023755 0.000365624 4.12053e-05 6.13679e-05 -6.67206e-05 0.000587148 -5.0708e-05 -8.94479e-05 6.03799e-05 -0.000224199 -4.33913e-05 -0.000419053 0.000130905 -0.000412066 -1.11773e-05 1.91885e-05 0.000120628 7.9224e-05 -2.77984e-06 -0.00010328 1.99795e-05 -3.73656e-05 -3.34071e-05 7.55994e-07 -7.76834e-05 0.000163606
internal_weight=1.5629e+06 1.4791e+06 83803 190130 39532 29320 150598 12407 68366 16913 71351 65181 30890 34291 17850 16441 82232 12452 1.28897e+06 596890 106175 95358 490715 90543 400172 692078 685457 386972 298485 76161
internal_count=1562901 1479098 83803 190130 39532 29320 150598 12407 68366 16913 71351 65181 30890 34291 17850 16441 82232 12452 1288968 596890 106175 95358 490715 90543 400172 692078 685457 386972 298485 76161
is_linear=0
shrinkage=0.003


Tree=264
num_leaves=16
num_cat=0
split_feature=36 25 2 18 18 33 68 3 86 87 0 67 78 21 74
split_gain=110.375 100.753 171.937 84.2061 137.098 169.649 133.072 118.608 94.7908 120.147 161.331 125.664 84.8815 147.271 135.073
threshold=0.12286376953125001 0.76562500000000011 -0.0011382102966308592 -0.14770507812499997 -0.052520751953124993 0.60620117187500011 0.044509887695312507 0.65332031250000011 0.0008064648136496545 0.00099895638413727305 0.39062500000000006 -75.906249999999986 0.69068989157676708 0.074157714843750014 0.33239746093750006
decision_type=2 2 2 2 2 2 2 2 2 2 2 2 2 2 2
left_child=1 3 -3 8 5 7 -7 -5 -1 11 -11 -10 14 -14 -6
right_child=-2 2 -4 4 12 6 -8 -9 9 10 -12 -13 13 -15 -16
leaf_value=-0.00035829698447419815 0.00041456256915150652 -8.0419013545521737e-05 0.00066495436334609989 -0.00015358448307355239 0.00039971729640014478 0.00050999994919090753 -6.3844325246531185e-05 -0.00048840702480560337 -0.00010787247263411533 -6.984352392469199e-05 4.0637930798602959e-05 0.00023837967470863891 -2.2040011101279227e-05 0.00011815689309008664 -4.3356568322934181e-05
leaf_weight=5850 5555 5741 5275 50463 6169 5333 10946 11695 12192 164857 426465 40854 199576 101729 511723
leaf_count=5850 5555 5741 5275 50463 6169 5333 10946 11695 12192 164857 426465 40854 199576 101729 511723
internal_value=-3.80174e-06 -5.31907e-06 0.000279273 -7.36242e-06 -2.61937e-05 -0.000145929 0.000126113 -0.000217264 1.86344e-05 2.21115e-05 9.82977e-06 0.000158744 -1.47128e-05 2.53179e-05 -3.80026e-05
internal_weight=1.56442e+06 1.55887e+06 11016 1.54785e+06 897634 78437 16279 62158 650218 644368 591322 53046 819197 301305 517892
internal_count=1564423 1558868 11016 1547852 897634 78437 16279 62158 650218 644368 591322 53046 819197 301305 517892
is_linear=0
shrinkage=0.003


Tree=265
num_leaves=19
num_cat=0
split_feature=58 41 83 23 21 36 21 65 77 36 33 65 11 74 22 1 81 6
split_gain=118.399 110.898 111.235 110.824 105.75 140.68 121.551 160.072 104.895 155.139 101.232 100.711 97.3789 107.32 88.8844 109.062 88.4689 111.916
threshold=2.2099609375000004 0.093078613281250014 -0.10356026887893675 1.2680664062500002 0.095611572265625014 0.060653686523437507 0.093811035156250014 0.064788818359375014 0.41422504186630255 0.075225830078125014 -1.2875976562499998 0.044342041015625007 0.051971435546875007 0.33679199218750006 0.022155761718750003 0.067474365234375014 -0.0028977775946259494 0.056198120117187507
decision_type=2 2 2 2 2 2 2 2 2 2 2 2 2 2 2 2 2 2
left_child=1 4 -3 16 6 14 8 11 9 -1 -10 -8 -7 -14 -6 -16 17 -4
right_child=-2 2 3 -5 5 12 7 -9 10 -11 -12 -13 13 -15 15 -17 -18 -19
leaf_value=0.00031173860704473521 0.0003664035632315686 0.00032768329842966997 0.0001531810291602772 -0.00042833513111411827 0.00017342992776521549 -0.0001654755093939509 -4.6324683377798006e-05 0.00020225544690985654 -0.00015628579171086799 4.1718259334292081e-05 5.7237231315131572e-06 -0.00047298834782656348 0.00052603991816569566 0.00013805486491037995 0.00014164359498142998 -0.00036598356562563304 -0.00041088787912748221 -7.4701512353587645e-05
leaf_weight=23332 8081 6323 21965 7521 7165 8682 7885 7041 35833 105035 1021281 13521 6789 97365 5309 12992 6128 160546
leaf_count=23332 8081 6323 21965 7521 7165 8682 7885 7041 35833 105035 1021281 13521 6789 97365 5309 12992 6128 160546
internal_value=6.44447e-06 4.55005e-06 -6.09094e-05 -7.35958e-05 1.43557e-05 9.2924e-05 5.39759e-06 -0.000188047 1.0055e-05 9.10016e-05 2.17822e-07 -0.000316771 0.000138363 0.000163825 -0.000108165 -0.000218755 -5.9233e-05 -4.72072e-05
internal_weight=1.56279e+06 1.55471e+06 202483 196160 1.35223e+06 138302 1.21393e+06 28447 1.18548e+06 128367 1.05711e+06 21406 112836 104154 25466 18301 188639 182511
internal_count=1562794 1554713 202483 196160 1352230 138302 1213928 28447 1185481 128367 1057114 21406 112836 104154 25466 18301 188639 182511
is_linear=0
shrinkage=0.003


Tree=266
num_leaves=30
num_cat=0
split_feature=33 21 78 11 6 12 87 82 82 80 48 1 27 31 23 33 60 30 28 85 30 45 35 48 81 11 28 1 48
split_gain=140.615 103.428 141.21 123.228 114.34 102.85 201.413 190.398 132.867 119.663 171.104 191.871 138.501 130.272 187.281 147.528 112.948 173.216 112.549 154.437 122.847 110.687 98.062 162.682 94.1101 83.0157 80.8499 77.481 74.0306
threshold=-1.3242187499999998 0.072113037109375014 0.69275411963462841 0.078460693359375014 0.072967529296875014 0.016235351562500003 0.00086491811089217674 -0.086069524288177476 -0.18781220912933347 -0.12749540805816648 11.667968750000002 0.073883056640625014 -0.013351440429687498 0.074432373046875014 1.5209960937500002 -0.16223144531249997 12.500000000000002 0.39062500000000006 0.35375976562500006 0.011816367506980898 0.42187500000000006 1.8906250000000002 0.45312500000000006 11.511718750000002 -0.0072589032351970664 0.041748046875000007 -0.63256835937499989 0.069488525390625014 12.917968750000002
decision_type=2 2 2 2 2 2 2 2 2 2 2 2 2 2 2 2 2 2 2 2 2 2 2 2 2 2 2 2 2
left_child=1 2 -1 -4 24 8 7 27 21 10 11 -10 -12 15 -15 -11 18 -18 20 -20 -8 25 23 -6 -3 -2 -27 -7 -24
right_child=5 4 3 -5 22 6 16 -9 9 13 12 -13 -14 14 -16 -17 17 -19 19 -21 -22 -23 28 -25 -26 26 -28 -29 -30
leaf_value=-0.0007054603476726 -0.0003546758937939272 -6.6938482169806227e-05 -0.00040472519547230873 0.00021003414092553511 -1.5972170630771891e-05 0.00016645929670252072 2.1297845388231054e-05 -0.00017004684131466196 -0.00011919336789157321 4.699832608607386e-05 0.00022729781862307897 0.00018958449678514117 0.00077538559574444658 -1.5583171449872606e-05 0.00039887401149779004 0.00031817886055802909 -0.00015143247357346396 0.00049830858168365734 0.00010336804498683831 -0.00038981919386499216 -0.00016470558698774171 -0.00046151671538090206 8.9348076898956725e-05 0.0006416654945626026 -0.00057535908092781025 -0.00012137332051803685 3.397916943796381e-05 0.00062970986963464229 -0.00041385972108997282
leaf_weight=5930 7496 8008 6678 5091 9245 5730 64178 7096 32241 457299 21743 41081 5079 591370 9878 18702 7547 7065 7465 23775 63512 6070 5349 5237 5482 52010 71467 7703 5024
leaf_count=5930 7496 8008 6678 5091 9245 5730 64178 7096 32241 457299 21743 41081 5079 591370 9878 18702 7547 7065 7465 23775 63512 6070 5349 5237 5482 52010 71467 7703 5024
internal_value=4.5765e-06 -0.000142842 -0.000331865 -0.000139265 -5.49575e-05 1.00625e-05 -5.43872e-05 0.000225916 1.95816e-05 2.98731e-05 0.000129016 5.38319e-05 0.000333578 2.06455e-05 -8.70879e-06 5.77176e-05 -8.76565e-05 0.000163973 -0.00011088 -0.000272015 -7.12753e-05 -6.87943e-05 6.57804e-05 0.000224613 -0.000276261 -5.02552e-05 -3.15024e-05 0.000434795 -0.000155997
internal_weight=1.56455e+06 56044 17699 11769 38345 1.50851e+06 194071 20529 1.31444e+06 1.17739e+06 100144 73322 26822 1.07725e+06 601248 476001 173542 14612 158930 31240 127690 137043 24855 14482 13490 130973 123477 13433 10373
internal_count=1564551 56044 17699 11769 38345 1508507 194071 20529 1314436 1177393 100144 73322 26822 1077249 601248 476001 173542 14612 158930 31240 127690 137043 24855 14482 13490 130973 123477 13433 10373
is_linear=0
shrinkage=0.003


Tree=267
num_leaves=31
num_cat=0
split_feature=1 71 12 11 79 78 22 81 13 63 76 1 2 28 3 18 81 33 6 8 37 5 33 73 74 1 3 1 11 6
split_gain=133.966 145.163 178.022 158.533 131.479 234.822 123.912 129.497 122.341 185.513 180.487 170.116 192.633 116.585 114.875 163.438 125.121 112.827 120.031 112.332 110.088 106.352 103.108 127.188 100.392 96.6562 94.6353 79.6535 69.5663 66.2841
threshold=0.10671997070312501 1.9741210937500002 0.016235351562500003 0.089385986328125014 0.30523101985454565 0.69818615913391124 0.031250000000000007 -0.0031282259151339527 1.0419921875000002 -81.593749999999986 0.019969940185546878 0.077423095703125014 -0.0081977844238281233 0.72583007812500011 -0.57666015624999989 0.87524414062500011 -0.0077107250690460196 0.64233398437500011 0.058944702148437507 -0.44665527343749994 0.033523559570312507 0.39062500000000006 -1.0019531249999998 0.31750488281250006 0.32385253906250006 0.10964965820312501 0.15313720703125003 0.083709716796875014 0.074310302734375014 0.077789306640625014
decision_type=2 2 2 2 2 2 2 2 2 2 2 2 2 2 2 2 2 2 2 2 2 2 2 2 2 2 2 2 2 2
left_child=1 2 3 20 5 -5 7 14 9 27 -11 12 -10 -6 16 -16 -3 18 -2 -20 24 -22 -9 -24 -1 -21 -13 -4 -8 -27
right_child=17 6 8 4 13 -7 28 22 11 10 -12 26 -14 -15 15 -17 -18 -19 19 25 21 -23 23 -25 -26 29 -28 -29 -30 -31
leaf_value=-0.00010106480574654267 -0.0005742533305465638 -0.00032160520762478106 -0.0005147414361933618 0.00086542324256745119 2.8510495199253517e-05 9.5931516295450932e-05 -0.00046567491357074159 -0.00040421981370461528 -7.6685758776014122e-05 -0.00023436979484277757 0.00018043415661853421 -0.00050121491251362341 0.00026262669316248505 0.00042411093371096787 0.00030920252826722989 -9.5253141566344196e-05 0.00016332547545841141 0.00017003463704304473 0.00022950621912847197 -0.00051662716531598212 -0.00044717977632425051 8.7790600790560826e-05 0.00019883775742227249 -0.00022568870968722401 4.8570321741167799e-06 -0.00036570911443899255 -0.00012104339268103894 -8.7880416309299485e-05 2.715108803058935e-05 3.7163496028893195e-05
leaf_weight=87220 7456 7433 17819 5552 61206 9765 5087 5638 36963 25753 14781 7004 25272 7432 55324 10685 13045 7284 5611 7575 9639 5050 16729 10104 1035907 5594 35299 5101 5104 10323
leaf_count=87220 7456 7433 17819 5552 61206 9765 5087 5638 36963 25753 14781 7004 25272 7432 55324 10685 13045 7284 5611 7575 9639 5050 16729 10104 1035907 5594 35299 5101 5104 10323
internal_value=-5.85091e-06 -1.12653e-06 -1.00694e-05 2.52398e-06 0.000128249 0.000378656 9.50409e-05 0.000122277 -0.000101606 -0.000205413 -8.30369e-05 -3.84591e-05 6.13004e-05 7.19001e-05 0.00018287 0.000243687 -1.33997e-05 -0.000169149 -0.000237007 -0.000148937 -6.76326e-06 -0.00026391 -3.9179e-05 3.87373e-05 -3.37693e-06 -0.000239916 -0.000185021 -0.000420535 -0.000220985 -0.000105825
internal_weight=1.56276e+06 1.51891e+06 1.38976e+06 1.22177e+06 83955 15317 129149 118958 167992 63454 40534 104538 62235 68638 86487 66009 20478 43843 36559 29103 1.13782e+06 14689 32471 26833 1.12313e+06 23492 42303 22920 10191 15917
internal_count=1562755 1518912 1389763 1221771 83955 15317 129149 118958 167992 63454 40534 104538 62235 68638 86487 66009 20478 43843 36559 29103 1137816 14689 32471 26833 1123127 23492 42303 22920 10191 15917
is_linear=0
shrinkage=0.003


Tree=268
num_leaves=17
num_cat=0
split_feature=33 58 40 48 36 46 26 43 67 61 26 74 31 6 56 36
split_gain=102.553 103.616 132.566 96.6074 145.963 104.611 167.007 114.877 99.1399 86.6768 101.012 92.8633 115.102 110.452 111.666 63.9928
threshold=-1.3242187499999998 2.0048828125000004 0.14062500000000003 15.457031250000002 0.076568603515625014 0.35192871093750006 0.064117431640625014 -1.2832031249999998 -53.921874999999993 3.2216796875000004 0.094512939453125014 0.35925292968750006 0.046173095703125007 0.081115722656250014 0.41540527343750006 0.077545166015625014
decision_type=2 2 2 2 2 2 2 2 2 2 2 2 2 2 2 2
left_child=9 -2 -3 5 8 7 -7 -4 -5 11 -11 12 -1 15 -15 -13
right_child=1 2 3 4 -6 6 -8 -9 -10 10 -12 13 -14 14 -16 -17
leaf_value=-0.00011573843931710829 -0.0003261765964470304 0.00046442844012257344 -0.00014284248414332863 -0.0005699540680033985 0.00012132799474086738 -9.2961351905483628e-05 0.00027005448515225939 3.8106157569783476e-06 -0.00010820891753486965 0.00029858934205649872 -0.00016726001325435873 -5.6787052754040811e-05 -0.00061875860402551728 0.00042628580059220152 -0.00014883796454722353 -0.00052033588162534784
leaf_weight=7902 8615 5456 49722 8594 9236 17785 31496 1368736 8180 7757 8879 5078 8523 5476 6595 5642
leaf_count=7902 8615 5456 49722 8594 9236 17785 31496 1368736 8180 7757 8879 5078 8523 5476 6595 5642
internal_value=-4.68743e-06 -7.46688e-09 1.88845e-06 1.68026e-07 -0.000180714 3.38555e-06 0.000139123 -1.3398e-06 -0.000346755 -0.000130805 5.04415e-05 -0.000207626 -0.000378923 -8.30594e-05 0.000113425 -0.00030331
internal_weight=1.56367e+06 1.50782e+06 1.4992e+06 1.49375e+06 26010 1.46774e+06 49281 1.41846e+06 16774 55852 16636 39216 16425 22791 12071 10720
internal_count=1563672 1507820 1499205 1493749 26010 1467739 49281 1418458 16774 55852 16636 39216 16425 22791 12071 10720
is_linear=0
shrinkage=0.003


Tree=269
num_leaves=22
num_cat=0
split_feature=3 76 70 74 74 73 83 3 80 82 16 74 33 32 20 43 0 41 21 81 70
split_gain=114.02 118.96 124.862 110.419 190.189 141.954 130.326 113.491 321.554 130.356 103.247 188.004 93.762 98.22 83.8313 79.2552 85.0646 96.3934 76.2641 96.9568 35.6174
threshold=1.5688476562500002 0.019550323486328128 0.17486572265625003 0.32434082031250006 0.32531738281250006 0.29382324218750006 0.0028948439285159115 -0.83496093749999989 -0.054250486195087426 -0.038655474781990044 0.078826904296875014 0.31286621093750006 0.091583251953125014 0.013561248779296877 0.42187500000000006 0.75537109375000011 0.26562500000000006 0.10537719726562501 0.084442138671875014 -0.013756535947322844 0.19671630859375003
decision_type=2 2 2 2 2 2 2 2 2 2 2 2 2 2 2 2 2 2 2 2 2
left_child=3 -2 14 10 5 -5 7 8 -6 -9 15 -12 -13 -14 -3 18 -17 -18 19 -1 -4
right_child=1 2 20 4 6 -7 -8 9 -10 -11 11 12 13 -15 -16 16 17 -19 -20 -21 -22
leaf_value=-0.00021330329794840873 0.00015001669053609087 0.00021099814340573743 -0.00070122629196848725 7.9688514143691787e-05 -0.00013809765918787424 0.00074902287562805521 0.00046573519463485353 2.3944200106329059e-05 0.00019075424925663653 -0.00010855415442259294 0.00053864009997215832 -0.00032225874055605378 0.00037737898732964631 -0.00017078204746708904 -0.00032754630803503971 -0.00053567841732140751 -0.00028661014300908816 0.00015441165334637941 0.00019288263421804989 3.4607906061294734e-05 -0.00035299749783739416
leaf_weight=33726 7059 5184 5020 6076 126283 5319 5487 1166433 33856 70790 6167 7387 5871 5714 5028 7325 15720 6138 8538 24426 6365
leaf_count=33726 7059 5184 5020 6076 126283 5319 5487 1166433 33856 70790 6167 7387 5871 5714 5028 7325 15720 6138 8538 24426 6365
internal_value=6.55368e-07 -0.000186507 -0.000296684 4.16072e-06 1.1605e-05 0.000395921 8.45534e-06 6.62655e-06 -6.84973e-05 1.63549e-05 -8.27774e-05 8.80902e-05 -6.04209e-05 0.000107865 -5.47656e-05 -0.000127626 -0.000257773 -0.000162626 -7.03741e-05 -0.000109291 -0.000511311
internal_weight=1.56391e+06 28656 21597 1.53526e+06 1.41424e+06 11395 1.40285e+06 1.39736e+06 160139 1.23722e+06 121012 25139 18972 11585 10212 95873 29183 21858 66690 58152 11385
internal_count=1563912 28656 21597 1535256 1414244 11395 1402849 1397362 160139 1237223 121012 25139 18972 11585 10212 95873 29183 21858 66690 58152 11385
is_linear=0
shrinkage=0.003


Tree=270
num_leaves=28
num_cat=0
split_feature=33 16 91 69 87 81 27 3 88 0 21 38 8 57 13 33 48 67 72 43 8 1 11 8 15 57 66
split_gain=120.937 93.5292 131.037 170.145 180.154 154.903 130.114 121.06 157.68 155.482 119.871 122.626 102.568 116.804 103.074 95.774 95.1583 87.6786 94.5988 82.6705 152.745 132.657 101.015 108.946 111.274 77.4806 70.8457
threshold=-1.3242187499999998 0.085662841796875014 -1.8417544364929197 0.25329589843750006 0.0053282808512449273 0.0013366609346121552 -0.010612487792968748 -0.79223632812499989 0.0034171668812632565 0.23437500000000003 0.10955810546875001 1.0058593750000002 1.2211914062500002 0.57153320312500011 -0.22546386718749997 -1.0415039062499998 11.902343750000002 -63.828124999999993 0.33532714843750006 -0.023544311523437497 0.64916992187500011 0.082305908203125014 0.084777832031250014 0.54980468750000011 0.42187500000000006 0.55004882812500011 0.96899414062500011
decision_type=2 2 2 2 2 2 2 2 2 2 2 2 2 2 2 2 2 2 2 2 2 2 2 2 2 2 2
left_child=19 2 3 4 -2 7 -6 8 -4 -9 11 12 13 -3 -14 -5 -7 25 -19 20 21 -1 23 24 -21 -13 -24
right_child=1 10 5 15 6 16 -8 9 -10 -11 -12 17 14 -15 -16 -17 -18 18 -20 22 -22 -23 26 -25 -26 -27 -28
leaf_value=0.00010121704513329145 0.00070570517234180288 3.934665071094014e-05 -0.00017173356388070312 6.9696404060613478e-05 -0.00023041892021114207 0.00059788450875935639 0.00019399187292647521 0.00038074423975728941 7.4176623687528573e-05 -1.6980955854900598e-05 -0.00033913195042209769 -6.0320541572404041e-05 6.1514450007618687e-05 0.00028566143577124525 0.00054417759259308177 -0.00034945664584562367 4.0347139206197525e-05 0.00016449181981971112 -0.00027565289305192059 0.00029142811962541091 0.00038559617393088715 -0.0004359806300521078 -0.00024620805442783869 -0.00045408740604062391 -0.00021335952219612975 -0.00055624636552716034 -0.00072486354214330081
leaf_weight=8613 5374 330878 96277 9952 7501 5673 45306 8836 30957 880914 7236 5047 8169 18189 7723 9524 5300 11158 7109 7162 6466 7808 6381 6007 8467 6450 5069
leaf_count=8613 5374 330878 96277 9952 7501 5673 45306 8836 30957 880914 7236 5047 8169 18189 7723 9524 5300 11158 7109 7162 6466 7808 6381 6007 8467 6450 5069
internal_value=-3.39194e-06 1.6962e-06 -1.25518e-05 0.000106195 0.000187368 -2.1532e-05 0.000133385 -2.53721e-05 -0.00011189 -1.29889e-05 4.08796e-05 4.793e-05 6.30394e-05 5.22596e-05 0.000298009 -0.000136013 0.000331388 -0.000136928 -7.36826e-06 -0.000140194 -1.47937e-06 -0.000155307 -0.000235856 -0.000114309 1.83419e-05 -0.00034094 -0.000462554
internal_weight=1.56355e+06 1.50757e+06 1.10561e+06 77657 58181 1.02796e+06 52807 1.01698e+06 127234 889750 401959 394723 364959 349067 15892 19476 10973 29764 18267 55973 22887 16421 33086 21636 15629 11497 11450
internal_count=1563546 1507573 1105614 77657 58181 1027957 52807 1016984 127234 889750 401959 394723 364959 349067 15892 19476 10973 29764 18267 55973 22887 16421 33086 21636 15629 11497 11450
is_linear=0
shrinkage=0.003


Tree=271
num_leaves=31
num_cat=0
split_feature=13 1 48 1 56 56 61 58 64 70 48 42 23 6 72 75 48 61 89 88 75 84 84 28 84 47 41 23 18 8
split_gain=76.8521 141.448 99.6917 98.4361 90.2483 119.193 83.6751 81.3065 131.917 95.4565 69.4763 68.7319 116.798 118.371 174.669 119.108 109.181 169.123 111.079 189.531 169.845 163.783 141.083 145.277 106.318 101.012 93.8963 66.8071 60.283 56.1853
threshold=1.2006835937500002 0.077423095703125014 12.597656250000002 0.067474365234375014 0.40393066406250006 0.39172363281250006 -0.23480224609374997 2.1689453125000004 0.034866333007812507 0.18341064453125003 11.261718750000002 0.017021179199218753 -1.1582031249999998 0.052062988281250007 0.31066894531250006 -0.026008605957031247 7.6972656250000009 2.2304687500000004 0.0011626598425209524 0.0026551624760031704 -0.050125122070312493 0.018718853592872623 0.034962549805641181 -0.49560546874999994 0.032524287700653083 0.24017333984375003 0.097503662109375014 -0.24945068359374997 -0.072265624999999986 -0.40014648437499994
decision_type=2 2 2 2 2 2 2 2 2 2 2 2 2 2 2 2 2 2 2 2 2 2 2 2 2 2 2 2 2 2
left_child=11 3 7 4 5 29 10 8 9 -3 -5 16 25 14 -14 26 17 24 22 21 -21 -20 23 -18 -1 -13 -15 -24 -17 -2
right_child=1 2 -4 6 -6 -7 -8 -9 -10 -11 -12 12 13 15 -16 28 18 -19 19 20 -22 -23 27 -25 -26 -27 -28 -29 -30 -31
leaf_value=0.00017705811551138568 -0.00027230140321048222 -0.00039827122436785037 -0.00060446794531577859 0.00021616537825125314 0.00013907744179509222 -0.00061030971090221639 0.00035371863989195923 -0.00045290120862068943 0.00034852281218625199 5.2565009021119412e-05 -0.0002700338838253614 0.00042308941469724771 -0.0002234690740391128 -0.00017935299094422013 0.00048337633456823964 -0.00063090691975594662 2.5525684498645536e-05 -0.00016633436366693868 0.00024046015253736245 -0.00013434130544017134 1.9553351722037431e-05 -0.00020808814996288349 -0.00053764113812341423 0.00015130749127104128 0.00072647852289871773 -9.0842129752238192e-05 -1.6052300779956424e-05 -5.4651859962078194e-05 -0.00016726851918262274 0.00012433648618091197
leaf_weight=6842 6169 9517 5407 5303 9136 5073 10834 6566 5022 7504 5083 8339 5130 47412 7850 5136 297394 6147 8208 70804 719358 62788 5023 114375 5949 5762 95225 5238 5062 6509
leaf_count=6842 6169 9517 5407 5303 9136 5073 10834 6566 5022 7504 5083 8339 5130 47412 7850 5136 297394 6147 8208 70804 719358 62788 5023 114375 5949 5762 95225 5238 5062 6509
internal_value=2.73959e-06 -8.65353e-05 -0.000234294 1.82128e-05 -0.000102195 -0.000226455 0.00017054 -0.000162471 -7.4305e-05 -0.000200366 -2.20908e-05 7.69201e-06 -4.72538e-05 -6.95801e-05 0.000204442 -9.29707e-05 1.5287e-05 0.000240809 1.19401e-05 -7.60054e-06 5.74807e-06 -0.000155965 5.18054e-05 6.04917e-05 0.000436243 0.000213924 -7.04205e-05 -0.000293994 -0.000404629 -6.92845e-05
internal_weight=1.56416e+06 82123 34016 48107 26887 17751 21220 28609 22043 17021 10386 1.48204e+06 179916 165815 12980 152835 1.30213e+06 18938 1.28319e+06 861158 790162 70996 422030 411769 12791 14101 142637 10261 10198 12678
internal_count=1564165 82123 34016 48107 26887 17751 21220 28609 22043 17021 10386 1482042 179916 165815 12980 152835 1302126 18938 1283188 861158 790162 70996 422030 411769 12791 14101 142637 10261 10198 12678
is_linear=0
shrinkage=0.003


Tree=272
num_leaves=22
num_cat=0
split_feature=30 75 8 74 2 18 17 74 18 18 16 21 2 31 16 72 5 91 41 18 23
split_gain=103.834 125.372 98.0201 97.8538 140.038 150.114 158.511 126.786 110.698 198.985 135.433 213.66 130.365 123.194 107.894 106.477 103.421 83.4585 76.9261 81.7082 71.9769
threshold=0.73437500000000011 -0.035293579101562493 -0.10351562499999999 0.32434082031250006 0.0033464431762695317 -1.4487304687499998 0.00077199935913085948 0.32531738281250006 -0.15435791015624997 -0.052520751953124993 0.066070556640625014 0.095611572265625014 -0.028091430664062497 0.060653686523437507 0.038726806640625007 0.30603027343750006 0.35937500000000006 -1.8948647975921629 0.089508056640625014 -0.99951171874999989 -0.16510009765624997
decision_type=2 2 2 2 2 2 2 2 2 2 2 2 2 2 2 2 2 2 2 2 2
left_child=3 20 -3 4 5 -1 17 16 10 13 14 -12 -11 -10 -9 -8 -5 -7 19 -6 -2
right_child=1 2 -4 7 18 6 15 8 9 12 11 -13 -14 -15 -16 -17 -18 -19 -20 -21 -22
leaf_value=0.00039158040621984215 0.00063936144053641417 0.00018138096271783083 -0.00034131436684061187 0.00063938233766438395 -0.00045540258817189513 -0.00049846620043369084 0.00034657443158693497 0.00035802710766305151 -0.00047339387127962821 -0.00022011263829875371 5.7142607749536958e-05 0.00033099087229839831 5.0500184317711002e-06 -0.00011530087402155409 -1.7129788597478275e-05 -5.0340108519373842e-05 6.4058601446257587e-05 -0.00010832520579831257 -0.00050321109171220526 8.4792504658052069e-06 0.0001885200470998069
leaf_weight=6942 5970 8669 5011 5018 5130 5298 11761 6977 9851 23775 241043 28605 754226 67063 274974 12441 6297 59234 9038 9850 6966
leaf_count=6942 5970 8669 5011 5018 5130 5298 11761 6977 9851 23775 241043 28605 754226 67063 274974 12441 6297 59234 9038 9850 6966
internal_value=3.942e-06 0.000189365 -1.11704e-05 7.20036e-07 -8.16143e-05 -3.00824e-05 -6.34744e-05 7.67602e-06 5.12003e-06 -1.62576e-05 3.82499e-05 8.63051e-05 -1.85815e-06 -0.00016172 -7.72272e-06 0.000143174 0.00032257 -0.000141077 -0.000285916 -0.000152347 0.000399893
internal_weight=1.56414e+06 26616 13680 1.53752e+06 119694 95676 88734 1.41783e+06 1.40651e+06 854915 551599 269648 778001 76914 281951 24202 11315 64532 24018 14980 12936
internal_count=1564139 26616 13680 1537523 119694 95676 88734 1417829 1406514 854915 551599 269648 778001 76914 281951 24202 11315 64532 24018 14980 12936
is_linear=0
shrinkage=0.003


Tree=273
num_leaves=24
num_cat=0
split_feature=30 6 75 74 8 74 81 17 82 28 61 31 71 28 77 42 56 35 18 31 50 15 7
split_gain=110.427 79.7869 106.977 76.712 149.092 173.73 166.977 161.066 107.316 82.9763 135.395 115.592 120.308 101.829 98.1811 96.4786 87.6957 180.414 114.396 86.5238 69.3416 60.4794 34.3838
threshold=0.73437500000000011 0.066070556640625014 -0.035537719726562493 0.32043457031250006 0.50415039062500011 0.31286621093750006 -0.038756683468818658 0.00064563751220703136 -0.093952953815460191 -0.82812499999999989 -0.81103515624999989 0.057189941406250007 1.9272460937500002 -0.84399414062499989 0.44260418415069586 0.029502868652343753 0.36535644531250006 0.26562500000000006 0.43041992187500006 0.067718505859375014 0.41699218750000006 0.60937500000000011 -0.0012702941894531248
decision_type=2 2 2 2 2 2 2 2 2 2 2 2 2 2 2 2 2 2 2 2 2 2 2
left_child=3 -2 21 4 5 7 -7 20 -8 13 11 14 -13 15 -11 19 17 -12 -18 -5 -1 -3 -4
right_child=1 2 22 9 -6 6 8 -9 -10 10 16 12 -14 -15 -16 -17 18 -19 -20 -21 -22 -23 -24
leaf_value=4.9370015207975572e-07 0.00052676406093156273 0.00010187839441037524 6.2091116740689095e-05 -0.00014459709123905534 0.00031335516765658178 0.00010586980364691454 -0.00044559795732269095 0.00043626732640815674 3.2714783889191485e-05 1.5638921521719794e-05 0.00039649379421404245 5.0646196101397676e-05 0.00021210100066245311 -0.00041956327485603737 -0.00047247147988087931 -0.00035352081304067473 -4.6059943516959055e-05 2.7021470686545479e-05 3.4067447692941805e-05 9.0258063122995253e-06 -0.00035393862074140282 0.00053913097325534532 -0.00028659645445595395
leaf_weight=23192 5110 6090 5001 42654 7416 8453 26044 6715 5019 8591 12884 296138 48239 6485 6418 8364 502670 142017 235370 144532 6222 5344 5022
leaf_count=23192 5110 6090 5001 42654 7416 8453 26044 6715 5019 8591 12884 296138 48239 6485 6418 8364 502670 142017 235370 144532 6222 5344 5022
internal_value=2.05722e-06 0.000193455 0.000112002 -1.26255e-06 -8.98799e-05 -0.000129773 -0.000266982 2.06205e-05 -0.000368458 3.80437e-06 1.2907e-05 6.20676e-05 7.33172e-05 -5.25971e-05 -0.000194828 -4.02192e-05 -6.88368e-06 5.79886e-05 -2.05052e-05 -2.60387e-05 -7.54252e-05 0.000309143 -0.000113723
internal_weight=1.56399e+06 26567 21457 1.53742e+06 83061 75645 39516 36129 31063 1.45436e+06 1.25233e+06 359386 344377 202035 15009 195550 892941 154901 738040 187186 29414 11434 10023
internal_count=1563990 26567 21457 1537423 83061 75645 39516 36129 31063 1454362 1252327 359386 344377 202035 15009 195550 892941 154901 738040 187186 29414 11434 10023
is_linear=0
shrinkage=0.003


Tree=274
num_leaves=27
num_cat=0
split_feature=41 2 23 91 28 46 6 78 5 67 11 83 81 79 86 46 72 85 23 72 6 6 3 13 85 33
split_gain=121.537 99.9217 114.574 103.557 123.666 129.705 109.487 91.9054 85.805 119.235 88.0885 111.926 217.405 211.723 137.074 126.959 88.4293 141.485 142.119 80.622 133.288 81.1485 79.1643 80.9554 88.7561 69.0193
threshold=0.093292236328125014 -0.010585784912109373 0.62890625000000011 -2.0191307067871089 1.0170898437500002 0.32922363281250006 0.056198120117187507 0.68902802467346203 0.76562500000000011 -44.890624999999993 0.093597412109375014 -0.054921552538871758 -0.028170198202133175 0.32874195277690893 0.013995796442031862 0.29943847656250006 0.36218261718750006 0.014628052711486818 0.75537109375000011 0.35485839843750006 0.069244384765625014 0.057022094726562507 -0.58642578124999989 0.76977539062500011 0.01335795968770981 -0.18896484374999997
decision_type=2 2 2 2 2 2 2 2 2 2 2 2 2 2 2 2 2 2 2 2 2 2 2 2 2 2
left_child=8 2 22 -3 5 6 -5 -4 10 -10 16 15 13 -13 -14 -12 19 -18 -19 21 -21 -1 23 24 -2 -7
right_child=1 3 7 4 -6 25 -8 -9 9 -11 11 12 14 -15 -16 -17 17 18 -20 20 -22 -23 -24 -25 -26 -27
leaf_value=-6.7104098905770713e-05 -0.00010802057528918032 0.00039001119242644891 -0.00017674739157562768 0.00027135689868515531 -0.00038895563300184286 -0.00049204178039660555 -2.1445918264520522e-05 -0.00071080953872055435 -0.00057901006702582795 3.5673687795587827e-05 0.00045260957940859925 -0.0003983589077032398 -3.8212096663811964e-05 0.00012938884898706118 0.00043696978859887321 -7.7715752770205217e-05 -8.4079915568248921e-05 0.0007721155615037765 0.00010134854809084428 -0.00055066170790467404 -4.4010876671582693e-05 2.6817945687142061e-05 -0.00044395427130515487 -0.00035939561075850723 0.000216005006024385 -5.0582360293688064e-05
leaf_weight=89860 23954 5025 5994 12856 8672 7389 101734 5684 5239 6045 7876 29255 110733 8867 5647 8230 8089 5549 5793 5555 27043 1039615 5518 6881 11028 5593
leaf_count=89860 23954 5025 5994 12856 8672 7389 101734 5684 5239 6045 7876 29255 110733 8867 5647 8230 8089 5549 5793 5555 27043 1039615 5518 6881 11028 5593
internal_value=-3.06885e-06 -7.20474e-05 -0.000175563 -2.86781e-05 -4.43951e-05 -2.06865e-05 1.1612e-05 -0.000440518 7.07093e-06 -0.000252294 9.25395e-06 -5.44488e-05 -7.92842e-05 -0.00027559 -1.47999e-05 0.000182811 1.84564e-05 0.000218647 0.000433397 1.50905e-05 -0.000131769 1.93403e-05 -0.000109469 -6.44273e-05 -5.54767e-06 -0.00030369
internal_weight=1.56372e+06 200328 59059 141269 136244 127572 114590 11678 1.3634e+06 11284 1.35211e+06 170608 154502 38122 116380 16106 1.1815e+06 19431 11342 1.16207e+06 32598 1.12948e+06 47381 41863 34982 12982
internal_count=1563724 200328 59059 141269 136244 127572 114590 11678 1363396 11284 1352112 170608 154502 38122 116380 16106 1181504 19431 11342 1162073 32598 1129475 47381 41863 34982 12982
is_linear=0
shrinkage=0.003


Tree=275
num_leaves=26
num_cat=0
split_feature=33 91 60 38 89 33 75 43 18 13 7 33 3 90 80 80 40 1 75 23 81 71 22 18 13
split_gain=113.997 178.454 161.75 131.968 131.759 207.716 150.094 114.526 126.503 122.3 106.243 103.933 95.6721 218.31 118.534 131.056 113.163 105.329 93.4957 81.999 72.972 86.3091 72.3269 103.773 48.6768
threshold=-1.3242187499999998 -1.7220196723937986 21.500000000000004 -1.0844726562499998 0.0016400655731558802 -0.86425781249999989 -0.038772583007812493 -0.023544311523437497 -0.40844726562499994 -0.26953124999999994 0.0098648071289062517 -0.74902343749999989 -0.83496093749999989 0.065879583358764662 -0.056343510746955865 -0.055068328976631158 0.20312500000000003 0.054885864257812507 -0.032485961914062493 0.21429443359375003 -0.021386206150054928 1.8725585937500002 -0.0049076080322265616 0.32666015625000006 -0.64916992187499989
decision_type=2 2 2 2 2 2 2 2 2 2 2 2 2 2 2 2 2 2 2 2 2 2 2 2 2
left_child=7 3 12 -2 6 -6 10 8 -1 24 -5 -8 13 17 16 -16 -14 -3 -15 -4 -11 -22 -10 -24 -9
right_child=1 2 19 4 5 -7 11 9 22 20 -12 -13 14 18 15 -17 -18 -19 -20 -21 21 -23 23 -25 -26
leaf_value=0.0004433380398316647 -0.00037686265231033221 -6.6795020207119439e-05 0.00012719475233577407 0.00018420655334588104 4.9599987047003868e-05 0.00082100816182779197 -0.00029104394292462493 -0.00017461204016677587 -0.00037563165648903633 -0.00014850064348731129 -4.3223475266738795e-05 2.4355629252062904e-05 0.00023406282559414735 -0.00026480158746993555 -0.00034504316778107404 -4.5249172743208233e-05 6.5607442391472167e-06 -0.00024467990361426765 0.00016529475959283478 0.00060640846258382748 -0.00068585921888040743 -0.00019632491001808517 -0.00026120646332441794 0.00028408652890045952 0.00022647841483302357
leaf_weight=5002 5202 67586 8352 92585 6979 5634 12825 5696 5479 8235 23050 34460 20030 5138 13780 242148 876523 53863 34852 5197 8832 5254 5686 6773 5037
leaf_count=5002 5202 67586 8352 92585 6979 5634 12825 5696 5479 8235 23050 34460 20030 5138 13780 242148 876523 53863 34852 5197 8832 5254 5686 6773 5037
internal_value=-3.6936e-06 1.24528e-06 -1.07979e-05 8.96574e-05 0.00010369 0.000397922 8.06806e-05 -0.000136488 2.63649e-05 -0.000249249 0.000138874 -6.16231e-05 -1.41719e-05 -8.2546e-05 -4.58774e-06 -6.15195e-05 1.16689e-05 -0.000145824 0.000109512 0.000314103 -0.000375316 -0.000505937 -9.1721e-05 3.51291e-05 1.39729e-05
internal_weight=1.5642e+06 1.5082e+06 1.32747e+06 180735 175533 12613 162920 55994 22940 33054 115635 47285 1.31392e+06 161439 1.15248e+06 255928 896553 121449 39990 13549 22321 14086 17938 12459 10733
internal_count=1564198 1508204 1327469 180735 175533 12613 162920 55994 22940 33054 115635 47285 1313920 161439 1152481 255928 896553 121449 39990 13549 22321 14086 17938 12459 10733
is_linear=0
shrinkage=0.003


Tree=276
num_leaves=23
num_cat=0
split_feature=41 13 38 74 7 62 20 7 26 70 67 85 15 26 33 33 65 7 74 41 80 71
split_gain=94.0974 116.463 145.246 89.5243 111.26 173.064 131.027 140.969 126.443 177.198 92.9659 84.2126 134.959 109.302 136.333 102.815 97.6075 89.7778 84.4799 67.3182 84.1996 62.7576
threshold=0.041900634765625007 -0.28674316406249994 0.16363525390625003 0.32434082031250006 -0.0074501037597656241 -216.49999999999997 0.51562500000000011 -0.010612487792968748 0.089019775390625014 0.22833251953125003 -35.578124999999993 0.017019618302583698 0.23437500000000003 0.10690307617187501 -0.47680664062499994 0.13726806640625003 0.091705322265625014 -0.015869140624999997 0.36413574218750006 0.073211669921875014 -0.074477821588516221 1.9975585937500002
decision_type=2 2 2 2 2 2 2 2 2 2 2 2 2 2 2 2 2 2 2 2 2 2
left_child=1 -1 -3 4 6 19 7 10 -7 -10 -2 13 -13 16 -15 -16 18 -14 -5 -6 -21 -19
right_child=3 2 -4 11 5 8 -8 -9 9 -11 -12 12 17 14 15 -17 -18 21 -20 20 -22 -23
leaf_value=0.0005773480885746205 -0.00017766892616362861 0.00035543709716289644 -0.00027616997768749541 -3.2547613997918869e-06 -0.00039506695297111181 -4.9272579745327759e-05 0.00027311249569635825 -0.00054587030859612929 0.00079374815171760977 9.0136332099267458e-05 0.00024735820792550124 0.00028095081480058505 -0.000471838296659686 0.00059140802296179693 -0.00023359330003097057 0.00033160032038263447 0.00033840221470887711 -0.00024472934296512305 5.4633418440528555e-05 -0.00016760711111669376 0.00019652791162232892 2.0553112838178059e-05
leaf_weight=5550 48251 6913 6054 1064566 6046 8434 5784 8784 6011 6874 5035 6522 7649 6456 5726 5664 8049 15850 288242 16838 8529 16126
leaf_count=5550 48251 6913 6054 1064566 6046 8434 5784 8784 6011 6874 5035 6522 7649 6456 5726 5664 8049 15850 288242 16838 8529 16126
internal_value=5.81013e-06 0.00021782 6.06972e-05 3.25596e-06 -7.51973e-05 2.81561e-05 -0.000155441 -0.00019575 0.000236179 0.000421964 -0.00013712 9.90032e-06 -0.000116024 1.41233e-05 0.000246724 4.79051e-05 1.10551e-05 -0.000181906 9.08257e-06 -0.000113324 -4.48851e-05 -0.000111296
internal_weight=1.56395e+06 18517 12967 1.54544e+06 120586 52732 67854 62070 21319 12885 53286 1.42485e+06 46147 1.3787e+06 17846 11390 1.36086e+06 39625 1.35281e+06 31413 25367 31976
internal_count=1563953 18517 12967 1545436 120586 52732 67854 62070 21319 12885 53286 1424850 46147 1378703 17846 11390 1360857 39625 1352808 31413 25367 31976
is_linear=0
shrinkage=0.003


Tree=277
num_leaves=16
num_cat=0
split_feature=30 59 67 36 62 1 6 18 32 5 91 51 63 36 47
split_gain=101.767 122.908 127.197 123.148 102.436 91.3026 144.001 133.793 115.38 91.6155 87.2505 179.017 108.358 87.0458 74.5862
threshold=0.73437500000000011 0.23944091796875003 -31.804687499999996 0.077056884765625014 49.500000000000007 0.10815429687500001 0.078155517578125014 -0.24719238281249997 -0.010791778564453123 0.76562500000000011 -1.709848880767822 0.43627929687500006 -96.031249999999986 0.076141357421875014 0.22039794921875003
decision_type=2 2 2 2 2 2 2 2 2 2 2 2 2 2 2
left_child=4 -2 3 -3 5 9 7 -7 -8 10 11 -1 -12 -11 -9
right_child=1 2 -4 -5 -6 6 8 14 -10 13 12 -13 -14 -15 -16
leaf_value=-0.00010173320526557142 0.00048651792623700463 -0.00043564409451384971 0.00037933805930815231 0.0001685964599617008 0.00041563433577713457 -4.0758953835260774e-05 -0.00026854529286445645 -0.00028894155968625386 0.00028964702974948405 -2.7238541410401038e-05 -8.716131378794066e-05 9.6402853295224724e-05 -2.0447771971710241e-06 -0.00056296982444160263 -0.00076203079712592269
leaf_weight=53193 8076 6069 6491 5897 5050 9475 5257 6556 8734 5859 153275 178528 1100213 5028 5761
leaf_count=53193 8076 6069 6491 5897 5050 9475 5257 6556 8734 5859 153275 178528 1100213 5028 5761
internal_value=-3.57286e-06 0.000180287 4.4393e-05 -0.000138937 -6.75847e-06 -8.17797e-06 -0.000157723 -0.00030969 7.94936e-05 -4.59091e-06 -2.57164e-06 5.08952e-05 -1.24588e-05 -0.00027753 -0.000514573
internal_weight=1.56346e+06 26533 18457 11966 1.53693e+06 1.53188e+06 35783 21792 13991 1.4961e+06 1.48521e+06 231721 1.25349e+06 10887 12317
internal_count=1563462 26533 18457 11966 1536929 1531879 35783 21792 13991 1496096 1485209 231721 1253488 10887 12317
is_linear=0
shrinkage=0.003


Tree=278
num_leaves=31
num_cat=0
split_feature=21 8 15 41 33 41 17 62 63 77 40 8 40 6 80 80 80 66 64 63 74 80 74 32 75 80 26 81 31 65
split_gain=106.022 150.279 202.043 114.037 112.681 128.767 104.063 96.9812 164.141 130.481 129.004 100.347 95.1651 92.0497 132.218 144.984 165.114 97.3785 122.231 104.269 123.325 115.395 90.9748 88.5542 101.546 89.047 74.7388 107.507 71.9825 63.1386
threshold=0.095611572265625014 -0.45458984374999994 0.26562500000000006 0.049697875976562507 -1.2558593749999998 0.060272216796875007 0.017257690429687503 -252.49999999999997 -66.031249999999986 0.48394410312175756 0.48437500000000006 -0.82055664062499989 0.48437500000000006 0.10488891601562501 -0.057149499654769891 -0.07375743985176085 -0.088168382644653306 -4.4511718749999991 0.018028259277343753 -109.28124999999999 0.33483886718750006 -0.13366645574569699 0.37341308593750006 -0.020202636718749997 -0.058609008789062493 -0.053859502077102654 0.093536376953125014 -0.0057152798399329177 0.046173095703125007 0.043838500976562507
decision_type=2 2 2 2 2 2 2 2 2 2 2 2 2 2 2 2 2 2 2 2 2 2 2 2 2 2 2 2 2 2
left_child=4 2 -2 -3 5 -1 23 10 -9 -10 -4 -12 26 17 15 16 -15 18 22 20 -19 -21 -6 25 -25 -5 27 -7 -14 -30
right_child=1 3 7 6 13 12 -8 8 9 -11 11 -13 28 14 -16 -17 -18 19 -20 21 -22 -23 -24 24 -26 -27 -28 -29 29 -31
leaf_value=0.00029997908348355001 -0.00023172169356751912 0.0003673613318365016 0.00071309136539221053 0.00050001838808895016 6.4540455238424623e-05 -0.00036220831492177305 -0.00029971658603549579 -0.0002533449634466473 0.00054947722775140068 6.0119461106217429e-05 -5.8008818683717984e-05 0.00051818148360455521 0.00027541211962185767 0.00023778155677961818 -0.00017540306370499638 0.00066840642385133117 -0.00035253892262499301 -4.6124456088656792e-05 -0.00044039931604005763 7.6032725721807918e-05 0.00016107204376419906 -1.8521673742400348e-05 -0.00030262232910685852 0.00035298581727159778 -5.1357370753698904e-05 -1.5943637501087258e-05 -0.00056656862510585005 4.9720377273826842e-05 0.0001010796393622205 -0.00027021006186810808
leaf_weight=5499 7973 7441 8717 6282 19082 15057 10270 6356 9472 10112 5599 5158 5233 24715 9642 5382 5057 39961 9788 131019 72947 1018298 8792 5967 71025 5687 6645 9106 6751 10318
leaf_count=5499 7973 7441 8717 6282 19082 15057 10270 6356 9472 10112 5599 5158 5233 24715 9642 5382 5057 39961 9788 131019 72947 1018298 8792 5967 71025 5687 6645 9106 6751 10318
internal_value=3.66225e-06 7.67888e-05 0.000206566 1.17056e-05 -4.68342e-06 -0.000133335 -1.53068e-05 0.000283853 0.000162747 0.000298391 0.000443513 0.000220503 -0.00017868 9.33459e-07 0.000134487 0.00021974 0.000136667 -3.67899e-06 -0.000153794 8.11944e-07 8.7764e-05 -7.73705e-06 -5.19376e-05 1.78262e-05 -1.96029e-05 0.000256761 -0.000286456 -0.000207405 -2.9184e-05 -0.000123627
internal_weight=1.56335e+06 160059 53387 106672 1.40329e+06 58609 99231 45414 25940 19584 19474 10757 53110 1.34468e+06 44796 35154 29772 1.29989e+06 37662 1.26222e+06 112908 1.14932e+06 27874 88961 76992 11969 30808 24163 22302 17069
internal_count=1563351 160059 53387 106672 1403292 58609 99231 45414 25940 19584 19474 10757 53110 1344683 44796 35154 29772 1299887 37662 1262225 112908 1149317 27874 88961 76992 11969 30808 24163 22302 17069
is_linear=0
shrinkage=0.003


Tree=279
num_leaves=18
num_cat=0
split_feature=41 35 30 1 38 90 81 5 46 56 6 58 8 76 46 38 36
split_gain=157.884 144.878 114.395 96.3572 134.961 135.519 139.131 100.049 150.04 194.971 114.813 162.845 158.661 94.1834 83.5695 81.067 66.882
threshold=0.041900634765625007 0.35937500000000006 0.73437500000000011 0.10610961914062501 0.46704101562500006 0.11216789484024049 -0.0059326644986867896 0.67187500000000011 0.33068847656250006 0.37951660156250006 0.082305908203125014 2.0419921875000004 0.26513671875000006 0.020153045654296878 0.28588867187500006 0.21075439453125003 0.072113037109375014
decision_type=2 2 2 2 2 2 2 2 2 2 2 2 2 2 2 2 2
left_child=1 -1 3 7 5 6 -5 10 9 -9 12 -12 -2 15 -6 16 -4
right_child=2 -3 13 4 14 -7 -8 8 -10 -11 11 -13 -14 -15 -16 -17 -18
leaf_value=0.00052886834235161976 -7.9171420424849202e-06 -7.3793148366121522e-07 0.00039193604353044727 -6.4237174217086655e-05 -0.00016999014397526093 -0.00041384952761103205 0.00045675773584774728 0.00025291758450714794 -0.00055675023800159603 -0.00012938911435944061 0.00042304482970969583 3.7235098016500222e-05 -0.00031732176033182855 -4.2538013213877195e-05 -0.00071409950618916485 0.00064361249170459024 -6.1242212354304558e-05
leaf_weight=9640 939675 8893 6436 22628 5187 7313 5689 14352 5875 70928 9986 416634 15057 9627 5039 5046 5271
leaf_count=9640 939675 8893 6436 22628 5187 7313 5689 14352 5875 70928 9986 416634 15057 9627 5039 5046 5271
internal_value=1.59636e-06 0.000276098 -1.71463e-06 -5.12351e-06 -0.000140399 -5.27198e-05 4.16718e-05 -9.01588e-07 -9.71088e-05 -6.48288e-05 5.45367e-06 4.63629e-05 -1.28295e-05 0.00019377 -0.000442426 0.000329009 0.000189105
internal_weight=1.56328e+06 18533 1.54474e+06 1.51836e+06 45856 35630 28317 1.47251e+06 91155 85280 1.38135e+06 426620 954732 26380 10226 16753 11707
internal_count=1563276 18533 1544743 1518363 45856 35630 28317 1472507 91155 85280 1381352 426620 954732 26380 10226 16753 11707
is_linear=0
shrinkage=0.003


Tree=280
num_leaves=20
num_cat=0
split_feature=3 6 30 45 86 59 48 80 6 45 81 5 62 58 36 74 16 38 6
split_gain=104.811 140.212 96.5934 101.899 109.633 138.449 92.0409 109.719 124.344 191.479 111.701 143.691 99.5782 94.9166 93.5518 99.1541 69.2035 62.7286 92.0313
threshold=1.5170898437500002 0.059310913085937507 0.73437500000000011 2.2968750000000004 0.018976766616106037 0.23870849609375003 15.457031250000002 -0.0042198225855827323 0.072296142578125014 1.3906250000000002 -0.0028977775946259494 0.20312500000000003 -18.499999999999996 2.0712890625000004 0.077545166015625014 0.34045410156250006 0.077423095703125014 0.20318603515625003 0.077972412109375014
decision_type=2 2 2 2 2 2 2 2 2 2 2 2 2 2 2 2 2 2 2
left_child=2 -2 6 -4 5 -5 7 10 13 -10 12 -12 -1 -9 15 -8 -17 18 -3
right_child=1 17 3 4 -6 -7 14 8 9 -11 11 -13 -14 -15 -16 16 -18 -19 -20
leaf_value=-2.3545991621461085e-06 -0.00054639154948585885 -0.00018375218594134365 0.00048074421915282801 0.00031009305337775594 0.00043879574278578515 -0.00029983426692966914 -0.00060019951331451323 0.00018373030662991618 -4.3660098605268589e-05 0.00050273905903540979 -0.00057502308824416916 -8.3039606401984225e-05 0.00018882079545526348 -0.00027887577333286984 8.0022543010586624e-05 -0.00033490255436961048 0.00012552349121828523 -0.00027692246676299992 0.00023994682945947777
leaf_weight=1364406 6898 9022 7238 5258 5061 8845 6292 7760 9425 14733 6046 41310 24870 8016 8594 6630 5141 8745 9238
leaf_count=1364406 6898 9022 7238 5258 5061 8845 6292 7760 9425 14733 6046 41310 24870 8016 8594 6630 5141 8745 9238
internal_value=-3.14802e-06 -0.000167885 5.13989e-07 0.000180054 6.45809e-05 -7.18538e-05 -2.65114e-06 5.08754e-07 0.000155419 0.000290266 -3.80779e-06 -0.000146931 1.08105e-06 -5.16021e-05 -0.00017703 -0.000299097 -0.000134447 -6.95423e-05 3.07427e-05
internal_weight=1.56353e+06 33903 1.52962e+06 26402 19164 14103 1.50322e+06 1.47657e+06 39934 24158 1.43663e+06 47356 1.38928e+06 15776 26657 18063 11771 27005 18260
internal_count=1563528 33903 1529625 26402 19164 14103 1503223 1476566 39934 24158 1436632 47356 1389276 15776 26657 18063 11771 27005 18260
is_linear=0
shrinkage=0.003


Tree=281
num_leaves=18
num_cat=0
split_feature=36 33 91 70 88 75 43 18 8 65 80 10 33 60 18 61 23
split_gain=85.4891 86.1423 123.793 110.638 100.592 109.623 90.329 123.162 105.904 98.8018 79.5203 139.655 98.8007 88.3869 122.362 116.435 69.0485
threshold=0.12286376953125001 -1.2875976562499998 -2.0191307067871089 0.20379638671875003 0.0033138068392872815 -0.045211791992187493 -0.023544311523437497 0.79589843750000011 0.64916992187500011 0.043594360351562507 0.010877331718802454 0.39062500000000006 -0.69873046874999989 21.500000000000004 -0.087158203124999986 4.8027343750000009 -0.20843505859374997
decision_type=2 2 2 2 2 2 2 2 2 2 2 2 2 2 2 2 2
left_child=1 3 4 6 5 -3 8 9 16 -8 13 12 -12 15 -15 -4 -1
right_child=-2 2 10 -5 -6 -7 7 -9 -10 -11 11 -13 -14 14 -16 -17 -18
leaf_value=-0.00041172787132325451 0.00036783755757408161 6.6431644150066039e-05 -1.372668352777106e-07 0.00031145009981284561 -6.7627935785898716e-05 0.00062613591894471958 0.00021332584954366721 -0.00063714336450840302 0.00031586130710352996 -0.00024540300142197381 0.00069747054300713259 -0.00019914806317359359 0.00013731100435345058 0.00060209430538669679 -3.4129839020285239e-05 -0.00017225088804883863 1.9446978856191015e-06
leaf_weight=5260 5561 5440 1413384 5039 6330 7466 5080 5893 6577 23210 5080 5217 6395 5058 5736 36183 11258
leaf_count=5260 5561 5440 1413384 5039 6330 7466 5080 5893 6577 23210 5080 5217 6395 5058 5736 36183 11258
internal_value=-1.58289e-07 -1.49479e-06 3.06004e-06 -0.00011069 0.000241546 0.00039254 -0.000148306 -0.000246003 -3.26655e-06 -0.000162568 -6.19574e-08 0.000205209 0.000389178 -2.4221e-06 0.000266791 -4.44502e-06 -0.00013147
internal_weight=1.56417e+06 1.55861e+06 1.49629e+06 62317 19236 12906 57278 34183 23095 28290 1.47705e+06 16692 11475 1.46036e+06 10794 1.44957e+06 16518
internal_count=1564167 1558606 1496289 62317 19236 12906 57278 34183 23095 28290 1477053 16692 11475 1460361 10794 1449567 16518
is_linear=0
shrinkage=0.003


Tree=282
num_leaves=22
num_cat=0
split_feature=18 69 25 67 88 61 17 8 2 71 80 69 65 85 74 57 81 36 36 59 77
split_gain=96.6561 117.758 105.074 113.507 96.047 146.049 107.35 104.43 84.8085 118.031 102.414 126.687 155.362 114.006 114.929 105.772 97.9283 151.35 70.567 56.2476 44.0783
threshold=-1.3559570312499998 0.34338378906250006 0.76562500000000011 -44.890624999999993 0.0035626310855150227 -1.6040039062499998 -0.033355712890624993 0.056213378906250007 0.029243469238281253 2.0322265625000004 -0.0042198225855827323 0.27185058593750006 0.082702636718750014 0.017285611480474476 0.32434082031250006 0.50708007812500011 -0.025349907577037808 0.086700439453125014 0.078033447265625014 0.21881103515625003 0.41536614298820501
decision_type=2 2 2 2 2 2 2 2 2 2 2 2 2 2 2 2 2 2 2 2 2
left_child=1 4 8 -4 5 20 -6 -7 10 16 13 -12 -13 14 -2 -15 19 -18 -9 -10 -1
right_child=2 -3 3 -5 6 7 -8 18 9 -11 11 12 -14 15 -16 -17 17 -19 -20 -21 -22
leaf_value=0.00040683586165211698 -0.0001021297344164083 0.00050390281045174865 -3.5880572176586935e-05 0.00057990900261171941 2.9512470165254716e-05 6.9101766714446002e-05 0.00063302975381623286 -0.00058850847980114484 0.00026892095451701504 0.0002193876353259686 -0.00027995335511753867 0.00046199457982988611 4.2601950291825313e-05 -0.00038944823445979921 3.2487863998173224e-06 2.2435438210497651e-05 -0.00018704981214145929 -0.00075524951017655513 -0.00010528537157434247 -0.00017182685572345637 4.6532069051519352e-05
leaf_weight=6795 100244 6452 5082 5607 5543 9188 5005 5769 5074 6991 5214 13690 18824 13302 1298618 9635 22234 5143 5167 5155 5540
leaf_count=6795 100244 6452 5082 5607 5543 9188 5005 5769 5074 6991 5214 13690 18824 13302 1298618 9635 22234 5143 5167 5155 5540
internal_value=-1.22054e-06 0.000129152 -5.48547e-06 0.000289518 7.18921e-05 -9.18649e-06 0.000319136 -0.000166469 -7.601e-06 -0.000136323 -3.65874e-06 0.000150403 0.000220062 -7.75711e-06 -4.30952e-06 -0.000217085 -0.000202856 -0.000296151 -0.00036322 4.72889e-05 0.000246689
internal_weight=1.56427e+06 49459 1.51481e+06 10689 43007 32459 10548 20124 1.50412e+06 44597 1.45953e+06 37728 32514 1.4218e+06 1.39886e+06 22937 37606 27377 10936 10229 12335
internal_count=1564272 49459 1514813 10689 43007 32459 10548 20124 1504124 44597 1459527 37728 32514 1421799 1398862 22937 37606 27377 10936 10229 12335
is_linear=0
shrinkage=0.003


Tree=283
num_leaves=31
num_cat=0
split_feature=36 31 30 65 84 75 84 5 11 5 75 8 70 41 6 0 33 23 36 27 61 41 70 17 11 38 75 78 30 70
split_gain=146.337 130.627 126.878 138.001 123.276 150.094 143.116 125.682 115.93 152.753 163.805 151.771 135.439 114.456 124.422 113.702 116.364 113.079 108.023 106.531 105.217 103.896 113.645 108.679 106.769 102.327 99.2237 96.0514 84.0939 70.8738
threshold=0.088775634765625014 0.071533203125000014 0.73437500000000011 0.030685424804687503 0.032272987067699439 -0.022743225097656247 0.036075070500373847 0.29687500000000006 0.079315185546875014 0.39062500000000006 -0.045455932617187493 -0.18017578124999997 0.15740966796875003 0.060668945312500007 0.097747802734375014 0.64062500000000011 0.16864013671875003 -0.18640136718749997 0.080596923828125014 -0.010612487792968748 -2.9980468749999996 0.041900634765625007 0.25683593750000006 -0.0049076080322265616 0.079681396484375014 1.1225585937500002 -0.035171508789062493 0.69119387865066539 0.54687500000000011 0.22448730468750003
decision_type=2 2 2 2 2 2 2 2 2 2 2 2 2 2 2 2 2 2 2 2 2 2 2 2 2 2 2 2 2 2
left_child=2 8 3 20 5 15 7 29 13 10 19 -11 -13 -2 17 25 -17 -15 26 -10 28 24 23 -23 -5 -3 -4 -24 -1 -6
right_child=1 4 18 21 6 -7 -8 -9 9 11 -12 12 -14 14 -16 16 -18 -19 -20 -21 -22 22 27 -25 -26 -27 -28 -29 -30 -31
leaf_value=-0.00031999344319034247 -0.00051035453222729834 -9.9345133806010141e-05 0.00034651439677052716 0.00056879580234815339 0.00022834494483124529 -0.00046962006499499985 -0.00028642318907685525 3.0443383767652524e-05 -0.00019574702550179506 0.0004919556834164406 -0.00040892658424775949 -0.00018093341639493729 0.0003212919753122997 -0.00036947120240932971 0.00026050528891739762 0.00059854548211056493 -2.9990806360474302e-05 -9.7145735619177015e-05 0.00059646897656120566 0.00037165527287482872 -0.00053897391332084592 5.573390394674408e-05 -6.3802653149619618e-05 -4.8431934291482946e-06 1.825897100904433e-05 7.7192144261081761e-05 -9.2313567710878845e-05 -0.00049342785463876086 0.00011251191124012296 0.00065893243543236832
leaf_weight=7466 9750 94076 8854 6058 6955 6928 5179 12047 6304 7397 14139 13704 7336 22474 5627 5105 5384 35265 5497 5472 6526 410855 14375 758478 6549 42975 9551 6873 8616 7037
leaf_count=7466 9750 94076 8854 6058 6955 6928 5179 12047 6304 7397 14139 13704 7336 22474 5627 5105 5384 35265 5497 5472 6526 410855 14375 758478 6549 42975 9551 6873 8616 7037
internal_value=6.92877e-07 -5.72878e-05 1.52253e-05 1.09947e-05 -6.50675e-06 -4.1279e-05 0.00016513 0.000255693 -0.000131199 -2.61826e-05 -0.000192405 0.000125441 -5.1314e-06 -0.000209122 -0.000162041 -2.0861e-05 0.000278682 -0.0002036 0.000231239 6.88194e-05 -0.0002207 1.53662e-05 1.24853e-05 1.6444e-05 0.000285201 -4.39725e-05 0.000119523 -0.000204432 -8.90135e-05 0.00044804
internal_weight=1.56285e+06 313154 1.2497e+06 1.2258e+06 185686 154468 31218 26039 127468 54352 25915 28437 21040 73116 63366 147540 10489 57739 23902 11776 22608 1.20319e+06 1.19058e+06 1.16933e+06 12607 137051 18405 21248 16082 13992
internal_count=1562852 313154 1249698 1225796 185686 154468 31218 26039 127468 54352 25915 28437 21040 73116 63366 147540 10489 57739 23902 11776 22608 1203188 1190581 1169333 12607 137051 18405 21248 16082 13992
is_linear=0
shrinkage=0.003


Tree=284
num_leaves=15
num_cat=0
split_feature=36 83 91 38 75 75 41 67 83 6 6 36 41 69
split_gain=103.778 98.1914 79.6476 197.981 172.506 185.535 151.906 90.6389 160.54 168.607 110.594 117.454 100.802 72.631
threshold=0.12286376953125001 0.0028948439285159115 -1.675779342651367 -1.1108398437499998 -0.049118041992187493 -0.038772583007812493 0.069671630859375014 -21.914062499999996 -0.0025189435109496112 0.082733154296875014 0.084320068359375014 0.087036132812500014 0.093078613281250014 0.40002441406250006
decision_type=2 2 2 2 2 2 2 2 2 2 2 2 2 2
left_child=1 2 3 -1 6 -6 -5 10 9 -9 12 -12 -4 -10
right_child=-2 -3 7 4 5 -7 -8 8 13 -11 11 -13 -14 -15
leaf_value=-0.0004290594267382382 0.00040196223132560349 0.00037967974441900008 -2.8494694675027105e-05 -0.00034866692561009175 0.00018213629942308811 -9.982909847198683e-06 -1.9214887510869112e-06 0.00025330431024222241 -0.00051549793660468949 -3.3488139358663757e-05 4.8598818588858303e-05 -8.4172400224548401e-05 -0.00012495398209074439 -3.2576598168187909e-05
leaf_weight=7731 5577 5868 719271 13890 110665 76459 60745 42248 5105 32655 289112 75555 112717 6105
leaf_count=7731 5577 5868 719271 13890 110665 76459 60745 42248 5105 32655 289112 75555 112717 6105
internal_value=-2.91596e-06 -4.39084e-06 -5.86711e-06 4.10079e-05 5.50498e-05 0.000103673 -6.6833e-05 -1.57173e-05 7.82332e-05 0.000128395 -2.2484e-05 2.10745e-05 -4.15764e-05 -0.000255111
internal_weight=1.5637e+06 1.55813e+06 1.55226e+06 269490 261759 187124 74635 1.28277e+06 86113 74903 1.19666e+06 364667 831988 11210
internal_count=1563703 1558126 1552258 269490 261759 187124 74635 1282768 86113 74903 1196655 364667 831988 11210
is_linear=0
shrinkage=0.003


Tree=285
num_leaves=31
num_cat=0
split_feature=67 68 28 20 47 84 71 84 58 87 50 31 45 80 41 23 20 6 36 80 13 13 3 87 63 2 16 70 11 56
split_gain=118.478 255.975 209.494 133.889 165.717 134.421 133.528 97.2613 95.0507 88.721 135.907 111.82 112.924 101.989 94.258 132.899 118.54 124.167 117.375 109.163 103.886 102.891 100.133 99.5996 96.3802 83.6173 80.0945 74.4139 71.6206 69.7544
threshold=-21.914062499999996 0.046279907226562507 -0.59497070312499989 0.39062500000000006 0.19464111328125003 0.032691620290279395 2.0146484375000004 0.0274738222360611 2.1708984375000004 0.0086396373808383959 0.63354492187500011 0.080718994140625014 2.6093750000000004 -0.044451251626014703 0.091400146484375014 -1.3896484374999998 0.26562500000000006 0.10671997070312501 0.054367065429687507 -0.12749540805816648 0.13043212890625003 0.46508789062500006 -1.1396484374999998 0.0085916742682456988 -62.171874999999993 0.0011081695556640627 0.086883544921875014 0.11950683593750001 0.082000732421875014 0.38903808593750006
decision_type=2 2 2 2 2 2 2 2 2 2 2 2 2 2 2 2 2 2 2 2 2 2 2 2 2 2 2 2 2 2
left_child=9 -2 26 4 5 -4 -6 -5 -9 14 27 12 13 -12 16 -16 17 18 -1 24 22 -22 -17 -21 -18 -14 -3 28 -11 -13
right_child=1 2 3 7 6 -7 -8 8 -10 10 11 29 25 -15 15 20 19 -19 -20 23 21 -23 -24 -25 -26 -27 -28 -29 -30 -31
leaf_value=0.00028049180543097171 0.00068371590759138789 -0.00056590556238487924 0.00015452415556888204 0.00027518727854342458 0.00022079521754347591 0.00067847935959579634 -0.00018454183800775727 -1.049282649249645e-05 -0.00049481263271091867 -0.00073791333692462826 3.534575726543247e-05 -0.00050128600557469575 8.464610400478455e-05 0.00053060455855085721 0.00028577007124172993 -0.00039787492629196213 3.0160707573966276e-05 0.00029511453351388684 -0.00016405641894498752 6.9567204178880824e-06 0.00014281911183253236 -7.1983715002142391e-05 -9.603587521081151e-05 0.00039677442300189113 0.00020338426170913497 -0.00036406267174941067 -4.966228877713686e-05 -9.7049526442452442e-05 -0.00025400397703135701 -2.6153282051952596e-05
leaf_weight=5686 6370 5674 8236 5053 20504 9568 11249 9249 5926 5177 8361 5784 8630 6697 9798 10620 66012 6591 71620 973489 33516 49707 130572 5835 51388 6454 5128 7685 6099 5295
leaf_count=5686 6370 5674 8236 5053 20504 9568 11249 9249 5926 5177 8361 5784 8630 6697 9798 10620 66012 6591 71620 973489 33516 49707 130572 5835 51388 6454 5128 7685 6099 5295
internal_value=2.00752e-06 0.000109551 6.33755e-05 0.000123642 0.000207474 0.000438318 7.70696e-05 -8.17492e-05 -0.000201626 -4.33954e-06 -0.000117054 -2.01396e-05 7.468e-05 0.000257658 4.62873e-07 -5.45004e-05 1.13702e-05 -9.72486e-05 -0.000131039 1.96875e-05 -6.94773e-05 1.45904e-05 -0.000119005 9.3196e-06 0.000106092 -0.000108476 -0.000323535 -0.000326534 -0.000480708 -0.000276471
internal_weight=1.56197e+06 86957 80587 69785 49557 17804 31753 20228 15175 1.47502e+06 60182 41221 30142 15058 1.41483e+06 234213 1.18062e+06 83897 77306 1.09672e+06 224415 83223 141192 979324 117400 15084 10802 18961 11276 11079
internal_count=1561973 86957 80587 69785 49557 17804 31753 20228 15175 1475016 60182 41221 30142 15058 1414834 234213 1180621 83897 77306 1096724 224415 83223 141192 979324 117400 15084 10802 18961 11276 11079
is_linear=0
shrinkage=0.003


Tree=286
num_leaves=31
num_cat=0
split_feature=7 33 11 0 15 70 70 36 65 23 48 61 90 67 32 67 84 1 3 84 90 65 72 2 85 13 17 2 1 77
split_gain=121.565 170.107 122.582 127.171 190.145 112.849 111.061 91.8302 86.4412 151.655 212.191 178.231 191.495 136.294 118.747 134.744 105.412 146.007 105.207 97.9352 89.1536 86.7404 116.616 105.364 142.814 103.102 94.4327 94.8578 258.85 160.164
threshold=0.026695251464843753 0.83813476562500011 0.087432861328125014 0.48437500000000006 0.39062500000000006 0.19024658203125003 0.17816162109375003 0.073211669921875014 0.048049926757812507 0.042297363281250007 12.902343750000002 -4.2128906249999991 -0.12964421510696408 -30.132812499999996 -0.0086975097656249983 -41.203124999999993 0.019034154713153843 0.077056884765625014 -0.31579589843749994 0.017653957009315494 -0.16076719760894773 0.050979614257812507 0.36462402343750006 0.027442932128906253 0.014075405895709993 -1.3535156249999998 0.024444580078125003 0.0077438354492187509 0.082916259765625014 0.46241964399814611
decision_type=2 2 2 2 2 2 2 2 2 2 2 2 2 2 2 2 2 2 2 2 2 2 2 2 2 2 2 2 2 2
left_child=8 2 3 4 5 -2 -4 -6 9 10 11 20 -13 16 18 -16 19 -18 -12 -11 -1 26 23 25 -25 -23 27 28 -10 -29
right_child=1 -3 6 -5 7 -7 -8 -9 21 13 14 12 -14 -15 15 -17 17 -19 -20 -21 -22 22 -24 24 -26 -27 -28 29 -30 -31
leaf_value=7.4994405517112817e-05 -0.00032688764881600075 0.00056244234988359087 0.00063619159866998862 -0.00038251963380385733 9.6240489779763513e-05 8.0935344206469598e-05 7.0884406437605489e-05 0.00063432153570276944 -0.00013097443575678944 2.0461171244140886e-05 0.00040829061095901814 0.00078388949176576522 0.00021724441476624935 0.00027816601944821218 -6.4033042282877098e-05 0.00018067989360403132 7.1590488964378316e-05 -8.6348783157520409e-05 6.4849024921275793e-05 -0.00022051932618864778 -0.00032272399134812481 -0.0001754374163244419 -0.00040782965088302241 -0.00038114832367256389 -1.106999503914938e-05 4.0496797038123649e-06 0.00028798107188303385 0.00013669886586015732 -0.00081825262945657681 -0.0003514816037717037
leaf_weight=22240 9972 7067 5715 6658 5393 15435 6830 6066 72170 22444 10761 5789 63444 12500 130279 23876 105224 105292 30968 46682 6463 29896 6619 15858 22799 724307 5227 24256 5201 7947
leaf_count=22240 9972 7067 5715 6658 5393 15435 6830 6066 72170 22444 10761 5789 63444 12500 130279 23876 105224 105292 30968 46682 6463 29896 6619 15858 22799 724307 5227 24256 5201 7947
internal_value=-1.68278e-06 0.000127165 7.1399e-05 -4.13245e-06 6.50542e-05 -7.97852e-05 0.00033141 0.000384106 -7.11332e-06 2.13295e-05 6.94435e-05 0.000183384 0.000265687 -2.70681e-05 1.24122e-05 -2.60386e-05 -4.08066e-05 -7.40815e-06 0.000154179 -0.000142361 -1.53686e-05 -2.53426e-05 -1.42636e-05 -1.0927e-05 -0.000163476 -3.08736e-06 -0.000102418 -0.000121287 -0.000178171 1.55114e-05
internal_weight=1.56338e+06 63136 56069 43524 36866 25407 12545 11459 1.50024e+06 585962 293820 97936 69233 292142 195884 154155 279642 210516 41729 69126 28703 914280 799479 792860 38657 754203 114801 109574 77371 32203
internal_count=1563378 63136 56069 43524 36866 25407 12545 11459 1500242 585962 293820 97936 69233 292142 195884 154155 279642 210516 41729 69126 28703 914280 799479 792860 38657 754203 114801 109574 77371 32203
is_linear=0
shrinkage=0.003


Tree=287
num_leaves=31
num_cat=0
split_feature=23 90 56 17 6 76 17 80 33 47 1 31 43 30 76 81 28 82 8 76 38 67 72 60 3 91 79 22 81 28
split_gain=140.485 218.994 124.549 182.856 120.835 119.511 209.637 172.008 153.81 125.082 108.988 103.403 105.058 101.424 100.329 136.058 109.819 99.767 87.0484 114.006 147.926 95.2138 104.854 86.1969 125.798 94.0529 83.6659 112.22 102.445 76.9823
threshold=-0.86206054687499989 0.14862340688705447 0.33386230468750006 0.00064563751220703136 0.080078125000000014 0.020679473876953128 0.0047492980957031259 -0.065779015421867357 0.36071777343750006 0.23175048828125003 0.075042724609375014 0.051971435546875007 1.5151367187500002 0.39062500000000006 0.023868560791015628 -0.0065759168937802306 0.16497802734375003 -0.091365098953247056 0.073638916015625014 0.023777008056640628 -0.10525512695312499 -70.656249999999986 0.32995605468750006 21.500000000000004 -0.070220947265624986 -1.8731169700622556 0.27924159169197088 -0.0071125030517578116 -0.022128649055957791 -0.59863281249999989
decision_type=2 2 2 2 2 2 2 2 2 2 2 2 2 2 2 2 2 2 2 2 2 2 2 2 2 2 2 2 2 2
left_child=1 4 3 26 14 6 9 10 -8 -6 -7 18 23 -3 15 16 -1 -9 21 20 -20 22 -4 25 -25 -13 27 -2 -28 -14
right_child=2 13 11 -5 5 7 8 17 -10 -11 -12 12 29 -15 -16 -17 -18 -19 19 -21 -22 -23 -24 24 -26 -27 28 -29 -30 -31
leaf_value=-5.8057141195071236e-05 -0.00034759084817087782 -0.00038443836015074719 -0.00011017713655699566 0.00030161121022820021 0.00098637162085960005 0.0001782969003143706 0.0004020984493223708 0.0006520105518397092 -0.00021125799071846838 0.00034746407215697768 -0.00016742330105557691 0.00011624277969259852 -0.0004585043593881368 7.7476430992089418e-05 -0.00027842116217626834 0.00048739935428157403 0.00017759894679042387 0.00018450246077373364 -0.000340237540343191 0.00035705510842682546 9.1610454894396198e-05 8.8185291104355434e-05 -0.00049670775507318343 -7.6064491266166062e-05 0.00050949420018114617 -7.7082532095895734e-06 -0.00012593010401633716 0.00024917646502420316 -0.00057323735817634794 -8.3857607403990894e-05
leaf_weight=47389 6024 12676 11783 5722 5530 14375 7970 6147 6677 5737 18853 57690 7231 6388 8306 6254 28370 12366 12616 5881 16203 6427 13696 6059 7097 1181469 7670 5187 11711 15295
leaf_count=47389 6024 12676 11783 5722 5530 14375 7970 6147 6677 5737 18853 57690 7231 6388 8306 6254 28370 12366 12616 5881 16203 6427 13696 6059 7097 1181469 7670 5187 11711 15295
internal_value=-3.26522e-06 7.38611e-05 -1.37401e-05 -0.000186858 0.000108471 0.00019517 0.000361139 0.00011151 0.000122956 0.000666968 -1.77726e-05 -9.0401e-06 -3.01512e-06 -0.000230062 3.37948e-05 6.57156e-05 3.03084e-05 0.000342401 -0.000124181 -2.00399e-05 -9.7961e-05 -0.000237025 -0.000319083 6.45302e-07 0.000241276 -1.9287e-06 -0.000278908 -7.17223e-05 -0.000397771 -0.000205617
internal_weight=1.5648e+06 187038 1.37776e+06 36314 167974 77655 25914 51741 14647 11267 33228 1.34145e+06 1.27484e+06 19064 90319 82013 75759 18513 66606 34700 28819 31906 25479 1.25232e+06 13156 1.23916e+06 30592 11211 19381 22526
internal_count=1564799 187038 1377761 36314 167974 77655 25914 51741 14647 11267 33228 1341447 1274841 19064 90319 82013 75759 18513 66606 34700 28819 31906 25479 1252315 13156 1239159 30592 11211 19381 22526
is_linear=0
shrinkage=0.003


Tree=288
num_leaves=17
num_cat=0
split_feature=86 7 22 63 86 84 63 17 13 23 43 45 23 67 41 6
split_gain=102.281 109.067 154.143 132.818 107.742 104.018 103.003 118.697 93.6064 90.8812 217.423 187.598 102.328 98.8497 42.3627 51.5119
threshold=0.00088019762188196193 0.025459289550781253 -0.027191162109374997 -77.281249999999986 0.00096170464530587207 0.032020926475524909 -71.031249999999986 0.0028095245361328129 -0.34533691406249994 1.2255859375000002 0.86767578125000011 1.3906250000000002 1.1733398437500002 -91.718749999999986 0.071990966796875014 0.080230712890625014
decision_type=2 2 2 2 2 2 2 2 2 2 2 2 2 2 2 2
left_child=14 4 -3 5 -2 8 -5 -8 -4 12 11 -11 13 -6 -1 -16
right_child=1 2 3 6 9 -7 7 -9 -10 10 -12 -13 -14 -15 15 -17
leaf_value=-2.412574588847121e-05 0.00039708558058738707 0.00059845475687822307 0.00029100391045775245 0.00056129908197063635 -0.00014827919970558209 -0.00048465893701602088 -2.2537502106374973e-05 0.00030276047854335762 -0.00021772185773069632 -7.3904948074743945e-05 -0.0004046994241579631 0.00026247199797936182 -0.0003164266234190517 -4.3979843735763136e-06 -0.00013791065781211423 -0.00052777127208519564
leaf_weight=6517 5900 5411 5728 5049 44297 5417 24583 17015 7274 22412 6944 44330 9714 1341428 6555 5768
leaf_count=6517 5900 5411 5728 5049 44297 5417 24583 17015 7274 22412 6944 44330 9714 1341428 6555 5768
internal_value=-1.28032e-06 1.40489e-06 0.000116614 7.56868e-05 -4.10737e-06 -0.000139499 0.000160771 0.000110927 6.90656e-06 -5.74548e-06 9.68636e-05 0.000149575 -1.11703e-05 -9.00775e-06 -0.000220401 -0.000323171
internal_weight=1.56434e+06 1.5455e+06 70477 65066 1.47502e+06 18419 46647 41598 13002 1.46912e+06 73686 66742 1.39544e+06 1.38572e+06 18840 12323
internal_count=1564342 1545502 70477 65066 1475025 18419 46647 41598 13002 1469125 73686 66742 1395439 1385725 18840 12323
is_linear=0
shrinkage=0.003


Tree=289
num_leaves=31
num_cat=0
split_feature=91 38 91 5 33 16 75 8 82 74 71 90 91 16 63 65 43 41 37 12 89 48 12 81 13 48 32 56 77 31
split_gain=106.012 176.546 161.424 123.977 143.865 185.421 128.631 107.041 195.043 150.605 166.236 140.066 114.163 158.168 224.073 157.854 129.015 126.98 108.022 105.531 210.611 144.025 152.144 107.135 103.308 136.79 113.701 114.422 85.6665 105.737
threshold=-1.7220196723937986 -1.1108398437499998 -1.3300929069519041 0.73437500000000011 -0.86425781249999989 0.057022094726562507 -0.037826538085937493 1.2211914062500002 -0.056213855743408196 0.36291503906250006 1.6918945312500002 -0.10014367103576659 -1.2156896591186521 0.062377929687500007 -80.781249999999986 0.046279907226562507 0.44348144531250006 0.041900634765625007 0.016471862792968753 -0.0063133239746093741 0.0017451569437980654 11.511718750000002 -0.0069446563720703116 -0.011142369359731672 -0.30126953124999994 13.792968750000002 0.012004852294921877 0.34802246093750006 0.47607988119125372 0.046173095703125007
decision_type=2 2 2 2 2 2 2 2 2 2 2 2 2 2 2 2 2 2 2 2 2 2 2 2 2 2 2 2 2 2
left_child=1 -1 19 4 28 -6 -7 12 9 10 -9 -11 13 14 -4 16 -14 -17 -15 20 21 23 -23 -2 25 -21 27 -26 29 -3
right_child=2 3 7 -5 5 6 -8 8 -10 11 -12 -13 15 18 -16 17 -18 -19 -20 24 -22 22 -24 -25 26 -27 -28 -29 -30 -31
leaf_value=-0.00042144162933127589 -0.00032042436461975407 0.00022030405157354483 -3.305080685964323e-05 -0.00038494455974358478 -0.00019449437043672012 0.00029443653314805616 6.4753833575068327e-05 -0.00026440370729283061 -0.00028188910018761147 4.7362849959540668e-05 0.00025693976126258522 0.00057036736891373562 0.00014256829098185413 1.0041563485913265e-05 0.00057825871259708128 0.00026199975771970464 -9.9392566688208742e-05 -4.1970393031474804e-05 0.0002794363854223532 -0.00063023069725838174 0.00047909195156719755 3.1580078321026088e-06 0.000432970755693119 8.763694733020789e-05 -0.00033369797175695787 1.5450931351348256e-05 0.00030607378991453891 -6.6285461318604241e-05 -0.00035252180427797225 -2.0561988254398083e-05
leaf_weight=6532 20513 20523 9429 5041 11425 58957 35031 8844 7971 6739 14222 14611 89756 115380 12486 12597 25373 479791 15057 6777 8129 125345 7778 8002 14980 5167 6978 323943 5499 80092
leaf_count=6532 20513 20523 9429 5041 11425 58957 35031 8844 7971 6739 14222 14611 89756 115380 12486 12597 25373 479791 15057 6777 8129 125345 7778 8002 14980 5167 6978 323943 5499 80092
internal_value=2.57255e-07 6.07908e-05 -9.82591e-06 7.55234e-05 8.66738e-05 0.000165116 0.00020899 1.67128e-05 0.000147742 0.000225304 5.6767e-05 0.000406275 7.66114e-06 8.10618e-05 0.000316285 -1.07565e-05 8.92031e-05 -3.41422e-05 4.13294e-05 -5.06776e-05 1.09184e-05 -1.29084e-05 2.85769e-05 -0.000206006 -7.98945e-05 -0.000353098 -7.03614e-05 -7.81997e-05 8.66791e-06 2.87388e-05
internal_weight=1.56297e+06 223100 1.33987e+06 216568 211527 105413 93988 812256 52387 44416 23066 21350 759869 152352 21915 607517 115129 492388 130437 527612 169767 161638 133123 28515 357845 11944 345901 338923 106114 100615
internal_count=1562968 223100 1339868 216568 211527 105413 93988 812256 52387 44416 23066 21350 759869 152352 21915 607517 115129 492388 130437 527612 169767 161638 133123 28515 357845 11944 345901 338923 106114 100615
is_linear=0
shrinkage=0.003


Tree=290
num_leaves=28
num_cat=0
split_feature=0 41 40 3 43 58 58 45 86 37 82 83 86 80 21 45 78 1 13 0 16 60 69 88 85 11 33
split_gain=93.7149 99.7797 118.613 99.2261 153.235 129.156 196 137.018 116.204 108.842 102.131 142.338 211.239 166.785 209.871 153.198 146.771 139.992 135.698 96.8312 140.911 123.895 94.2969 84.1854 66.1467 60.2592 39.7783
threshold=0.73437500000000011 0.071533203125000014 0.67187500000000011 -1.0634765624999998 0.73950195312500011 2.1083984375000004 2.0986328125000004 1.4531250000000002 0.00390238780528307 0.011810302734375002 -0.094814926385879503 -0.04165390878915786 0.0026913685724139218 -0.07268099486827849 0.070037841796875014 1.3281250000000002 0.66609045863151561 0.057189941406250007 -0.19085693359374997 0.35937500000000006 0.068756103515625014 21.500000000000004 0.27526855468750006 0.0027609635144472127 0.0086180306971073168 0.080230712890625014 0.075103759765625014
decision_type=2 2 2 2 2 2 2 2 2 2 2 2 2 2 2 2 2 2 2 2 2 2 2 2 2 2 2
left_child=3 24 23 4 5 6 7 -1 -7 -10 11 13 15 18 -15 -13 -14 -12 -5 20 -19 -21 26 -3 -2 -24 -6
right_child=1 2 -4 10 22 8 -8 -9 9 -11 17 12 16 14 -16 -17 -18 19 -20 21 -22 -23 25 -25 -26 -27 -28
leaf_value=0.00027645783014867937 -0.00017793294367117758 -0.00021719934145609536 4.2209171326289217e-05 -7.0978795997456944e-06 -0.00068667411938252456 -0.00049463523201801049 0.00046590474140923989 -0.00012136740056182821 3.182673026466302e-05 -0.0003271528551641644 0.00033875466114130027 0.00013615293586796294 0.00035970835914960766 0.00045714508168122879 4.2248315922573772e-05 -0.00027754815638556137 -5.9822307619838223e-05 -0.0003455928476009775 0.00011253224004866099 -1.7012871539066155e-05 -5.2728676522598739e-05 0.00027756379110763376 -0.00031906383586220971 -0.0007334258372906099 0.00030422531595794609 9.0608815085562328e-05 -0.00031136199429020216
leaf_weight=10566 5048 5615 5676 175530 5369 7083 9397 28816 25187 10778 9588 103328 7607 21622 22219 8644 288389 19021 165957 520871 65444 13075 6616 5917 5002 6161 5314
leaf_count=10566 5048 5615 5676 175530 5369 7083 9397 28816 25187 10778 9588 103328 7607 21622 22219 8644 288389 19021 165957 520871 65444 13075 6616 5917 5002 6161 5314
internal_value=-4.73197e-07 -0.000174514 -0.000312602 2.62534e-06 -8.1982e-05 -2.65754e-05 7.90511e-05 -1.42029e-05 -0.00014617 -7.63612e-05 9.49347e-06 3.21183e-05 -6.93674e-06 7.34591e-05 0.000247446 0.000103997 -4.89227e-05 -1.90871e-05 5.10563e-05 -2.4689e-05 -0.000119011 -9.7488e-06 -0.000297821 -0.0004861 6.26757e-05 -0.000122352 -0.000504603
internal_weight=1.56384e+06 27258 17208 1.53658e+06 115287 91827 48779 39382 43048 35965 1.4213e+06 793296 407968 385328 43841 111972 295996 627999 341487 618411 84465 533946 23460 11532 10050 12777 10683
internal_count=1563840 27258 17208 1536582 115287 91827 48779 39382 43048 35965 1421295 793296 407968 385328 43841 111972 295996 627999 341487 618411 84465 533946 23460 11532 10050 12777 10683
is_linear=0
shrinkage=0.003


Tree=291
num_leaves=24
num_cat=0
split_feature=5 37 41 56 7 56 8 72 47 57 75 46 20 56 43 8 25 20 86 69 16 75 2
split_gain=108.662 123.368 91.171 117.28 168.166 125.32 157.325 127.602 100.374 150.068 134.705 113.01 130.356 144.428 120.072 107.029 95.3651 90.0609 102.563 96.1999 118.011 98.4952 79.4599
threshold=0.76562500000000011 -1.0000000180025095e-35 0.091888427734375014 0.36975097656250006 0.026046752929687503 0.33605957031250006 0.69580078125000011 0.30236816406250006 0.24237060546875003 0.55249023437500011 -0.028312683105468747 0.29846191406250006 0.54687500000000011 0.35925292968750006 0.78833007812500011 -1.0200195312499998 0.54687500000000011 0.76562500000000011 0.018157325685024265 0.18096923828125003 0.078826904296875014 -0.043502807617187493 0.0029163360595703129
decision_type=2 2 2 2 2 2 2 2 2 2 2 2 2 2 2 2 2 2 2 2 2 2 2
left_child=2 -2 3 4 5 7 -7 -1 11 -10 15 12 13 -4 -13 -11 -14 19 -19 20 -5 -21 -16
right_child=1 -3 8 17 -6 6 -8 -9 9 10 -12 14 16 -15 22 -17 -18 18 -20 21 -22 -23 -24
leaf_value=2.8352319072355572e-05 -1.6051000790065237e-05 -0.00063721800034436012 -0.000328046171036215 1.5348309135887054e-05 0.00059192213993356846 9.1286483654899598e-05 -0.00019839950265475545 -0.00031203120700666837 -0.00054308049352601328 0.00036140636466443541 -0.00047650391005393702 -0.00030364891660532783 -0.00050971920623395109 1.7685393676736576e-05 0.00019580176804725622 -9.2601862937335971e-05 -8.4643879026497732e-05 0.00057335571982832846 -1.2306980773066206e-05 1.9771389866584221e-05 0.00056146897044390554 -4.1134593045179875e-05 -3.1432487077293442e-05
leaf_weight=25880 6584 5019 12534 9012 5166 274648 17884 15950 7991 5340 7079 6620 9705 78034 40718 33074 9306 5060 5616 465587 5794 490757 20925
leaf_count=25880 6584 5019 12534 9012 5166 274648 17884 15950 7991 5340 7079 6620 9705 78034 40718 33074 9306 5060 5616 465587 5794 490757 20925
internal_value=9.96471e-08 -0.000287892 2.27018e-06 1.18897e-05 5.9943e-05 5.15492e-05 7.35147e-05 -0.000101872 -5.26588e-05 -0.000166483 -9.9286e-05 -1.83533e-05 -7.80155e-05 -3.04706e-05 7.73934e-05 -2.87148e-05 -0.000303174 -4.73213e-06 0.000268019 -7.75781e-06 0.000231394 -1.14841e-05 0.00011874
internal_weight=1.56428e+06 11603 1.55268e+06 1.32135e+06 339528 334362 292532 41830 231326 53484 45493 177842 109579 90568 68263 38414 19011 981826 10676 971150 14806 956344 61643
internal_count=1564283 11603 1552680 1321354 339528 334362 292532 41830 231326 53484 45493 177842 109579 90568 68263 38414 19011 981826 10676 971150 14806 956344 61643
is_linear=0
shrinkage=0.003


Tree=292
num_leaves=27
num_cat=0
split_feature=8 13 47 31 23 89 38 16 82 33 0 42 3 87 0 17 74 72 16 2 46 33 73 56 36 42
split_gain=119.495 159.639 140.985 146.004 136.315 118.01 198.657 134.008 126.392 113.724 109.433 102.504 144.221 99.2701 93.1424 81.5329 123.001 193.505 102.025 88.2064 77.7101 77.2216 77.5809 74.2343 124.126 111.275
threshold=1.1069335937500002 0.62573242187500011 0.22808837890625003 0.081024169921875014 -0.61499023437499989 0.0015073399990797045 -0.73681640624999989 0.072601318359375014 -0.082127243280410753 -1.0415039062499998 0.35937500000000006 0.017021179199218753 -1.1948242187499998 0.0033004838041961197 0.45312500000000006 -0.011856079101562498 0.33996582031250006 0.31799316406250006 0.063079833984375014 -0.013271331787109373 0.29309082031250006 1.9096679687500002 0.34826660156250006 0.33605957031250006 0.11544799804687501 0.0098648071289062517
decision_type=2 2 2 2 2 2 2 2 2 2 2 2 2 2 2 2 2 2 2 2 2 2 2 2 2 2
left_child=11 2 5 9 -3 6 -2 -8 -7 -4 -6 21 13 -13 -11 18 17 -17 20 -18 -14 22 23 25 -25 -1
right_child=1 4 3 -5 10 8 7 -9 -10 14 -12 12 15 -15 -16 16 19 -19 -20 -21 -22 -23 -24 24 -26 -27
leaf_value=-0.0002007858310952336 0.00076327247351921544 0.00076911007372188758 0.0001839121027478894 0.00021829708821893528 -0.00012963709375860924 0.00023407491278336983 -9.292481014729084e-05 0.00029368973263077774 -0.00038765959452401416 -0.00015324480465852498 0.00045133730400941568 -0.00016784085044565129 -0.00030518410520642388 -0.00069909892772810874 -0.00056282066193415322 4.8458575684751498e-06 -0.00034929360125641356 0.00046488434844174463 -0.00051356904601095282 -4.3408735178280024e-05 -1.0585273432532092e-05 0.00029790847412448852 -0.00034911743726220444 4.2780781058366528e-06 0.00034367854874916437 0.00016485114500269229
leaf_weight=33548 5297 5130 5256 9735 5366 5183 13193 20520 6560 13625 6205 8414 11499 5063 7896 34444 9660 10713 6188 65259 26426 7839 5567 1215867 9676 9554
leaf_count=33548 5297 5130 5256 9735 5366 5183 13193 20520 6560 13625 6205 8414 11499 5063 7896 34444 9660 10713 6188 65259 26426 7839 5567 1215867 9676 9554
internal_value=5.92261e-07 9.88098e-05 4.71952e-05 -9.48217e-05 0.000366617 0.000149348 0.000228586 0.000142567 -0.000113586 -0.000209047 0.000183111 -6.40941e-06 -7.39199e-05 -0.000371101 -0.000305425 -4.93156e-05 -8.75439e-06 0.000114771 -0.000159454 -8.32623e-05 -0.000100476 2.9512e-06 1.11337e-06 2.67763e-06 6.98556e-06 -0.000119545
internal_weight=1.56368e+06 103966 87265 36512 16701 50753 39010 33713 11743 26777 11571 1.45972e+06 177666 13477 21521 164189 120076 45157 44113 74919 37925 1.28205e+06 1.27421e+06 1.26864e+06 1.22554e+06 43102
internal_count=1563683 103966 87265 36512 16701 50753 39010 33713 11743 26777 11571 1459717 177666 13477 21521 164189 120076 45157 44113 74919 37925 1282051 1274212 1268645 1225543 43102
is_linear=0
shrinkage=0.003


Tree=293
num_leaves=31
num_cat=0
split_feature=67 81 81 83 31 17 42 2 66 87 91 48 18 22 18 35 81 65 38 48 10 50 48 87 1 84 43 5 66 2
split_gain=93.2871 173.631 142.032 164.014 245.385 139.233 128.143 100.805 112.521 141.373 99.2488 170.946 94.8945 130.265 123.319 187.736 100.313 96.2472 149.563 145.168 93.1068 131.473 162.722 106.849 135.394 106.846 90.8282 90.6368 82.7472 214.498
threshold=-73.531249999999986 -0.021386206150054928 -0.0057152798399329177 -0.0037818867713212963 0.053863525390625007 -0.023094177246093747 -0.011661529541015623 -0.025749206542968747 -1.9614257812499998 0.0058424249291419992 -1.7979555130004881 11.691406250000002 0.41247558593750006 0.032211303710937507 0.36315917968750006 0.48437500000000006 -0.024088099598884579 0.090057373046875014 -0.61425781249999989 9.0742187500000018 0.60937500000000011 0.62622070312500011 14.621093750000002 0.008217908442020418 0.081329345703125014 0.021816909313201908 0.19995117187500003 0.32812500000000006 1.1987304687500002 -0.018539428710937497
decision_type=2 2 2 2 2 2 2 2 2 2 2 2 2 2 2 2 2 2 2 2 2 2 2 2 2 2 2 2 2 2
left_child=1 5 6 4 27 -1 -3 -7 -9 -10 11 -8 14 20 17 16 -16 28 -19 -20 21 22 -14 25 -25 -22 -12 -4 29 -2
right_child=12 2 3 -5 -6 7 10 8 9 -11 26 -13 13 -15 15 -17 -18 18 19 -21 23 -23 -24 24 -26 -27 -28 -29 -30 -31
leaf_value=-0.00028870031210428553 -0.00018309477892654888 -0.00053938450253841958 0.00014751458724339802 -0.00032901601114978342 -0.00019581935904688377 -0.00030752854950062735 -0.00076807021114105097 -5.0019736249864464e-05 0.00025641309450087581 -0.00018965410260137378 9.0345620970976208e-05 -0.0001699613727849644 6.7426460797020279e-05 -0.00034416423184331326 -0.00069076585891459958 4.9554087704517511e-05 -0.00022521467838732063 -0.00015616289396584176 3.7022184919759829e-05 0.00048600416657097815 -0.00030570651988362404 -0.00028395813319551089 0.00047731029091069782 0.00023401899490117241 -0.00027595432650947746 5.3590597311181866e-05 -0.00018463427148696307 0.00061664049858753801 -6.6185893849491051e-05 1.9290439290680651e-05
leaf_weight=10648 50818 9412 7325 9068 11282 5696 5881 27716 41862 7469 16309 15615 329013 7573 6555 15869 11566 10423 12618 13265 20456 9167 8858 16645 6412 11641 31683 7578 192247 633638
leaf_count=10648 50818 9412 7325 9068 11282 5696 5881 27716 41862 7469 16309 15615 329013 7573 6555 15869 11566 10423 12618 13265 20456 9167 8858 16645 6412 11641 31683 7578 192247 633638
internal_value=-4.10789e-06 -6.33254e-05 -0.00014176 1.65368e-05 0.000137 3.25954e-05 -0.00021242 7.42408e-05 0.000102827 0.000188629 -0.000167421 -0.000336394 4.9546e-06 4.30903e-05 -1.15495e-05 -0.000188708 -0.000396488 -4.93413e-06 0.000146212 0.00026811 5.04658e-05 6.86621e-05 7.83105e-05 -6.39458e-05 9.16195e-05 -0.000175634 -9.1195e-05 0.00038858 -1.12094e-05 4.23963e-06
internal_weight=1.56431e+06 207544 114153 35253 26185 93391 78900 82743 77047 49331 69488 21496 1.35676e+06 409765 946999 33990 18121 913009 36306 25883 402192 347038 337871 55154 23057 32097 47992 14903 876703 684456
internal_count=1564308 207544 114153 35253 26185 93391 78900 82743 77047 49331 69488 21496 1356764 409765 946999 33990 18121 913009 36306 25883 402192 347038 337871 55154 23057 32097 47992 14903 876703 684456
is_linear=0
shrinkage=0.003


Tree=294
num_leaves=30
num_cat=0
split_feature=6 63 62 6 82 12 3 86 70 87 84 56 56 35 74 72 16 6 87 42 11 56 36 42 80 56 83 85 57
split_gain=90.6202 188.995 162.953 117.25 171.11 152.651 92.0073 83.6076 219.176 125.247 190.029 139.091 148.736 134.061 190.596 135.781 108.204 103.816 102.29 132.682 152.042 104.354 112.436 102.492 76.393 81.6248 68.8106 60.1692 54.8424
threshold=0.10372924804687501 -77.281249999999986 -294.49999999999994 0.10739135742187501 -0.062491163611412041 -0.00057315826416015614 -0.10089111328124999 0.011647485196590425 0.17913818359375003 0.0050614569336175927 0.024899363517761234 0.39489746093750006 0.40710449218750006 0.42187500000000006 0.36364746093750006 0.33093261718750006 0.069030761718750014 0.071563720703125014 0.0055338721722364434 -0.0040264129638671866 0.069671630859375014 0.35168457031250006 0.077545166015625014 -0.015998840332031247 -0.066883474588394151 0.39904785156250006 -0.040619425475597375 0.014587733894586565 0.54956054687500011
decision_type=2 2 2 2 2 2 2 2 2 2 2 2 2 2 2 2 2 2 2 2 2 2 2 2 2 2 2 2 2
left_child=7 2 -2 6 5 27 -3 9 18 10 11 16 -13 15 -15 -12 -1 26 19 28 -21 22 -20 -23 25 -19 -11 -5 -9
right_child=1 3 -4 4 -6 -7 -8 8 -10 17 13 12 -14 14 -16 -17 -18 24 21 20 -22 23 -24 -25 -26 -27 -28 -29 -30
leaf_value=-0.00023746924539057586 0.00012082690945578211 0.00066935109857165669 -0.00047068592521652301 -0.00015794671974879261 -0.00033287267789981246 0.00050663381265375379 0.00019290027563348308 0.00050958473352908057 0.00055638603520774673 0.00028301870552443147 4.3057594910269313e-05 0.00082791920109659748 0.00012421185897599604 -0.00012741959711488017 0.00012394473265088274 -5.2346995819499015e-05 0.00019979698252634332 -0.0007250089296287329 -0.0004341742180169296 -0.00016117118823873687 0.00019183351650534796 -0.00012344726434230615 -3.8865295821245668e-05 1.7654971446637742e-05 -8.8642013183553881e-05 -0.00027010723981943564 -0.00017671711574135032 0.00022802360755122775 0.00015088164899675359
leaf_weight=7290 8547 7078 8065 7807 6414 9585 7651 9180 6528 5123 253010 5305 5491 201835 31284 285824 16310 5770 10082 19055 25641 50820 17850 513907 8416 9518 6576 6629 6735
leaf_count=7290 8547 7078 8065 7807 6414 9585 7651 9180 6528 5123 253010 5305 5491 201835 31284 285824 16310 5770 10082 19055 25641 50820 17850 513907 8416 9518 6576 6629 6735
internal_value=-7.05634e-06 0.000105458 -0.000167446 0.000205984 9.90307e-05 0.000215258 0.000424828 -1.16921e-05 1.35917e-05 -3.15097e-05 -2.38284e-05 0.000194027 0.000474428 -3.35593e-05 -9.36484e-05 -7.55001e-06 6.42941e-05 -0.000205902 8.08336e-06 0.000125364 4.13151e-05 -3.93001e-06 -0.000182591 4.93752e-06 -0.000319634 -0.000445392 2.52939e-05 1.96399e-05 0.000359677
internal_weight=1.56333e+06 61776 16612 45164 30435 24021 14729 1.50155e+06 659798 841752 806349 34396 10796 771953 233119 538834 23600 35403 653270 60611 44696 592659 27932 564727 23704 15288 11699 14436 15915
internal_count=1563326 61776 16612 45164 30435 24021 14729 1501550 659798 841752 806349 34396 10796 771953 233119 538834 23600 35403 653270 60611 44696 592659 27932 564727 23704 15288 11699 14436 15915
is_linear=0
shrinkage=0.003


Tree=295
num_leaves=21
num_cat=0
split_feature=30 26 56 56 6 7 8 59 69 69 65 17 1 21 11 17 46 87 38 64
split_gain=107.339 165.252 79.5636 97.2871 109.345 107.835 215.208 100.712 116.238 197.298 106.783 94.158 90.0078 88.7936 94.6401 150.175 88.3956 86.859 55.9674 46.939
threshold=0.76562500000000011 0.076446533203125014 0.33386230468750006 0.36975097656250006 0.10372924804687501 0.015983581542968753 0.40649414062500006 0.22845458984375003 0.18096923828125003 0.19635009765625003 0.030685424804687503 0.00077199935913085948 0.079193115234375014 0.053359985351562507 0.066375732421875014 -0.0092353820800781233 0.34118652343750006 0.0017402283847332003 0.47766113281250006 0.032455444335937507
decision_type=2 2 2 2 2 2 2 2 2 2 2 2 2 2 2 2 2 2 2 2
left_child=2 -2 11 4 5 6 -4 10 -9 -10 12 13 -5 -1 15 -15 -12 -13 -16 -7
right_child=1 -3 3 7 -6 19 -8 8 9 -11 16 17 -14 14 18 -17 -18 -19 -20 -21
leaf_value=7.3426402006984245e-05 0.00059658805660679271 -0.00012139198442143719 1.7740565843874363e-05 -0.00038377712079298734 0.00044620654025435144 -0.00033616527636748275 0.00026124349607676493 0.00029627315774635732 -0.00025669831707279573 -3.5352317955697981e-05 3.244216163575636e-05 -0.00013259100556913006 -1.1953971370529059e-05 5.3929864620036278e-05 -0.00058620630765079257 -0.00051236811596320684 -0.00011953952986428402 0.00040394389702703065 -0.00021457203649094737 -2.71895746981844e-05
leaf_weight=9757 6447 5107 318989 10884 5705 9668 36295 8751 38746 541874 467989 5425 12573 14233 8587 5878 37080 5264 6587 8125
leaf_count=9757 6447 5107 318989 10884 5705 9668 36295 8751 38746 541874 467989 5425 12573 14233 8587 5878 37080 5264 6587 8125
internal_value=-5.92605e-06 0.000280914 -8.07885e-06 -3.93063e-06 3.76152e-05 3.12492e-05 4.26828e-05 -1.80099e-05 -4.49716e-05 -5.01649e-05 1.20585e-05 -0.000119275 -0.000185376 -0.000179288 -0.000249178 -0.000113303 2.12629e-05 0.000132931 -0.000427342 -0.000196015
internal_weight=1.56396e+06 11554 1.55241e+06 1.49668e+06 378782 373077 355284 1.1179e+06 589371 580620 528526 55731 23457 45042 35285 20111 505069 10689 15174 17793
internal_count=1563964 11554 1552410 1496679 378782 373077 355284 1117897 589371 580620 528526 55731 23457 45042 35285 20111 505069 10689 15174 17793
is_linear=0
shrinkage=0.003


Tree=296
num_leaves=24
num_cat=0
split_feature=2 41 58 85 56 6 10 33 59 85 1 82 43 48 26 21 85 23 63 89 59 82 90
split_gain=90.622 84.0057 123.127 166.816 122.329 172.667 133.227 130.748 105.015 148.433 117.35 99.2237 84.9868 84.7847 122.158 92.8033 218.876 114.623 80.5695 72.4306 97.9091 52.2553 50.5823
threshold=0.043807983398437507 0.093078613281250014 2.0908203125000004 0.015160441398620607 0.36975097656250006 0.10324096679687501 0.67187500000000011 -0.92797851562499989 0.24676513671875003 0.014628052711486818 0.066528320312500014 -0.20920869708061215 0.95678710937500011 7.6972656250000009 0.080596923828125014 0.095611572265625014 0.012010067701339723 0.38818359375000006 -110.96874999999999 0.001220264006406069 0.25964355468750006 -0.11439585685729979 -0.13926392793655393
decision_type=2 2 2 2 2 2 2 2 2 2 2 2 2 2 2 2 2 2 2 2 2 2 2
left_child=1 4 3 11 5 6 7 -1 9 12 -11 22 -4 14 -6 17 -17 -15 -13 -10 -21 -16 -3
right_child=-2 2 8 -5 13 -7 -8 -9 19 10 -12 18 -14 15 21 16 -18 -19 -20 20 -22 -23 -24
leaf_value=-0.00020753912123470995 -0.00033242797457865377 -0.00016068569790830185 -0.00018292523900180689 -0.00072731880090594922 0.00044647619867683352 0.00059224511929972475 0.00043208802819968761 5.0216309157378058e-05 -0.0003929806547632064 -0.00012396564805350896 0.00040723866027809737 0.00024945319255344493 1.1924033241167968e-05 -5.9714851929316439e-06 0.00019811246278410738 0.00026462448100869276 -1.9336490530685057e-05 -8.4204251862323608e-05 -0.00018169719479644799 -0.00026629374465438527 0.00010791246472420423 -0.0002087835702857474 -0.00056368905439044552
leaf_weight=18657 7485 6218 25595 5031 8678 5167 7717 318376 9791 5147 13248 7248 93246 633880 5079 34236 84637 229516 8216 13187 11875 6193 5181
leaf_count=18657 7485 6218 25595 5031 8678 5167 7717 318376 9791 5147 13248 7248 93246 633880 5079 34236 84637 229516 8216 13187 11875 6193 5181
internal_value=-5.30972e-06 -3.71501e-06 -6.04496e-05 -0.000231354 4.8478e-06 5.31313e-05 4.48819e-05 3.58905e-05 -2.86592e-05 8.72437e-06 0.000258739 -0.000136115 -3.01595e-05 -1.20136e-05 0.000181113 -1.59541e-05 6.25993e-05 -2.67754e-05 2.0688e-05 -0.000175463 -8.92613e-05 -2.53122e-05 -0.000347165
internal_weight=1.5636e+06 1.55612e+06 203983 31894 1.35214e+06 349917 344750 337033 172089 137236 18395 26863 118841 1.00222e+06 19950 982269 118873 863396 15464 34853 25062 11272 11399
internal_count=1563604 1556119 203983 31894 1352136 349917 344750 337033 172089 137236 18395 26863 118841 1002219 19950 982269 118873 863396 15464 34853 25062 11272 11399
is_linear=0
shrinkage=0.003


Tree=297
num_leaves=31
num_cat=0
split_feature=74 74 16 83 85 21 47 54 27 38 48 59 86 62 67 8 16 3 46 3 59 59 66 56 67 27 89 66 68 33
split_gain=103.878 155.854 110.16 107.49 138.141 113.246 124.918 105.917 229.497 120.332 105.405 104.645 104.616 152.412 127.254 127.573 129.87 112.781 104.208 101.056 95.3136 93.143 102.229 92.155 127.115 92.0293 86.9051 247.958 82.6793 80.7356
threshold=0.32434082031250006 0.33337402343750006 0.047714233398437507 -0.035614475607872002 0.013963365927338602 0.063201904296875014 0.21771240234375003 0.077789306640625014 -0.0018734931945800779 0.75659179687500011 7.6972656250000009 0.21746826171875003 0.0028522708453238015 -270.49999999999994 -35.578124999999993 -0.90551757812499989 0.067718505859375014 -0.67602539062499989 0.32971191406250006 -1.6596679687499998 0.26110839843750006 0.25622558593750006 1.3471679687500002 0.34875488281250006 -60.140624999999993 0.0054054260253906259 0.0014250022359192374 -2.5634765624999996 0.088531494140625014 -1.3242187499999998
decision_type=2 2 2 2 2 2 2 2 2 2 2 2 2 2 2 2 2 2 2 2 2 2 2 2 2 2 2 2 2 2
left_child=2 3 -1 7 23 -6 -7 8 9 -2 26 -9 14 21 15 -4 -17 20 -13 -12 -15 22 -14 -5 -25 -19 27 -3 -28 -21
right_child=1 10 12 4 5 6 -8 11 -10 -11 19 18 13 17 -16 16 -18 25 -20 29 -22 -23 -24 24 -26 -27 28 -29 -30 -31
leaf_value=0.00017448560638653123 0.00021720104832773137 -0.00010622600181524578 -0.00044711408996756869 2.876670609358143e-05 -0.0001926502390857732 -0.00022599411627263516 0.00029984354376890127 0.00048070397814015798 -0.00058873087095373143 -0.00026323404055360431 -0.00032058819482117462 0.00011552722226140391 -4.1393205097964245e-06 8.7460640281499172e-05 0.00048334370971625095 -0.0001882602890581611 0.00043227538803611141 -0.0007646266896752077 -0.00027206104290503519 -0.00011897775765161287 -0.00041501299281375035 0.00031396048498744984 -0.00032971279230823493 0.00070035307391319113 0.00023644332166733383 -0.0003220066087410792 -0.00027461894560731735 0.00064346652209183795 0.00020683137468743807 3.192080117030257e-06
leaf_weight=13440 12754 6869 5082 6105 10246 5140 18293 5915 6901 7291 8910 45820 30751 9283 5071 6122 5840 5648 7129 50629 5235 5545 11995 9698 11970 17342 5645 9230 7176 1207141
leaf_count=13440 12754 6869 5082 6105 10246 5140 18293 5915 6901 7291 8910 45820 30751 9283 5071 6122 5840 5648 7129 50629 5235 5545 11995 9698 11970 17342 5645 9230 7176 1207141
internal_value=3.51558e-06 1.06076e-05 -8.07459e-05 0.000103055 0.000198728 6.92044e-05 0.000184031 3.43889e-05 -0.000121104 4.20124e-05 9.25836e-08 0.000105653 -0.000112665 -0.000160051 7.10684e-05 -5.36972e-05 0.000115765 -0.000303259 6.29283e-05 -4.00268e-06 -9.53243e-05 -4.84237e-05 -9.60551e-05 0.000354983 0.00044634 -0.000433587 0.000178858 0.000324912 -5.63275e-06 -1.73469e-06
internal_weight=1.56422e+06 1.44286e+06 121354 147262 61452 33679 23433 85810 26946 20045 1.2956e+06 58864 107914 85799 22115 17044 11962 37508 52949 1.26668e+06 14518 48291 42746 27773 21668 22990 28920 16099 12821 1.25777e+06
internal_count=1564216 1442862 121354 147262 61452 33679 23433 85810 26946 20045 1295600 58864 107914 85799 22115 17044 11962 37508 52949 1266680 14518 48291 42746 27773 21668 22990 28920 16099 12821 1257770
is_linear=0
shrinkage=0.003


Tree=298
num_leaves=21
num_cat=0
split_feature=61 69 45 83 62 42 58 46 7 82 23 38 20 2 18 3 59 87 58 16
split_gain=110.065 97.0482 88.0484 132.099 118.224 114.138 160.856 120.537 118.416 114.102 106.481 205.372 116.433 105.185 162.811 120.011 96.5634 89.5232 108.391 65.7085
threshold=7.1035156250000009 0.35363769531250006 2.6406250000000004 -0.055306710302829735 -518.49999999999989 0.015213012695312502 2.0908203125000004 0.33728027343750006 -0.024887084960937497 -0.061362877488136285 1.2255859375000002 -0.35498046874999994 0.64062500000000011 0.0033464431762695317 -0.33825683593749994 0.065948486328125014 0.20245361328125003 0.0086396373808383959 2.1005859375000004 0.079498291015625014
decision_type=2 2 2 2 2 2 2 2 2 2 2 2 2 2 2 2 2 2 2 2
left_child=2 -2 4 9 13 10 7 -7 -8 17 12 -12 -6 15 -15 16 -1 18 -4 -16
right_child=1 -3 3 -5 5 6 8 -9 -10 -11 11 -13 -14 14 19 -17 -18 -19 -20 -21
leaf_value=0.00049074719820848915 0.00043330404666216119 -6.1500764294604091e-05 -0.00020494572359095625 -0.0004747663843980608 8.1112293729388494e-06 -0.00045618255086123289 0.00026245657498477891 -8.9613525444445777e-05 -5.4346214258312702e-05 0.00033045735280615087 -9.405497323356575e-05 0.00024868408171330614 -0.00010071299359134739 0.00024101874113082887 -0.0005148619039718141 0.00064361117092058605 8.4455009488392077e-05 -0.00041203564947516266 0.00022891847060847902 -4.8710727895172867e-05
leaf_weight=6236 9619 5601 12926 8306 1067409 15316 11235 17079 168241 5665 24931 42358 96382 9200 5775 5006 31538 7476 8508 5113
leaf_count=6236 9619 5601 12926 8306 1067409 15316 11235 17079 168241 5665 24931 42358 96382 9200 5775 5006 31538 7476 8508 5113
internal_value=-1.0326e-06 0.000252002 -3.53543e-06 -0.000137421 2.8607e-07 -5.26632e-06 -6.95649e-05 -0.000263794 -3.43796e-05 -5.52441e-05 5.80432e-06 0.000121746 -9.09175e-07 0.000127531 -5.13804e-05 0.000211465 0.000152647 -0.000131702 -3.24646e-05 -0.000298393
internal_weight=1.56392e+06 15220 1.5487e+06 42881 1.50582e+06 1.44295e+06 211871 32395 179476 34575 1.23108e+06 67289 1.16379e+06 62868 20088 42780 37774 28910 21434 10888
internal_count=1563920 15220 1548700 42881 1505819 1442951 211871 32395 179476 34575 1231080 67289 1163791 62868 20088 42780 37774 28910 21434 10888
is_linear=0
shrinkage=0.003


Tree=299
num_leaves=23
num_cat=0
split_feature=33 91 23 35 20 86 25 25 48 36 3 91 6 3 2 8 36 23 80 63 22 56
split_gain=119.448 132.239 114.02 83.6313 77.5489 133.393 126.901 86.2466 81.979 108.453 90.7979 73.4071 81.6644 221.538 133.033 198.032 115.096 122.555 100.223 63.99 51.6676 45.2099
threshold=-1.2875976562499998 -2.0191307067871089 -0.55712890624999989 0.57812500000000011 0.73437500000000011 0.018234103918075565 0.54687500000000011 0.76562500000000011 15.457031250000002 0.067047119140625014 -1.6596679687499998 -2.2018375396728511 0.072479248046875014 0.58837890625000011 0.0074405670166015634 0.32067871093750006 0.080078125000000014 0.12493896484375001 -0.024002172052860257 -88.031249999999986 -0.0022649765014648433 0.38879394531250006
decision_type=2 2 2 2 2 2 2 2 2 2 2 2 2 2 2 2 2 2 2 2 2 2
left_child=11 2 -2 -4 7 6 -6 8 10 -10 -3 20 13 21 16 -16 18 -18 -14 -7 -1 -13
right_child=1 4 3 -5 5 19 -8 -9 9 -11 -12 12 14 -15 15 -17 17 -19 -20 -21 -22 -23
leaf_value=0.0003225626391179364 -0.00011023340396329362 -0.0002106268798427592 0.00015935744756209277 0.0006289423056835237 5.8537078146468929e-05 -0.00023455202762971477 0.00063339408621182166 0.00028802807768374492 -0.00049241336918774789 -2.8163580049967999e-05 9.4349116745899465e-06 0.00011499394147308325 -0.00065955823786374376 -0.00082527969865985279 0.00055604164556746966 -0.00016310097531273062 -0.00031793098765261032 0.00033629383605731451 -0.00011333073272309169 0.00019567051723016706 -9.4220558140248973e-05 -0.00027984062523980123
leaf_weight=5042 5362 16979 6694 7062 6383 7307 7495 9594 6753 13392 1409376 5116 6969 5530 5857 8098 5102 5007 5368 5270 5512 5142
leaf_count=5042 5362 16979 6694 7062 6383 7307 7495 9594 6753 13392 1409376 5116 6969 5530 5857 8098 5102 5007 5368 5270 5512 5142
internal_value=6.77552e-06 1.21372e-05 0.000259396 0.00040323 8.93144e-06 0.000169593 0.000371307 6.00101e-06 4.11067e-06 -0.000185453 6.80076e-06 -0.000121364 -0.000167468 -0.000347019 -8.8855e-05 0.000140536 -0.000231462 6.22741e-06 -0.000424709 -5.41592e-05 0.000106049 -8.37146e-05
internal_weight=1.56441e+06 1.50167e+06 19118 13756 1.48255e+06 26455 13878 1.45609e+06 1.4465e+06 20145 1.42636e+06 62743 52189 15788 36401 13955 22446 10109 12337 12577 10554 10258
internal_count=1564410 1501667 19118 13756 1482549 26455 13878 1456094 1446500 20145 1426355 62743 52189 15788 36401 13955 22446 10109 12337 12577 10554 10258
is_linear=0
shrinkage=0.003


end of trees

feature_importances:
Column_41=226
Column_8=216
Column_23=213
Column_33=213
Column_74=201
Column_75=185
Column_59=171
Column_1=166
Column_3=166
Column_6=165
Column_21=161
Column_56=158
Column_91=152
Column_43=148
Column_38=145
Column_13=144
Column_80=137
Column_76=133
Column_48=129
Column_67=128
Column_31=126
Column_18=125
Column_82=124
Column_36=122
Column_58=120
Column_81=120
Column_7=118
Column_65=110
Column_2=106
Column_16=106
Column_63=103
Column_62=102
Column_72=100
Column_83=97
Column_85=94
Column_11=93
Column_42=92
Column_84=92
Column_60=91
Column_69=91
Column_46=90
Column_30=89
Column_87=89
Column_57=88
Column_86=85
Column_47=84
Column_70=84
Column_12=79
Column_17=77
Column_40=74
Column_22=72
Column_88=70
Column_28=68
Column_20=67
Column_66=67
Column_71=67
Column_89=66
Column_32=62
Column_78=62
Column_0=57
Column_45=57
Column_10=56
Column_26=56
Column_61=56
Column_73=48
Column_90=47
Column_37=46
Column_5=45
Column_77=42
Column_35=38
Column_15=36
Column_50=33
Column_25=30
Column_27=28
Column_79=26
Column_68=20
Column_55=8
Column_64=7
Column_51=4
Column_54=3
Column_52=1

parameters:
[boosting: gbdt]
[objective: regression]
[metric: l2]
[tree_learner: serial]
[device_type: cpu]
[data_sample_strategy: bagging]
[data: ]
[valid: ]
[num_iterations: 10000]
[learning_rate: 0.003]
[num_leaves: 31]
[num_threads: 0]
[seed: 1717]
[deterministic: 0]
[force_col_wise: 1]
[force_row_wise: 0]
[histogram_pool_size: -1]
[max_depth: 6]
[min_data_in_leaf: 5000]
[min_sum_hessian_in_leaf: 0.001]
[bagging_fraction: 0.8]
[pos_bagging_fraction: 1]
[neg_bagging_fraction: 1]
[bagging_freq: 1]
[bagging_seed: 14349]
[bagging_by_query: 0]
[feature_fraction: 0.85]
[feature_fraction_bynode: 1]
[feature_fraction_seed: 31466]
[extra_trees: 0]
[extra_seed: 3784]
[early_stopping_round: 0]
[early_stopping_min_delta: 0]
[first_metric_only: 0]
[max_delta_step: 0]
[lambda_l1: 0]
[lambda_l2: 100]
[linear_lambda: 0]
[min_gain_to_split: 0]
[drop_rate: 0.1]
[max_drop: 50]
[skip_drop: 0.5]
[xgboost_dart_mode: 0]
[uniform_drop: 0]
[drop_seed: 23172]
[top_rate: 0.2]
[other_rate: 0.1]
[min_data_per_group: 100]
[max_cat_threshold: 32]
[cat_l2: 10]
[cat_smooth: 10]
[max_cat_to_onehot: 4]
[top_k: 20]
[monotone_constraints: ]
[monotone_constraints_method: basic]
[monotone_penalty: 0]
[feature_contri: ]
[forcedsplits_filename: ]
[refit_decay_rate: 0.9]
[cegb_tradeoff: 1]
[cegb_penalty_split: 0]
[cegb_penalty_feature_lazy: ]
[cegb_penalty_feature_coupled: ]
[path_smooth: 0]
[interaction_constraints: ]
[verbosity: -1]
[saved_feature_importance_type: 0]
[use_quantized_grad: 0]
[num_grad_quant_bins: 4]
[quant_train_renew_leaf: 0]
[stochastic_rounding: 1]
[linear_tree: 0]
[max_bin: 255]
[max_bin_by_feature: ]
[min_data_in_bin: 3]
[bin_construct_sample_cnt: 200000]
[data_random_seed: 5645]
[is_enable_sparse: 1]
[enable_bundle: 1]
[use_missing: 1]
[zero_as_missing: 0]
[feature_pre_filter: 1]
[pre_partition: 0]
[two_round: 0]
[header: 0]
[label_column: ]
[weight_column: ]
[group_column: ]
[ignore_column: ]
[categorical_feature: ]
[forcedbins_filename: ]
[precise_float_parser: 0]
[parser_config_file: ]
[objective_seed: 24259]
[num_class: 1]
[is_unbalance: 0]
[scale_pos_weight: 1]
[sigmoid: 1]
[boost_from_average: 1]
[reg_sqrt: 0]
[alpha: 0.9]
[fair_c: 1]
[poisson_max_delta_step: 0.7]
[tweedie_variance_power: 1.5]
[lambdarank_truncation_level: 30]
[lambdarank_norm: 1]
[label_gain: ]
[lambdarank_position_bias_regularization: 0]
[eval_at: ]
[multi_error_top_k: 1]
[auc_mu_weights: ]
[num_machines: 1]
[local_listen_port: 12400]
[time_out: 120]
[machine_list_filename: ]
[machines: ]
[gpu_platform_id: -1]
[gpu_device_id: -1]
[gpu_use_dp: 0]
[num_gpu: 1]

end of parameters

pandas_categorical:null
